comparison,player,early_year,early_context,late_year,late_context,window,trait,early_n,late_n,early_clusters,late_clusters,early_weighted_median,late_weighted_median,early_game_median,late_game_median,early_min,early_max,late_min,late_max,difference,difference_percentage_points,relative_change_percent,direction,metric_limit,comparison_limit
DauT earliest period,DauT,2011,1v1 challenge,2026,1v1 ranked,first 10 game minutes,all_recorded_cpm,4,5,1,1,53.25,99.71000337600707,53.25,99.71000337600707,26.1,69.0,95.65400323867797,111.54000377655028,46.460003376007066,,87.24883263099919,increase,Classic commands can lack ownership or differ in encoding; rates may undercount actions.,classic versus DE; challenge versus ranked; age cannot be isolated
DauT earliest period,DauT,2011,1v1 challenge,2026,1v1 ranked,first 10 game minutes,core_cpm,4,5,1,1,53.25,84.83800287246703,53.25,84.83800287246703,26.1,69.0,74.36000251770018,92.7810031414032,31.58800287246703,,59.320193187731505,increase,Descriptive behavior; no cognitive or causal age interpretation.,classic versus DE; challenge versus ranked; age cannot be isolated
DauT earliest period,DauT,2011,1v1 challenge,2026,1v1 ranked,first 10 game minutes,noncore_action_fraction,4,5,1,1,0.0,0.16779661016949152,0.0,0.16779661016949152,0.0,0.0,0.13745704467353953,0.2226148409893993,0.16779661016949152,16.779661016949152,,increase,Classic commands can lack ownership or differ in encoding; rates may undercount actions.,classic versus DE; challenge versus ranked; age cannot be isolated
DauT earliest period,DauT,2011,1v1 challenge,2026,1v1 ranked,first 10 game minutes,first_core_command_nominal_s,4,5,1,1,2.97,1.2923076485524043,2.97,1.2923076485524043,1.9800000000000002,2.97,1.0461538107328987,1.415384567462157,-1.6776923514475959,,-56.48795796119851,decrease,Cross-engine timing resolution/encoding differs; do not infer latency or slowing.,classic versus DE; challenge versus ranked; age cannot be isolated
DauT earliest period,DauT,2011,1v1 challenge,2026,1v1 ranked,first 10 game minutes,core_gap_p10_s,4,5,1,1,0.34499999999997755,0.12307691890974581,0.34499999999997755,0.12307691890974581,0.3299999999999983,0.3599999999999852,0.1230769189097316,0.12307691890975594,-0.22192308109023173,,-64.32553075079599,decrease,Cross-engine timing resolution/encoding differs; do not infer latency or slowing.,classic versus DE; challenge versus ranked; age cannot be isolated
DauT earliest period,DauT,2011,1v1 challenge,2026,1v1 ranked,first 10 game minutes,core_gap_p50_s,4,5,1,1,0.6900000000000226,0.36153844929739876,0.6900000000000226,0.36153844929739876,0.6600000000000037,1.3200000000000074,0.36153844929739876,0.4769230607753059,-0.32846155070262384,,-47.60312329023378,decrease,Cross-engine timing resolution/encoding differs; do not infer latency or slowing.,classic versus DE; challenge versus ranked; age cannot be isolated
DauT earliest period,DauT,2011,1v1 challenge,2026,1v1 ranked,first 10 game minutes,core_gap_p90_s,4,5,1,1,3.1649999999999987,1.596153792110867,3.1649999999999987,1.596153792110867,2.1599999999999966,6.299999999999983,1.5615384086675022,1.9230768579648725,-1.5688462078891316,,-49.56860056521745,decrease,Cross-engine timing resolution/encoding differs; do not infer latency or slowing.,classic versus DE; challenge versus ranked; age cannot be isolated
DauT earliest period,DauT,2011,1v1 challenge,2026,1v1 ranked,first 10 game minutes,core_gap_p99_s,4,5,1,1,9.5472,3.872384484272439,9.5472,3.872384484272439,5.617499999999989,13.251599999999959,3.0693075883862746,4.719461378668798,-5.674815515727561,,-59.43957930835806,decrease,Cross-engine timing resolution/encoding differs; do not infer latency or slowing.,classic versus DE; challenge versus ranked; age cannot be isolated
DauT earliest period,DauT,2011,1v1 challenge,2026,1v1 ranked,first 10 game minutes,core_gap_max_s,4,5,1,1,14.984999999999985,6.492307472489443,14.984999999999985,6.492307472489443,9.120000000000005,18.299999999999955,4.569230614524599,8.653845860841955,-8.492692527510542,,-56.67462480821188,decrease,Cross-engine timing resolution/encoding differs; do not infer latency or slowing.,classic versus DE; challenge versus ranked; age cannot be isolated
DauT earliest period,DauT,2011,1v1 challenge,2026,1v1 ranked,first 10 game minutes,simultaneous_core_gap_fraction,4,5,1,1,0.17871943261526302,0.0,0.17871943261526302,0.0,0.06936416184971098,0.18685121107266436,0.0,0.002277904328018223,-0.17871943261526302,-17.8719432615263,-100.0,decrease,Cross-engine timing resolution/encoding differs; do not infer latency or slowing.,classic versus DE; challenge versus ranked; age cannot be isolated
DauT earliest period,DauT,2011,1v1 challenge,2026,1v1 ranked,first 10 game minutes,core_gap_cv,4,5,1,1,1.3576877308673483,1.170392040782123,1.3576877308673483,1.170392040782123,1.230112282463066,1.799488155412878,1.045001551104552,1.273580149398135,-0.18729569008522517,,-13.795196482004943,decrease,Cross-engine timing resolution/encoding differs; do not infer latency or slowing.,classic versus DE; challenge versus ranked; age cannot be isolated
DauT earliest period,DauT,2011,1v1 challenge,2026,1v1 ranked,first 10 game minutes,core_gap_burstiness,4,5,1,1,0.15162730831395124,0.07850749430537013,0.15162730831395124,0.07850749430537013,0.10318416891947546,0.2855836892422811,0.02200563177091269,0.12033010996799802,-0.07311981400858111,,-48.223380617680824,decrease,Cross-engine timing resolution/encoding differs; do not infer latency or slowing.,classic versus DE; challenge versus ranked; age cannot be isolated
DauT earliest period,DauT,2011,1v1 challenge,2026,1v1 ranked,first 10 game minutes,command_silence_ge5s_time_fraction,4,5,1,1,0.3274624999999997,0.040624999999999904,0.3274624999999997,0.040624999999999904,0.11234999999999981,0.46867499999999995,0.0,0.07009166666666657,-0.2868374999999998,-28.68374999999998,-87.59399931289845,decrease,Cross-engine timing resolution/encoding differs; do not infer latency or slowing.,classic versus DE; challenge versus ranked; age cannot be isolated
DauT earliest period,DauT,2011,1v1 challenge,2026,1v1 ranked,first 10 game minutes,command_silence_ge10s_time_fraction,4,5,1,1,0.09498749999999993,0.0,0.09498749999999993,0.0,0.0,0.2622999999999996,0.0,0.0,-0.09498749999999993,-9.498749999999994,-100.0,decrease,Cross-engine timing resolution/encoding differs; do not infer latency or slowing.,classic versus DE; challenge versus ranked; age cannot be isolated
DauT earliest period,DauT,2011,1v1 challenge,2026,1v1 ranked,first 10 game minutes,core_count_5s_cv,4,5,1,1,0.7843580094830689,0.4330237161875403,0.7843580094830689,0.4330237161875403,0.5544117610189593,0.9160133513055991,0.3507073003217495,0.49452166159123484,-0.35133429329552857,,-44.7925933117041,decrease,Cross-engine timing resolution/encoding differs; do not infer latency or slowing.,classic versus DE; challenge versus ranked; age cannot be isolated
DauT earliest period,DauT,2011,1v1 challenge,2026,1v1 ranked,first 10 game minutes,peak_5s_nominal_cpm,4,5,1,1,174.0,192.0,174.0,192.0,132.0,180.0,168.0,2028.8243094965098,18.0,,10.344827586206897,increase,Cross-engine timing resolution/encoding differs; do not infer latency or slowing.,classic versus DE; challenge versus ranked; age cannot be isolated
DauT earliest period,DauT,2011,1v1 challenge,2026,1v1 ranked,first 10 game minutes,empty_5s_bin_fraction,4,5,1,1,0.11875,0.013888888888888888,0.11875,0.013888888888888888,0.0375,0.2125,0.013888888888888888,0.027777777777777776,-0.1048611111111111,-10.48611111111111,-88.30409356725146,decrease,Cross-engine timing resolution/encoding differs; do not infer latency or slowing.,classic versus DE; challenge versus ranked; age cannot be isolated
DauT earliest period,DauT,2011,1v1 challenge,2026,1v1 ranked,first 10 game minutes,core_type_entropy_bits,4,5,1,1,0.9902841014376326,0.7914413949066661,0.9902841014376326,0.7914413949066661,0.8209948197718039,1.3957477155847455,0.660381663855872,0.7927788405125202,-0.19884270653096647,,-20.07935967489522,decrease,Descriptive behavior; no cognitive or causal age interpretation.,classic versus DE; challenge versus ranked; age cannot be isolated
DauT earliest period,DauT,2011,1v1 challenge,2026,1v1 ranked,first 10 game minutes,core_category_entropy_bits,4,5,1,1,0.9902841014376326,0.7562115734314072,0.9902841014376326,0.7562115734314072,0.8096964446131685,1.367208622460357,0.6510391221509063,0.7689280823269914,-0.23407252800622536,,-23.636906587353415,decrease,Descriptive behavior; no cognitive or causal age interpretation.,classic versus DE; challenge versus ranked; age cannot be isolated
DauT earliest period,DauT,2011,1v1 challenge,2026,1v1 ranked,first 10 game minutes,core_type_transition_entropy_bits,4,5,1,1,0.8279573641229656,0.6833209476696758,0.8279573641229656,0.6833209476696758,0.7224186858054416,1.2012917889998644,0.5651724195699332,0.7190500949174274,-0.14463641645328984,,-17.46906576602523,decrease,Descriptive behavior; no cognitive or causal age interpretation.,classic versus DE; challenge versus ranked; age cannot be isolated
DauT earliest period,DauT,2011,1v1 challenge,2026,1v1 ranked,first 10 game minutes,core_type_switch_fraction,4,5,1,1,0.23958733820325515,0.1958997722095672,0.23958733820325515,0.1958997722095672,0.19809069212410502,0.3988439306358382,0.16167664670658682,0.22448979591836735,-0.04368756599368795,-4.368756599368795,-18.234505346282273,decrease,Descriptive behavior; no cognitive or causal age interpretation.,classic versus DE; challenge versus ranked; age cannot be isolated
DauT earliest period,DauT,2011,1v1 challenge,2026,1v1 ranked,first 10 game minutes,core_category_switch_fraction,4,5,1,1,0.23849801358451878,0.19557195571955718,0.23849801358451878,0.19557195571955718,0.19809069212410502,0.3988439306358382,0.1596806387225549,0.22448979591836735,-0.04292605786496159,-4.292605786496159,-17.998497018822963,decrease,Descriptive behavior; no cognitive or causal age interpretation.,classic versus DE; challenge versus ranked; age cannot be isolated
DauT earliest period,DauT,2011,1v1 challenge,2026,1v1 ranked,first 10 game minutes,core_same_type_triplet_fraction,4,5,1,1,0.6356971737020863,0.7056672760511883,0.6356971737020863,0.7056672760511883,0.4011627906976744,0.6722488038277512,0.6687116564417178,0.758,0.06997010234910195,6.997010234910195,11.006829233111047,increase,Descriptive behavior; no cognitive or causal age interpretation.,classic versus DE; challenge versus ranked; age cannot be isolated
DauT earliest period,DauT,2011,1v1 challenge,2026,1v1 ranked,first 10 game minutes,coordinate_coverage,4,5,1,1,1.0,1.0,1.0,1.0,1.0,1.0,1.0,1.0,0.0,0.0,0.0,unchanged,Descriptive behavior; no cognitive or causal age interpretation.,classic versus DE; challenge versus ranked; age cannot be isolated
DauT earliest period,DauT,2011,1v1 challenge,2026,1v1 ranked,first 10 game minutes,destination_jump_diagonal_p50,4,5,1,1,0.02011824830956794,0.02482503709703195,0.02011824830956794,0.02482503709703195,0.013868257245514944,0.02284689372953898,0.01789205482245145,0.03826777499035778,0.004706788787464011,,23.3956193155521,increase,Descriptive behavior; no cognitive or causal age interpretation.,classic versus DE; challenge versus ranked; age cannot be isolated
DauT earliest period,DauT,2011,1v1 challenge,2026,1v1 ranked,first 10 game minutes,destination_jump_diagonal_p90,4,5,1,1,0.21254800558860387,0.16336604126386817,0.21254800558860387,0.16336604126386817,0.10212831261696542,0.2880784671912661,0.14667863741740966,0.3220786193812552,-0.049181964324735705,,-23.139226448414476,decrease,Descriptive behavior; no cognitive or causal age interpretation.,classic versus DE; challenge versus ranked; age cannot be isolated
DauT earliest period,DauT,2011,1v1 challenge,2026,1v1 ranked,first 10 game minutes,destination_jump_ge_quarter_fraction,4,5,1,1,0.06614305827788974,0.05122950819672131,0.06614305827788974,0.05122950819672131,0.031446540880503145,0.13970588235294118,0.021367521367521368,0.13238770685579196,-0.01491355008116843,-1.4913550081168432,-22.54741535916207,decrease,Descriptive behavior; no cognitive or causal age interpretation.,classic versus DE; challenge versus ranked; age cannot be isolated
DauT earliest period,DauT,2011,1v1 challenge,2026,1v1 ranked,first 10 game minutes,destination_entropy_4x4_bits,4,5,1,1,2.666082102487246,2.682734999727157,2.666082102487246,2.682734999727157,1.5525363331786481,3.2616279661552494,1.8275464407473638,2.8879149241060933,0.016652897239910924,,0.6246205705508872,increase,Descriptive behavior; no cognitive or causal age interpretation.,classic versus DE; challenge versus ranked; age cannot be isolated
DauT earliest period,DauT,2011,1v1 challenge,2026,1v1 ranked,first 10 game minutes,destination_cell_switch_fraction,4,5,1,1,0.2906413052480468,0.3101503759398496,0.2906413052480468,0.3101503759398496,0.22641509433962265,0.33455882352941174,0.29918032786885246,0.34278959810874704,0.0195090706918028,1.95090706918028,6.7124219233576765,increase,Descriptive behavior; no cognitive or causal age interpretation.,classic versus DE; challenge versus ranked; age cannot be isolated
DauT earliest period,DauT,2011,1v1 challenge,2026,1v1 ranked,first 10 game minutes,rapid_destination_repeat_fraction,4,5,1,1,0.28404880876790994,0.2800751879699248,0.28404880876790994,0.2800751879699248,0.20125786163522014,0.3272058823529412,0.1773049645390071,0.3360655737704918,-0.0039736207979851335,-0.39736207979851335,-1.3989218315053353,decrease,Descriptive behavior; no cognitive or causal age interpretation.,classic versus DE; challenge versus ranked; age cannot be isolated
DauT earliest period,DauT,2011,1v1 challenge,2026,1v1 ranked,first 10 game minutes,dedup_core_cpm,4,5,1,1,38.7,61.68500208854675,38.7,61.68500208854675,21.299999999999997,48.300000000000004,57.12200193405151,67.60000228881835,22.98500208854675,,59.392770254642755,increase,Descriptive behavior; no cognitive or causal age interpretation.,classic versus DE; challenge versus ranked; age cannot be isolated
DauT earliest period,DauT,2011,1v1 challenge,2026,1v1 ranked,first 10 game minutes,move_order_commands,4,5,1,1,340.5,489.0,340.5,489.0,160.0,446.0,424.0,533.0,148.5,,43.61233480176212,increase,Descriptive behavior; no cognitive or causal age interpretation.,classic versus DE; challenge versus ranked; age cannot be isolated
DauT earliest period,DauT,2011,1v1 challenge,2026,1v1 ranked,first 10 game minutes,explicit_actor_commands,4,5,1,1,112.5,188.0,112.5,188.0,71.0,157.0,158.0,216.0,75.5,,67.11111111111111,increase,Raw actor-list coverage/reuse differs: numeric contrast is not a reliable group-control trend.,classic versus DE; challenge versus ranked; age cannot be isolated
DauT earliest period,DauT,2011,1v1 challenge,2026,1v1 ranked,first 10 game minutes,explicit_actor_coverage,4,5,1,1,0.35125406664908115,0.40229885057471265,0.35125406664908115,0.40229885057471265,0.2600732600732601,0.5125,0.3231083844580777,0.44339622641509435,0.0510447839256315,5.10447839256315,14.53215457762303,increase,Raw actor-list coverage/reuse differs: numeric contrast is not a reliable group-control trend.,classic versus DE; challenge versus ranked; age cannot be isolated
DauT earliest period,DauT,2011,1v1 challenge,2026,1v1 ranked,first 10 game minutes,actor_pair_count,4,5,1,1,42.5,86.0,42.5,86.0,29.0,61.0,66.0,105.0,43.5,,102.35294117647058,increase,Raw actor-list coverage/reuse differs: numeric contrast is not a reliable group-control trend.,classic versus DE; challenge versus ranked; age cannot be isolated
DauT earliest period,DauT,2011,1v1 challenge,2026,1v1 ranked,first 10 game minutes,same_actor_pair_count,4,5,1,1,0.0,8.0,0.0,8.0,0.0,0.0,5.0,12.0,8.0,,,increase,Raw actor-list coverage/reuse differs: numeric contrast is not a reliable group-control trend.,classic versus DE; challenge versus ranked; age cannot be isolated
DauT earliest period,DauT,2011,1v1 challenge,2026,1v1 ranked,first 10 game minutes,actor_group_size_median,4,5,1,1,1.0,1.0,1.0,1.0,1.0,1.0,1.0,1.0,0.0,,0.0,unchanged,Raw actor-list coverage/reuse differs: numeric contrast is not a reliable group-control trend.,classic versus DE; challenge versus ranked; age cannot be isolated
DauT earliest period,DauT,2011,1v1 challenge,2026,1v1 ranked,first 10 game minutes,actor_group_size_p90,4,5,1,1,3.200000000000003,3.0,3.200000000000003,3.0,2.0,4.0,2.0,3.0,-0.20000000000000284,,-6.2500000000000835,decrease,Raw actor-list coverage/reuse differs: numeric contrast is not a reliable group-control trend.,classic versus DE; challenge versus ranked; age cannot be isolated
DauT earliest period,DauT,2011,1v1 challenge,2026,1v1 ranked,first 10 game minutes,actor_group_ge10_fraction,4,5,1,1,0.0,0.005319148936170213,0.0,0.005319148936170213,0.0,0.006993006993006993,0.0,0.012658227848101266,0.005319148936170213,0.5319148936170213,,increase,Raw actor-list coverage/reuse differs: numeric contrast is not a reliable group-control trend.,classic versus DE; challenge versus ranked; age cannot be isolated
DauT earliest period,DauT,2011,1v1 challenge,2026,1v1 ranked,first 10 game minutes,actor_group_change_fraction,4,5,1,1,1.0,0.8939393939393939,1.0,0.8939393939393939,1.0,1.0,0.8837209302325582,0.9342105263157895,-0.10606060606060608,-10.606060606060607,-10.606060606060607,decrease,Raw actor-list coverage/reuse differs: numeric contrast is not a reliable group-control trend.,classic versus DE; challenge versus ranked; age cannot be isolated
DauT earliest period,DauT,2011,1v1 challenge,2026,1v1 ranked,first 10 game minutes,actor_overlap_jaccard_median,4,5,1,1,0.0,0.0,0.0,0.0,0.0,0.0,0.0,0.0,0.0,,,unchanged,Raw actor-list coverage/reuse differs: numeric contrast is not a reliable group-control trend.,classic versus DE; challenge versus ranked; age cannot be isolated
DauT earliest period,DauT,2011,1v1 challenge,2026,1v1 ranked,first 10 game minutes,same_actor_gap_nominal_median_s,0,5,0,1,,0.36153844929739287,,0.36153844929739287,,,0.2384615303875906,0.8384615100727086,,,,unavailable,Raw actor-list coverage/reuse differs: numeric contrast is not a reliable group-control trend.,classic versus DE; challenge versus ranked; age cannot be isolated
DauT earliest period,DauT,2011,1v1 challenge,2026,1v1 ranked,first 10 game minutes,same_actor_recommand_under1s_fraction,0,5,0,1,,0.875,,0.875,,,0.5714285714285714,1.0,,,,unavailable,Raw actor-list coverage/reuse differs: numeric contrast is not a reliable group-control trend.,classic versus DE; challenge versus ranked; age cannot be isolated
DauT earliest period,DauT,2011,1v1 challenge,2026,1v1 ranked,first 10 game minutes,commanded_actor_ids,4,5,1,1,31.0,30.0,31.0,30.0,21.0,34.0,28.0,34.0,-1.0,,-3.225806451612903,decrease,Raw actor-list coverage/reuse differs: numeric contrast is not a reliable group-control trend.,classic versus DE; challenge versus ranked; age cannot be isolated
DauT earliest period,DauT,2011,1v1 challenge,2026,1v1 ranked,first 10 game minutes,valid_target_order_fraction,4,5,1,1,0.7598020555767035,1.0,0.7598020555767035,1.0,0.5333333333333333,0.9594594594594594,1.0,1.0,0.24019794442329645,24.019794442329644,31.613226452905796,increase,Descriptive behavior; no cognitive or causal age interpretation.,classic versus DE; challenge versus ranked; age cannot be isolated
DauT earliest period,DauT,2011,1v1 challenge,2026,1v1 ranked,first 10 game minutes,distinct_order_target_ids,4,5,1,1,24.5,30.0,24.5,30.0,22.0,31.0,24.0,34.0,5.5,,22.448979591836736,increase,Descriptive behavior; no cognitive or causal age interpretation.,classic versus DE; challenge versus ranked; age cannot be isolated
DauT earliest period,DauT,2011,1v1 challenge,2026,1v1 ranked,first 10 game minutes,distinct_building_type_ids,4,5,1,1,5.0,6.0,5.0,6.0,3.0,6.0,3.0,6.0,1.0,,20.0,increase,Descriptive behavior; no cognitive or causal age interpretation.,classic versus DE; challenge versus ranked; age cannot be isolated
DauT earliest period,DauT,2011,1v1 challenge,2026,1v1 ranked,first 10 game minutes,distinct_research_type_ids,4,5,1,1,1.5,2.0,1.5,2.0,0.0,5.0,1.0,4.0,0.5,,33.33333333333333,increase,Classic commands can lack ownership or differ in encoding; rates may undercount actions.,classic versus DE; challenge versus ranked; age cannot be isolated
DauT earliest period,DauT,2011,1v1 challenge,2026,1v1 ranked,first 10 game minutes,positive_de_queue_commands,0,5,0,1,,23.0,,23.0,,,22.0,28.0,,,,unavailable,Classic commands can lack ownership or differ in encoding; rates may undercount actions.,classic versus DE; challenge versus ranked; age cannot be isolated
DauT earliest period,DauT,2011,1v1 challenge,2026,1v1 ranked,first 10 game minutes,requested_queue_unit_type_ids,0,5,0,1,,2.0,,2.0,,,2.0,3.0,,,,unavailable,Classic commands can lack ownership or differ in encoding; rates may undercount actions.,classic versus DE; challenge versus ranked; age cannot be isolated
DauT earliest period,DauT,2011,1v1 challenge,2026,1v1 ranked,first 10 game minutes,explicitly_commanded_production_building_ids,0,5,0,1,,2.0,,2.0,,,2.0,3.0,,,,unavailable,Descriptive behavior; no cognitive or causal age interpretation.,classic versus DE; challenge versus ranked; age cannot be isolated
DauT earliest period,DauT,2011,1v1 challenge,2026,1v1 ranked,first 10 game minutes,production_command_revisit_nominal_median_s,0,5,0,1,,14.546153353646407,,14.546153353646407,,,8.2923074115446,16.22307637379179,,,,unavailable,Descriptive behavior; no cognitive or causal age interpretation.,classic versus DE; challenge versus ranked; age cannot be isolated
DauT earliest period,DauT,2011,1v1 challenge,2026,1v1 ranked,first 10 game minutes,positive_queue_amount_mean,0,5,0,1,,1.1304347826086956,,1.1304347826086956,,,1.1071428571428572,1.1363636363636365,,,,unavailable,Classic commands can lack ownership or differ in encoding; rates may undercount actions.,classic versus DE; challenge versus ranked; age cannot be isolated
DauT earliest period,DauT,2011,1v1 challenge,2026,1v1 ranked,first 10 game minutes,build_commands_nominal_min,4,5,1,1,1.575,1.8590000629425047,1.575,1.8590000629425047,1.2,1.95,1.521000051498413,2.0280000686645505,0.2840000629425048,,18.03175002809554,increase,Descriptive behavior; no cognitive or causal age interpretation.,classic versus DE; challenge versus ranked; age cannot be isolated
DauT earliest period,DauT,2011,1v1 challenge,2026,1v1 ranked,first 10 game minutes,wall_commands_nominal_min,4,5,1,1,0.075,0.5070000171661376,0.075,0.5070000171661376,0.0,0.15,0.0,1.352000045776367,0.4320000171661376,,576.0000228881835,increase,Descriptive behavior; no cognitive or causal age interpretation.,classic versus DE; challenge versus ranked; age cannot be isolated
DauT earliest period,DauT,2011,1v1 challenge,2026,1v1 ranked,first 10 game minutes,research_commands_nominal_min,4,5,1,1,0.3,0.33800001144409175,0.3,0.33800001144409175,0.0,1.2,0.16900000572204588,0.6760000228881835,0.038000011444091764,,12.666670481363923,increase,Classic commands can lack ownership or differ in encoding; rates may undercount actions.,classic versus DE; challenge versus ranked; age cannot be isolated
DauT earliest period,DauT,2011,1v1 challenge,2026,1v1 ranked,first 10 game minutes,market_commands_nominal_min,4,5,1,1,0.0,0.0,0.0,0.0,0.0,0.0,0.0,0.0,0.0,,,unchanged,Descriptive behavior; no cognitive or causal age interpretation.,classic versus DE; challenge versus ranked; age cannot be isolated
DauT earliest period,DauT,2011,1v1 challenge,2026,1v1 ranked,first 10 game minutes,legacy_command_class_entropy_bits,0,0,0,0,,,,,,,,,,,,unavailable,Descriptive behavior; no cognitive or causal age interpretation.,classic versus DE; challenge versus ranked; age cannot be isolated
DauT earliest period,DauT,2011,1v1 challenge,2026,1v1 ranked,first 10 game minutes,legacy_switches_per_100_commands,0,0,0,0,,,,,,,,,,,,unavailable,Descriptive behavior; no cognitive or causal age interpretation.,classic versus DE; challenge versus ranked; age cannot be isolated
DauT earliest period,DauT,2011,1v1 challenge,2026,1v1 ranked,first 10 game minutes,legacy_core_silence_over5s_fraction,0,0,0,0,,,,,,,,,,,,unavailable,Cross-engine timing resolution/encoding differs; do not infer latency or slowing.,classic versus DE; challenge versus ranked; age cannot be isolated
DauT earliest period,DauT,2011,1v1 challenge,2026,1v1 ranked,first 10 game minutes,legacy_peak_10s_nominal_cpm,0,0,0,0,,,,,,,,,,,,unavailable,Cross-engine timing resolution/encoding differs; do not infer latency or slowing.,classic versus DE; challenge versus ranked; age cannot be isolated
DauT earliest period,DauT,2011,1v1 challenge,2026,1v1 ranked,first 10 game minutes,legacy_move_share,0,0,0,0,,,,,,,,,,,,unavailable,Descriptive behavior; no cognitive or causal age interpretation.,classic versus DE; challenge versus ranked; age cannot be isolated
DauT earliest period,DauT,2011,1v1 challenge,2026,1v1 ranked,first 10 game minutes,legacy_planning_command_share,0,0,0,0,,,,,,,,,,,,unavailable,Descriptive behavior; no cognitive or causal age interpretation.,classic versus DE; challenge versus ranked; age cannot be isolated
DauT earliest period,DauT,2011,1v1 challenge,2026,1v1 ranked,first 10 game minutes,legacy_queue_batch_mean,0,0,0,0,,,,,,,,,,,,unavailable,Classic commands can lack ownership or differ in encoding; rates may undercount actions.,classic versus DE; challenge versus ranked; age cannot be isolated
DauT earliest period,DauT,2011,1v1 challenge,2026,1v1 ranked,first 10 game minutes,legacy_queue_batch_gt1_fraction,0,0,0,0,,,,,,,,,,,,unavailable,Classic commands can lack ownership or differ in encoding; rates may undercount actions.,classic versus DE; challenge versus ranked; age cannot be isolated
DauT earliest period,DauT,2011,1v1 challenge,2026,1v1 ranked,first 10 game minutes,legacy_duration_game_min,0,0,0,0,,,,,,,,,,,,unavailable,Descriptive behavior; no cognitive or causal age interpretation.,classic versus DE; challenge versus ranked; age cannot be isolated
DauT earliest period,DauT,2011,1v1 challenge,2026,1v1 ranked,first 10 game minutes,tatoh_cpm_0_5,0,0,0,0,,,,,,,,,,,,unavailable,Descriptive behavior; no cognitive or causal age interpretation.,classic versus DE; challenge versus ranked; age cannot be isolated
DauT earliest period,DauT,2011,1v1 challenge,2026,1v1 ranked,first 10 game minutes,tatoh_cpm_5_10,0,0,0,0,,,,,,,,,,,,unavailable,Descriptive behavior; no cognitive or causal age interpretation.,classic versus DE; challenge versus ranked; age cannot be isolated
DauT earliest period,DauT,2011,1v1 challenge,2026,1v1 ranked,first 10 game minutes,tatoh_cpm_10_15,0,0,0,0,,,,,,,,,,,,unavailable,Descriptive behavior; no cognitive or causal age interpretation.,classic versus DE; challenge versus ranked; age cannot be isolated
DauT earliest period,DauT,2011,1v1 challenge,2026,1v1 ranked,first 10 game minutes,tatoh_cpm_15_20,0,0,0,0,,,,,,,,,,,,unavailable,Descriptive behavior; no cognitive or causal age interpretation.,classic versus DE; challenge versus ranked; age cannot be isolated
DauT earliest period,DauT,2011,1v1 challenge,2026,1v1 ranked,first 10 game minutes,tatoh_cpm_10_20,0,0,0,0,,,,,,,,,,,,unavailable,Descriptive behavior; no cognitive or causal age interpretation.,classic versus DE; challenge versus ranked; age cannot be isolated
DauT earliest period,DauT,2011,1v1 challenge,2026,1v1 ranked,first 10 game minutes,tatoh_reclick_open,0,0,0,0,,,,,,,,,,,,unavailable,Descriptive behavior; no cognitive or causal age interpretation.,classic versus DE; challenge versus ranked; age cannot be isolated
DauT earliest period,DauT,2011,1v1 challenge,2026,1v1 ranked,first 10 game minutes,tatoh_dedup_open_cpm,0,0,0,0,,,,,,,,,,,,unavailable,Descriptive behavior; no cognitive or causal age interpretation.,classic versus DE; challenge versus ranked; age cannot be isolated
DauT earliest period,DauT,2011,1v1 challenge,2026,1v1 ranked,first 10 game minutes,tatoh_reclick_whole,0,0,0,0,,,,,,,,,,,,unavailable,Descriptive behavior; no cognitive or causal age interpretation.,classic versus DE; challenge versus ranked; age cannot be isolated
DauT earliest period,DauT,2011,1v1 challenge,2026,1v1 ranked,first 10 game minutes,tatoh_dedup_whole_cpm,0,0,0,0,,,,,,,,,,,,unavailable,Descriptive behavior; no cognitive or causal age interpretation.,classic versus DE; challenge versus ranked; age cannot be isolated
DauT earliest period,DauT,2011,1v1 challenge,2026,1v1 ranked,first 10 game minutes,tatoh_gap_p50_open,0,0,0,0,,,,,,,,,,,,unavailable,Cross-engine timing resolution/encoding differs; do not infer latency or slowing.,classic versus DE; challenge versus ranked; age cannot be isolated
DauT earliest period,DauT,2011,1v1 challenge,2026,1v1 ranked,first 10 game minutes,tatoh_gap_p90_open,0,0,0,0,,,,,,,,,,,,unavailable,Cross-engine timing resolution/encoding differs; do not infer latency or slowing.,classic versus DE; challenge versus ranked; age cannot be isolated
DauT earliest period,DauT,2011,1v1 challenge,2026,1v1 ranked,first 10 game minutes,tatoh_gap_p99_open,0,0,0,0,,,,,,,,,,,,unavailable,Cross-engine timing resolution/encoding differs; do not infer latency or slowing.,classic versus DE; challenge versus ranked; age cannot be isolated
DauT earliest period,DauT,2011,1v1 challenge,2026,1v1 ranked,first 10 game minutes,tatoh_gap_p99_10_20,0,0,0,0,,,,,,,,,,,,unavailable,Cross-engine timing resolution/encoding differs; do not infer latency or slowing.,classic versus DE; challenge versus ranked; age cannot be isolated
DauT earliest period,DauT,2011,1v1 challenge,2026,1v1 ranked,first 10 game minutes,feudal_request_game_s,2,5,1,1,433.3275,403.702,433.3275,403.702,280.89,585.765,385.424,471.594,-29.625499999999988,,-6.83674587927145,decrease,Age-up request timing depends strongly on start-age and tournament settings.,classic versus DE; challenge versus ranked; age cannot be isolated
DauT earliest period,DauT,2011,1v1 challenge,2026,1v1 ranked,first 10 game minutes,castle_request_game_s,1,0,1,0,463.59,,463.59,,463.59,463.59,,,,,,unavailable,Age-up request timing depends strongly on start-age and tournament settings.,classic versus DE; challenge versus ranked; age cannot be isolated
DauT earliest period,DauT,2011,1v1 challenge,2026,1v1 ranked,first 10 game minutes,imperial_request_game_s,0,0,0,0,,,,,,,,,,,,unavailable,Age-up request timing depends strongly on start-age and tournament settings.,classic versus DE; challenge versus ranked; age cannot be isolated
DauT earliest period,DauT,2011,1v1 challenge,2026,1v1 ranked,whole available replay,all_recorded_cpm,4,5,1,1,50.70190759416995,106.69367891606953,50.70190759416995,106.69367891606953,30.307272345488908,61.85083669936525,96.57351822557578,124.29552462333824,55.99177132189958,,110.43326371479145,increase,Classic commands can lack ownership or differ in encoding; rates may undercount actions.,classic versus DE; challenge versus ranked; age cannot be isolated
DauT earliest period,DauT,2011,1v1 challenge,2026,1v1 ranked,whole available replay,core_cpm,4,5,1,1,50.48177619581648,86.11784432549186,50.48177619581648,86.11784432549186,29.502344788968998,61.77870744373918,70.72321542644245,103.43418258381178,35.63606812967538,,70.59194587655695,increase,Descriptive behavior; no cognitive or causal age interpretation.,classic versus DE; challenge versus ranked; age cannot be isolated
DauT earliest period,DauT,2011,1v1 challenge,2026,1v1 ranked,whole available replay,noncore_action_fraction,4,5,1,1,0.004429244225162592,0.18932038834951456,0.004429244225162592,0.18932038834951456,0.0009107468123861566,0.026558891454965358,0.16783663050414804,0.26767485822306236,0.18489114412435198,18.4891144124352,4174.327147597395,increase,Classic commands can lack ownership or differ in encoding; rates may undercount actions.,classic versus DE; challenge versus ranked; age cannot be isolated
DauT earliest period,DauT,2011,1v1 challenge,2026,1v1 ranked,whole available replay,first_core_command_nominal_s,4,5,1,1,2.97,1.2923076485524043,2.97,1.2923076485524043,1.9800000000000002,2.97,1.0461538107328987,1.415384567462157,-1.6776923514475959,,-56.48795796119851,decrease,Cross-engine timing resolution/encoding differs; do not infer latency or slowing.,classic versus DE; challenge versus ranked; age cannot be isolated
DauT earliest period,DauT,2011,1v1 challenge,2026,1v1 ranked,whole available replay,core_gap_p10_s,4,5,1,1,0.35999999999989996,0.12307691890974581,0.35999999999989996,0.12307691890974581,0.3300000000000239,0.35999999999989996,0.1230769189097316,0.12307691890976002,-0.23692308109015414,,-65.81196696950555,decrease,Cross-engine timing resolution/encoding differs; do not infer latency or slowing.,classic versus DE; challenge versus ranked; age cannot be isolated
DauT earliest period,DauT,2011,1v1 challenge,2026,1v1 ranked,whole available replay,core_gap_p50_s,4,5,1,1,0.75,0.36153844929739876,0.75,0.36153844929739876,0.7200000000000273,1.0800000000001546,0.3615384492973135,0.48461536820714723,-0.38846155070260124,,-51.7948734270135,decrease,Cross-engine timing resolution/encoding differs; do not infer latency or slowing.,classic versus DE; challenge versus ranked; age cannot be isolated
DauT earliest period,DauT,2011,1v1 challenge,2026,1v1 ranked,whole available replay,core_gap_p90_s,4,5,1,1,3.0599999999999907,1.6769230201454093,3.0599999999999907,1.6769230201454093,2.519999999999982,5.255999999999927,1.323076878279835,1.9230768579649293,-1.3830769798545814,,-45.19859411289496,decrease,Cross-engine timing resolution/encoding differs; do not infer latency or slowing.,classic versus DE; challenge versus ranked; age cannot be isolated
DauT earliest period,DauT,2011,1v1 challenge,2026,1v1 ranked,whole available replay,core_gap_p99_s,4,5,1,1,8.357699999999955,4.3330412734090435,8.357699999999955,4.3330412734090435,5.680500000000008,14.227200000000023,3.1230768173350043,5.253100413855347,-4.0246587265909115,,-48.15509920900407,decrease,Cross-engine timing resolution/encoding differs; do not infer latency or slowing.,classic versus DE; challenge versus ranked; age cannot be isolated
DauT earliest period,DauT,2011,1v1 challenge,2026,1v1 ranked,whole available replay,core_gap_max_s,4,5,1,1,21.330000000000013,11.061538087014014,21.330000000000013,11.061538087014014,13.049999999999955,28.439999999999998,6.0076921042823415,17.55325384354728,-10.268461912985998,,-48.140937238565364,decrease,Cross-engine timing resolution/encoding differs; do not infer latency or slowing.,classic versus DE; challenge versus ranked; age cannot be isolated
DauT earliest period,DauT,2011,1v1 challenge,2026,1v1 ranked,whole available replay,simultaneous_core_gap_fraction,4,5,1,1,0.13655927510697208,0.0008319467554076539,0.13655927510697208,0.0008319467554076539,0.07957244655581948,0.16238317757009346,0.0,0.0012202562538133007,-0.13572732835156442,-13.572732835156442,-99.39077975131609,decrease,Cross-engine timing resolution/encoding differs; do not infer latency or slowing.,classic versus DE; challenge versus ranked; age cannot be isolated
DauT earliest period,DauT,2011,1v1 challenge,2026,1v1 ranked,whole available replay,core_gap_cv,4,5,1,1,1.3442133120455648,1.3011956728667757,1.3442133120455648,1.3011956728667757,1.2131605649035533,1.5240749401496858,1.1077207273822414,1.386778959036862,-0.04301763917878909,,-3.2002092817639736,decrease,Cross-engine timing resolution/encoding differs; do not infer latency or slowing.,classic versus DE; challenge versus ranked; age cannot be isolated
DauT earliest period,DauT,2011,1v1 challenge,2026,1v1 ranked,whole available replay,core_gap_burstiness,4,5,1,1,0.14680157817250095,0.1308865979621599,0.14680157817250095,0.1308865979621599,0.09631500230207773,0.2076304993221027,0.051107685179918975,0.16205059859960347,-0.015914980210341045,,-10.841150625533439,decrease,Cross-engine timing resolution/encoding differs; do not infer latency or slowing.,classic versus DE; challenge versus ranked; age cannot be isolated
DauT earliest period,DauT,2011,1v1 challenge,2026,1v1 ranked,whole available replay,command_silence_ge5s_time_fraction,4,5,1,1,0.23134132162247534,0.05773399084419336,0.23134132162247534,0.05773399084419336,0.10886107905366414,0.44288514033736964,0.015243809426958868,0.09773620098012764,-0.17360733077828197,-17.360733077828197,-75.04380521418082,decrease,Cross-engine timing resolution/encoding differs; do not infer latency or slowing.,classic versus DE; challenge versus ranked; age cannot be isolated
DauT earliest period,DauT,2011,1v1 challenge,2026,1v1 ranked,whole available replay,command_silence_ge10s_time_fraction,4,5,1,1,0.06396578109330345,0.01866706115971875,0.06396578109330345,0.01866706115971875,0.014660271206001111,0.14686428221460116,0.0,0.026385829662261346,-0.0452987199335847,-4.529871993358469,-70.81711371195466,decrease,Cross-engine timing resolution/encoding differs; do not infer latency or slowing.,classic versus DE; challenge versus ranked; age cannot be isolated
DauT earliest period,DauT,2011,1v1 challenge,2026,1v1 ranked,whole available replay,core_count_5s_cv,4,5,1,1,0.7106357015122577,0.5206028165529816,0.7106357015122577,0.5206028165529816,0.5960901024559547,0.8861995991949859,0.3830058942088002,0.546553747956334,-0.19003288495927617,,-26.74125217110251,decrease,Cross-engine timing resolution/encoding differs; do not infer latency or slowing.,classic versus DE; challenge versus ranked; age cannot be isolated
DauT earliest period,DauT,2011,1v1 challenge,2026,1v1 ranked,whole available replay,peak_5s_nominal_cpm,4,5,1,1,180.0,216.0,180.0,216.0,168.0,192.0,192.0,252.0,36.0,,20.0,increase,Cross-engine timing resolution/encoding differs; do not infer latency or slowing.,classic versus DE; challenge versus ranked; age cannot be isolated
DauT earliest period,DauT,2011,1v1 challenge,2026,1v1 ranked,whole available replay,empty_5s_bin_fraction,4,5,1,1,0.08356692847825484,0.01702127659574468,0.08356692847825484,0.01702127659574468,0.03303303303303303,0.1661807580174927,0.0,0.02976190476190476,-0.06654565188251016,-6.654565188251016,-79.63156369906089,decrease,Cross-engine timing resolution/encoding differs; do not infer latency or slowing.,classic versus DE; challenge versus ranked; age cannot be isolated
DauT earliest period,DauT,2011,1v1 challenge,2026,1v1 ranked,whole available replay,core_type_entropy_bits,4,5,1,1,1.3630734309235388,0.9916267502955737,1.3630734309235388,0.9916267502955737,1.2371446485883983,2.221160305699247,0.8964412519955757,1.2946589803797128,-0.37144668062796515,,-27.250672795837172,decrease,Descriptive behavior; no cognitive or causal age interpretation.,classic versus DE; challenge versus ranked; age cannot be isolated
DauT earliest period,DauT,2011,1v1 challenge,2026,1v1 ranked,whole available replay,core_category_entropy_bits,4,5,1,1,1.35116166269217,0.9760829648711311,1.35116166269217,0.9760829648711311,1.2222200852723326,2.167038046279353,0.866495926435659,1.2593054448208512,-0.375078697821039,,-27.75972025980223,decrease,Descriptive behavior; no cognitive or causal age interpretation.,classic versus DE; challenge versus ranked; age cannot be isolated
DauT earliest period,DauT,2011,1v1 challenge,2026,1v1 ranked,whole available replay,core_type_transition_entropy_bits,4,5,1,1,1.1643727916732494,0.9083231306716125,1.1643727916732494,0.9083231306716125,1.0470448421681158,1.698930141656242,0.8431231708065263,1.1108817984966015,-0.25604966100163684,,-21.990350756451758,decrease,Descriptive behavior; no cognitive or causal age interpretation.,classic versus DE; challenge versus ranked; age cannot be isolated
DauT earliest period,DauT,2011,1v1 challenge,2026,1v1 ranked,whole available replay,core_type_switch_fraction,4,5,1,1,0.31879229777634543,0.25326170376055257,0.31879229777634543,0.25326170376055257,0.291970802919708,0.44418052256532065,0.23184868822452714,0.3114669421487603,-0.06553059401579286,-6.5530594015792865,-20.55588998632804,decrease,Descriptive behavior; no cognitive or causal age interpretation.,classic versus DE; challenge versus ranked; age cannot be isolated
DauT earliest period,DauT,2011,1v1 challenge,2026,1v1 ranked,whole available replay,core_category_switch_fraction,4,5,1,1,0.3179161295520464,0.25249424405218723,0.3179161295520464,0.25249424405218723,0.29105839416058393,0.44299287410926363,0.2312385600976205,0.3114669421487603,-0.06542188549985917,-6.542188549985917,-20.5783473748377,decrease,Descriptive behavior; no cognitive or causal age interpretation.,classic versus DE; challenge versus ranked; age cannot be isolated
DauT earliest period,DauT,2011,1v1 challenge,2026,1v1 ranked,whole available replay,core_same_type_triplet_fraction,4,5,1,1,0.5082796743802095,0.6186511240632806,0.5082796743802095,0.6186511240632806,0.33650416171224734,0.5351598173515981,0.5281653746770025,0.6477411477411478,0.11037144968307111,11.03714496830711,21.714708505245035,increase,Descriptive behavior; no cognitive or causal age interpretation.,classic versus DE; challenge versus ranked; age cannot be isolated
DauT earliest period,DauT,2011,1v1 challenge,2026,1v1 ranked,whole available replay,coordinate_coverage,4,5,1,1,1.0,1.0,1.0,1.0,1.0,1.0,1.0,1.0,0.0,0.0,0.0,unchanged,Descriptive behavior; no cognitive or causal age interpretation.,classic versus DE; challenge versus ranked; age cannot be isolated
DauT earliest period,DauT,2011,1v1 challenge,2026,1v1 ranked,whole available replay,destination_jump_diagonal_p50,4,5,1,1,0.021068702325062392,0.01987224654428433,0.021068702325062392,0.01987224654428433,0.017862761082960955,0.02485508195550405,0.01554861264079679,0.025595252798161307,-0.0011964557807780628,,-5.678829964552739,decrease,Descriptive behavior; no cognitive or causal age interpretation.,classic versus DE; challenge versus ranked; age cannot be isolated
DauT earliest period,DauT,2011,1v1 challenge,2026,1v1 ranked,whole available replay,destination_jump_diagonal_p90,4,5,1,1,0.21700847240438007,0.16786973146423967,0.21700847240438007,0.16786973146423967,0.16574641339307103,0.25024920768627434,0.12891992359409168,0.22991943712900167,-0.049138740940140396,,-22.643696992886895,decrease,Descriptive behavior; no cognitive or causal age interpretation.,classic versus DE; challenge versus ranked; age cannot be isolated
DauT earliest period,DauT,2011,1v1 challenge,2026,1v1 ranked,whole available replay,destination_jump_ge_quarter_fraction,4,5,1,1,0.07745744082414577,0.062449310624493104,0.07745744082414577,0.062449310624493104,0.05223880597014925,0.10090817356205853,0.04814522494080505,0.08972073677956031,-0.015008130199652664,-1.5008130199652663,-19.375969616303394,decrease,Descriptive behavior; no cognitive or causal age interpretation.,classic versus DE; challenge versus ranked; age cannot be isolated
DauT earliest period,DauT,2011,1v1 challenge,2026,1v1 ranked,whole available replay,destination_entropy_4x4_bits,4,5,1,1,2.6635226333939457,3.0474558837206223,2.6635226333939457,3.0474558837206223,2.2832302223662655,2.894931568231925,2.539756481059808,3.5826546737843668,0.3839332503266766,,14.41449175288053,increase,Descriptive behavior; no cognitive or causal age interpretation.,classic versus DE; challenge versus ranked; age cannot be isolated
DauT earliest period,DauT,2011,1v1 challenge,2026,1v1 ranked,whole available replay,destination_cell_switch_fraction,4,5,1,1,0.2759518502341973,0.26838709677419353,0.2759518502341973,0.26838709677419353,0.2691538974017322,0.29669260700389105,0.21800529567519858,0.2917409387997623,-0.0075647534600037925,-0.7564753460003792,-2.7413309436351554,decrease,Descriptive behavior; no cognitive or causal age interpretation.,classic versus DE; challenge versus ranked; age cannot be isolated
DauT earliest period,DauT,2011,1v1 challenge,2026,1v1 ranked,whole available replay,rapid_destination_repeat_fraction,4,5,1,1,0.27416250142331566,0.3196527229676401,0.27416250142331566,0.3196527229676401,0.1791044776119403,0.33710859427048634,0.2645161290322581,0.35481023830538394,0.045490221544324416,4.549022154432442,16.592430149331786,increase,Descriptive behavior; no cognitive or causal age interpretation.,classic versus DE; challenge versus ranked; age cannot be isolated
DauT earliest period,DauT,2011,1v1 challenge,2026,1v1 ranked,whole available replay,dedup_core_cpm,4,5,1,1,38.119917425458254,62.503701553157576,38.119917425458254,62.503701553157576,26.142647161755445,43.530005770340445,54.256426496486064,69.16764356831585,24.38378412769932,,63.965994090571385,increase,Descriptive behavior; no cognitive or causal age interpretation.,classic versus DE; challenge versus ranked; age cannot be isolated
DauT earliest period,DauT,2011,1v1 challenge,2026,1v1 ranked,whole available replay,move_order_commands,4,5,1,1,1010.5,1268.0,1010.5,1268.0,537.0,1502.0,1134.0,1684.0,257.5,,25.482434438396833,increase,Descriptive behavior; no cognitive or causal age interpretation.,classic versus DE; challenge versus ranked; age cannot be isolated
DauT earliest period,DauT,2011,1v1 challenge,2026,1v1 ranked,whole available replay,explicit_actor_commands,4,5,1,1,414.5,565.0,414.5,565.0,289.0,565.0,426.0,798.0,150.5,,36.308805790108565,increase,Raw actor-list coverage/reuse differs: numeric contrast is not a reliable group-control trend.,classic versus DE; challenge versus ranked; age cannot be isolated
DauT earliest period,DauT,2011,1v1 challenge,2026,1v1 ranked,whole available replay,explicit_actor_coverage,4,5,1,1,0.41354416980792696,0.4116719242902208,0.41354416980792696,0.4116719242902208,0.36794354838709675,0.5381750465549349,0.3713733075435203,0.47387173396674587,-0.0018722455177061503,-0.18722455177061503,-0.45273169213719683,decrease,Raw actor-list coverage/reuse differs: numeric contrast is not a reliable group-control trend.,classic versus DE; challenge versus ranked; age cannot be isolated
DauT earliest period,DauT,2011,1v1 challenge,2026,1v1 ranked,whole available replay,actor_pair_count,4,5,1,1,193.5,248.0,193.5,248.0,154.0,250.0,191.0,458.0,54.5,,28.165374677002585,increase,Raw actor-list coverage/reuse differs: numeric contrast is not a reliable group-control trend.,classic versus DE; challenge versus ranked; age cannot be isolated
DauT earliest period,DauT,2011,1v1 challenge,2026,1v1 ranked,whole available replay,same_actor_pair_count,4,5,1,1,5.5,45.0,5.5,45.0,5.0,8.0,30.0,177.0,39.5,,718.1818181818181,increase,Raw actor-list coverage/reuse differs: numeric contrast is not a reliable group-control trend.,classic versus DE; challenge versus ranked; age cannot be isolated
DauT earliest period,DauT,2011,1v1 challenge,2026,1v1 ranked,whole available replay,actor_group_size_median,4,5,1,1,2.0,2.0,2.0,2.0,2.0,4.0,1.5,5.0,0.0,,0.0,unchanged,Raw actor-list coverage/reuse differs: numeric contrast is not a reliable group-control trend.,classic versus DE; challenge versus ranked; age cannot be isolated
DauT earliest period,DauT,2011,1v1 challenge,2026,1v1 ranked,whole available replay,actor_group_size_p90,4,5,1,1,13.0,8.0,13.0,8.0,7.0,16.19999999999999,6.0,30.300000000000068,-5.0,,-38.46153846153847,decrease,Raw actor-list coverage/reuse differs: numeric contrast is not a reliable group-control trend.,classic versus DE; challenge versus ranked; age cannot be isolated
DauT earliest period,DauT,2011,1v1 challenge,2026,1v1 ranked,whole available replay,actor_group_ge10_fraction,4,5,1,1,0.13915546437211013,0.05363984674329502,0.13915546437211013,0.05363984674329502,0.04310344827586207,0.29315068493150687,0.004694835680751174,0.39974937343358397,-0.0855156176288151,-8.55156176288151,-61.45329471226596,decrease,Raw actor-list coverage/reuse differs: numeric contrast is not a reliable group-control trend.,classic versus DE; challenge versus ranked; age cannot be isolated
DauT earliest period,DauT,2011,1v1 challenge,2026,1v1 ranked,whole available replay,actor_group_change_fraction,4,5,1,1,0.9706722917800763,0.8170731707317073,0.9706722917800763,0.8170731707317073,0.948051948051948,0.98,0.6135371179039302,0.8863636363636364,-0.15359912104836904,-15.359912104836903,-15.823993571166008,decrease,Raw actor-list coverage/reuse differs: numeric contrast is not a reliable group-control trend.,classic versus DE; challenge versus ranked; age cannot be isolated
DauT earliest period,DauT,2011,1v1 challenge,2026,1v1 ranked,whole available replay,actor_overlap_jaccard_median,4,5,1,1,0.0,0.0,0.0,0.0,0.0,0.0,0.0,0.0,0.0,,,unchanged,Raw actor-list coverage/reuse differs: numeric contrast is not a reliable group-control trend.,classic versus DE; challenge versus ranked; age cannot be isolated
DauT earliest period,DauT,2011,1v1 challenge,2026,1v1 ranked,whole available replay,same_actor_gap_nominal_median_s,4,5,1,1,2.8575000000000728,0.36153844929746015,2.8575000000000728,0.36153844929746015,2.5199999999998304,3.480000000000018,0.23846153038764104,0.4807692144912218,-2.4959615507026127,,-87.34773580761328,decrease,Raw actor-list coverage/reuse differs: numeric contrast is not a reliable group-control trend.,classic versus DE; challenge versus ranked; age cannot be isolated
DauT earliest period,DauT,2011,1v1 challenge,2026,1v1 ranked,whole available replay,same_actor_recommand_under1s_fraction,4,5,1,1,0.18333333333333335,0.7708333333333334,0.18333333333333335,0.7708333333333334,0.0,0.2,0.75,0.8666666666666667,0.5875,58.75,320.45454545454544,increase,Raw actor-list coverage/reuse differs: numeric contrast is not a reliable group-control trend.,classic versus DE; challenge versus ranked; age cannot be isolated
DauT earliest period,DauT,2011,1v1 challenge,2026,1v1 ranked,whole available replay,commanded_actor_ids,4,5,1,1,194.0,77.0,194.0,77.0,157.0,218.0,56.0,252.0,-117.0,,-60.30927835051546,decrease,Raw actor-list coverage/reuse differs: numeric contrast is not a reliable group-control trend.,classic versus DE; challenge versus ranked; age cannot be isolated
DauT earliest period,DauT,2011,1v1 challenge,2026,1v1 ranked,whole available replay,valid_target_order_fraction,4,5,1,1,0.8706059591563442,1.0,0.8706059591563442,1.0,0.8181818181818182,0.9789029535864979,1.0,1.0,0.1293940408436558,12.93940408436558,14.862526437223606,increase,Descriptive behavior; no cognitive or causal age interpretation.,classic versus DE; challenge versus ranked; age cannot be isolated
DauT earliest period,DauT,2011,1v1 challenge,2026,1v1 ranked,whole available replay,distinct_order_target_ids,4,5,1,1,125.0,106.0,125.0,106.0,99.0,142.0,73.0,157.0,-19.0,,-15.2,decrease,Descriptive behavior; no cognitive or causal age interpretation.,classic versus DE; challenge versus ranked; age cannot be isolated
DauT earliest period,DauT,2011,1v1 challenge,2026,1v1 ranked,whole available replay,distinct_building_type_ids,4,5,1,1,13.5,12.0,13.5,12.0,10.0,14.0,9.0,17.0,-1.5,,-11.11111111111111,decrease,Descriptive behavior; no cognitive or causal age interpretation.,classic versus DE; challenge versus ranked; age cannot be isolated
DauT earliest period,DauT,2011,1v1 challenge,2026,1v1 ranked,whole available replay,distinct_research_type_ids,4,5,1,1,23.5,12.0,23.5,12.0,9.0,33.0,10.0,45.0,-11.5,,-48.93617021276596,decrease,Classic commands can lack ownership or differ in encoding; rates may undercount actions.,classic versus DE; challenge versus ranked; age cannot be isolated
DauT earliest period,DauT,2011,1v1 challenge,2026,1v1 ranked,whole available replay,positive_de_queue_commands,0,5,0,1,,84.0,,84.0,,,68.0,244.0,,,,unavailable,Classic commands can lack ownership or differ in encoding; rates may undercount actions.,classic versus DE; challenge versus ranked; age cannot be isolated
DauT earliest period,DauT,2011,1v1 challenge,2026,1v1 ranked,whole available replay,requested_queue_unit_type_ids,0,5,0,1,,5.0,,5.0,,,4.0,7.0,,,,unavailable,Classic commands can lack ownership or differ in encoding; rates may undercount actions.,classic versus DE; challenge versus ranked; age cannot be isolated
DauT earliest period,DauT,2011,1v1 challenge,2026,1v1 ranked,whole available replay,explicitly_commanded_production_building_ids,0,5,0,1,,5.0,,5.0,,,3.0,24.0,,,,unavailable,Descriptive behavior; no cognitive or causal age interpretation.,classic versus DE; challenge versus ranked; age cannot be isolated
DauT earliest period,DauT,2011,1v1 challenge,2026,1v1 ranked,whole available replay,production_command_revisit_nominal_median_s,0,5,0,1,,12.86153802606916,,12.86153802606916,,,5.281064909949702,15.269230252241176,,,,unavailable,Descriptive behavior; no cognitive or causal age interpretation.,classic versus DE; challenge versus ranked; age cannot be isolated
DauT earliest period,DauT,2011,1v1 challenge,2026,1v1 ranked,whole available replay,positive_queue_amount_mean,0,5,0,1,,1.04,,1.04,,,1.0236220472440944,1.360655737704918,,,,unavailable,Classic commands can lack ownership or differ in encoding; rates may undercount actions.,classic versus DE; challenge versus ranked; age cannot be isolated
DauT earliest period,DauT,2011,1v1 challenge,2026,1v1 ranked,whole available replay,build_commands_nominal_min,4,5,1,1,5.0560391119070065,3.222532410903935,5.0560391119070065,3.222532410903935,2.144600853277361,6.15944564989151,2.6110257316312597,5.440247340495574,-1.8335067010030714,,-36.263696945799936,decrease,Descriptive behavior; no cognitive or causal age interpretation.,classic versus DE; challenge versus ranked; age cannot be isolated
DauT earliest period,DauT,2011,1v1 challenge,2026,1v1 ranked,whole available replay,wall_commands_nominal_min,4,5,1,1,0.10344155836679451,0.4381407254090395,0.10344155836679451,0.4381407254090395,0.0,0.2524523946912868,0.21475771652242362,0.8725276138204981,0.33469916704224495,,323.5635389940972,increase,Descriptive behavior; no cognitive or causal age interpretation.,classic versus DE; challenge versus ranked; age cannot be isolated
DauT earliest period,DauT,2011,1v1 challenge,2026,1v1 ranked,whole available replay,research_commands_nominal_min,4,5,1,1,1.4423210244375917,0.9306167715971689,1.4423210244375917,0.9306167715971689,0.7300768862220802,1.8898299153076223,0.6143589956779435,2.4827974439845573,-0.5117042528404228,,-35.477833587009734,decrease,Classic commands can lack ownership or differ in encoding; rates may undercount actions.,classic versus DE; challenge versus ranked; age cannot be isolated
DauT earliest period,DauT,2011,1v1 challenge,2026,1v1 ranked,whole available replay,market_commands_nominal_min,4,5,1,1,0.49219060856976776,0.3286055440567796,0.49219060856976776,0.3286055440567796,0.0,1.504864562189403,0.0,0.42951543304484724,-0.16358506451298815,,-33.236120654220095,decrease,Descriptive behavior; no cognitive or causal age interpretation.,classic versus DE; challenge versus ranked; age cannot be isolated
DauT earliest period,DauT,2011,1v1 challenge,2026,1v1 ranked,whole available replay,legacy_command_class_entropy_bits,4,5,1,1,1.35116166269217,0.9760829648711311,1.35116166269217,0.9760829648711311,1.2222200852723326,2.167038046279353,0.866495926435659,1.2593054448208512,-0.375078697821039,,-27.75972025980223,decrease,Descriptive behavior; no cognitive or causal age interpretation.,classic versus DE; challenge versus ranked; age cannot be isolated
DauT earliest period,DauT,2011,1v1 challenge,2026,1v1 ranked,whole available replay,legacy_switches_per_100_commands,4,5,1,1,31.79161295520464,25.249424405218726,31.79161295520464,25.249424405218726,29.105839416058394,44.29928741092637,23.12385600976205,31.14669421487603,-6.542188549985916,,-20.578347374837698,decrease,Descriptive behavior; no cognitive or causal age interpretation.,classic versus DE; challenge versus ranked; age cannot be isolated
DauT earliest period,DauT,2011,1v1 challenge,2026,1v1 ranked,whole available replay,legacy_core_silence_over5s_fraction,4,5,1,1,0.2313413216224755,0.057733990844193284,0.2313413216224755,0.057733990844193284,0.10886107905366402,0.4428851403373696,0.015243809426958882,0.0977362009801275,-0.17360733077828222,-17.360733077828222,-75.04380521418086,decrease,Cross-engine timing resolution/encoding differs; do not infer latency or slowing.,classic versus DE; challenge versus ranked; age cannot be isolated
DauT earliest period,DauT,2011,1v1 challenge,2026,1v1 ranked,whole available replay,legacy_peak_10s_nominal_cpm,4,5,1,1,177.0,216.0,177.0,216.0,144.0,186.0,168.0,246.0,39.0,,22.033898305084744,increase,Cross-engine timing resolution/encoding differs; do not infer latency or slowing.,classic versus DE; challenge versus ranked; age cannot be isolated
DauT earliest period,DauT,2011,1v1 challenge,2026,1v1 ranked,whole available replay,legacy_move_share,4,5,1,1,0.665377032498781,0.7799401197604791,0.665377032498781,0.7799401197604791,0.35587188612099646,0.7244600116754233,0.7408363448631905,0.8297546012269938,0.11456308726169806,11.456308726169805,17.217770026035268,increase,Descriptive behavior; no cognitive or causal age interpretation.,classic versus DE; challenge versus ranked; age cannot be isolated
DauT earliest period,DauT,2011,1v1 challenge,2026,1v1 ranked,whole available replay,legacy_planning_command_share,4,5,1,1,0.12702000660702245,0.050149700598802395,0.12702000660702245,0.050149700598802395,0.0601640838650866,0.3262158956109134,0.04878048780487805,0.12287041817243159,-0.07687030600822006,-7.687030600822006,-60.51826642242529,decrease,Descriptive behavior; no cognitive or causal age interpretation.,classic versus DE; challenge versus ranked; age cannot be isolated
DauT earliest period,DauT,2011,1v1 challenge,2026,1v1 ranked,whole available replay,legacy_queue_batch_mean,0,5,0,1,,1.04,,1.04,,,1.0236220472440944,1.360655737704918,,,,unavailable,Classic commands can lack ownership or differ in encoding; rates may undercount actions.,classic versus DE; challenge versus ranked; age cannot be isolated
DauT earliest period,DauT,2011,1v1 challenge,2026,1v1 ranked,whole available replay,legacy_queue_batch_gt1_fraction,0,5,0,1,,0.013333333333333334,,0.013333333333333334,,,0.007874015748031496,0.10655737704918032,,,,unavailable,Classic commands can lack ownership or differ in encoding; rates may undercount actions.,classic versus DE; challenge versus ranked; age cannot be isolated
DauT earliest period,DauT,2011,1v1 challenge,2026,1v1 ranked,whole available replay,legacy_duration_game_min,4,5,1,1,37.900499999999994,25.17275,37.900499999999994,25.17275,32.87325,42.861,21.30591666666667,46.286500000000004,-12.727749999999993,,-33.58201079141435,decrease,Descriptive behavior; no cognitive or causal age interpretation.,classic versus DE; challenge versus ranked; age cannot be isolated
DauT earliest period,DauT,2011,1v1 challenge,2026,1v1 ranked,whole available replay,tatoh_cpm_0_5,0,0,0,0,,,,,,,,,,,,unavailable,Descriptive behavior; no cognitive or causal age interpretation.,classic versus DE; challenge versus ranked; age cannot be isolated
DauT earliest period,DauT,2011,1v1 challenge,2026,1v1 ranked,whole available replay,tatoh_cpm_5_10,0,0,0,0,,,,,,,,,,,,unavailable,Descriptive behavior; no cognitive or causal age interpretation.,classic versus DE; challenge versus ranked; age cannot be isolated
DauT earliest period,DauT,2011,1v1 challenge,2026,1v1 ranked,whole available replay,tatoh_cpm_10_15,0,0,0,0,,,,,,,,,,,,unavailable,Descriptive behavior; no cognitive or causal age interpretation.,classic versus DE; challenge versus ranked; age cannot be isolated
DauT earliest period,DauT,2011,1v1 challenge,2026,1v1 ranked,whole available replay,tatoh_cpm_15_20,0,0,0,0,,,,,,,,,,,,unavailable,Descriptive behavior; no cognitive or causal age interpretation.,classic versus DE; challenge versus ranked; age cannot be isolated
DauT earliest period,DauT,2011,1v1 challenge,2026,1v1 ranked,whole available replay,tatoh_cpm_10_20,0,0,0,0,,,,,,,,,,,,unavailable,Descriptive behavior; no cognitive or causal age interpretation.,classic versus DE; challenge versus ranked; age cannot be isolated
DauT earliest period,DauT,2011,1v1 challenge,2026,1v1 ranked,whole available replay,tatoh_reclick_open,0,0,0,0,,,,,,,,,,,,unavailable,Descriptive behavior; no cognitive or causal age interpretation.,classic versus DE; challenge versus ranked; age cannot be isolated
DauT earliest period,DauT,2011,1v1 challenge,2026,1v1 ranked,whole available replay,tatoh_dedup_open_cpm,0,0,0,0,,,,,,,,,,,,unavailable,Descriptive behavior; no cognitive or causal age interpretation.,classic versus DE; challenge versus ranked; age cannot be isolated
DauT earliest period,DauT,2011,1v1 challenge,2026,1v1 ranked,whole available replay,tatoh_reclick_whole,0,0,0,0,,,,,,,,,,,,unavailable,Descriptive behavior; no cognitive or causal age interpretation.,classic versus DE; challenge versus ranked; age cannot be isolated
DauT earliest period,DauT,2011,1v1 challenge,2026,1v1 ranked,whole available replay,tatoh_dedup_whole_cpm,0,0,0,0,,,,,,,,,,,,unavailable,Descriptive behavior; no cognitive or causal age interpretation.,classic versus DE; challenge versus ranked; age cannot be isolated
DauT earliest period,DauT,2011,1v1 challenge,2026,1v1 ranked,whole available replay,tatoh_gap_p50_open,0,0,0,0,,,,,,,,,,,,unavailable,Cross-engine timing resolution/encoding differs; do not infer latency or slowing.,classic versus DE; challenge versus ranked; age cannot be isolated
DauT earliest period,DauT,2011,1v1 challenge,2026,1v1 ranked,whole available replay,tatoh_gap_p90_open,0,0,0,0,,,,,,,,,,,,unavailable,Cross-engine timing resolution/encoding differs; do not infer latency or slowing.,classic versus DE; challenge versus ranked; age cannot be isolated
DauT earliest period,DauT,2011,1v1 challenge,2026,1v1 ranked,whole available replay,tatoh_gap_p99_open,0,0,0,0,,,,,,,,,,,,unavailable,Cross-engine timing resolution/encoding differs; do not infer latency or slowing.,classic versus DE; challenge versus ranked; age cannot be isolated
DauT earliest period,DauT,2011,1v1 challenge,2026,1v1 ranked,whole available replay,tatoh_gap_p99_10_20,0,0,0,0,,,,,,,,,,,,unavailable,Cross-engine timing resolution/encoding differs; do not infer latency or slowing.,classic versus DE; challenge versus ranked; age cannot be isolated
DauT earliest period,DauT,2011,1v1 challenge,2026,1v1 ranked,whole available replay,feudal_request_game_s,4,5,1,1,599.5799999999999,403.702,599.5799999999999,403.702,280.89,623.61,385.424,471.594,-195.87799999999993,,-32.66920177457553,decrease,Age-up request timing depends strongly on start-age and tournament settings.,classic versus DE; challenge versus ranked; age cannot be isolated
DauT earliest period,DauT,2011,1v1 challenge,2026,1v1 ranked,whole available replay,castle_request_game_s,4,5,1,1,1053.045,1210.105,1053.045,1210.105,463.59,1535.625,751.289,1245.049,157.05999999999995,,14.914842195727621,increase,Age-up request timing depends strongly on start-age and tournament settings.,classic versus DE; challenge versus ranked; age cannot be isolated
DauT earliest period,DauT,2011,1v1 challenge,2026,1v1 ranked,whole available replay,imperial_request_game_s,3,1,1,1,1596.285,1929.005,1596.285,1929.005,1436.805,2036.43,1929.005,1929.005,332.72,,20.843395759529155,increase,Age-up request timing depends strongly on start-age and tournament settings.,classic versus DE; challenge versus ranked; age cannot be isolated
TheViper earliest period,TheViper,2012,team game,2026,1v1 ranked,first 10 game minutes,all_recorded_cpm,9,5,3,1,73.8,138.24200468063353,72.14999999999999,138.24200468063353,48.300000000000004,90.6,115.59600391387939,142.1290048122406,64.44200468063353,,87.31978954015383,increase,Classic commands can lack ownership or differ in encoding; rates may undercount actions.,classic versus DE; team versus ranked; age cannot be isolated
TheViper earliest period,TheViper,2012,team game,2026,1v1 ranked,first 10 game minutes,core_cpm,9,5,3,1,73.725,102.7520034790039,72.0,102.7520034790039,47.85,90.6,89.57000303268433,109.17400369644164,29.02700347900391,,39.37199522414908,increase,Descriptive behavior; no cognitive or causal age interpretation.,classic versus DE; team versus ranked; age cannot be isolated
TheViper earliest period,TheViper,2012,team game,2026,1v1 ranked,first 10 game minutes,noncore_action_fraction,9,5,3,1,0.003745318352059925,0.2318668252080856,0.0018796992481203006,0.2318668252080856,0.0,0.009316770186335404,0.22514619883040934,0.2567237163814181,0.22812150685602567,22.812150685602568,6090.8442330558855,increase,Classic commands can lack ownership or differ in encoding; rates may undercount actions.,classic versus DE; team versus ranked; age cannot be isolated
TheViper earliest period,TheViper,2012,team game,2026,1v1 ranked,first 10 game minutes,first_core_command_nominal_s,9,5,3,1,1.9800000000000002,0.7999999729133932,1.9800000000000002,0.7999999729133932,1.9800000000000002,2.97,0.6769230540036403,1.415384567462157,-1.180000027086607,,-59.59596096397004,decrease,Cross-engine timing resolution/encoding differs; do not infer latency or slowing.,classic versus DE; team versus ranked; age cannot be isolated
TheViper earliest period,TheViper,2012,team game,2026,1v1 ranked,first 10 game minutes,core_gap_p10_s,9,5,3,1,0.5850000000000051,0.11538461147790713,0.4199999999999875,0.11538461147790713,0.3299999999999841,0.8999999999999773,0.11538461147790713,0.11538461147790713,-0.46961538852209794,,-80.27613479010152,decrease,Cross-engine timing resolution/encoding differs; do not infer latency or slowing.,classic versus DE; team versus ranked; age cannot be isolated
TheViper earliest period,TheViper,2012,team game,2026,1v1 ranked,first 10 game minutes,core_gap_p50_s,9,5,3,1,0.75,0.2461538378195054,0.75,0.2461538378195054,0.5400000000000205,1.0799999999999983,0.23846153038766715,0.35384614186553165,-0.5038461621804946,,-67.17948829073262,decrease,Cross-engine timing resolution/encoding differs; do not infer latency or slowing.,classic versus DE; team versus ranked; age cannot be isolated
TheViper earliest period,TheViper,2012,team game,2026,1v1 ranked,first 10 game minutes,core_gap_p90_s,9,5,3,1,2.3760000000000154,1.4384614897577421,2.243999999999997,1.4384614897577421,1.9800000000000182,3.528000000000021,1.403846106314364,1.561538408667488,-0.9375385102422733,,-39.45869150851293,decrease,Cross-engine timing resolution/encoding differs; do not infer latency or slowing.,classic versus DE; team versus ranked; age cannot be isolated
TheViper earliest period,TheViper,2012,team game,2026,1v1 ranked,first 10 game minutes,core_gap_p99_s,9,5,3,1,5.5428000000000095,3.5035383429147515,5.5428000000000095,3.5035383429147515,3.8744999999999727,7.6133999999999675,3.0076922058570847,4.367384467512573,-2.039261657085258,,-36.791182382284305,decrease,Cross-engine timing resolution/encoding differs; do not infer latency or slowing.,classic versus DE; team versus ranked; age cannot be isolated
TheViper earliest period,TheViper,2012,team game,2026,1v1 ranked,first 10 game minutes,core_gap_max_s,9,5,3,1,8.610000000000014,5.89230749280442,8.25,5.89230749280442,5.459999999999923,18.279999999999973,5.530769043507007,12.623076495681516,-2.7176925071955935,,-31.56437290587212,decrease,Cross-engine timing resolution/encoding differs; do not infer latency or slowing.,classic versus DE; team versus ranked; age cannot be isolated
TheViper earliest period,TheViper,2012,team game,2026,1v1 ranked,first 10 game minutes,simultaneous_core_gap_fraction,9,5,3,1,0.38452190598017266,0.00322061191626409,0.26095617529880477,0.00322061191626409,0.1941544885177453,0.43601895734597157,0.0015503875968992248,0.003418803418803419,-0.38130129406390856,-38.13012940639086,-99.16243733681321,decrease,Cross-engine timing resolution/encoding differs; do not infer latency or slowing.,classic versus DE; team versus ranked; age cannot be isolated
TheViper earliest period,TheViper,2012,team game,2026,1v1 ranked,first 10 game minutes,core_gap_cv,9,5,3,1,1.3731611862560373,1.3400175902350195,1.3477169389018109,1.3400175902350195,1.0656648300729676,1.4191248558162324,1.222205567633116,1.7023165205035504,-0.033143596021017796,,-2.4136711955414896,decrease,Cross-engine timing resolution/encoding differs; do not infer latency or slowing.,classic versus DE; team versus ranked; age cannot be isolated
TheViper earliest period,TheViper,2012,team game,2026,1v1 ranked,first 10 game minutes,core_gap_burstiness,9,5,3,1,0.15724224229570619,0.14530557020337184,0.14810854457797717,0.14530557020337184,0.031788714760006886,0.17325474326326834,0.09999325484086,0.2598942482032714,-0.011936672092334344,,-7.591262957117152,decrease,Cross-engine timing resolution/encoding differs; do not infer latency or slowing.,classic versus DE; team versus ranked; age cannot be isolated
TheViper earliest period,TheViper,2012,team game,2026,1v1 ranked,first 10 game minutes,command_silence_ge5s_time_fraction,9,5,3,1,0.08325000000000002,0.03148166666666669,0.08520000000000011,0.03148166666666669,0.013649999999999806,0.1828749999999998,0.015578333333333309,0.1181483333333336,-0.051768333333333326,-5.176833333333333,-62.18418418418417,decrease,Cross-engine timing resolution/encoding differs; do not infer latency or slowing.,classic versus DE; team versus ranked; age cannot be isolated
TheViper earliest period,TheViper,2012,team game,2026,1v1 ranked,first 10 game minutes,command_silence_ge10s_time_fraction,9,5,3,1,0.0,0.0,0.0,0.0,0.0,0.07262499999999988,0.0,0.09581000000000023,0.0,0.0,,unchanged,Cross-engine timing resolution/encoding differs; do not infer latency or slowing.,classic versus DE; team versus ranked; age cannot be isolated
TheViper earliest period,TheViper,2012,team game,2026,1v1 ranked,first 10 game minutes,core_count_5s_cv,9,5,3,1,0.6240017394338255,0.48358888606938766,0.5649034268322121,0.48358888606938766,0.43938087754880223,0.670791024758657,0.3981214544844018,0.6348937451571952,-0.14041285336443787,,-22.501997108507812,decrease,Cross-engine timing resolution/encoding differs; do not infer latency or slowing.,classic versus DE; team versus ranked; age cannot be isolated
TheViper earliest period,TheViper,2012,team game,2026,1v1 ranked,first 10 game minutes,peak_5s_nominal_cpm,9,5,3,1,264.0,228.0,180.0,228.0,144.0,324.0,192.0,300.0,-36.0,,-13.636363636363635,decrease,Cross-engine timing resolution/encoding differs; do not infer latency or slowing.,classic versus DE; team versus ranked; age cannot be isolated
TheViper earliest period,TheViper,2012,team game,2026,1v1 ranked,first 10 game minutes,empty_5s_bin_fraction,9,5,3,1,0.0125,0.027777777777777776,0.0125,0.027777777777777776,0.0,0.0625,0.013888888888888888,0.06944444444444445,0.015277777777777776,1.5277777777777775,122.22222222222219,increase,Cross-engine timing resolution/encoding differs; do not infer latency or slowing.,classic versus DE; team versus ranked; age cannot be isolated
TheViper earliest period,TheViper,2012,team game,2026,1v1 ranked,first 10 game minutes,core_type_entropy_bits,9,5,3,1,0.8425509699901718,0.9085376747656781,0.8845496379757671,0.9085376747656781,0.8082856850443909,1.0635374486365168,0.7737497726450292,0.9308836220394006,0.06598670477550639,,7.831776014248268,increase,Descriptive behavior; no cognitive or causal age interpretation.,classic versus DE; team versus ranked; age cannot be isolated
TheViper earliest period,TheViper,2012,team game,2026,1v1 ranked,first 10 game minutes,core_category_entropy_bits,9,5,3,1,0.8425509699901718,0.8727601370106097,0.8689499790300937,0.8727601370106097,0.7979720228239855,1.0635374486365168,0.7737497726450292,0.9133196978523472,0.030209167020437966,,3.585440892767633,increase,Descriptive behavior; no cognitive or causal age interpretation.,classic versus DE; team versus ranked; age cannot be isolated
TheViper earliest period,TheViper,2012,team game,2026,1v1 ranked,first 10 game minutes,core_type_transition_entropy_bits,9,5,3,1,0.7315945932844832,0.7358425631077645,0.7604953696805572,0.7358425631077645,0.6937044438881556,0.9413976641140421,0.6421697107683142,0.7921226751568387,0.00424796982328135,,0.580645327654781,increase,Descriptive behavior; no cognitive or causal age interpretation.,classic versus DE; team versus ranked; age cannot be isolated
TheViper earliest period,TheViper,2012,team game,2026,1v1 ranked,first 10 game minutes,core_type_switch_fraction,9,5,3,1,0.20853080568720378,0.2124031007751938,0.2160919540229885,0.2124031007751938,0.19071310116086235,0.3018867924528302,0.1706924315619968,0.23440453686200377,0.0038722950879900297,0.387229508799003,1.85694150810431,increase,Descriptive behavior; no cognitive or causal age interpretation.,classic versus DE; team versus ranked; age cannot be isolated
TheViper earliest period,TheViper,2012,team game,2026,1v1 ranked,first 10 game minutes,core_category_switch_fraction,9,5,3,1,0.20853080568720378,0.21087314662273476,0.2160919540229885,0.21087314662273476,0.19071310116086235,0.3018867924528302,0.1706924315619968,0.23440453686200377,0.0023423409355309843,0.23423409355309843,1.1232589486296312,increase,Descriptive behavior; no cognitive or causal age interpretation.,classic versus DE; team versus ranked; age cannot be isolated
TheViper earliest period,TheViper,2012,team game,2026,1v1 ranked,first 10 game minutes,core_same_type_triplet_fraction,9,5,3,1,0.667458432304038,0.687888198757764,0.6543778801843319,0.687888198757764,0.5141955835962145,0.7126245847176079,0.6325757575757576,0.714516129032258,0.02042976645372596,2.042976645372596,3.060829778298445,increase,Descriptive behavior; no cognitive or causal age interpretation.,classic versus DE; team versus ranked; age cannot be isolated
TheViper earliest period,TheViper,2012,team game,2026,1v1 ranked,first 10 game minutes,coordinate_coverage,9,5,3,1,1.0,1.0,1.0,1.0,1.0,1.0,1.0,1.0,0.0,0.0,0.0,unchanged,Descriptive behavior; no cognitive or causal age interpretation.,classic versus DE; team versus ranked; age cannot be isolated
TheViper earliest period,TheViper,2012,team game,2026,1v1 ranked,first 10 game minutes,destination_jump_diagonal_p50,9,5,3,1,0.014405142095590883,0.0143399854517691,0.01875723240142615,0.0143399854517691,0.01264855418939748,0.021446199217291906,0.011760472313780843,0.017547797042244285,-6.515664382178259e-05,,-0.45231517599347865,decrease,Descriptive behavior; no cognitive or causal age interpretation.,classic versus DE; team versus ranked; age cannot be isolated
TheViper earliest period,TheViper,2012,team game,2026,1v1 ranked,first 10 game minutes,destination_jump_diagonal_p90,9,5,3,1,0.13815386315041528,0.15882819381922478,0.17765138233514588,0.15882819381922478,0.1031771033071045,0.2526459552280349,0.12365598708817921,0.2457928099552373,0.0206743306688095,,14.964714121891967,increase,Descriptive behavior; no cognitive or causal age interpretation.,classic versus DE; team versus ranked; age cannot be isolated
TheViper earliest period,TheViper,2012,team game,2026,1v1 ranked,first 10 game minutes,destination_jump_ge_quarter_fraction,9,5,3,1,0.0201299918964351,0.04452054794520548,0.07017543859649122,0.04452054794520548,0.0,0.10176125244618395,0.023255813953488372,0.09752066115702479,0.024390556048770377,2.4390556048770375,121.16525517871568,increase,Descriptive behavior; no cognitive or causal age interpretation.,classic versus DE; team versus ranked; age cannot be isolated
TheViper earliest period,TheViper,2012,team game,2026,1v1 ranked,first 10 game minutes,destination_entropy_4x4_bits,9,5,3,1,1.7500357514806182,2.4781771224988574,2.1672800757566066,2.4781771224988574,1.1589007330606425,2.3775416843121375,1.7060904761990687,3.246229445850566,0.7281413710182392,,41.60722833246092,increase,Descriptive behavior; no cognitive or causal age interpretation.,classic versus DE; team versus ranked; age cannot be isolated
TheViper earliest period,TheViper,2012,team game,2026,1v1 ranked,first 10 game minutes,destination_cell_switch_fraction,9,5,3,1,0.23151750972762647,0.26334519572953735,0.2565947242206235,0.26334519572953735,0.2074074074074074,0.3150684931506849,0.1937984496124031,0.2991735537190083,0.03182768600191088,3.182768600191088,13.747420676455624,increase,Descriptive behavior; no cognitive or causal age interpretation.,classic versus DE; team versus ranked; age cannot be isolated
TheViper earliest period,TheViper,2012,team game,2026,1v1 ranked,first 10 game minutes,rapid_destination_repeat_fraction,9,5,3,1,0.22957198443579765,0.4258064516129032,0.22957198443579765,0.4258064516129032,0.132890365448505,0.28728070175438597,0.39173553719008264,0.437984496124031,0.19623446717710555,19.623446717710554,85.47840349917988,increase,Descriptive behavior; no cognitive or causal age interpretation.,classic versus DE; team versus ranked; age cannot be isolated
TheViper earliest period,TheViper,2012,team game,2026,1v1 ranked,first 10 game minutes,dedup_core_cpm,9,5,3,1,56.85,63.20600214004516,55.35,63.20600214004516,41.85,67.05,51.37600173950195,65.06500220298767,6.356002140045156,,11.180302796913203,increase,Descriptive behavior; no cognitive or causal age interpretation.,classic versus DE; team versus ranked; age cannot be isolated
TheViper earliest period,TheViper,2012,team game,2026,1v1 ranked,first 10 game minutes,move_order_commands,9,5,3,1,474.5,585.0,464.0,585.0,302.0,582.0,517.0,621.0,110.5,,23.28767123287671,increase,Descriptive behavior; no cognitive or causal age interpretation.,classic versus DE; team versus ranked; age cannot be isolated
TheViper earliest period,TheViper,2012,team game,2026,1v1 ranked,first 10 game minutes,explicit_actor_commands,9,5,3,1,155.0,197.0,150.0,197.0,124.0,173.0,169.0,230.0,42.0,,27.09677419354839,increase,Raw actor-list coverage/reuse differs: numeric contrast is not a reliable group-control trend.,classic versus DE; team versus ranked; age cannot be isolated
TheViper earliest period,TheViper,2012,team game,2026,1v1 ranked,first 10 game minutes,explicit_actor_coverage,9,5,3,1,0.3359223300970874,0.34991119005328597,0.3359223300970874,0.34991119005328597,0.24914089347079038,0.4735099337748344,0.27887788778877887,0.39316239316239315,0.013988859956198585,1.3988859956198585,4.164313801989752,increase,Raw actor-list coverage/reuse differs: numeric contrast is not a reliable group-control trend.,classic versus DE; team versus ranked; age cannot be isolated
TheViper earliest period,TheViper,2012,team game,2026,1v1 ranked,first 10 game minutes,actor_pair_count,9,5,3,1,53.0,103.0,52.0,103.0,43.0,72.0,78.0,117.0,50.0,,94.33962264150944,increase,Raw actor-list coverage/reuse differs: numeric contrast is not a reliable group-control trend.,classic versus DE; team versus ranked; age cannot be isolated
TheViper earliest period,TheViper,2012,team game,2026,1v1 ranked,first 10 game minutes,same_actor_pair_count,9,5,3,1,0.5,18.0,0.0,18.0,0.0,1.0,13.0,29.0,17.5,,3500.0,increase,Raw actor-list coverage/reuse differs: numeric contrast is not a reliable group-control trend.,classic versus DE; team versus ranked; age cannot be isolated
TheViper earliest period,TheViper,2012,team game,2026,1v1 ranked,first 10 game minutes,actor_group_size_median,9,5,3,1,1.0,1.0,1.0,1.0,1.0,1.0,1.0,1.0,0.0,,0.0,unchanged,Raw actor-list coverage/reuse differs: numeric contrast is not a reliable group-control trend.,classic versus DE; team versus ranked; age cannot be isolated
TheViper earliest period,TheViper,2012,team game,2026,1v1 ranked,first 10 game minutes,actor_group_size_p90,9,5,3,1,4.750000000000007,4.0,4.0,4.0,2.0999999999999943,6.0,3.0,7.0,-0.7500000000000071,,-15.789473684210654,decrease,Raw actor-list coverage/reuse differs: numeric contrast is not a reliable group-control trend.,classic versus DE; team versus ranked; age cannot be isolated
TheViper earliest period,TheViper,2012,team game,2026,1v1 ranked,first 10 game minutes,actor_group_ge10_fraction,9,5,3,1,0.0,0.004347826086956522,0.0,0.004347826086956522,0.0,0.0,0.0,0.026455026455026454,0.004347826086956522,0.43478260869565216,,increase,Raw actor-list coverage/reuse differs: numeric contrast is not a reliable group-control trend.,classic versus DE; team versus ranked; age cannot be isolated
TheViper earliest period,TheViper,2012,team game,2026,1v1 ranked,first 10 game minutes,actor_group_change_fraction,9,5,3,1,0.9930555555555556,0.8461538461538461,1.0,0.8461538461538461,0.9767441860465116,1.0,0.6813186813186813,0.8737864077669902,-0.14690170940170943,-14.690170940170944,-14.792899408284027,decrease,Raw actor-list coverage/reuse differs: numeric contrast is not a reliable group-control trend.,classic versus DE; team versus ranked; age cannot be isolated
TheViper earliest period,TheViper,2012,team game,2026,1v1 ranked,first 10 game minutes,actor_overlap_jaccard_median,9,5,3,1,0.0,0.0,0.0,0.0,0.0,0.0,0.0,0.0,0.0,,,unchanged,Raw actor-list coverage/reuse differs: numeric contrast is not a reliable group-control trend.,classic versus DE; team versus ranked; age cannot be isolated
TheViper earliest period,TheViper,2012,team game,2026,1v1 ranked,first 10 game minutes,same_actor_gap_nominal_median_s,4,5,2,1,1.1550000000000296,0.23846153038765786,1.7700000000000196,0.23846153038765786,0.6900000000000546,2.160000000000006,0.23846153038765786,0.36153844929739287,-0.9165384696123717,,-79.35398005301717,decrease,Raw actor-list coverage/reuse differs: numeric contrast is not a reliable group-control trend.,classic versus DE; team versus ranked; age cannot be isolated
TheViper earliest period,TheViper,2012,team game,2026,1v1 ranked,first 10 game minutes,same_actor_recommand_under1s_fraction,4,5,2,1,0.5,1.0,0.0,1.0,0.0,1.0,0.9444444444444444,1.0,0.5,50.0,100.0,increase,Raw actor-list coverage/reuse differs: numeric contrast is not a reliable group-control trend.,classic versus DE; team versus ranked; age cannot be isolated
TheViper earliest period,TheViper,2012,team game,2026,1v1 ranked,first 10 game minutes,commanded_actor_ids,9,5,3,1,32.5,29.0,32.0,29.0,27.0,35.0,26.0,32.0,-3.5,,-10.76923076923077,decrease,Raw actor-list coverage/reuse differs: numeric contrast is not a reliable group-control trend.,classic versus DE; team versus ranked; age cannot be isolated
TheViper earliest period,TheViper,2012,team game,2026,1v1 ranked,first 10 game minutes,valid_target_order_fraction,9,5,3,1,1.0,1.0,0.8860759493670886,1.0,0.6354166666666666,1.0,1.0,1.0,0.0,0.0,0.0,unchanged,Descriptive behavior; no cognitive or causal age interpretation.,classic versus DE; team versus ranked; age cannot be isolated
TheViper earliest period,TheViper,2012,team game,2026,1v1 ranked,first 10 game minutes,distinct_order_target_ids,9,5,3,1,29.0,32.0,28.0,32.0,20.0,36.0,24.0,39.0,3.0,,10.344827586206897,increase,Descriptive behavior; no cognitive or causal age interpretation.,classic versus DE; team versus ranked; age cannot be isolated
TheViper earliest period,TheViper,2012,team game,2026,1v1 ranked,first 10 game minutes,distinct_building_type_ids,9,5,3,1,5.0,5.0,5.0,5.0,3.0,6.0,5.0,6.0,0.0,,0.0,unchanged,Descriptive behavior; no cognitive or causal age interpretation.,classic versus DE; team versus ranked; age cannot be isolated
TheViper earliest period,TheViper,2012,team game,2026,1v1 ranked,first 10 game minutes,distinct_research_type_ids,9,5,3,1,1.0,2.0,1.0,2.0,0.0,4.0,2.0,3.0,1.0,,100.0,increase,Classic commands can lack ownership or differ in encoding; rates may undercount actions.,classic versus DE; team versus ranked; age cannot be isolated
TheViper earliest period,TheViper,2012,team game,2026,1v1 ranked,first 10 game minutes,positive_de_queue_commands,0,5,0,1,,23.0,,23.0,,,20.0,27.0,,,,unavailable,Classic commands can lack ownership or differ in encoding; rates may undercount actions.,classic versus DE; team versus ranked; age cannot be isolated
TheViper earliest period,TheViper,2012,team game,2026,1v1 ranked,first 10 game minutes,requested_queue_unit_type_ids,0,5,0,1,,2.0,,2.0,,,1.0,3.0,,,,unavailable,Classic commands can lack ownership or differ in encoding; rates may undercount actions.,classic versus DE; team versus ranked; age cannot be isolated
TheViper earliest period,TheViper,2012,team game,2026,1v1 ranked,first 10 game minutes,explicitly_commanded_production_building_ids,0,5,0,1,,2.0,,2.0,,,1.0,2.0,,,,unavailable,Descriptive behavior; no cognitive or causal age interpretation.,classic versus DE; team versus ranked; age cannot be isolated
TheViper earliest period,TheViper,2012,team game,2026,1v1 ranked,first 10 game minutes,production_command_revisit_nominal_median_s,0,5,0,1,,14.423076434736656,,14.423076434736656,,,10.57692271880688,16.403845598440498,,,,unavailable,Descriptive behavior; no cognitive or causal age interpretation.,classic versus DE; team versus ranked; age cannot be isolated
TheViper earliest period,TheViper,2012,team game,2026,1v1 ranked,first 10 game minutes,positive_queue_amount_mean,0,5,0,1,,1.0,,1.0,,,1.0,1.0,,,,unavailable,Classic commands can lack ownership or differ in encoding; rates may undercount actions.,classic versus DE; team versus ranked; age cannot be isolated
TheViper earliest period,TheViper,2012,team game,2026,1v1 ranked,first 10 game minutes,build_commands_nominal_min,9,5,3,1,2.025,1.8590000629425047,1.95,1.8590000629425047,1.5,2.55,1.6900000572204588,2.1970000743865965,-0.16599993705749516,,-8.197527755925687,decrease,Descriptive behavior; no cognitive or causal age interpretation.,classic versus DE; team versus ranked; age cannot be isolated
TheViper earliest period,TheViper,2012,team game,2026,1v1 ranked,first 10 game minutes,wall_commands_nominal_min,9,5,3,1,0.0,0.6760000228881835,0.0,0.6760000228881835,0.0,0.3,0.0,1.8590000629425047,0.6760000228881835,,,increase,Descriptive behavior; no cognitive or causal age interpretation.,classic versus DE; team versus ranked; age cannot be isolated
TheViper earliest period,TheViper,2012,team game,2026,1v1 ranked,first 10 game minutes,research_commands_nominal_min,9,5,3,1,0.44999999999999996,0.33800001144409175,0.44999999999999996,0.33800001144409175,0.0,1.2,0.33800001144409175,0.8450000286102294,-0.1119999885559082,,-24.88888634575738,decrease,Classic commands can lack ownership or differ in encoding; rates may undercount actions.,classic versus DE; team versus ranked; age cannot be isolated
TheViper earliest period,TheViper,2012,team game,2026,1v1 ranked,first 10 game minutes,market_commands_nominal_min,9,5,3,1,0.0,0.0,0.0,0.0,0.0,0.0,0.0,0.0,0.0,,,unchanged,Descriptive behavior; no cognitive or causal age interpretation.,classic versus DE; team versus ranked; age cannot be isolated
TheViper earliest period,TheViper,2012,team game,2026,1v1 ranked,first 10 game minutes,legacy_command_class_entropy_bits,0,0,0,0,,,,,,,,,,,,unavailable,Descriptive behavior; no cognitive or causal age interpretation.,classic versus DE; team versus ranked; age cannot be isolated
TheViper earliest period,TheViper,2012,team game,2026,1v1 ranked,first 10 game minutes,legacy_switches_per_100_commands,0,0,0,0,,,,,,,,,,,,unavailable,Descriptive behavior; no cognitive or causal age interpretation.,classic versus DE; team versus ranked; age cannot be isolated
TheViper earliest period,TheViper,2012,team game,2026,1v1 ranked,first 10 game minutes,legacy_core_silence_over5s_fraction,0,0,0,0,,,,,,,,,,,,unavailable,Cross-engine timing resolution/encoding differs; do not infer latency or slowing.,classic versus DE; team versus ranked; age cannot be isolated
TheViper earliest period,TheViper,2012,team game,2026,1v1 ranked,first 10 game minutes,legacy_peak_10s_nominal_cpm,0,0,0,0,,,,,,,,,,,,unavailable,Cross-engine timing resolution/encoding differs; do not infer latency or slowing.,classic versus DE; team versus ranked; age cannot be isolated
TheViper earliest period,TheViper,2012,team game,2026,1v1 ranked,first 10 game minutes,legacy_move_share,0,0,0,0,,,,,,,,,,,,unavailable,Descriptive behavior; no cognitive or causal age interpretation.,classic versus DE; team versus ranked; age cannot be isolated
TheViper earliest period,TheViper,2012,team game,2026,1v1 ranked,first 10 game minutes,legacy_planning_command_share,0,0,0,0,,,,,,,,,,,,unavailable,Descriptive behavior; no cognitive or causal age interpretation.,classic versus DE; team versus ranked; age cannot be isolated
TheViper earliest period,TheViper,2012,team game,2026,1v1 ranked,first 10 game minutes,legacy_queue_batch_mean,0,0,0,0,,,,,,,,,,,,unavailable,Classic commands can lack ownership or differ in encoding; rates may undercount actions.,classic versus DE; team versus ranked; age cannot be isolated
TheViper earliest period,TheViper,2012,team game,2026,1v1 ranked,first 10 game minutes,legacy_queue_batch_gt1_fraction,0,0,0,0,,,,,,,,,,,,unavailable,Classic commands can lack ownership or differ in encoding; rates may undercount actions.,classic versus DE; team versus ranked; age cannot be isolated
TheViper earliest period,TheViper,2012,team game,2026,1v1 ranked,first 10 game minutes,legacy_duration_game_min,0,0,0,0,,,,,,,,,,,,unavailable,Descriptive behavior; no cognitive or causal age interpretation.,classic versus DE; team versus ranked; age cannot be isolated
TheViper earliest period,TheViper,2012,team game,2026,1v1 ranked,first 10 game minutes,tatoh_cpm_0_5,0,0,0,0,,,,,,,,,,,,unavailable,Descriptive behavior; no cognitive or causal age interpretation.,classic versus DE; team versus ranked; age cannot be isolated
TheViper earliest period,TheViper,2012,team game,2026,1v1 ranked,first 10 game minutes,tatoh_cpm_5_10,0,0,0,0,,,,,,,,,,,,unavailable,Descriptive behavior; no cognitive or causal age interpretation.,classic versus DE; team versus ranked; age cannot be isolated
TheViper earliest period,TheViper,2012,team game,2026,1v1 ranked,first 10 game minutes,tatoh_cpm_10_15,0,0,0,0,,,,,,,,,,,,unavailable,Descriptive behavior; no cognitive or causal age interpretation.,classic versus DE; team versus ranked; age cannot be isolated
TheViper earliest period,TheViper,2012,team game,2026,1v1 ranked,first 10 game minutes,tatoh_cpm_15_20,0,0,0,0,,,,,,,,,,,,unavailable,Descriptive behavior; no cognitive or causal age interpretation.,classic versus DE; team versus ranked; age cannot be isolated
TheViper earliest period,TheViper,2012,team game,2026,1v1 ranked,first 10 game minutes,tatoh_cpm_10_20,0,0,0,0,,,,,,,,,,,,unavailable,Descriptive behavior; no cognitive or causal age interpretation.,classic versus DE; team versus ranked; age cannot be isolated
TheViper earliest period,TheViper,2012,team game,2026,1v1 ranked,first 10 game minutes,tatoh_reclick_open,0,0,0,0,,,,,,,,,,,,unavailable,Descriptive behavior; no cognitive or causal age interpretation.,classic versus DE; team versus ranked; age cannot be isolated
TheViper earliest period,TheViper,2012,team game,2026,1v1 ranked,first 10 game minutes,tatoh_dedup_open_cpm,0,0,0,0,,,,,,,,,,,,unavailable,Descriptive behavior; no cognitive or causal age interpretation.,classic versus DE; team versus ranked; age cannot be isolated
TheViper earliest period,TheViper,2012,team game,2026,1v1 ranked,first 10 game minutes,tatoh_reclick_whole,0,0,0,0,,,,,,,,,,,,unavailable,Descriptive behavior; no cognitive or causal age interpretation.,classic versus DE; team versus ranked; age cannot be isolated
TheViper earliest period,TheViper,2012,team game,2026,1v1 ranked,first 10 game minutes,tatoh_dedup_whole_cpm,0,0,0,0,,,,,,,,,,,,unavailable,Descriptive behavior; no cognitive or causal age interpretation.,classic versus DE; team versus ranked; age cannot be isolated
TheViper earliest period,TheViper,2012,team game,2026,1v1 ranked,first 10 game minutes,tatoh_gap_p50_open,0,0,0,0,,,,,,,,,,,,unavailable,Cross-engine timing resolution/encoding differs; do not infer latency or slowing.,classic versus DE; team versus ranked; age cannot be isolated
TheViper earliest period,TheViper,2012,team game,2026,1v1 ranked,first 10 game minutes,tatoh_gap_p90_open,0,0,0,0,,,,,,,,,,,,unavailable,Cross-engine timing resolution/encoding differs; do not infer latency or slowing.,classic versus DE; team versus ranked; age cannot be isolated
TheViper earliest period,TheViper,2012,team game,2026,1v1 ranked,first 10 game minutes,tatoh_gap_p99_open,0,0,0,0,,,,,,,,,,,,unavailable,Cross-engine timing resolution/encoding differs; do not infer latency or slowing.,classic versus DE; team versus ranked; age cannot be isolated
TheViper earliest period,TheViper,2012,team game,2026,1v1 ranked,first 10 game minutes,tatoh_gap_p99_10_20,0,0,0,0,,,,,,,,,,,,unavailable,Cross-engine timing resolution/encoding differs; do not infer latency or slowing.,classic versus DE; team versus ranked; age cannot be isolated
TheViper earliest period,TheViper,2012,team game,2026,1v1 ranked,first 10 game minutes,feudal_request_game_s,5,5,2,1,499.32,400.647,506.745,400.647,462.465,586.08,374.192,502.619,-98.673,,-19.761475606825282,decrease,Age-up request timing depends strongly on start-age and tournament settings.,classic versus DE; team versus ranked; age cannot be isolated
TheViper earliest period,TheViper,2012,team game,2026,1v1 ranked,first 10 game minutes,castle_request_game_s,0,0,0,0,,,,,,,,,,,,unavailable,Age-up request timing depends strongly on start-age and tournament settings.,classic versus DE; team versus ranked; age cannot be isolated
TheViper earliest period,TheViper,2012,team game,2026,1v1 ranked,first 10 game minutes,imperial_request_game_s,0,0,0,0,,,,,,,,,,,,unavailable,Age-up request timing depends strongly on start-age and tournament settings.,classic versus DE; team versus ranked; age cannot be isolated
TheViper earliest period,TheViper,2012,team game,2026,1v1 ranked,whole available replay,all_recorded_cpm,9,5,3,1,68.68158958682575,141.12869282190803,68.68158958682575,141.12869282190803,65.48975564012255,77.42430049827522,124.12322063145328,188.6170690136027,72.44710323508228,,105.48256624651393,increase,Classic commands can lack ownership or differ in encoding; rates may undercount actions.,classic versus DE; team versus ranked; age cannot be isolated
TheViper earliest period,TheViper,2012,team game,2026,1v1 ranked,whole available replay,core_cpm,9,5,3,1,62.22266048713145,103.32321043158686,62.486663347322,103.32321043158686,44.84837911219182,71.29168263702569,95.81977595943773,106.61963399429419,41.10054994445541,,66.05399001374363,increase,Descriptive behavior; no cognitive or causal age interpretation.,classic versus DE; team versus ranked; age cannot be isolated
TheViper earliest period,TheViper,2012,team game,2026,1v1 ranked,whole available replay,noncore_action_fraction,9,5,3,1,0.09404163675520459,0.32104681164762255,0.07920792079207921,0.32104681164762255,0.03216704288939052,0.31518481518481517,0.21135940409683426,0.4347296639064783,0.22700517489241795,22.700517489241793,241.38794551537268,increase,Classic commands can lack ownership or differ in encoding; rates may undercount actions.,classic versus DE; team versus ranked; age cannot be isolated
TheViper earliest period,TheViper,2012,team game,2026,1v1 ranked,whole available replay,first_core_command_nominal_s,9,5,3,1,1.9800000000000002,0.7999999729133932,1.9800000000000002,0.7999999729133932,1.9800000000000002,2.97,0.6769230540036403,1.415384567462157,-1.180000027086607,,-59.59596096397004,decrease,Cross-engine timing resolution/encoding differs; do not infer latency or slowing.,classic versus DE; team versus ranked; age cannot be isolated
TheViper earliest period,TheViper,2012,team game,2026,1v1 ranked,whole available replay,core_gap_p10_s,9,5,3,1,0.5999999999998522,0.11538461147790713,0.3900000000000318,0.11538461147790713,0.32999999999992724,0.9299999999998363,0.11538461147790713,0.11538461147802082,-0.4846153885219451,,-80.76923142034408,decrease,Cross-engine timing resolution/encoding differs; do not infer latency or slowing.,classic versus DE; team versus ranked; age cannot be isolated
TheViper earliest period,TheViper,2012,team game,2026,1v1 ranked,whole available replay,core_gap_p50_s,9,5,3,1,0.8699999999998909,0.23846153038766715,0.7199999999999136,0.23846153038766715,0.5400000000000205,1.1400000000000432,0.23846153038766715,0.24615383781949163,-0.6315384696122237,,-72.5906286910693,decrease,Cross-engine timing resolution/encoding differs; do not infer latency or slowing.,classic versus DE; team versus ranked; age cannot be isolated
TheViper earliest period,TheViper,2012,team game,2026,1v1 ranked,whole available replay,core_gap_p90_s,9,5,3,1,3.540000000000373,1.4461537971894813,3.060000000000014,1.4461537971894813,2.340000000000032,4.560000000000059,1.4384614897577421,1.5615384086675022,-2.0938462028108917,,-59.148197819510486,decrease,Cross-engine timing resolution/encoding differs; do not infer latency or slowing.,classic versus DE; team versus ranked; age cannot be isolated
TheViper earliest period,TheViper,2012,team game,2026,1v1 ranked,whole available replay,core_gap_p99_s,9,5,3,1,8.885100000000024,4.084615246317298,7.419599999999956,4.084615246317298,6.267600000000101,11.761500000000002,3.4723075747414156,4.646538304214768,-4.800484753682726,,-54.02848311986036,decrease,Cross-engine timing resolution/encoding differs; do not infer latency or slowing.,classic versus DE; team versus ranked; age cannot be isolated
TheViper earliest period,TheViper,2012,team game,2026,1v1 ranked,whole available replay,core_gap_max_s,9,5,3,1,20.159999999999854,12.261538046384203,18.720000000000027,12.261538046384203,11.789999999999964,22.710000000000036,9.730768901302326,16.46923021161126,-7.8984619536156515,,-39.178878738173154,decrease,Cross-engine timing resolution/encoding differs; do not infer latency or slowing.,classic versus DE; team versus ranked; age cannot be isolated
TheViper earliest period,TheViper,2012,team game,2026,1v1 ranked,whole available replay,simultaneous_core_gap_fraction,9,5,3,1,0.36829475395702604,0.0038022813688212928,0.3092255125284738,0.0038022813688212928,0.21483516483516482,0.44063324538258575,0.0034944670937682005,0.057919621749408984,-0.3644924725882048,-36.44924725882048,-98.9675982815479,decrease,Cross-engine timing resolution/encoding differs; do not infer latency or slowing.,classic versus DE; team versus ranked; age cannot be isolated
TheViper earliest period,TheViper,2012,team game,2026,1v1 ranked,whole available replay,core_gap_cv,9,5,3,1,1.6006223665469435,1.4443282715963344,1.5168585652301625,1.4443282715963344,1.415674834329013,1.6541075985581364,1.3101121271332492,1.8752024023148792,-0.15629409495060909,,-9.764582715896045,decrease,Cross-engine timing resolution/encoding differs; do not infer latency or slowing.,classic versus DE; team versus ranked; age cannot be isolated
TheViper earliest period,TheViper,2012,team game,2026,1v1 ranked,whole available replay,core_gap_burstiness,9,5,3,1,0.23091678046490924,0.18177929566970719,0.20535860551341575,0.18177929566970719,0.17207400119497976,0.2464510477696854,0.13424115803334843,0.3043967971125223,-0.04913748479520205,,-21.279304473357286,decrease,Cross-engine timing resolution/encoding differs; do not infer latency or slowing.,classic versus DE; team versus ranked; age cannot be isolated
TheViper earliest period,TheViper,2012,team game,2026,1v1 ranked,whole available replay,command_silence_ge5s_time_fraction,9,5,3,1,0.2453530223843804,0.048631314856476614,0.21909453019418168,0.048631314856476614,0.11915211683308703,0.32295630745074017,0.040204741071173423,0.1356773495725356,-0.19672170752790377,-19.67217075279038,-80.17904390014452,decrease,Cross-engine timing resolution/encoding differs; do not infer latency or slowing.,classic versus DE; team versus ranked; age cannot be isolated
TheViper earliest period,TheViper,2012,team game,2026,1v1 ranked,whole available replay,command_silence_ge10s_time_fraction,9,5,3,1,0.05155638825888308,0.014745551075653368,0.03806274795407926,0.014745551075653368,0.012278452571337794,0.11002552241186814,0.004693812647969972,0.09377546635847744,-0.036810837183229715,-3.6810837183229714,-71.39917753429376,decrease,Cross-engine timing resolution/encoding differs; do not infer latency or slowing.,classic versus DE; team versus ranked; age cannot be isolated
TheViper earliest period,TheViper,2012,team game,2026,1v1 ranked,whole available replay,core_count_5s_cv,9,5,3,1,0.7616576825257848,0.5644091780589998,0.7428611814727911,0.5644091780589998,0.6539832216190392,0.860930114635925,0.43623426387724434,0.8505893334730396,-0.197248504466785,,-25.897264478797855,decrease,Cross-engine timing resolution/encoding differs; do not infer latency or slowing.,classic versus DE; team versus ranked; age cannot be isolated
TheViper earliest period,TheViper,2012,team game,2026,1v1 ranked,whole available replay,peak_5s_nominal_cpm,9,5,3,1,276.0,372.0,288.0,372.0,264.0,348.0,240.0,636.0,96.0,,34.78260869565217,increase,Cross-engine timing resolution/encoding differs; do not infer latency or slowing.,classic versus DE; team versus ranked; age cannot be isolated
TheViper earliest period,TheViper,2012,team game,2026,1v1 ranked,whole available replay,empty_5s_bin_fraction,9,5,3,1,0.07802874743326489,0.02,0.07802874743326489,0.02,0.033942558746736295,0.12806539509536785,0.011472275334608031,0.0673076923076923,-0.05802874743326489,-5.8028747433264884,-74.36842105263158,decrease,Cross-engine timing resolution/encoding differs; do not infer latency or slowing.,classic versus DE; team versus ranked; age cannot be isolated
TheViper earliest period,TheViper,2012,team game,2026,1v1 ranked,whole available replay,core_type_entropy_bits,9,5,3,1,1.399083731790529,1.1165615627122443,1.3667879758005013,1.1165615627122443,1.230238366576793,1.5200392142152375,0.9517847500855273,1.3254169486800622,-0.28252216907828465,,-20.193371036965495,decrease,Descriptive behavior; no cognitive or causal age interpretation.,classic versus DE; team versus ranked; age cannot be isolated
TheViper earliest period,TheViper,2012,team game,2026,1v1 ranked,whole available replay,core_category_entropy_bits,9,5,3,1,1.3905072000036478,1.0893575920878351,1.3579597817367584,1.0893575920878351,1.2121131616741245,1.4883961148015006,0.9382000822255631,1.3254169486800622,-0.3011496079158127,,-21.657536754575787,decrease,Descriptive behavior; no cognitive or causal age interpretation.,classic versus DE; team versus ranked; age cannot be isolated
TheViper earliest period,TheViper,2012,team game,2026,1v1 ranked,whole available replay,core_type_transition_entropy_bits,9,5,3,1,1.0957260882242537,0.8860771701418154,1.0975030694116907,0.8860771701418154,0.9827915866315633,1.1778648290500833,0.8518945972106037,0.9235704886305626,-0.20964891808243824,,-19.133332712940852,decrease,Descriptive behavior; no cognitive or causal age interpretation.,classic versus DE; team versus ranked; age cannot be isolated
TheViper earliest period,TheViper,2012,team game,2026,1v1 ranked,whole available replay,core_type_switch_fraction,9,5,3,1,0.29210633152013965,0.22695035460992907,0.29229871645274214,0.22695035460992907,0.22988505747126436,0.31532846715328466,0.21564367191743616,0.24730409777138748,-0.06515597691021058,-6.515597691021058,-22.305568171403472,decrease,Descriptive behavior; no cognitive or causal age interpretation.,classic versus DE; team versus ranked; age cannot be isolated
TheViper earliest period,TheViper,2012,team game,2026,1v1 ranked,whole available replay,core_category_switch_fraction,9,5,3,1,0.2909394703766157,0.22695035460992907,0.2919139465875371,0.22695035460992907,0.2294887039239001,0.31532846715328466,0.2140141227593699,0.24730409777138748,-0.06398911576668664,-6.398911576668665,-21.993961728140196,decrease,Descriptive behavior; no cognitive or causal age interpretation.,classic versus DE; team versus ranked; age cannot be isolated
TheViper earliest period,TheViper,2012,team game,2026,1v1 ranked,whole available replay,core_same_type_triplet_fraction,9,5,3,1,0.544683079409124,0.6314655172413793,0.5405720957384705,0.6314655172413793,0.5135135135135135,0.6316415543219667,0.6194244604316547,0.654891304347826,0.08678243783225537,8.678243783225536,15.932648013666508,increase,Descriptive behavior; no cognitive or causal age interpretation.,classic versus DE; team versus ranked; age cannot be isolated
TheViper earliest period,TheViper,2012,team game,2026,1v1 ranked,whole available replay,coordinate_coverage,9,5,3,1,1.0,1.0,1.0,1.0,1.0,1.0,1.0,1.0,0.0,0.0,0.0,unchanged,Descriptive behavior; no cognitive or causal age interpretation.,classic versus DE; team versus ranked; age cannot be isolated
TheViper earliest period,TheViper,2012,team game,2026,1v1 ranked,whole available replay,destination_jump_diagonal_p50,9,5,3,1,0.011443455373154846,0.011049888678958272,0.01389301763533471,0.011049888678958272,0.009063361069576625,0.016446145857772383,0.008542301805654543,0.014951734898227927,-0.0003935666941965732,,-3.439229510343875,decrease,Descriptive behavior; no cognitive or causal age interpretation.,classic versus DE; team versus ranked; age cannot be isolated
TheViper earliest period,TheViper,2012,team game,2026,1v1 ranked,whole available replay,destination_jump_diagonal_p90,9,5,3,1,0.14361656589675825,0.15683099285715893,0.15971765189151085,0.15683099285715893,0.11156326642497014,0.27885605312987066,0.09760508411205754,0.21764117215847326,0.013214426960400677,,9.201185725259677,increase,Descriptive behavior; no cognitive or causal age interpretation.,classic versus DE; team versus ranked; age cannot be isolated
TheViper earliest period,TheViper,2012,team game,2026,1v1 ranked,whole available replay,destination_jump_ge_quarter_fraction,9,5,3,1,0.0479951397326853,0.06142322097378277,0.06692657569850552,0.06142322097378277,0.03314121037463977,0.10592938041305797,0.018300653594771243,0.08638804576231614,0.01342808124109747,1.342808124109747,27.978002180818272,increase,Descriptive behavior; no cognitive or causal age interpretation.,classic versus DE; team versus ranked; age cannot be isolated
TheViper earliest period,TheViper,2012,team game,2026,1v1 ranked,whole available replay,destination_entropy_4x4_bits,9,5,3,1,2.598349624044708,2.8333957155715805,2.7318788323854006,2.8333957155715805,2.423750502127285,3.3540341885051888,1.9180225845149346,3.5525498945765492,0.2350460915268724,,9.04597631326415,increase,Descriptive behavior; no cognitive or causal age interpretation.,classic versus DE; team versus ranked; age cannot be isolated
TheViper earliest period,TheViper,2012,team game,2026,1v1 ranked,whole available replay,destination_cell_switch_fraction,9,5,3,1,0.19740634005763688,0.2382857142857143,0.22502099076406382,0.2382857142857143,0.1798298906439854,0.27404255319148935,0.1869281045751634,0.2599250936329588,0.040879374228077414,4.087937422807741,20.708237747653815,increase,Descriptive behavior; no cognitive or causal age interpretation.,classic versus DE; team versus ranked; age cannot be isolated
TheViper earliest period,TheViper,2012,team game,2026,1v1 ranked,whole available replay,rapid_destination_repeat_fraction,9,5,3,1,0.2774121629090592,0.46263125386040765,0.2927659574468085,0.46263125386040765,0.20654911838790932,0.34502923976608185,0.4217228464419476,0.49028571428571427,0.18521909095134848,18.52190909513485,66.76675204470638,increase,Descriptive behavior; no cognitive or causal age interpretation.,classic versus DE; team versus ranked; age cannot be isolated
TheViper earliest period,TheViper,2012,team game,2026,1v1 ranked,whole available replay,dedup_core_cpm,9,5,3,1,47.66278907364457,58.27717747858421,47.19396827654883,58.27717747858421,36.801186361207726,53.105298634699516,51.18711158745208,63.39297497291081,10.614388404939639,,22.26975930539686,increase,Descriptive behavior; no cognitive or causal age interpretation.,classic versus DE; team versus ranked; age cannot be isolated
TheViper earliest period,TheViper,2012,team game,2026,1v1 ranked,whole available replay,move_order_commands,9,5,3,1,1749.5,1620.0,1647.0,1620.0,1192.0,2552.0,766.0,4284.0,-129.5,,-7.402114889968563,decrease,Descriptive behavior; no cognitive or causal age interpretation.,classic versus DE; team versus ranked; age cannot be isolated
TheViper earliest period,TheViper,2012,team game,2026,1v1 ranked,whole available replay,explicit_actor_commands,9,5,3,1,572.5,636.0,551.0,636.0,436.0,852.0,299.0,1658.0,63.5,,11.091703056768559,increase,Raw actor-list coverage/reuse differs: numeric contrast is not a reliable group-control trend.,classic versus DE; team versus ranked; age cannot be isolated
TheViper earliest period,TheViper,2012,team game,2026,1v1 ranked,whole available replay,explicit_actor_coverage,9,5,3,1,0.31925108017282766,0.39033942558746737,0.30418943533697634,0.39033942558746737,0.2685469037400368,0.38571428571428573,0.36379211878926326,0.40194610778443113,0.07108834541463971,7.10883454146397,22.267221578751055,increase,Raw actor-list coverage/reuse differs: numeric contrast is not a reliable group-control trend.,classic versus DE; team versus ranked; age cannot be isolated
TheViper earliest period,TheViper,2012,team game,2026,1v1 ranked,whole available replay,actor_pair_count,9,5,3,1,219.5,303.0,214.0,303.0,151.0,316.0,170.0,788.0,83.5,,38.041002277904326,increase,Raw actor-list coverage/reuse differs: numeric contrast is not a reliable group-control trend.,classic versus DE; team versus ranked; age cannot be isolated
TheViper earliest period,TheViper,2012,team game,2026,1v1 ranked,whole available replay,same_actor_pair_count,9,5,3,1,6.0,90.0,6.0,90.0,3.0,19.0,41.0,183.0,84.0,,1400.0,increase,Raw actor-list coverage/reuse differs: numeric contrast is not a reliable group-control trend.,classic versus DE; team versus ranked; age cannot be isolated
TheViper earliest period,TheViper,2012,team game,2026,1v1 ranked,whole available replay,actor_group_size_median,9,5,3,1,3.0,1.0,3.0,1.0,1.0,3.0,1.0,5.0,-2.0,,-66.66666666666666,decrease,Raw actor-list coverage/reuse differs: numeric contrast is not a reliable group-control trend.,classic versus DE; team versus ranked; age cannot be isolated
TheViper earliest period,TheViper,2012,team game,2026,1v1 ranked,whole available replay,actor_group_size_p90,9,5,3,1,18.0,8.0,18.0,8.0,9.0,32.0,5.0,25.0,-10.0,,-55.55555555555556,decrease,Raw actor-list coverage/reuse differs: numeric contrast is not a reliable group-control trend.,classic versus DE; team versus ranked; age cannot be isolated
TheViper earliest period,TheViper,2012,team game,2026,1v1 ranked,whole available replay,actor_group_ge10_fraction,9,5,3,1,0.16541353383458646,0.059748427672955975,0.16541353383458646,0.059748427672955975,0.05251141552511415,0.3093812375249501,0.00931098696461825,0.23944511459589868,-0.10566510616163048,-10.566510616163049,-63.879359634076614,decrease,Raw actor-list coverage/reuse differs: numeric contrast is not a reliable group-control trend.,classic versus DE; team versus ranked; age cannot be isolated
TheViper earliest period,TheViper,2012,team game,2026,1v1 ranked,whole available replay,actor_group_change_fraction,9,5,3,1,0.9664804469273743,0.7588235294117647,0.9704433497536946,0.7588235294117647,0.939873417721519,0.9813084112149533,0.7029702970297029,0.7838827838827839,-0.20765691751560966,-20.765691751560965,-21.48588915334921,decrease,Raw actor-list coverage/reuse differs: numeric contrast is not a reliable group-control trend.,classic versus DE; team versus ranked; age cannot be isolated
TheViper earliest period,TheViper,2012,team game,2026,1v1 ranked,whole available replay,actor_overlap_jaccard_median,9,5,3,1,0.0,0.0,0.0,0.0,0.0,0.0,0.0,0.0,0.0,,,unchanged,Raw actor-list coverage/reuse differs: numeric contrast is not a reliable group-control trend.,classic versus DE; team versus ranked; age cannot be isolated
TheViper earliest period,TheViper,2012,team game,2026,1v1 ranked,whole available replay,same_actor_gap_nominal_median_s,9,5,3,1,1.6049999999999802,0.23846153038765786,1.8899999999999484,0.23846153038765786,0.75,4.515000000000024,0.1230769189098023,0.23846153038765786,-1.3665384696123224,,-85.14258377646973,decrease,Raw actor-list coverage/reuse differs: numeric contrast is not a reliable group-control trend.,classic versus DE; team versus ranked; age cannot be isolated
TheViper earliest period,TheViper,2012,team game,2026,1v1 ranked,whole available replay,same_actor_recommand_under1s_fraction,9,5,3,1,0.275,0.9,0.25,0.9,0.0,0.6666666666666666,0.8797814207650273,0.9512195121951219,0.625,62.5,227.27272727272725,increase,Raw actor-list coverage/reuse differs: numeric contrast is not a reliable group-control trend.,classic versus DE; team versus ranked; age cannot be isolated
TheViper earliest period,TheViper,2012,team game,2026,1v1 ranked,whole available replay,commanded_actor_ids,9,5,3,1,294.0,97.0,290.0,97.0,163.0,482.0,41.0,798.0,-197.0,,-67.00680272108843,decrease,Raw actor-list coverage/reuse differs: numeric contrast is not a reliable group-control trend.,classic versus DE; team versus ranked; age cannot be isolated
TheViper earliest period,TheViper,2012,team game,2026,1v1 ranked,whole available replay,valid_target_order_fraction,9,5,3,1,0.9423076923076923,1.0,0.9283154121863799,1.0,0.8411405295315683,0.9883040935672515,1.0,1.0,0.05769230769230771,5.769230769230771,6.122448979591839,increase,Descriptive behavior; no cognitive or causal age interpretation.,classic versus DE; team versus ranked; age cannot be isolated
TheViper earliest period,TheViper,2012,team game,2026,1v1 ranked,whole available replay,distinct_order_target_ids,9,5,3,1,167.0,115.0,164.0,115.0,129.0,296.0,56.0,337.0,-52.0,,-31.137724550898206,decrease,Descriptive behavior; no cognitive or causal age interpretation.,classic versus DE; team versus ranked; age cannot be isolated
TheViper earliest period,TheViper,2012,team game,2026,1v1 ranked,whole available replay,distinct_building_type_ids,9,5,3,1,13.0,12.0,13.0,12.0,11.0,14.0,9.0,16.0,-1.0,,-7.6923076923076925,decrease,Descriptive behavior; no cognitive or causal age interpretation.,classic versus DE; team versus ranked; age cannot be isolated
TheViper earliest period,TheViper,2012,team game,2026,1v1 ranked,whole available replay,distinct_research_type_ids,9,5,3,1,32.0,9.0,32.0,9.0,17.0,45.0,3.0,40.0,-23.0,,-71.875,decrease,Classic commands can lack ownership or differ in encoding; rates may undercount actions.,classic versus DE; team versus ranked; age cannot be isolated
TheViper earliest period,TheViper,2012,team game,2026,1v1 ranked,whole available replay,positive_de_queue_commands,0,5,0,1,,118.0,,118.0,,,34.0,651.0,,,,unavailable,Classic commands can lack ownership or differ in encoding; rates may undercount actions.,classic versus DE; team versus ranked; age cannot be isolated
TheViper earliest period,TheViper,2012,team game,2026,1v1 ranked,whole available replay,requested_queue_unit_type_ids,0,5,0,1,,4.0,,4.0,,,2.0,13.0,,,,unavailable,Classic commands can lack ownership or differ in encoding; rates may undercount actions.,classic versus DE; team versus ranked; age cannot be isolated
TheViper earliest period,TheViper,2012,team game,2026,1v1 ranked,whole available replay,explicitly_commanded_production_building_ids,0,5,0,1,,4.0,,4.0,,,2.0,47.0,,,,unavailable,Descriptive behavior; no cognitive or causal age interpretation.,classic versus DE; team versus ranked; age cannot be isolated
TheViper earliest period,TheViper,2012,team game,2026,1v1 ranked,whole available replay,production_command_revisit_nominal_median_s,0,5,0,1,,10.57692271880688,,10.57692271880688,,,1.3230768782797693,17.907691701369036,,,,unavailable,Descriptive behavior; no cognitive or causal age interpretation.,classic versus DE; team versus ranked; age cannot be isolated
TheViper earliest period,TheViper,2012,team game,2026,1v1 ranked,whole available replay,positive_queue_amount_mean,0,5,0,1,,1.0,,1.0,,,1.0,1.5468509984639016,,,,unavailable,Classic commands can lack ownership or differ in encoding; rates may undercount actions.,classic versus DE; team versus ranked; age cannot be isolated
TheViper earliest period,TheViper,2012,team game,2026,1v1 ranked,whole available replay,build_commands_nominal_min,9,5,3,1,4.471385577611569,2.7508507980087673,4.369741456963796,2.7508507980087673,3.5002017250215354,5.744009466522039,2.132796316143837,6.316329028097997,-1.7205347796028017,,-38.4787835837195,decrease,Descriptive behavior; no cognitive or causal age interpretation.,classic versus DE; team versus ranked; age cannot be isolated
TheViper earliest period,TheViper,2012,team game,2026,1v1 ranked,whole available replay,wall_commands_nominal_min,9,5,3,1,0.12326200571935707,0.2973892754604073,0.1253427340383862,0.2973892754604073,0.0,0.4815082319388115,0.0,0.7802913351745745,0.1741272697410502,,141.2659713955192,increase,Descriptive behavior; no cognitive or causal age interpretation.,classic versus DE; team versus ranked; age cannot be isolated
TheViper earliest period,TheViper,2012,team game,2026,1v1 ranked,whole available replay,research_commands_nominal_min,9,5,3,1,2.156598789628581,0.5947785509208146,2.02052427287712,0.5947785509208146,1.2593292219938146,2.8807169784479694,0.4622838757223585,1.0795180520749303,-1.5618202387077664,,-72.42052839029694,decrease,Classic commands can lack ownership or differ in encoding; rates may undercount actions.,classic versus DE; team versus ranked; age cannot be isolated
TheViper earliest period,TheViper,2012,team game,2026,1v1 ranked,whole available replay,market_commands_nominal_min,9,5,3,1,0.3999549367388188,0.36084939615222417,0.39254598785288247,0.36084939615222417,0.0,0.8404202101050525,0.0,0.6201486682132579,-0.039105540586594656,,-9.77748666023633,decrease,Descriptive behavior; no cognitive or causal age interpretation.,classic versus DE; team versus ranked; age cannot be isolated
TheViper earliest period,TheViper,2012,team game,2026,1v1 ranked,whole available replay,legacy_command_class_entropy_bits,9,5,3,1,1.3905072000036478,1.0893575920878351,1.3579597817367584,1.0893575920878351,1.2121131616741245,1.4883961148015006,0.9382000822255631,1.3254169486800622,-0.3011496079158127,,-21.657536754575787,decrease,Descriptive behavior; no cognitive or causal age interpretation.,classic versus DE; team versus ranked; age cannot be isolated
TheViper earliest period,TheViper,2012,team game,2026,1v1 ranked,whole available replay,legacy_switches_per_100_commands,9,5,3,1,29.093947037661568,22.69503546099291,29.19139465875371,22.69503546099291,22.948870392390013,31.532846715328468,21.40141227593699,24.73040977713875,-6.3989115766686595,,-21.99396172814018,decrease,Descriptive behavior; no cognitive or causal age interpretation.,classic versus DE; team versus ranked; age cannot be isolated
TheViper earliest period,TheViper,2012,team game,2026,1v1 ranked,whole available replay,legacy_core_silence_over5s_fraction,9,5,3,1,0.2453530223843806,0.04863131485647642,0.21909453019418162,0.04863131485647642,0.11915211683308694,0.3229563074507404,0.04020474107117322,0.1356773495725355,-0.19672170752790416,-19.672170752790414,-80.17904390014462,decrease,Cross-engine timing resolution/encoding differs; do not infer latency or slowing.,classic versus DE; team versus ranked; age cannot be isolated
TheViper earliest period,TheViper,2012,team game,2026,1v1 ranked,whole available replay,legacy_peak_10s_nominal_cpm,9,5,3,1,279.0,324.0,276.0,324.0,222.0,324.0,216.0,510.0,45.0,,16.129032258064516,increase,Cross-engine timing resolution/encoding differs; do not infer latency or slowing.,classic versus DE; team versus ranked; age cannot be isolated
TheViper earliest period,TheViper,2012,team game,2026,1v1 ranked,whole available replay,legacy_move_share,9,5,3,1,0.6897781299524565,0.7473806752037253,0.6972111553784861,0.7473806752037253,0.6463044211947351,0.738581146744412,0.6623376623376623,0.7880747126436781,0.057602545251268844,5.760254525126884,8.350880196105832,increase,Descriptive behavior; no cognitive or causal age interpretation.,classic versus DE; team versus ranked; age cannot be isolated
TheViper earliest period,TheViper,2012,team game,2026,1v1 ranked,whole available replay,legacy_planning_command_share,9,5,3,1,0.12837345003646974,0.04125950054288816,0.125,0.04125950054288816,0.0956268221574344,0.14144215530903329,0.030696576151121605,0.07518311072813443,-0.08711394949358159,-8.711394949358159,-67.85978679301155,decrease,Descriptive behavior; no cognitive or causal age interpretation.,classic versus DE; team versus ranked; age cannot be isolated
TheViper earliest period,TheViper,2012,team game,2026,1v1 ranked,whole available replay,legacy_queue_batch_mean,0,5,0,1,,1.0,,1.0,,,1.0,1.5468509984639016,,,,unavailable,Classic commands can lack ownership or differ in encoding; rates may undercount actions.,classic versus DE; team versus ranked; age cannot be isolated
TheViper earliest period,TheViper,2012,team game,2026,1v1 ranked,whole available replay,legacy_queue_batch_gt1_fraction,0,5,0,1,,0.0,,0.0,,,0.0,0.15668202764976957,,,,unavailable,Classic commands can lack ownership or differ in encoding; rates may undercount actions.,classic versus DE; team versus ranked; age cannot be isolated
TheViper earliest period,TheViper,2012,team game,2026,1v1 ranked,whole available replay,legacy_duration_game_min,9,5,3,1,56.42100000000001,28.100366666666666,47.86875,28.100366666666666,39.13275,74.9625,14.623050000000001,73.57913333333333,-28.32063333333334,,-50.19519918706392,decrease,Descriptive behavior; no cognitive or causal age interpretation.,classic versus DE; team versus ranked; age cannot be isolated
TheViper earliest period,TheViper,2012,team game,2026,1v1 ranked,whole available replay,tatoh_cpm_0_5,0,0,0,0,,,,,,,,,,,,unavailable,Descriptive behavior; no cognitive or causal age interpretation.,classic versus DE; team versus ranked; age cannot be isolated
TheViper earliest period,TheViper,2012,team game,2026,1v1 ranked,whole available replay,tatoh_cpm_5_10,0,0,0,0,,,,,,,,,,,,unavailable,Descriptive behavior; no cognitive or causal age interpretation.,classic versus DE; team versus ranked; age cannot be isolated
TheViper earliest period,TheViper,2012,team game,2026,1v1 ranked,whole available replay,tatoh_cpm_10_15,0,0,0,0,,,,,,,,,,,,unavailable,Descriptive behavior; no cognitive or causal age interpretation.,classic versus DE; team versus ranked; age cannot be isolated
TheViper earliest period,TheViper,2012,team game,2026,1v1 ranked,whole available replay,tatoh_cpm_15_20,0,0,0,0,,,,,,,,,,,,unavailable,Descriptive behavior; no cognitive or causal age interpretation.,classic versus DE; team versus ranked; age cannot be isolated
TheViper earliest period,TheViper,2012,team game,2026,1v1 ranked,whole available replay,tatoh_cpm_10_20,0,0,0,0,,,,,,,,,,,,unavailable,Descriptive behavior; no cognitive or causal age interpretation.,classic versus DE; team versus ranked; age cannot be isolated
TheViper earliest period,TheViper,2012,team game,2026,1v1 ranked,whole available replay,tatoh_reclick_open,0,0,0,0,,,,,,,,,,,,unavailable,Descriptive behavior; no cognitive or causal age interpretation.,classic versus DE; team versus ranked; age cannot be isolated
TheViper earliest period,TheViper,2012,team game,2026,1v1 ranked,whole available replay,tatoh_dedup_open_cpm,0,0,0,0,,,,,,,,,,,,unavailable,Descriptive behavior; no cognitive or causal age interpretation.,classic versus DE; team versus ranked; age cannot be isolated
TheViper earliest period,TheViper,2012,team game,2026,1v1 ranked,whole available replay,tatoh_reclick_whole,0,0,0,0,,,,,,,,,,,,unavailable,Descriptive behavior; no cognitive or causal age interpretation.,classic versus DE; team versus ranked; age cannot be isolated
TheViper earliest period,TheViper,2012,team game,2026,1v1 ranked,whole available replay,tatoh_dedup_whole_cpm,0,0,0,0,,,,,,,,,,,,unavailable,Descriptive behavior; no cognitive or causal age interpretation.,classic versus DE; team versus ranked; age cannot be isolated
TheViper earliest period,TheViper,2012,team game,2026,1v1 ranked,whole available replay,tatoh_gap_p50_open,0,0,0,0,,,,,,,,,,,,unavailable,Cross-engine timing resolution/encoding differs; do not infer latency or slowing.,classic versus DE; team versus ranked; age cannot be isolated
TheViper earliest period,TheViper,2012,team game,2026,1v1 ranked,whole available replay,tatoh_gap_p90_open,0,0,0,0,,,,,,,,,,,,unavailable,Cross-engine timing resolution/encoding differs; do not infer latency or slowing.,classic versus DE; team versus ranked; age cannot be isolated
TheViper earliest period,TheViper,2012,team game,2026,1v1 ranked,whole available replay,tatoh_gap_p99_open,0,0,0,0,,,,,,,,,,,,unavailable,Cross-engine timing resolution/encoding differs; do not infer latency or slowing.,classic versus DE; team versus ranked; age cannot be isolated
TheViper earliest period,TheViper,2012,team game,2026,1v1 ranked,whole available replay,tatoh_gap_p99_10_20,0,0,0,0,,,,,,,,,,,,unavailable,Cross-engine timing resolution/encoding differs; do not infer latency or slowing.,classic versus DE; team versus ranked; age cannot be isolated
TheViper earliest period,TheViper,2012,team game,2026,1v1 ranked,whole available replay,feudal_request_game_s,9,5,3,1,659.07,400.647,586.08,400.647,462.465,698.49,374.192,502.619,-258.42300000000006,,-39.21025080795667,decrease,Age-up request timing depends strongly on start-age and tournament settings.,classic versus DE; team versus ranked; age cannot be isolated
TheViper earliest period,TheViper,2012,team game,2026,1v1 ranked,whole available replay,castle_request_game_s,9,4,3,1,901.485,1066.26,1175.49,1066.26,857.925,1279.845,1029.119,1596.452,164.77499999999998,,18.278174345662986,increase,Age-up request timing depends strongly on start-age and tournament settings.,classic versus DE; team versus ranked; age cannot be isolated
TheViper earliest period,TheViper,2012,team game,2026,1v1 ranked,whole available replay,imperial_request_game_s,9,1,3,1,2103.075,2007.512,2002.275,2007.512,1721.745,2404.035,2007.512,2007.512,-95.56299999999987,,-4.5439653840210115,decrease,Age-up request timing depends strongly on start-age and tournament settings.,classic versus DE; team versus ranked; age cannot be isolated
DauT DE control,DauT,2021,1v1 tournament,2026,1v1 ranked,first 10 game minutes,all_recorded_cpm,9,5,2,1,100.8930034160614,99.71000337600707,100.8930034160614,99.71000337600707,73.00800247192382,115.25800390243529,95.65400323867797,111.54000377655028,-1.1830000400543383,,-1.1725293132328478,decrease,Descriptive behavior; no cognitive or causal age interpretation.,same engine family; patch/map/opponent/tournament versus ranked confounds
DauT DE control,DauT,2021,1v1 tournament,2026,1v1 ranked,first 10 game minutes,core_cpm,9,5,2,1,95.82300324440001,84.83800287246703,95.82300324440001,84.83800287246703,67.93800230026245,109.68100371360778,74.36000251770018,92.7810031414032,-10.985000371932983,,-11.463844797178131,decrease,Descriptive behavior; no cognitive or causal age interpretation.,same engine family; patch/map/opponent/tournament versus ranked confounds
DauT DE control,DauT,2021,1v1 tournament,2026,1v1 ranked,first 10 game minutes,noncore_action_fraction,9,5,2,1,0.05025125628140704,0.16779661016949152,0.05025125628140704,0.16779661016949152,0.0374414976599064,0.06944444444444445,0.13745704467353953,0.2226148409893993,0.11754535388808449,11.75453538880845,233.9152542372881,increase,Descriptive behavior; no cognitive or causal age interpretation.,same engine family; patch/map/opponent/tournament versus ranked confounds
DauT DE control,DauT,2021,1v1 tournament,2026,1v1 ranked,first 10 game minutes,first_core_command_nominal_s,9,5,2,1,1.415384567462157,1.2923076485524043,1.415384567462157,1.2923076485524043,1.1692307296426514,1.53846148637191,1.0461538107328987,1.415384567462157,-0.1230769189097527,,-8.695652173913038,decrease,Descriptive behavior; no cognitive or causal age interpretation.,same engine family; patch/map/opponent/tournament versus ranked confounds
DauT DE control,DauT,2021,1v1 tournament,2026,1v1 ranked,first 10 game minutes,core_gap_p10_s,9,5,2,1,0.11597632743419695,0.12307691890974581,0.11597632743419695,0.12307691890974581,0.11597632743418984,0.11834319125938322,0.1230769189097316,0.12307691890975594,0.0071005914755488675,,6.122448979579583,increase,Descriptive behavior; no cognitive or causal age interpretation.,same engine family; patch/map/opponent/tournament versus ranked confounds
DauT DE control,DauT,2021,1v1 tournament,2026,1v1 ranked,first 10 game minutes,core_gap_p50_s,9,5,2,1,0.36449702907884785,0.36153844929739876,0.36449702907884785,0.36153844929739876,0.24852070164470774,0.3644970290788869,0.36153844929739876,0.4769230607753059,-0.002958579781449089,,-0.8116883116786914,decrease,Descriptive behavior; no cognitive or causal age interpretation.,same engine family; patch/map/opponent/tournament versus ranked confounds
DauT DE control,DauT,2021,1v1 tournament,2026,1v1 ranked,first 10 game minutes,core_gap_p90_s,9,5,2,1,1.505088706436768,1.596153792110867,1.505088706436768,1.596153792110867,1.3420117888813365,2.226745486736438,1.5615384086675022,1.9230768579648725,0.0910650856740991,,6.05047963516328,increase,Descriptive behavior; no cognitive or causal age interpretation.,same engine family; patch/map/opponent/tournament versus ranked confounds
DauT DE control,DauT,2021,1v1 tournament,2026,1v1 ranked,first 10 game minutes,core_gap_p99_s,9,5,2,1,3.8653253129138725,3.872384484272439,3.8653253129138725,3.872384484272439,3.104189244009981,5.599999810393686,3.0693075883862746,4.719461378668798,0.007059171358566374,,0.18262813054782245,increase,Descriptive behavior; no cognitive or causal age interpretation.,same engine family; patch/map/opponent/tournament versus ranked confounds
DauT DE control,DauT,2021,1v1 tournament,2026,1v1 ranked,first 10 game minutes,core_gap_max_s,9,5,2,1,5.8485205120383625,6.492307472489443,5.8485205120383625,6.492307472489443,4.026035366644038,20.229585113878017,4.569230614524599,8.653845860841955,0.6437869604510809,,11.007689194659322,increase,Descriptive behavior; no cognitive or causal age interpretation.,same engine family; patch/map/opponent/tournament versus ranked confounds
DauT DE control,DauT,2021,1v1 tournament,2026,1v1 ranked,first 10 game minutes,simultaneous_core_gap_fraction,9,5,2,1,0.0,0.0,0.0,0.0,0.0,0.004987531172069825,0.0,0.002277904328018223,0.0,0.0,,unchanged,Descriptive behavior; no cognitive or causal age interpretation.,same engine family; patch/map/opponent/tournament versus ranked confounds
DauT DE control,DauT,2021,1v1 tournament,2026,1v1 ranked,first 10 game minutes,core_gap_cv,9,5,2,1,1.204497881917575,1.170392040782123,1.204497881917575,1.170392040782123,1.095674590847784,1.6849379539941458,1.045001551104552,1.273580149398135,-0.034105841135451787,,-2.831540150253721,decrease,Descriptive behavior; no cognitive or causal age interpretation.,same engine family; patch/map/opponent/tournament versus ranked confounds
DauT DE control,DauT,2021,1v1 tournament,2026,1v1 ranked,first 10 game minutes,core_gap_burstiness,9,5,2,1,0.09276392760227703,0.07850749430537013,0.09276392760227703,0.07850749430537013,0.04565336205611953,0.25510382948523036,0.02200563177091269,0.12033010996799802,-0.0142564332969069,,-15.368509791899923,decrease,Descriptive behavior; no cognitive or causal age interpretation.,same engine family; patch/map/opponent/tournament versus ranked confounds
DauT DE control,DauT,2021,1v1 tournament,2026,1v1 ranked,first 10 game minutes,command_silence_ge5s_time_fraction,9,5,2,1,0.016666666666666684,0.040624999999999904,0.016666666666666684,0.040624999999999904,0.0,0.17500000000000027,0.0,0.07009166666666657,0.02395833333333322,2.395833333333322,143.74999999999918,increase,Descriptive behavior; no cognitive or causal age interpretation.,same engine family; patch/map/opponent/tournament versus ranked confounds
DauT DE control,DauT,2021,1v1 tournament,2026,1v1 ranked,first 10 game minutes,command_silence_ge10s_time_fraction,9,5,2,1,0.0,0.0,0.0,0.0,0.0,0.05697999999999999,0.0,0.0,0.0,0.0,,unchanged,Descriptive behavior; no cognitive or causal age interpretation.,same engine family; patch/map/opponent/tournament versus ranked confounds
DauT DE control,DauT,2021,1v1 tournament,2026,1v1 ranked,first 10 game minutes,core_count_5s_cv,9,5,2,1,0.4514165040084823,0.4330237161875403,0.4514165040084823,0.4330237161875403,0.3709503157328693,0.8102429580979084,0.3507073003217495,0.49452166159123484,-0.018392787820942003,,-4.074460649448562,decrease,Descriptive behavior; no cognitive or causal age interpretation.,same engine family; patch/map/opponent/tournament versus ranked confounds
DauT DE control,DauT,2021,1v1 tournament,2026,1v1 ranked,first 10 game minutes,peak_5s_nominal_cpm,9,5,2,1,216.0,192.0,216.0,192.0,168.0,360.0,168.0,2028.8243094965098,-24.0,,-11.11111111111111,decrease,Descriptive behavior; no cognitive or causal age interpretation.,same engine family; patch/map/opponent/tournament versus ranked confounds
DauT DE control,DauT,2021,1v1 tournament,2026,1v1 ranked,first 10 game minutes,empty_5s_bin_fraction,9,5,2,1,0.013888888888888888,0.013888888888888888,0.013888888888888888,0.013888888888888888,0.013888888888888888,0.05555555555555555,0.013888888888888888,0.027777777777777776,0.0,0.0,0.0,unchanged,Descriptive behavior; no cognitive or causal age interpretation.,same engine family; patch/map/opponent/tournament versus ranked confounds
DauT DE control,DauT,2021,1v1 tournament,2026,1v1 ranked,first 10 game minutes,core_type_entropy_bits,9,5,2,1,0.72231141065908,0.7914413949066661,0.72231141065908,0.7914413949066661,0.6510134302766468,0.844401095313598,0.660381663855872,0.7927788405125202,0.0691299842475861,,9.570662075587007,increase,Descriptive behavior; no cognitive or causal age interpretation.,same engine family; patch/map/opponent/tournament versus ranked confounds
DauT DE control,DauT,2021,1v1 tournament,2026,1v1 ranked,first 10 game minutes,core_category_entropy_bits,9,5,2,1,0.7004996995400676,0.7562115734314072,0.7004996995400676,0.7562115734314072,0.631796677506442,0.844401095313598,0.6510391221509063,0.7689280823269914,0.05571187389133958,,7.953161711263937,increase,Descriptive behavior; no cognitive or causal age interpretation.,same engine family; patch/map/opponent/tournament versus ranked confounds
DauT DE control,DauT,2021,1v1 tournament,2026,1v1 ranked,first 10 game minutes,core_type_transition_entropy_bits,9,5,2,1,0.6035413096359746,0.6833209476696758,0.6035413096359746,0.6833209476696758,0.5505599816156023,0.7117667104370197,0.5651724195699332,0.7190500949174274,0.07977963803370114,,13.218587818258895,increase,Descriptive behavior; no cognitive or causal age interpretation.,same engine family; patch/map/opponent/tournament versus ranked confounds
DauT DE control,DauT,2021,1v1 tournament,2026,1v1 ranked,first 10 game minutes,core_type_switch_fraction,9,5,2,1,0.17207792207792208,0.1958997722095672,0.17207792207792208,0.1958997722095672,0.15051546391752577,0.20448877805486285,0.16167664670658682,0.22448979591836735,0.023821850131645117,2.382185013164512,13.843641208578672,increase,Descriptive behavior; no cognitive or causal age interpretation.,same engine family; patch/map/opponent/tournament versus ranked confounds
DauT DE control,DauT,2021,1v1 tournament,2026,1v1 ranked,first 10 game minutes,core_category_switch_fraction,9,5,2,1,0.16883116883116883,0.19557195571955718,0.16883116883116883,0.19557195571955718,0.14814814814814814,0.20448877805486285,0.1596806387225549,0.22448979591836735,0.02674078688838835,2.674078688838835,15.838773772353102,increase,Descriptive behavior; no cognitive or causal age interpretation.,same engine family; patch/map/opponent/tournament versus ranked confounds
DauT DE control,DauT,2021,1v1 tournament,2026,1v1 ranked,first 10 game minutes,core_same_type_triplet_fraction,9,5,2,1,0.7382113821138211,0.7056672760511883,0.7382113821138211,0.7056672760511883,0.6888888888888889,0.7747933884297521,0.6687116564417178,0.758,-0.032544106062632805,-3.2544106062632805,-4.408507759585722,decrease,Descriptive behavior; no cognitive or causal age interpretation.,same engine family; patch/map/opponent/tournament versus ranked confounds
DauT DE control,DauT,2021,1v1 tournament,2026,1v1 ranked,first 10 game minutes,coordinate_coverage,9,5,2,1,1.0,1.0,1.0,1.0,1.0,1.0,1.0,1.0,0.0,0.0,0.0,unchanged,Descriptive behavior; no cognitive or causal age interpretation.,same engine family; patch/map/opponent/tournament versus ranked confounds
DauT DE control,DauT,2021,1v1 tournament,2026,1v1 ranked,first 10 game minutes,destination_jump_diagonal_p50,9,5,2,1,0.02123241858352569,0.02482503709703195,0.02123241858352569,0.02482503709703195,0.01049773144309707,0.02435534892708633,0.01789205482245145,0.03826777499035778,0.0035926185135062606,,16.92043937139496,increase,Descriptive behavior; no cognitive or causal age interpretation.,same engine family; patch/map/opponent/tournament versus ranked confounds
DauT DE control,DauT,2021,1v1 tournament,2026,1v1 ranked,first 10 game minutes,destination_jump_diagonal_p90,9,5,2,1,0.2008282718722396,0.16336604126386817,0.2008282718722396,0.16336604126386817,0.13718219667900974,0.30235811492253845,0.14667863741740966,0.3220786193812552,-0.03746223060837142,,-18.653862954217757,decrease,Descriptive behavior; no cognitive or causal age interpretation.,same engine family; patch/map/opponent/tournament versus ranked confounds
DauT DE control,DauT,2021,1v1 tournament,2026,1v1 ranked,first 10 game minutes,destination_jump_ge_quarter_fraction,9,5,2,1,0.07751937984496124,0.05122950819672131,0.07751937984496124,0.05122950819672131,0.004166666666666667,0.14018691588785046,0.021367521367521368,0.13238770685579196,-0.026289871648239926,-2.6289871648239926,-33.9139344262295,decrease,Descriptive behavior; no cognitive or causal age interpretation.,same engine family; patch/map/opponent/tournament versus ranked confounds
DauT DE control,DauT,2021,1v1 tournament,2026,1v1 ranked,first 10 game minutes,destination_entropy_4x4_bits,9,5,2,1,2.8749041673689177,2.682734999727157,2.8749041673689177,2.682734999727157,2.264525692729465,3.2211303279757537,1.8275464407473638,2.8879149241060933,-0.19216916764176073,,-6.684367772078885,decrease,Descriptive behavior; no cognitive or causal age interpretation.,same engine family; patch/map/opponent/tournament versus ranked confounds
DauT DE control,DauT,2021,1v1 tournament,2026,1v1 ranked,first 10 game minutes,destination_cell_switch_fraction,9,5,2,1,0.3261781140285813,0.3101503759398496,0.31216931216931215,0.3101503759398496,0.27099841521394613,0.38242894056847543,0.29918032786885246,0.34278959810874704,-0.016027738088731702,-1.6027738088731702,-4.913799362800679,decrease,Descriptive behavior; no cognitive or causal age interpretation.,same engine family; patch/map/opponent/tournament versus ranked confounds
DauT DE control,DauT,2021,1v1 tournament,2026,1v1 ranked,first 10 game minutes,rapid_destination_repeat_fraction,9,5,2,1,0.2839506172839506,0.2800751879699248,0.2839506172839506,0.2800751879699248,0.24684684684684685,0.43830570902394106,0.1773049645390071,0.3360655737704918,-0.003875429314025791,-0.3875429314025791,-1.3648251062438657,decrease,Descriptive behavior; no cognitive or causal age interpretation.,same engine family; patch/map/opponent/tournament versus ranked confounds
DauT DE control,DauT,2021,1v1 tournament,2026,1v1 ranked,first 10 game minutes,dedup_core_cpm,9,5,2,1,67.26200227737426,61.68500208854675,67.26200227737426,61.68500208854675,49.68600168228149,73.34600248336793,57.12200193405151,67.60000228881835,-5.577000188827512,,-8.291457286432156,decrease,Descriptive behavior; no cognitive or causal age interpretation.,same engine family; patch/map/opponent/tournament versus ranked confounds
DauT DE control,DauT,2021,1v1 tournament,2026,1v1 ranked,first 10 game minutes,move_order_commands,9,5,2,1,544.0,489.0,544.0,489.0,388.0,632.0,424.0,533.0,-55.0,,-10.11029411764706,decrease,Descriptive behavior; no cognitive or causal age interpretation.,same engine family; patch/map/opponent/tournament versus ranked confounds
DauT DE control,DauT,2021,1v1 tournament,2026,1v1 ranked,first 10 game minutes,explicit_actor_commands,9,5,2,1,178.0,188.0,178.0,188.0,133.0,266.0,158.0,216.0,10.0,,5.617977528089887,increase,Raw actor-list coverage/reuse differs: numeric contrast is not a reliable group-control trend.,same engine family; patch/map/opponent/tournament versus ranked confounds
DauT DE control,DauT,2021,1v1 tournament,2026,1v1 ranked,first 10 game minutes,explicit_actor_coverage,9,5,2,1,0.3327205882352941,0.40229885057471265,0.3327205882352941,0.40229885057471265,0.28297872340425534,0.43556701030927836,0.3231083844580777,0.44339622641509435,0.06957826233941855,6.957826233941855,20.911919730742373,increase,Raw actor-list coverage/reuse differs: numeric contrast is not a reliable group-control trend.,same engine family; patch/map/opponent/tournament versus ranked confounds
DauT DE control,DauT,2021,1v1 tournament,2026,1v1 ranked,first 10 game minutes,actor_pair_count,9,5,2,1,68.0,86.0,68.0,86.0,53.0,121.0,66.0,105.0,18.0,,26.47058823529412,increase,Raw actor-list coverage/reuse differs: numeric contrast is not a reliable group-control trend.,same engine family; patch/map/opponent/tournament versus ranked confounds
DauT DE control,DauT,2021,1v1 tournament,2026,1v1 ranked,first 10 game minutes,same_actor_pair_count,9,5,2,1,0.0,8.0,0.0,8.0,0.0,1.0,5.0,12.0,8.0,,,increase,Raw actor-list coverage/reuse differs: numeric contrast is not a reliable group-control trend.,same engine family; patch/map/opponent/tournament versus ranked confounds
DauT DE control,DauT,2021,1v1 tournament,2026,1v1 ranked,first 10 game minutes,actor_group_size_median,9,5,2,1,1.0,1.0,1.0,1.0,1.0,1.0,1.0,1.0,0.0,,0.0,unchanged,Raw actor-list coverage/reuse differs: numeric contrast is not a reliable group-control trend.,same engine family; patch/map/opponent/tournament versus ranked confounds
DauT DE control,DauT,2021,1v1 tournament,2026,1v1 ranked,first 10 game minutes,actor_group_size_p90,9,5,2,1,2.0,3.0,2.0,3.0,2.0,3.0,2.0,3.0,1.0,,50.0,increase,Raw actor-list coverage/reuse differs: numeric contrast is not a reliable group-control trend.,same engine family; patch/map/opponent/tournament versus ranked confounds
DauT DE control,DauT,2021,1v1 tournament,2026,1v1 ranked,first 10 game minutes,actor_group_ge10_fraction,9,5,2,1,0.0,0.005319148936170213,0.0,0.005319148936170213,0.0,0.0,0.0,0.012658227848101266,0.005319148936170213,0.5319148936170213,,increase,Raw actor-list coverage/reuse differs: numeric contrast is not a reliable group-control trend.,same engine family; patch/map/opponent/tournament versus ranked confounds
DauT DE control,DauT,2021,1v1 tournament,2026,1v1 ranked,first 10 game minutes,actor_group_change_fraction,9,5,2,1,1.0,0.8939393939393939,1.0,0.8939393939393939,0.9838709677419355,1.0,0.8837209302325582,0.9342105263157895,-0.10606060606060608,-10.606060606060607,-10.606060606060607,decrease,Raw actor-list coverage/reuse differs: numeric contrast is not a reliable group-control trend.,same engine family; patch/map/opponent/tournament versus ranked confounds
DauT DE control,DauT,2021,1v1 tournament,2026,1v1 ranked,first 10 game minutes,actor_overlap_jaccard_median,9,5,2,1,0.0,0.0,0.0,0.0,0.0,0.0,0.0,0.0,0.0,,,unchanged,Raw actor-list coverage/reuse differs: numeric contrast is not a reliable group-control trend.,same engine family; patch/map/opponent/tournament versus ranked confounds
DauT DE control,DauT,2021,1v1 tournament,2026,1v1 ranked,first 10 game minutes,same_actor_gap_nominal_median_s,1,5,1,1,1.34201178888136,0.36153844929739287,1.34201178888136,0.36153844929739287,1.34201178888136,1.34201178888136,0.2384615303875906,0.8384615100727086,-0.9804733395839672,,-73.05996472663217,decrease,Raw actor-list coverage/reuse differs: numeric contrast is not a reliable group-control trend.,same engine family; patch/map/opponent/tournament versus ranked confounds
DauT DE control,DauT,2021,1v1 tournament,2026,1v1 ranked,first 10 game minutes,same_actor_recommand_under1s_fraction,1,5,1,1,0.0,0.875,0.0,0.875,0.0,0.0,0.5714285714285714,1.0,0.875,87.5,,increase,Raw actor-list coverage/reuse differs: numeric contrast is not a reliable group-control trend.,same engine family; patch/map/opponent/tournament versus ranked confounds
DauT DE control,DauT,2021,1v1 tournament,2026,1v1 ranked,first 10 game minutes,commanded_actor_ids,9,5,2,1,28.0,30.0,28.0,30.0,23.0,32.0,28.0,34.0,2.0,,7.142857142857142,increase,Raw actor-list coverage/reuse differs: numeric contrast is not a reliable group-control trend.,same engine family; patch/map/opponent/tournament versus ranked confounds
DauT DE control,DauT,2021,1v1 tournament,2026,1v1 ranked,first 10 game minutes,valid_target_order_fraction,9,5,2,1,1.0,1.0,1.0,1.0,1.0,1.0,1.0,1.0,0.0,0.0,0.0,unchanged,Descriptive behavior; no cognitive or causal age interpretation.,same engine family; patch/map/opponent/tournament versus ranked confounds
DauT DE control,DauT,2021,1v1 tournament,2026,1v1 ranked,first 10 game minutes,distinct_order_target_ids,9,5,2,1,28.0,30.0,28.0,30.0,18.0,32.0,24.0,34.0,2.0,,7.142857142857142,increase,Descriptive behavior; no cognitive or causal age interpretation.,same engine family; patch/map/opponent/tournament versus ranked confounds
DauT DE control,DauT,2021,1v1 tournament,2026,1v1 ranked,first 10 game minutes,distinct_building_type_ids,9,5,2,1,5.0,6.0,5.0,6.0,4.0,7.0,3.0,6.0,1.0,,20.0,increase,Descriptive behavior; no cognitive or causal age interpretation.,same engine family; patch/map/opponent/tournament versus ranked confounds
DauT DE control,DauT,2021,1v1 tournament,2026,1v1 ranked,first 10 game minutes,distinct_research_type_ids,9,5,2,1,2.0,2.0,2.0,2.0,1.0,3.0,1.0,4.0,0.0,,0.0,unchanged,Descriptive behavior; no cognitive or causal age interpretation.,same engine family; patch/map/opponent/tournament versus ranked confounds
DauT DE control,DauT,2021,1v1 tournament,2026,1v1 ranked,first 10 game minutes,positive_de_queue_commands,9,5,2,1,30.0,23.0,30.0,23.0,24.0,37.0,22.0,28.0,-7.0,,-23.333333333333332,decrease,Descriptive behavior; no cognitive or causal age interpretation.,same engine family; patch/map/opponent/tournament versus ranked confounds
DauT DE control,DauT,2021,1v1 tournament,2026,1v1 ranked,first 10 game minutes,requested_queue_unit_type_ids,9,5,2,1,2.0,2.0,2.0,2.0,1.0,3.0,2.0,3.0,0.0,,0.0,unchanged,Descriptive behavior; no cognitive or causal age interpretation.,same engine family; patch/map/opponent/tournament versus ranked confounds
DauT DE control,DauT,2021,1v1 tournament,2026,1v1 ranked,first 10 game minutes,explicitly_commanded_production_building_ids,9,5,2,1,2.0,2.0,2.0,2.0,1.0,3.0,2.0,3.0,0.0,,0.0,unchanged,Descriptive behavior; no cognitive or causal age interpretation.,same engine family; patch/map/opponent/tournament versus ranked confounds
DauT DE control,DauT,2021,1v1 tournament,2026,1v1 ranked,first 10 game minutes,production_command_revisit_nominal_median_s,9,5,2,1,9.864200849447283,14.546153353646407,9.864200849447283,14.546153353646407,0.2514792814261843,15.474555689076219,8.2923074115446,16.22307637379179,4.681952504199124,,47.464083260849925,increase,Descriptive behavior; no cognitive or causal age interpretation.,same engine family; patch/map/opponent/tournament versus ranked confounds
DauT DE control,DauT,2021,1v1 tournament,2026,1v1 ranked,first 10 game minutes,positive_queue_amount_mean,9,5,2,1,1.032258064516129,1.1304347826086956,1.032258064516129,1.1304347826086956,1.0,1.1666666666666667,1.1071428571428572,1.1363636363636365,0.09817671809256656,,9.510869565217387,increase,Descriptive behavior; no cognitive or causal age interpretation.,same engine family; patch/map/opponent/tournament versus ranked confounds
DauT DE control,DauT,2021,1v1 tournament,2026,1v1 ranked,first 10 game minutes,build_commands_nominal_min,9,5,2,1,2.0280000686645505,1.8590000629425047,2.0280000686645505,1.8590000629425047,1.0140000343322753,2.3660000801086425,1.521000051498413,2.0280000686645505,-0.16900000572204577,,-8.333333333333327,decrease,Descriptive behavior; no cognitive or causal age interpretation.,same engine family; patch/map/opponent/tournament versus ranked confounds
DauT DE control,DauT,2021,1v1 tournament,2026,1v1 ranked,first 10 game minutes,wall_commands_nominal_min,9,5,2,1,0.5070000171661376,0.5070000171661376,0.5070000171661376,0.5070000171661376,0.0,1.6900000572204588,0.0,1.352000045776367,0.0,,0.0,unchanged,Descriptive behavior; no cognitive or causal age interpretation.,same engine family; patch/map/opponent/tournament versus ranked confounds
DauT DE control,DauT,2021,1v1 tournament,2026,1v1 ranked,first 10 game minutes,research_commands_nominal_min,9,5,2,1,0.33800001144409175,0.33800001144409175,0.33800001144409175,0.33800001144409175,0.16900000572204588,0.6760000228881835,0.16900000572204588,0.6760000228881835,0.0,,0.0,unchanged,Descriptive behavior; no cognitive or causal age interpretation.,same engine family; patch/map/opponent/tournament versus ranked confounds
DauT DE control,DauT,2021,1v1 tournament,2026,1v1 ranked,first 10 game minutes,market_commands_nominal_min,9,5,2,1,0.0,0.0,0.0,0.0,0.0,0.0,0.0,0.0,0.0,,,unchanged,Descriptive behavior; no cognitive or causal age interpretation.,same engine family; patch/map/opponent/tournament versus ranked confounds
DauT DE control,DauT,2021,1v1 tournament,2026,1v1 ranked,first 10 game minutes,legacy_command_class_entropy_bits,0,0,0,0,,,,,,,,,,,,unavailable,Descriptive behavior; no cognitive or causal age interpretation.,same engine family; patch/map/opponent/tournament versus ranked confounds
DauT DE control,DauT,2021,1v1 tournament,2026,1v1 ranked,first 10 game minutes,legacy_switches_per_100_commands,0,0,0,0,,,,,,,,,,,,unavailable,Descriptive behavior; no cognitive or causal age interpretation.,same engine family; patch/map/opponent/tournament versus ranked confounds
DauT DE control,DauT,2021,1v1 tournament,2026,1v1 ranked,first 10 game minutes,legacy_core_silence_over5s_fraction,0,0,0,0,,,,,,,,,,,,unavailable,Descriptive behavior; no cognitive or causal age interpretation.,same engine family; patch/map/opponent/tournament versus ranked confounds
DauT DE control,DauT,2021,1v1 tournament,2026,1v1 ranked,first 10 game minutes,legacy_peak_10s_nominal_cpm,0,0,0,0,,,,,,,,,,,,unavailable,Descriptive behavior; no cognitive or causal age interpretation.,same engine family; patch/map/opponent/tournament versus ranked confounds
DauT DE control,DauT,2021,1v1 tournament,2026,1v1 ranked,first 10 game minutes,legacy_move_share,0,0,0,0,,,,,,,,,,,,unavailable,Descriptive behavior; no cognitive or causal age interpretation.,same engine family; patch/map/opponent/tournament versus ranked confounds
DauT DE control,DauT,2021,1v1 tournament,2026,1v1 ranked,first 10 game minutes,legacy_planning_command_share,0,0,0,0,,,,,,,,,,,,unavailable,Descriptive behavior; no cognitive or causal age interpretation.,same engine family; patch/map/opponent/tournament versus ranked confounds
DauT DE control,DauT,2021,1v1 tournament,2026,1v1 ranked,first 10 game minutes,legacy_queue_batch_mean,0,0,0,0,,,,,,,,,,,,unavailable,Descriptive behavior; no cognitive or causal age interpretation.,same engine family; patch/map/opponent/tournament versus ranked confounds
DauT DE control,DauT,2021,1v1 tournament,2026,1v1 ranked,first 10 game minutes,legacy_queue_batch_gt1_fraction,0,0,0,0,,,,,,,,,,,,unavailable,Descriptive behavior; no cognitive or causal age interpretation.,same engine family; patch/map/opponent/tournament versus ranked confounds
DauT DE control,DauT,2021,1v1 tournament,2026,1v1 ranked,first 10 game minutes,legacy_duration_game_min,0,0,0,0,,,,,,,,,,,,unavailable,Descriptive behavior; no cognitive or causal age interpretation.,same engine family; patch/map/opponent/tournament versus ranked confounds
DauT DE control,DauT,2021,1v1 tournament,2026,1v1 ranked,first 10 game minutes,tatoh_cpm_0_5,0,0,0,0,,,,,,,,,,,,unavailable,Descriptive behavior; no cognitive or causal age interpretation.,same engine family; patch/map/opponent/tournament versus ranked confounds
DauT DE control,DauT,2021,1v1 tournament,2026,1v1 ranked,first 10 game minutes,tatoh_cpm_5_10,0,0,0,0,,,,,,,,,,,,unavailable,Descriptive behavior; no cognitive or causal age interpretation.,same engine family; patch/map/opponent/tournament versus ranked confounds
DauT DE control,DauT,2021,1v1 tournament,2026,1v1 ranked,first 10 game minutes,tatoh_cpm_10_15,0,0,0,0,,,,,,,,,,,,unavailable,Descriptive behavior; no cognitive or causal age interpretation.,same engine family; patch/map/opponent/tournament versus ranked confounds
DauT DE control,DauT,2021,1v1 tournament,2026,1v1 ranked,first 10 game minutes,tatoh_cpm_15_20,0,0,0,0,,,,,,,,,,,,unavailable,Descriptive behavior; no cognitive or causal age interpretation.,same engine family; patch/map/opponent/tournament versus ranked confounds
DauT DE control,DauT,2021,1v1 tournament,2026,1v1 ranked,first 10 game minutes,tatoh_cpm_10_20,0,0,0,0,,,,,,,,,,,,unavailable,Descriptive behavior; no cognitive or causal age interpretation.,same engine family; patch/map/opponent/tournament versus ranked confounds
DauT DE control,DauT,2021,1v1 tournament,2026,1v1 ranked,first 10 game minutes,tatoh_reclick_open,0,0,0,0,,,,,,,,,,,,unavailable,Descriptive behavior; no cognitive or causal age interpretation.,same engine family; patch/map/opponent/tournament versus ranked confounds
DauT DE control,DauT,2021,1v1 tournament,2026,1v1 ranked,first 10 game minutes,tatoh_dedup_open_cpm,0,0,0,0,,,,,,,,,,,,unavailable,Descriptive behavior; no cognitive or causal age interpretation.,same engine family; patch/map/opponent/tournament versus ranked confounds
DauT DE control,DauT,2021,1v1 tournament,2026,1v1 ranked,first 10 game minutes,tatoh_reclick_whole,0,0,0,0,,,,,,,,,,,,unavailable,Descriptive behavior; no cognitive or causal age interpretation.,same engine family; patch/map/opponent/tournament versus ranked confounds
DauT DE control,DauT,2021,1v1 tournament,2026,1v1 ranked,first 10 game minutes,tatoh_dedup_whole_cpm,0,0,0,0,,,,,,,,,,,,unavailable,Descriptive behavior; no cognitive or causal age interpretation.,same engine family; patch/map/opponent/tournament versus ranked confounds
DauT DE control,DauT,2021,1v1 tournament,2026,1v1 ranked,first 10 game minutes,tatoh_gap_p50_open,0,0,0,0,,,,,,,,,,,,unavailable,Descriptive behavior; no cognitive or causal age interpretation.,same engine family; patch/map/opponent/tournament versus ranked confounds
DauT DE control,DauT,2021,1v1 tournament,2026,1v1 ranked,first 10 game minutes,tatoh_gap_p90_open,0,0,0,0,,,,,,,,,,,,unavailable,Descriptive behavior; no cognitive or causal age interpretation.,same engine family; patch/map/opponent/tournament versus ranked confounds
DauT DE control,DauT,2021,1v1 tournament,2026,1v1 ranked,first 10 game minutes,tatoh_gap_p99_open,0,0,0,0,,,,,,,,,,,,unavailable,Descriptive behavior; no cognitive or causal age interpretation.,same engine family; patch/map/opponent/tournament versus ranked confounds
DauT DE control,DauT,2021,1v1 tournament,2026,1v1 ranked,first 10 game minutes,tatoh_gap_p99_10_20,0,0,0,0,,,,,,,,,,,,unavailable,Descriptive behavior; no cognitive or causal age interpretation.,same engine family; patch/map/opponent/tournament versus ranked confounds
DauT DE control,DauT,2021,1v1 tournament,2026,1v1 ranked,first 10 game minutes,feudal_request_game_s,8,5,2,1,453.798,403.702,453.798,403.702,384.526,562.198,385.424,471.594,-50.096000000000004,,-11.039272980489118,decrease,Age-up request timing depends strongly on start-age and tournament settings.,same engine family; patch/map/opponent/tournament versus ranked confounds
DauT DE control,DauT,2021,1v1 tournament,2026,1v1 ranked,first 10 game minutes,castle_request_game_s,0,0,0,0,,,,,,,,,,,,unavailable,Age-up request timing depends strongly on start-age and tournament settings.,same engine family; patch/map/opponent/tournament versus ranked confounds
DauT DE control,DauT,2021,1v1 tournament,2026,1v1 ranked,first 10 game minutes,imperial_request_game_s,0,0,0,0,,,,,,,,,,,,unavailable,Age-up request timing depends strongly on start-age and tournament settings.,same engine family; patch/map/opponent/tournament versus ranked confounds
DauT DE control,DauT,2021,1v1 tournament,2026,1v1 ranked,whole available replay,all_recorded_cpm,9,5,2,1,88.59513176884319,106.69367891606953,88.59513176884319,106.69367891606953,81.80666215321828,94.94339854035049,96.57351822557578,124.29552462333824,18.09854714722634,,20.428376577674634,increase,Descriptive behavior; no cognitive or causal age interpretation.,same engine family; patch/map/opponent/tournament versus ranked confounds
DauT DE control,DauT,2021,1v1 tournament,2026,1v1 ranked,whole available replay,core_cpm,9,5,2,1,74.72204872436072,86.11784432549186,74.72204872436072,86.11784432549186,71.07321058290735,88.96660293516993,70.72321542644245,103.43418258381178,11.395795601131141,,15.250914282568257,increase,Descriptive behavior; no cognitive or causal age interpretation.,same engine family; patch/map/opponent/tournament versus ranked confounds
DauT DE control,DauT,2021,1v1 tournament,2026,1v1 ranked,whole available replay,noncore_action_fraction,9,5,2,1,0.12366653496641644,0.18932038834951456,0.12366653496641644,0.18932038834951456,0.05405405405405406,0.21109076641381114,0.16783663050414804,0.26767485822306236,0.06565385338309812,6.565385338309812,53.08942585067774,increase,Descriptive behavior; no cognitive or causal age interpretation.,same engine family; patch/map/opponent/tournament versus ranked confounds
DauT DE control,DauT,2021,1v1 tournament,2026,1v1 ranked,whole available replay,first_core_command_nominal_s,9,5,2,1,1.415384567462157,1.2923076485524043,1.415384567462157,1.2923076485524043,1.1692307296426514,1.53846148637191,1.0461538107328987,1.415384567462157,-0.1230769189097527,,-8.695652173913038,decrease,Descriptive behavior; no cognitive or causal age interpretation.,same engine family; patch/map/opponent/tournament versus ranked confounds
DauT DE control,DauT,2021,1v1 tournament,2026,1v1 ranked,whole available replay,core_gap_p10_s,9,5,2,1,0.11597632743428221,0.12307691890974581,0.11597632743428221,0.12307691890974581,0.11597632743418984,0.11834319125938464,0.1230769189097316,0.12307691890976002,0.007100591475463602,,6.122448979501563,increase,Descriptive behavior; no cognitive or causal age interpretation.,same engine family; patch/map/opponent/tournament versus ranked confounds
DauT DE control,DauT,2021,1v1 tournament,2026,1v1 ranked,whole available replay,core_gap_p50_s,9,5,2,1,0.4804733565129027,0.36153844929739876,0.4804733565129027,0.36153844929739876,0.362130165253717,0.4804733565130732,0.3615384492973135,0.48461536820714723,-0.11893490721550393,,-24.753694581254067,decrease,Descriptive behavior; no cognitive or causal age interpretation.,same engine family; patch/map/opponent/tournament versus ranked confounds
DauT DE control,DauT,2021,1v1 tournament,2026,1v1 ranked,whole available replay,core_gap_p90_s,9,5,2,1,1.95502951960475,1.6769230201454093,1.95502951960475,1.6769230201454093,1.6317750926799293,2.161538388352528,1.323076878279835,1.9230768579649293,-0.27810649945934074,,-14.225181598054117,decrease,Descriptive behavior; no cognitive or causal age interpretation.,same engine family; patch/map/opponent/tournament versus ranked confounds
DauT DE control,DauT,2021,1v1 tournament,2026,1v1 ranked,whole available replay,core_gap_p99_s,9,5,2,1,4.643692150465121,4.3330412734090435,4.643692150465121,4.3330412734090435,3.753159636238082,5.110248347685948,3.1230768173350043,5.253100413855347,-0.3106508770560774,,-6.689738832600306,decrease,Descriptive behavior; no cognitive or causal age interpretation.,same engine family; patch/map/opponent/tournament versus ranked confounds
DauT DE control,DauT,2021,1v1 tournament,2026,1v1 ranked,whole available replay,core_gap_max_s,9,5,2,1,9.99053220611654,11.061538087014014,9.99053220611654,11.061538087014014,6.328993868551521,20.229585113878017,6.0076921042823415,17.55325384354728,1.0710058808974736,,10.7202084814037,increase,Descriptive behavior; no cognitive or causal age interpretation.,same engine family; patch/map/opponent/tournament versus ranked confounds
DauT DE control,DauT,2021,1v1 tournament,2026,1v1 ranked,whole available replay,simultaneous_core_gap_fraction,9,5,2,1,0.001160092807424594,0.0008319467554076539,0.001160092807424594,0.0008319467554076539,0.0004830917874396135,0.003528225806451613,0.0,0.0012202562538133007,-0.00032814605201694,-0.032814605201694,-28.28618968386023,decrease,Descriptive behavior; no cognitive or causal age interpretation.,same engine family; patch/map/opponent/tournament versus ranked confounds
DauT DE control,DauT,2021,1v1 tournament,2026,1v1 ranked,whole available replay,core_gap_cv,9,5,2,1,1.2136946816556566,1.3011956728667757,1.2136946816556566,1.3011956728667757,1.1730968057171969,1.4109048137892124,1.1077207273822414,1.386778959036862,0.0875009912111191,,7.209473068775004,increase,Descriptive behavior; no cognitive or causal age interpretation.,same engine family; patch/map/opponent/tournament versus ranked confounds
DauT DE control,DauT,2021,1v1 tournament,2026,1v1 ranked,whole available replay,core_gap_burstiness,9,5,2,1,0.0965330419892553,0.1308865979621599,0.0965330419892553,0.1308865979621599,0.07965443843173338,0.17043593402735568,0.051107685179918975,0.16205059859960347,0.0343535559729046,,35.587354614525,increase,Descriptive behavior; no cognitive or causal age interpretation.,same engine family; patch/map/opponent/tournament versus ranked confounds
DauT DE control,DauT,2021,1v1 tournament,2026,1v1 ranked,whole available replay,command_silence_ge5s_time_fraction,9,5,2,1,0.06221771306659692,0.05773399084419336,0.06221771306659692,0.05773399084419336,0.030363706440302004,0.09897877199034522,0.015243809426958868,0.09773620098012764,-0.004483722222403563,-0.44837222224035633,-7.206504388234671,decrease,Descriptive behavior; no cognitive or causal age interpretation.,same engine family; patch/map/opponent/tournament versus ranked confounds
DauT DE control,DauT,2021,1v1 tournament,2026,1v1 ranked,whole available replay,command_silence_ge10s_time_fraction,9,5,2,1,0.00561641731279757,0.01866706115971875,0.00561641731279757,0.01866706115971875,0.0,0.01893062039476999,0.0,0.026385829662261346,0.01305064384692118,1.305064384692118,232.36599276880617,increase,Descriptive behavior; no cognitive or causal age interpretation.,same engine family; patch/map/opponent/tournament versus ranked confounds
DauT DE control,DauT,2021,1v1 tournament,2026,1v1 ranked,whole available replay,core_count_5s_cv,9,5,2,1,0.510610510179294,0.5206028165529816,0.510610510179294,0.5206028165529816,0.45500156375596545,0.5894030779110685,0.3830058942088002,0.546553747956334,0.009992306373687532,,1.9569331563854546,increase,Descriptive behavior; no cognitive or causal age interpretation.,same engine family; patch/map/opponent/tournament versus ranked confounds
DauT DE control,DauT,2021,1v1 tournament,2026,1v1 ranked,whole available replay,peak_5s_nominal_cpm,9,5,2,1,216.0,216.0,216.0,216.0,168.0,360.0,192.0,252.0,0.0,,0.0,unchanged,Descriptive behavior; no cognitive or causal age interpretation.,same engine family; patch/map/opponent/tournament versus ranked confounds
DauT DE control,DauT,2021,1v1 tournament,2026,1v1 ranked,whole available replay,empty_5s_bin_fraction,9,5,2,1,0.01773049645390071,0.01702127659574468,0.01773049645390071,0.01702127659574468,0.00911854103343465,0.02654867256637168,0.0,0.02976190476190476,-0.0007092198581560294,-0.07092198581560294,-4.000000000000005,decrease,Descriptive behavior; no cognitive or causal age interpretation.,same engine family; patch/map/opponent/tournament versus ranked confounds
DauT DE control,DauT,2021,1v1 tournament,2026,1v1 ranked,whole available replay,core_type_entropy_bits,9,5,2,1,1.241186484639133,0.9916267502955737,1.241186484639133,0.9916267502955737,1.063257686178496,1.3758926892655892,0.8964412519955757,1.2946589803797128,-0.24955973434355927,,-20.10654623073157,decrease,Descriptive behavior; no cognitive or causal age interpretation.,same engine family; patch/map/opponent/tournament versus ranked confounds
DauT DE control,DauT,2021,1v1 tournament,2026,1v1 ranked,whole available replay,core_category_entropy_bits,9,5,2,1,1.2211537132801176,0.9760829648711311,1.2211537132801176,0.9760829648711311,1.019262110356348,1.343083561180027,0.866495926435659,1.2593054448208512,-0.24507074840898646,,-20.068787880168387,decrease,Descriptive behavior; no cognitive or causal age interpretation.,same engine family; patch/map/opponent/tournament versus ranked confounds
DauT DE control,DauT,2021,1v1 tournament,2026,1v1 ranked,whole available replay,core_type_transition_entropy_bits,9,5,2,1,1.061989913728146,0.9083231306716125,1.061989913728146,0.9083231306716125,0.9638693979127925,1.1897294711231932,0.8431231708065263,1.1108817984966015,-0.15366678305653358,,-14.469702684565236,decrease,Descriptive behavior; no cognitive or causal age interpretation.,same engine family; patch/map/opponent/tournament versus ranked confounds
DauT DE control,DauT,2021,1v1 tournament,2026,1v1 ranked,whole available replay,core_type_switch_fraction,9,5,2,1,0.2888631090487239,0.25326170376055257,0.2888631090487239,0.25326170376055257,0.26720285969615726,0.33558863328822736,0.23184868822452714,0.3114669421487603,-0.03560140528817135,-3.560140528817135,-12.324663196146066,decrease,Descriptive behavior; no cognitive or causal age interpretation.,same engine family; patch/map/opponent/tournament versus ranked confounds
DauT DE control,DauT,2021,1v1 tournament,2026,1v1 ranked,whole available replay,core_category_switch_fraction,9,5,2,1,0.287122969837587,0.25249424405218723,0.287122969837587,0.25249424405218723,0.26630920464700625,0.33288227334235454,0.2312385600976205,0.3114669421487603,-0.03462872578539977,-3.462872578539977,-12.060590556369537,decrease,Descriptive behavior; no cognitive or causal age interpretation.,same engine family; patch/map/opponent/tournament versus ranked confounds
DauT DE control,DauT,2021,1v1 tournament,2026,1v1 ranked,whole available replay,core_same_type_triplet_fraction,9,5,2,1,0.5516893595562279,0.6186511240632806,0.5516893595562279,0.6186511240632806,0.49458483754512633,0.5912343470483006,0.5281653746770025,0.6477411477411478,0.06696176450705271,6.696176450705272,12.137584919331402,increase,Descriptive behavior; no cognitive or causal age interpretation.,same engine family; patch/map/opponent/tournament versus ranked confounds
DauT DE control,DauT,2021,1v1 tournament,2026,1v1 ranked,whole available replay,coordinate_coverage,9,5,2,1,1.0,1.0,1.0,1.0,1.0,1.0,1.0,1.0,0.0,0.0,0.0,unchanged,Descriptive behavior; no cognitive or causal age interpretation.,same engine family; patch/map/opponent/tournament versus ranked confounds
DauT DE control,DauT,2021,1v1 tournament,2026,1v1 ranked,whole available replay,destination_jump_diagonal_p50,9,5,2,1,0.0241907320012633,0.01987224654428433,0.0241907320012633,0.01987224654428433,0.018479180416610713,0.03621197066076644,0.01554861264079679,0.025595252798161307,-0.004318485456978972,,-17.85181802995234,decrease,Descriptive behavior; no cognitive or causal age interpretation.,same engine family; patch/map/opponent/tournament versus ranked confounds
DauT DE control,DauT,2021,1v1 tournament,2026,1v1 ranked,whole available replay,destination_jump_diagonal_p90,9,5,2,1,0.2291350732659918,0.16786973146423967,0.2291350732659918,0.16786973146423967,0.15723526890127498,0.33518644760226657,0.12891992359409168,0.22991943712900167,-0.06126534180175214,,-26.73765344104792,decrease,Descriptive behavior; no cognitive or causal age interpretation.,same engine family; patch/map/opponent/tournament versus ranked confounds
DauT DE control,DauT,2021,1v1 tournament,2026,1v1 ranked,whole available replay,destination_jump_ge_quarter_fraction,9,5,2,1,0.08947804473902236,0.062449310624493104,0.08947804473902236,0.062449310624493104,0.048795944233206594,0.14424878231547397,0.04814522494080505,0.08972073677956031,-0.02702873411452926,-2.702873411452926,-30.207113033552606,decrease,Descriptive behavior; no cognitive or causal age interpretation.,same engine family; patch/map/opponent/tournament versus ranked confounds
DauT DE control,DauT,2021,1v1 tournament,2026,1v1 ranked,whole available replay,destination_entropy_4x4_bits,9,5,2,1,3.31295830913306,3.0474558837206223,3.31295830913306,3.0474558837206223,2.526241128060667,3.725362581346226,2.539756481059808,3.5826546737843668,-0.26550242541243785,,-8.014058754693925,decrease,Descriptive behavior; no cognitive or causal age interpretation.,same engine family; patch/map/opponent/tournament versus ranked confounds
DauT DE control,DauT,2021,1v1 tournament,2026,1v1 ranked,whole available replay,destination_cell_switch_fraction,9,5,2,1,0.3347141673570837,0.26838709677419353,0.3347141673570837,0.26838709677419353,0.24778200253485425,0.3859123267141251,0.21800529567519858,0.2917409387997623,-0.06632707058289017,-6.632707058289017,-19.816033216224856,decrease,Descriptive behavior; no cognitive or causal age interpretation.,same engine family; patch/map/opponent/tournament versus ranked confounds
DauT DE control,DauT,2021,1v1 tournament,2026,1v1 ranked,whole available replay,rapid_destination_repeat_fraction,9,5,2,1,0.2897091722595078,0.3196527229676401,0.2897091722595078,0.3196527229676401,0.24803297115024353,0.3394812680115274,0.2645161290322581,0.35481023830538394,0.02994355070813226,2.994355070813226,10.335727541725962,increase,Descriptive behavior; no cognitive or causal age interpretation.,same engine family; patch/map/opponent/tournament versus ranked confounds
DauT DE control,DauT,2021,1v1 tournament,2026,1v1 ranked,whole available replay,dedup_core_cpm,9,5,2,1,55.47292364461668,62.503701553157576,55.47292364461668,62.503701553157576,51.983984896702,66.40721433375185,54.256426496486064,69.16764356831585,7.030777908540898,,12.674251592692453,increase,Descriptive behavior; no cognitive or causal age interpretation.,same engine family; patch/map/opponent/tournament versus ranked confounds
DauT DE control,DauT,2021,1v1 tournament,2026,1v1 ranked,whole available replay,move_order_commands,9,5,2,1,1736.0,1268.0,1736.0,1268.0,1045.0,2670.0,1134.0,1684.0,-468.0,,-26.95852534562212,decrease,Descriptive behavior; no cognitive or causal age interpretation.,same engine family; patch/map/opponent/tournament versus ranked confounds
DauT DE control,DauT,2021,1v1 tournament,2026,1v1 ranked,whole available replay,explicit_actor_commands,9,5,2,1,657.0,565.0,657.0,565.0,408.0,1063.0,426.0,798.0,-92.0,,-14.00304414003044,decrease,Raw actor-list coverage/reuse differs: numeric contrast is not a reliable group-control trend.,same engine family; patch/map/opponent/tournament versus ranked confounds
DauT DE control,DauT,2021,1v1 tournament,2026,1v1 ranked,whole available replay,explicit_actor_coverage,9,5,2,1,0.39812734082397006,0.4116719242902208,0.39812734082397006,0.4116719242902208,0.3186544342507645,0.4246688741721854,0.3713733075435203,0.47387173396674587,0.01354458346625076,1.354458346625076,3.4020731754364557,increase,Raw actor-list coverage/reuse differs: numeric contrast is not a reliable group-control trend.,same engine family; patch/map/opponent/tournament versus ranked confounds
DauT DE control,DauT,2021,1v1 tournament,2026,1v1 ranked,whole available replay,actor_pair_count,9,5,2,1,280.0,248.0,280.0,248.0,172.0,421.0,191.0,458.0,-32.0,,-11.428571428571429,decrease,Raw actor-list coverage/reuse differs: numeric contrast is not a reliable group-control trend.,same engine family; patch/map/opponent/tournament versus ranked confounds
DauT DE control,DauT,2021,1v1 tournament,2026,1v1 ranked,whole available replay,same_actor_pair_count,9,5,2,1,4.0,45.0,4.0,45.0,1.0,9.0,30.0,177.0,41.0,,1025.0,increase,Raw actor-list coverage/reuse differs: numeric contrast is not a reliable group-control trend.,same engine family; patch/map/opponent/tournament versus ranked confounds
DauT DE control,DauT,2021,1v1 tournament,2026,1v1 ranked,whole available replay,actor_group_size_median,9,5,2,1,2.0,2.0,2.0,2.0,1.0,3.0,1.5,5.0,0.0,,0.0,unchanged,Raw actor-list coverage/reuse differs: numeric contrast is not a reliable group-control trend.,same engine family; patch/map/opponent/tournament versus ranked confounds
DauT DE control,DauT,2021,1v1 tournament,2026,1v1 ranked,whole available replay,actor_group_size_p90,9,5,2,1,9.0,8.0,9.0,8.0,3.0,12.0,6.0,30.300000000000068,-1.0,,-11.11111111111111,decrease,Raw actor-list coverage/reuse differs: numeric contrast is not a reliable group-control trend.,same engine family; patch/map/opponent/tournament versus ranked confounds
DauT DE control,DauT,2021,1v1 tournament,2026,1v1 ranked,whole available replay,actor_group_ge10_fraction,9,5,2,1,0.09331476323119778,0.05363984674329502,0.09331476323119778,0.05363984674329502,0.0,0.14873837981407703,0.004694835680751174,0.39974937343358397,-0.03967491648790276,-3.9674916487902756,-42.51729856464802,decrease,Raw actor-list coverage/reuse differs: numeric contrast is not a reliable group-control trend.,same engine family; patch/map/opponent/tournament versus ranked confounds
DauT DE control,DauT,2021,1v1 tournament,2026,1v1 ranked,whole available replay,actor_group_change_fraction,9,5,2,1,0.9895561357702349,0.8170731707317073,0.9895561357702349,0.8170731707317073,0.9678571428571429,0.996031746031746,0.6135371179039302,0.8863636363636364,-0.17248296503852767,-17.248296503852767,-17.430336572495015,decrease,Raw actor-list coverage/reuse differs: numeric contrast is not a reliable group-control trend.,same engine family; patch/map/opponent/tournament versus ranked confounds
DauT DE control,DauT,2021,1v1 tournament,2026,1v1 ranked,whole available replay,actor_overlap_jaccard_median,9,5,2,1,0.0,0.0,0.0,0.0,0.0,0.0,0.0,0.0,0.0,,,unchanged,Raw actor-list coverage/reuse differs: numeric contrast is not a reliable group-control trend.,same engine family; patch/map/opponent/tournament versus ranked confounds
DauT DE control,DauT,2021,1v1 tournament,2026,1v1 ranked,whole available replay,same_actor_gap_nominal_median_s,9,5,2,1,1.3230768782798366,0.36153844929746015,1.3230768782798366,0.36153844929746015,0.36449702907887466,2.435502876117984,0.23846153038764104,0.4807692144912218,-0.9615384289823764,,-72.6744186046464,decrease,Raw actor-list coverage/reuse differs: numeric contrast is not a reliable group-control trend.,same engine family; patch/map/opponent/tournament versus ranked confounds
DauT DE control,DauT,2021,1v1 tournament,2026,1v1 ranked,whole available replay,same_actor_recommand_under1s_fraction,9,5,2,1,0.3333333333333333,0.7708333333333334,0.3333333333333333,0.7708333333333334,0.0,1.0,0.75,0.8666666666666667,0.43750000000000006,43.75000000000001,131.25000000000003,increase,Raw actor-list coverage/reuse differs: numeric contrast is not a reliable group-control trend.,same engine family; patch/map/opponent/tournament versus ranked confounds
DauT DE control,DauT,2021,1v1 tournament,2026,1v1 ranked,whole available replay,commanded_actor_ids,9,5,2,1,230.0,77.0,230.0,77.0,45.0,588.0,56.0,252.0,-153.0,,-66.52173913043478,decrease,Raw actor-list coverage/reuse differs: numeric contrast is not a reliable group-control trend.,same engine family; patch/map/opponent/tournament versus ranked confounds
DauT DE control,DauT,2021,1v1 tournament,2026,1v1 ranked,whole available replay,valid_target_order_fraction,9,5,2,1,1.0,1.0,1.0,1.0,1.0,1.0,1.0,1.0,0.0,0.0,0.0,unchanged,Descriptive behavior; no cognitive or causal age interpretation.,same engine family; patch/map/opponent/tournament versus ranked confounds
DauT DE control,DauT,2021,1v1 tournament,2026,1v1 ranked,whole available replay,distinct_order_target_ids,9,5,2,1,172.0,106.0,172.0,106.0,81.0,249.0,73.0,157.0,-66.0,,-38.372093023255815,decrease,Descriptive behavior; no cognitive or causal age interpretation.,same engine family; patch/map/opponent/tournament versus ranked confounds
DauT DE control,DauT,2021,1v1 tournament,2026,1v1 ranked,whole available replay,distinct_building_type_ids,9,5,2,1,16.0,12.0,16.0,12.0,10.0,18.0,9.0,17.0,-4.0,,-25.0,decrease,Descriptive behavior; no cognitive or causal age interpretation.,same engine family; patch/map/opponent/tournament versus ranked confounds
DauT DE control,DauT,2021,1v1 tournament,2026,1v1 ranked,whole available replay,distinct_research_type_ids,9,5,2,1,23.0,12.0,23.0,12.0,9.0,35.0,10.0,45.0,-11.0,,-47.82608695652174,decrease,Descriptive behavior; no cognitive or causal age interpretation.,same engine family; patch/map/opponent/tournament versus ranked confounds
DauT DE control,DauT,2021,1v1 tournament,2026,1v1 ranked,whole available replay,positive_de_queue_commands,9,5,2,1,307.0,84.0,307.0,84.0,64.0,804.0,68.0,244.0,-223.0,,-72.63843648208469,decrease,Descriptive behavior; no cognitive or causal age interpretation.,same engine family; patch/map/opponent/tournament versus ranked confounds
DauT DE control,DauT,2021,1v1 tournament,2026,1v1 ranked,whole available replay,requested_queue_unit_type_ids,9,5,2,1,8.0,5.0,8.0,5.0,4.0,12.0,4.0,7.0,-3.0,,-37.5,decrease,Descriptive behavior; no cognitive or causal age interpretation.,same engine family; patch/map/opponent/tournament versus ranked confounds
DauT DE control,DauT,2021,1v1 tournament,2026,1v1 ranked,whole available replay,explicitly_commanded_production_building_ids,9,5,2,1,20.0,5.0,20.0,5.0,5.0,37.0,3.0,24.0,-15.0,,-75.0,decrease,Descriptive behavior; no cognitive or causal age interpretation.,same engine family; patch/map/opponent/tournament versus ranked confounds
DauT DE control,DauT,2021,1v1 tournament,2026,1v1 ranked,whole available replay,production_command_revisit_nominal_median_s,9,5,2,1,6.577514570196203,12.86153802606916,6.577514570196203,12.86153802606916,0.2485207016447362,11.581064696642702,5.281064909949702,15.269230252241176,6.2840234558729575,,95.53796329614985,increase,Descriptive behavior; no cognitive or causal age interpretation.,same engine family; patch/map/opponent/tournament versus ranked confounds
DauT DE control,DauT,2021,1v1 tournament,2026,1v1 ranked,whole available replay,positive_queue_amount_mean,9,5,2,1,1.006993006993007,1.04,1.006993006993007,1.04,1.0,1.1916932907348243,1.0236220472440944,1.360655737704918,0.033006993006992946,,3.277777777777771,increase,Descriptive behavior; no cognitive or causal age interpretation.,same engine family; patch/map/opponent/tournament versus ranked confounds
DauT DE control,DauT,2021,1v1 tournament,2026,1v1 ranked,whole available replay,build_commands_nominal_min,9,5,2,1,5.7499547023307,3.222532410903935,5.7499547023307,3.222532410903935,2.4624684740984533,7.093119760739096,2.6110257316312597,5.440247340495574,-2.527422291426765,,-43.9555165608921,decrease,Descriptive behavior; no cognitive or causal age interpretation.,same engine family; patch/map/opponent/tournament versus ranked confounds
DauT DE control,DauT,2021,1v1 tournament,2026,1v1 ranked,whole available replay,wall_commands_nominal_min,9,5,2,1,0.33688398964949184,0.4381407254090395,0.33688398964949184,0.4381407254090395,0.0942615524972246,1.5886893381280345,0.21475771652242362,0.8725276138204981,0.10125673575954763,,30.05685603073609,increase,Descriptive behavior; no cognitive or causal age interpretation.,same engine family; patch/map/opponent/tournament versus ranked confounds
DauT DE control,DauT,2021,1v1 tournament,2026,1v1 ranked,whole available replay,research_commands_nominal_min,9,5,2,1,1.3102230525735516,0.9306167715971689,1.3102230525735516,0.9306167715971689,0.9532136028768207,2.0327408720984783,0.6143589956779435,2.4827974439845573,-0.3796062809763827,,-28.972645553042035,decrease,Descriptive behavior; no cognitive or causal age interpretation.,same engine family; patch/map/opponent/tournament versus ranked confounds
DauT DE control,DauT,2021,1v1 tournament,2026,1v1 ranked,whole available replay,market_commands_nominal_min,9,5,2,1,0.4537921332252545,0.3286055440567796,0.4537921332252545,0.3286055440567796,0.0,1.1331658833068556,0.0,0.42951543304484724,-0.12518658916847492,,-27.586769360396662,decrease,Descriptive behavior; no cognitive or causal age interpretation.,same engine family; patch/map/opponent/tournament versus ranked confounds
DauT DE control,DauT,2021,1v1 tournament,2026,1v1 ranked,whole available replay,legacy_command_class_entropy_bits,9,5,2,1,1.2211537132801176,0.9760829648711311,1.2211537132801176,0.9760829648711311,1.019262110356348,1.343083561180027,0.866495926435659,1.2593054448208512,-0.24507074840898646,,-20.068787880168387,decrease,Descriptive behavior; no cognitive or causal age interpretation.,same engine family; patch/map/opponent/tournament versus ranked confounds
DauT DE control,DauT,2021,1v1 tournament,2026,1v1 ranked,whole available replay,legacy_switches_per_100_commands,9,5,2,1,28.7122969837587,25.249424405218726,28.7122969837587,25.249424405218726,26.630920464700626,33.28822733423545,23.12385600976205,31.14669421487603,-3.462872578539976,,-12.060590556369531,decrease,Descriptive behavior; no cognitive or causal age interpretation.,same engine family; patch/map/opponent/tournament versus ranked confounds
DauT DE control,DauT,2021,1v1 tournament,2026,1v1 ranked,whole available replay,legacy_core_silence_over5s_fraction,9,5,2,1,0.062217713066596986,0.057733990844193284,0.062217713066596986,0.057733990844193284,0.030363706440301945,0.0989787719903452,0.015243809426958882,0.0977362009801275,-0.004483722222403702,-0.4483722222403702,-7.206504388234887,decrease,Descriptive behavior; no cognitive or causal age interpretation.,same engine family; patch/map/opponent/tournament versus ranked confounds
DauT DE control,DauT,2021,1v1 tournament,2026,1v1 ranked,whole available replay,legacy_peak_10s_nominal_cpm,9,5,2,1,210.0,216.0,210.0,216.0,168.0,294.0,168.0,246.0,6.0,,2.857142857142857,increase,Descriptive behavior; no cognitive or causal age interpretation.,same engine family; patch/map/opponent/tournament versus ranked confounds
DauT DE control,DauT,2021,1v1 tournament,2026,1v1 ranked,whole available replay,legacy_move_share,9,5,2,1,0.743368700265252,0.7799401197604791,0.743368700265252,0.7799401197604791,0.6943192064923355,0.7875,0.7408363448631905,0.8297546012269938,0.03657141949522702,3.657141949522702,4.919687832185757,increase,Descriptive behavior; no cognitive or causal age interpretation.,same engine family; patch/map/opponent/tournament versus ranked confounds
DauT DE control,DauT,2021,1v1 tournament,2026,1v1 ranked,whole available replay,legacy_planning_command_share,9,5,2,1,0.11007957559681697,0.050149700598802395,0.11007957559681697,0.050149700598802395,0.05625,0.13037180106228874,0.04878048780487805,0.12287041817243159,-0.059929874998014575,-5.992987499801457,-54.44232017891927,decrease,Descriptive behavior; no cognitive or causal age interpretation.,same engine family; patch/map/opponent/tournament versus ranked confounds
DauT DE control,DauT,2021,1v1 tournament,2026,1v1 ranked,whole available replay,legacy_queue_batch_mean,9,5,2,1,1.006993006993007,1.04,1.006993006993007,1.04,1.0,1.1916932907348243,1.0236220472440944,1.360655737704918,0.033006993006992946,,3.277777777777771,increase,Descriptive behavior; no cognitive or causal age interpretation.,same engine family; patch/map/opponent/tournament versus ranked confounds
DauT DE control,DauT,2021,1v1 tournament,2026,1v1 ranked,whole available replay,legacy_queue_batch_gt1_fraction,9,5,2,1,0.006329113924050633,0.013333333333333334,0.006329113924050633,0.013333333333333334,0.0,0.051118210862619806,0.007874015748031496,0.10655737704918032,0.007004219409282701,0.7004219409282701,110.66666666666669,increase,Descriptive behavior; no cognitive or causal age interpretation.,same engine family; patch/map/opponent/tournament versus ranked confounds
DauT DE control,DauT,2021,1v1 tournament,2026,1v1 ranked,whole available replay,legacy_duration_game_min,9,5,2,1,44.89505,25.17275,44.89505,25.17275,21.275399999999998,71.71535,21.30591666666667,46.286500000000004,-19.722299999999997,,-43.92978735963096,decrease,Descriptive behavior; no cognitive or causal age interpretation.,same engine family; patch/map/opponent/tournament versus ranked confounds
DauT DE control,DauT,2021,1v1 tournament,2026,1v1 ranked,whole available replay,tatoh_cpm_0_5,0,0,0,0,,,,,,,,,,,,unavailable,Descriptive behavior; no cognitive or causal age interpretation.,same engine family; patch/map/opponent/tournament versus ranked confounds
DauT DE control,DauT,2021,1v1 tournament,2026,1v1 ranked,whole available replay,tatoh_cpm_5_10,0,0,0,0,,,,,,,,,,,,unavailable,Descriptive behavior; no cognitive or causal age interpretation.,same engine family; patch/map/opponent/tournament versus ranked confounds
DauT DE control,DauT,2021,1v1 tournament,2026,1v1 ranked,whole available replay,tatoh_cpm_10_15,0,0,0,0,,,,,,,,,,,,unavailable,Descriptive behavior; no cognitive or causal age interpretation.,same engine family; patch/map/opponent/tournament versus ranked confounds
DauT DE control,DauT,2021,1v1 tournament,2026,1v1 ranked,whole available replay,tatoh_cpm_15_20,0,0,0,0,,,,,,,,,,,,unavailable,Descriptive behavior; no cognitive or causal age interpretation.,same engine family; patch/map/opponent/tournament versus ranked confounds
DauT DE control,DauT,2021,1v1 tournament,2026,1v1 ranked,whole available replay,tatoh_cpm_10_20,0,0,0,0,,,,,,,,,,,,unavailable,Descriptive behavior; no cognitive or causal age interpretation.,same engine family; patch/map/opponent/tournament versus ranked confounds
DauT DE control,DauT,2021,1v1 tournament,2026,1v1 ranked,whole available replay,tatoh_reclick_open,0,0,0,0,,,,,,,,,,,,unavailable,Descriptive behavior; no cognitive or causal age interpretation.,same engine family; patch/map/opponent/tournament versus ranked confounds
DauT DE control,DauT,2021,1v1 tournament,2026,1v1 ranked,whole available replay,tatoh_dedup_open_cpm,0,0,0,0,,,,,,,,,,,,unavailable,Descriptive behavior; no cognitive or causal age interpretation.,same engine family; patch/map/opponent/tournament versus ranked confounds
DauT DE control,DauT,2021,1v1 tournament,2026,1v1 ranked,whole available replay,tatoh_reclick_whole,0,0,0,0,,,,,,,,,,,,unavailable,Descriptive behavior; no cognitive or causal age interpretation.,same engine family; patch/map/opponent/tournament versus ranked confounds
DauT DE control,DauT,2021,1v1 tournament,2026,1v1 ranked,whole available replay,tatoh_dedup_whole_cpm,0,0,0,0,,,,,,,,,,,,unavailable,Descriptive behavior; no cognitive or causal age interpretation.,same engine family; patch/map/opponent/tournament versus ranked confounds
DauT DE control,DauT,2021,1v1 tournament,2026,1v1 ranked,whole available replay,tatoh_gap_p50_open,0,0,0,0,,,,,,,,,,,,unavailable,Descriptive behavior; no cognitive or causal age interpretation.,same engine family; patch/map/opponent/tournament versus ranked confounds
DauT DE control,DauT,2021,1v1 tournament,2026,1v1 ranked,whole available replay,tatoh_gap_p90_open,0,0,0,0,,,,,,,,,,,,unavailable,Descriptive behavior; no cognitive or causal age interpretation.,same engine family; patch/map/opponent/tournament versus ranked confounds
DauT DE control,DauT,2021,1v1 tournament,2026,1v1 ranked,whole available replay,tatoh_gap_p99_open,0,0,0,0,,,,,,,,,,,,unavailable,Descriptive behavior; no cognitive or causal age interpretation.,same engine family; patch/map/opponent/tournament versus ranked confounds
DauT DE control,DauT,2021,1v1 tournament,2026,1v1 ranked,whole available replay,tatoh_gap_p99_10_20,0,0,0,0,,,,,,,,,,,,unavailable,Descriptive behavior; no cognitive or causal age interpretation.,same engine family; patch/map/opponent/tournament versus ranked confounds
DauT DE control,DauT,2021,1v1 tournament,2026,1v1 ranked,whole available replay,feudal_request_game_s,9,5,2,1,479.649,403.702,479.649,403.702,384.526,675.823,385.424,471.594,-75.947,,-15.83387018423889,decrease,Age-up request timing depends strongly on start-age and tournament settings.,same engine family; patch/map/opponent/tournament versus ranked confounds
DauT DE control,DauT,2021,1v1 tournament,2026,1v1 ranked,whole available replay,castle_request_game_s,9,5,2,1,1094.432,1210.105,1094.432,1210.105,761.076,1218.31,751.289,1245.049,115.673,,10.569226776994824,increase,Age-up request timing depends strongly on start-age and tournament settings.,same engine family; patch/map/opponent/tournament versus ranked confounds
DauT DE control,DauT,2021,1v1 tournament,2026,1v1 ranked,whole available replay,imperial_request_game_s,6,1,2,1,2165.612,1929.005,2138.3175,1929.005,1622.077,2406.068,1929.005,1929.005,-236.60699999999997,,-10.925641342955245,decrease,Age-up request timing depends strongly on start-age and tournament settings.,same engine family; patch/map/opponent/tournament versus ranked confounds
TheViper DE control,TheViper,2021,1v1 tournament,2026,1v1 ranked,first 10 game minutes,all_recorded_cpm,5,5,2,1,117.03250396251678,138.24200468063353,128.60900435447692,138.24200468063353,103.25900349617004,145.5090049266815,115.59600391387939,142.1290048122406,21.209500718116743,,18.122743682310453,increase,Descriptive behavior; no cognitive or causal age interpretation.,same engine family; patch/map/opponent/tournament versus ranked confounds
TheViper DE control,TheViper,2021,1v1 tournament,2026,1v1 ranked,first 10 game minutes,core_cpm,5,5,2,1,111.37100377082825,102.7520034790039,122.18700413703918,102.7520034790039,96.4990032672882,138.74900469779965,89.57000303268433,109.17400369644164,-8.61900029182435,,-7.738998482549324,decrease,Descriptive behavior; no cognitive or causal age interpretation.,same engine family; patch/map/opponent/tournament versus ranked confounds
TheViper DE control,TheViper,2021,1v1 tournament,2026,1v1 ranked,first 10 game minutes,noncore_action_fraction,5,5,2,1,0.046474358974358976,0.2318668252080856,0.046474358974358976,0.2318668252080856,0.04438964241676942,0.06546644844517185,0.22514619883040934,0.2567237163814181,0.18539246623372663,18.539246623372662,398.9134445856738,increase,Descriptive behavior; no cognitive or causal age interpretation.,same engine family; patch/map/opponent/tournament versus ranked confounds
TheViper DE control,TheViper,2021,1v1 tournament,2026,1v1 ranked,first 10 game minutes,first_core_command_nominal_s,5,5,2,1,0.9230768918231459,0.7999999729133932,0.9230768918231459,0.7999999729133932,0.36923075672925837,1.0461538107328987,0.6769230540036403,1.415384567462157,-0.1230769189097527,,-13.333333333333325,decrease,Descriptive behavior; no cognitive or causal age interpretation.,same engine family; patch/map/opponent/tournament versus ranked confounds
TheViper DE control,TheViper,2021,1v1 tournament,2026,1v1 ranked,first 10 game minutes,core_gap_p10_s,5,5,2,1,0.11627218541235607,0.11538461147790713,0.11538461147790713,0.11538461147790713,0.11183431574011138,0.11834319125937043,0.11538461147790713,0.11538461147790713,-0.0008875739344489375,,-0.7633587786289397,decrease,Descriptive behavior; no cognitive or causal age interpretation.,same engine family; patch/map/opponent/tournament versus ranked confounds
TheViper DE control,TheViper,2021,1v1 tournament,2026,1v1 ranked,first 10 game minutes,core_gap_p50_s,5,5,2,1,0.2426035420817172,0.2461538378195054,0.23668638251875507,0.2461538378195054,0.23609466656245104,0.2514792814262137,0.23846153038766715,0.35384614186553165,0.0035502957377882005,,1.4634146341492158,increase,Descriptive behavior; no cognitive or causal age interpretation.,same engine family; patch/map/opponent/tournament versus ranked confounds
TheViper DE control,TheViper,2021,1v1 tournament,2026,1v1 ranked,first 10 game minutes,core_gap_p90_s,5,5,2,1,1.3249111977443722,1.4384614897577421,1.2177514380589969,1.4384614897577421,1.0886390163950237,1.703431894987483,1.403846106314364,1.561538408667488,0.11355029201336997,,8.57040775311481,increase,Descriptive behavior; no cognitive or causal age interpretation.,same engine family; patch/map/opponent/tournament versus ranked confounds
TheViper DE control,TheViper,2021,1v1 tournament,2026,1v1 ranked,first 10 game minutes,core_gap_p99_s,5,5,2,1,3.551757276193376,3.5035383429147515,3.4620708886974714,3.5035383429147515,2.5397395589792406,4.117490984849259,3.0076922058570847,4.367384467512573,-0.048218933278624476,,-1.3576077847950099,decrease,Descriptive behavior; no cognitive or causal age interpretation.,same engine family; patch/map/opponent/tournament versus ranked confounds
TheViper DE control,TheViper,2021,1v1 tournament,2026,1v1 ranked,first 10 game minutes,core_gap_max_s,5,5,2,1,7.249112180593187,5.89230749280442,7.249112180593187,5.89230749280442,4.733727650375101,12.203549882667033,5.530769043507007,12.623076495681516,-1.3568046877887667,,-18.716839441678236,decrease,Descriptive behavior; no cognitive or causal age interpretation.,same engine family; patch/map/opponent/tournament versus ranked confounds
TheViper DE control,TheViper,2021,1v1 tournament,2026,1v1 ranked,first 10 game minutes,simultaneous_core_gap_fraction,5,5,2,1,0.015235457063711912,0.00322061191626409,0.015235457063711912,0.00322061191626409,0.008417508417508417,0.01929824561403509,0.0015503875968992248,0.003418803418803419,-0.012014845147447821,-1.2014845147447821,-78.86107451324843,decrease,Descriptive behavior; no cognitive or causal age interpretation.,same engine family; patch/map/opponent/tournament versus ranked confounds
TheViper DE control,TheViper,2021,1v1 tournament,2026,1v1 ranked,first 10 game minutes,core_gap_cv,5,5,2,1,1.3675228134454667,1.3400175902350195,1.3675228134454667,1.3400175902350195,1.2022105645356667,1.5478489507125666,1.222205567633116,1.7023165205035504,-0.027505223210447127,,-2.0113173206337858,decrease,Descriptive behavior; no cognitive or causal age interpretation.,same engine family; patch/map/opponent/tournament versus ranked confounds
TheViper DE control,TheViper,2021,1v1 tournament,2026,1v1 ranked,first 10 game minutes,core_gap_burstiness,5,5,2,1,0.15523517296570802,0.14530557020337184,0.15523517296570802,0.14530557020337184,0.09182163040721882,0.21502410908595956,0.09999325484086,0.2598942482032714,-0.009929602762336176,,-6.396490288015887,decrease,Descriptive behavior; no cognitive or causal age interpretation.,same engine family; patch/map/opponent/tournament versus ranked confounds
TheViper DE control,TheViper,2021,1v1 tournament,2026,1v1 ranked,first 10 game minutes,command_silence_ge5s_time_fraction,5,5,2,1,0.036366666666666644,0.03148166666666669,0.036366666666666644,0.03148166666666669,0.0,0.055665000000000006,0.015578333333333309,0.1181483333333336,-0.004884999999999952,-0.48849999999999516,-13.432630614115364,decrease,Descriptive behavior; no cognitive or causal age interpretation.,same engine family; patch/map/opponent/tournament versus ranked confounds
TheViper DE control,TheViper,2021,1v1 tournament,2026,1v1 ranked,first 10 game minutes,command_silence_ge10s_time_fraction,5,5,2,1,0.0,0.0,0.0,0.0,0.0,0.03437333333333335,0.0,0.09581000000000023,0.0,0.0,,unchanged,Descriptive behavior; no cognitive or causal age interpretation.,same engine family; patch/map/opponent/tournament versus ranked confounds
TheViper DE control,TheViper,2021,1v1 tournament,2026,1v1 ranked,first 10 game minutes,core_count_5s_cv,5,5,2,1,0.46517595930605155,0.48358888606938766,0.46517595930605155,0.48358888606938766,0.41718262391763006,0.4907417563077091,0.3981214544844018,0.6348937451571952,0.018412926763336113,,3.9582713583918814,increase,Descriptive behavior; no cognitive or causal age interpretation.,same engine family; patch/map/opponent/tournament versus ranked confounds
TheViper DE control,TheViper,2021,1v1 tournament,2026,1v1 ranked,first 10 game minutes,peak_5s_nominal_cpm,5,5,2,1,270.0,228.0,300.0,228.0,228.0,2028.8243094965098,192.0,300.0,-42.0,,-15.555555555555555,decrease,Descriptive behavior; no cognitive or causal age interpretation.,same engine family; patch/map/opponent/tournament versus ranked confounds
TheViper DE control,TheViper,2021,1v1 tournament,2026,1v1 ranked,first 10 game minutes,empty_5s_bin_fraction,5,5,2,1,0.020833333333333332,0.027777777777777776,0.027777777777777776,0.027777777777777776,0.013888888888888888,0.027777777777777776,0.013888888888888888,0.06944444444444445,0.006944444444444444,0.6944444444444444,33.33333333333333,increase,Descriptive behavior; no cognitive or causal age interpretation.,same engine family; patch/map/opponent/tournament versus ranked confounds
TheViper DE control,TheViper,2021,1v1 tournament,2026,1v1 ranked,first 10 game minutes,core_type_entropy_bits,5,5,2,1,0.9468034769678184,0.9085376747656781,0.9468034769678184,0.9085376747656781,0.8524355560231484,1.1049023947909347,0.7737497726450292,0.9308836220394006,-0.038265802202140264,,-4.041578123972279,decrease,Descriptive behavior; no cognitive or causal age interpretation.,same engine family; patch/map/opponent/tournament versus ranked confounds
TheViper DE control,TheViper,2021,1v1 tournament,2026,1v1 ranked,first 10 game minutes,core_category_entropy_bits,5,5,2,1,0.9327019558980743,0.8727601370106097,0.9327019558980743,0.8727601370106097,0.8268988481979715,1.0902855358141388,0.7737497726450292,0.9133196978523472,-0.059941818887464526,,-6.426685235129385,decrease,Descriptive behavior; no cognitive or causal age interpretation.,same engine family; patch/map/opponent/tournament versus ranked confounds
TheViper DE control,TheViper,2021,1v1 tournament,2026,1v1 ranked,first 10 game minutes,core_type_transition_entropy_bits,5,5,2,1,0.7450165862447751,0.7358425631077645,0.7274400983246997,0.7358425631077645,0.5806752681964349,0.9205015949797725,0.6421697107683142,0.7921226751568387,-0.009174023137010545,,-1.2313850867739502,decrease,Descriptive behavior; no cognitive or causal age interpretation.,same engine family; patch/map/opponent/tournament versus ranked confounds
TheViper DE control,TheViper,2021,1v1 tournament,2026,1v1 ranked,first 10 game minutes,core_type_switch_fraction,5,5,2,1,0.193859649122807,0.2124031007751938,0.18421052631578946,0.2124031007751938,0.1353658536585366,0.25084175084175087,0.1706924315619968,0.23440453686200377,0.0185434516523868,1.85434516523868,9.565400399873734,increase,Descriptive behavior; no cognitive or causal age interpretation.,same engine family; patch/map/opponent/tournament versus ranked confounds
TheViper DE control,TheViper,2021,1v1 tournament,2026,1v1 ranked,first 10 game minutes,core_category_switch_fraction,5,5,2,1,0.193859649122807,0.21087314662273476,0.18421052631578946,0.21087314662273476,0.1353658536585366,0.25084175084175087,0.1706924315619968,0.23440453686200377,0.017013497499927754,1.7013497499927754,8.776193280505721,increase,Descriptive behavior; no cognitive or causal age interpretation.,same engine family; patch/map/opponent/tournament versus ranked confounds
TheViper DE control,TheViper,2021,1v1 tournament,2026,1v1 ranked,first 10 game minutes,core_same_type_triplet_fraction,5,5,2,1,0.6792728318655256,0.687888198757764,0.6907073509015257,0.687888198757764,0.5902192242833052,0.7606837606837606,0.6325757575757576,0.714516129032258,0.008615366892238407,0.8615366892238407,1.2683220184999209,increase,Descriptive behavior; no cognitive or causal age interpretation.,same engine family; patch/map/opponent/tournament versus ranked confounds
TheViper DE control,TheViper,2021,1v1 tournament,2026,1v1 ranked,first 10 game minutes,coordinate_coverage,5,5,2,1,1.0,1.0,1.0,1.0,1.0,1.0,1.0,1.0,0.0,0.0,0.0,unchanged,Descriptive behavior; no cognitive or causal age interpretation.,same engine family; patch/map/opponent/tournament versus ranked confounds
TheViper DE control,TheViper,2021,1v1 tournament,2026,1v1 ranked,first 10 game minutes,destination_jump_diagonal_p50,5,5,2,1,0.017353511802802497,0.0143399854517691,0.017353511802802497,0.0143399854517691,0.013868226110432515,0.02186470802293497,0.011760472313780843,0.017547797042244285,-0.003013526351033396,,-17.365513017063947,decrease,Descriptive behavior; no cognitive or causal age interpretation.,same engine family; patch/map/opponent/tournament versus ranked confounds
TheViper DE control,TheViper,2021,1v1 tournament,2026,1v1 ranked,first 10 game minutes,destination_jump_diagonal_p90,5,5,2,1,0.22952270802668437,0.15882819381922478,0.22952270802668437,0.15882819381922478,0.20740475075748613,0.3119241088758566,0.12365598708817921,0.2457928099552373,-0.07069451420745959,,-30.80066230276467,decrease,Descriptive behavior; no cognitive or causal age interpretation.,same engine family; patch/map/opponent/tournament versus ranked confounds
TheViper DE control,TheViper,2021,1v1 tournament,2026,1v1 ranked,first 10 game minutes,destination_jump_ge_quarter_fraction,5,5,2,1,0.09345794392523364,0.04452054794520548,0.09345794392523364,0.04452054794520548,0.05415162454873646,0.12852112676056338,0.023255813953488372,0.09752066115702479,-0.048937395980028164,-4.893739598002816,-52.363013698630134,decrease,Descriptive behavior; no cognitive or causal age interpretation.,same engine family; patch/map/opponent/tournament versus ranked confounds
TheViper DE control,TheViper,2021,1v1 tournament,2026,1v1 ranked,first 10 game minutes,destination_entropy_4x4_bits,5,5,2,1,2.8419782668958598,2.4781771224988574,3.041017008090375,2.4781771224988574,2.261800555964132,3.296889792268174,1.7060904761990687,3.246229445850566,-0.3638011443970024,,-12.80098263363438,decrease,Descriptive behavior; no cognitive or causal age interpretation.,same engine family; patch/map/opponent/tournament versus ranked confounds
TheViper DE control,TheViper,2021,1v1 tournament,2026,1v1 ranked,first 10 game minutes,destination_cell_switch_fraction,5,5,2,1,0.29422382671480146,0.26334519572953735,0.29422382671480146,0.26334519572953735,0.26801517067003794,0.3314121037463977,0.1937984496124031,0.2991735537190083,-0.03087863098526411,-3.087863098526411,-10.494945745911851,decrease,Descriptive behavior; no cognitive or causal age interpretation.,same engine family; patch/map/opponent/tournament versus ranked confounds
TheViper DE control,TheViper,2021,1v1 tournament,2026,1v1 ranked,first 10 game minutes,rapid_destination_repeat_fraction,5,5,2,1,0.415929203539823,0.4258064516129032,0.415929203539823,0.4258064516129032,0.3609154929577465,0.4325767690253672,0.39173553719008264,0.437984496124031,0.009877248073080214,0.9877248073080214,2.3747426218256686,increase,Descriptive behavior; no cognitive or causal age interpretation.,same engine family; patch/map/opponent/tournament versus ranked confounds
TheViper DE control,TheViper,2021,1v1 tournament,2026,1v1 ranked,first 10 game minutes,dedup_core_cpm,5,5,2,1,71.0645024061203,63.20600214004516,76.2190025806427,63.20600214004516,56.27700190544128,83.14800281524657,51.37600173950195,65.06500220298767,-7.85850026607514,,-11.058263971462553,decrease,Descriptive behavior; no cognitive or causal age interpretation.,same engine family; patch/map/opponent/tournament versus ranked confounds
TheViper DE control,TheViper,2021,1v1 tournament,2026,1v1 ranked,first 10 game minutes,move_order_commands,5,5,2,1,632.0,585.0,695.0,585.0,555.0,792.0,517.0,621.0,-47.0,,-7.436708860759493,decrease,Descriptive behavior; no cognitive or causal age interpretation.,same engine family; patch/map/opponent/tournament versus ranked confounds
TheViper DE control,TheViper,2021,1v1 tournament,2026,1v1 ranked,first 10 game minutes,explicit_actor_commands,5,5,2,1,191.5,197.0,203.0,197.0,179.0,206.0,169.0,230.0,5.5,,2.8720626631853787,increase,Raw actor-list coverage/reuse differs: numeric contrast is not a reliable group-control trend.,same engine family; patch/map/opponent/tournament versus ranked confounds
TheViper DE control,TheViper,2021,1v1 tournament,2026,1v1 ranked,first 10 game minutes,explicit_actor_coverage,5,5,2,1,0.30565424637442945,0.34991119005328597,0.2949640287769784,0.34991119005328597,0.2601010101010101,0.3225225225225225,0.27887788778877887,0.39316239316239315,0.04425694367885652,4.425694367885652,14.479413979624981,increase,Raw actor-list coverage/reuse differs: numeric contrast is not a reliable group-control trend.,same engine family; patch/map/opponent/tournament versus ranked confounds
TheViper DE control,TheViper,2021,1v1 tournament,2026,1v1 ranked,first 10 game minutes,actor_pair_count,5,5,2,1,45.0,103.0,45.0,103.0,45.0,57.0,78.0,117.0,58.0,,128.88888888888889,increase,Raw actor-list coverage/reuse differs: numeric contrast is not a reliable group-control trend.,same engine family; patch/map/opponent/tournament versus ranked confounds
TheViper DE control,TheViper,2021,1v1 tournament,2026,1v1 ranked,first 10 game minutes,same_actor_pair_count,5,5,2,1,0.0,18.0,0.0,18.0,0.0,0.0,13.0,29.0,18.0,,,increase,Raw actor-list coverage/reuse differs: numeric contrast is not a reliable group-control trend.,same engine family; patch/map/opponent/tournament versus ranked confounds
TheViper DE control,TheViper,2021,1v1 tournament,2026,1v1 ranked,first 10 game minutes,actor_group_size_median,5,5,2,1,1.0,1.0,1.0,1.0,1.0,1.0,1.0,1.0,0.0,,0.0,unchanged,Raw actor-list coverage/reuse differs: numeric contrast is not a reliable group-control trend.,same engine family; patch/map/opponent/tournament versus ranked confounds
TheViper DE control,TheViper,2021,1v1 tournament,2026,1v1 ranked,first 10 game minutes,actor_group_size_p90,5,5,2,1,3.0,4.0,3.0,4.0,2.0,4.0,3.0,7.0,1.0,,33.33333333333333,increase,Raw actor-list coverage/reuse differs: numeric contrast is not a reliable group-control trend.,same engine family; patch/map/opponent/tournament versus ranked confounds
TheViper DE control,TheViper,2021,1v1 tournament,2026,1v1 ranked,first 10 game minutes,actor_group_ge10_fraction,5,5,2,1,0.0,0.004347826086956522,0.0,0.004347826086956522,0.0,0.0,0.0,0.026455026455026454,0.004347826086956522,0.43478260869565216,,increase,Raw actor-list coverage/reuse differs: numeric contrast is not a reliable group-control trend.,same engine family; patch/map/opponent/tournament versus ranked confounds
TheViper DE control,TheViper,2021,1v1 tournament,2026,1v1 ranked,first 10 game minutes,actor_group_change_fraction,5,5,2,1,1.0,0.8461538461538461,1.0,0.8461538461538461,1.0,1.0,0.6813186813186813,0.8737864077669902,-0.15384615384615385,-15.384615384615385,-15.384615384615385,decrease,Raw actor-list coverage/reuse differs: numeric contrast is not a reliable group-control trend.,same engine family; patch/map/opponent/tournament versus ranked confounds
TheViper DE control,TheViper,2021,1v1 tournament,2026,1v1 ranked,first 10 game minutes,actor_overlap_jaccard_median,5,5,2,1,0.0,0.0,0.0,0.0,0.0,0.0,0.0,0.0,0.0,,,unchanged,Raw actor-list coverage/reuse differs: numeric contrast is not a reliable group-control trend.,same engine family; patch/map/opponent/tournament versus ranked confounds
TheViper DE control,TheViper,2021,1v1 tournament,2026,1v1 ranked,first 10 game minutes,same_actor_gap_nominal_median_s,0,5,0,1,,0.23846153038765786,,0.23846153038765786,,,0.23846153038765786,0.36153844929739287,,,,unavailable,Raw actor-list coverage/reuse differs: numeric contrast is not a reliable group-control trend.,same engine family; patch/map/opponent/tournament versus ranked confounds
TheViper DE control,TheViper,2021,1v1 tournament,2026,1v1 ranked,first 10 game minutes,same_actor_recommand_under1s_fraction,0,5,0,1,,1.0,,1.0,,,0.9444444444444444,1.0,,,,unavailable,Raw actor-list coverage/reuse differs: numeric contrast is not a reliable group-control trend.,same engine family; patch/map/opponent/tournament versus ranked confounds
TheViper DE control,TheViper,2021,1v1 tournament,2026,1v1 ranked,first 10 game minutes,commanded_actor_ids,5,5,2,1,34.0,29.0,34.0,29.0,30.0,38.0,26.0,32.0,-5.0,,-14.705882352941178,decrease,Raw actor-list coverage/reuse differs: numeric contrast is not a reliable group-control trend.,same engine family; patch/map/opponent/tournament versus ranked confounds
TheViper DE control,TheViper,2021,1v1 tournament,2026,1v1 ranked,first 10 game minutes,valid_target_order_fraction,5,5,2,1,1.0,1.0,1.0,1.0,1.0,1.0,1.0,1.0,0.0,0.0,0.0,unchanged,Descriptive behavior; no cognitive or causal age interpretation.,same engine family; patch/map/opponent/tournament versus ranked confounds
TheViper DE control,TheViper,2021,1v1 tournament,2026,1v1 ranked,first 10 game minutes,distinct_order_target_ids,5,5,2,1,42.0,32.0,42.0,32.0,32.0,44.0,24.0,39.0,-10.0,,-23.809523809523807,decrease,Descriptive behavior; no cognitive or causal age interpretation.,same engine family; patch/map/opponent/tournament versus ranked confounds
TheViper DE control,TheViper,2021,1v1 tournament,2026,1v1 ranked,first 10 game minutes,distinct_building_type_ids,5,5,2,1,5.0,5.0,5.0,5.0,4.0,5.0,5.0,6.0,0.0,,0.0,unchanged,Descriptive behavior; no cognitive or causal age interpretation.,same engine family; patch/map/opponent/tournament versus ranked confounds
TheViper DE control,TheViper,2021,1v1 tournament,2026,1v1 ranked,first 10 game minutes,distinct_research_type_ids,5,5,2,1,2.0,2.0,2.0,2.0,1.0,4.0,2.0,3.0,0.0,,0.0,unchanged,Descriptive behavior; no cognitive or causal age interpretation.,same engine family; patch/map/opponent/tournament versus ranked confounds
TheViper DE control,TheViper,2021,1v1 tournament,2026,1v1 ranked,first 10 game minutes,positive_de_queue_commands,5,5,2,1,33.0,23.0,33.0,23.0,28.0,40.0,20.0,27.0,-10.0,,-30.303030303030305,decrease,Descriptive behavior; no cognitive or causal age interpretation.,same engine family; patch/map/opponent/tournament versus ranked confounds
TheViper DE control,TheViper,2021,1v1 tournament,2026,1v1 ranked,first 10 game minutes,requested_queue_unit_type_ids,5,5,2,1,3.0,2.0,3.0,2.0,2.0,3.0,1.0,3.0,-1.0,,-33.33333333333333,decrease,Descriptive behavior; no cognitive or causal age interpretation.,same engine family; patch/map/opponent/tournament versus ranked confounds
TheViper DE control,TheViper,2021,1v1 tournament,2026,1v1 ranked,first 10 game minutes,explicitly_commanded_production_building_ids,5,5,2,1,2.0,2.0,2.0,2.0,2.0,3.0,1.0,2.0,0.0,,0.0,unchanged,Descriptive behavior; no cognitive or causal age interpretation.,same engine family; patch/map/opponent/tournament versus ranked confounds
TheViper DE control,TheViper,2021,1v1 tournament,2026,1v1 ranked,first 10 game minutes,production_command_revisit_nominal_median_s,5,5,2,1,13.794082373193069,14.423076434736656,13.794082373193069,14.423076434736656,8.676922783137572,14.48165631441004,10.57692271880688,16.403845598440498,0.6289940615435867,,4.559883321894261,increase,Descriptive behavior; no cognitive or causal age interpretation.,same engine family; patch/map/opponent/tournament versus ranked confounds
TheViper DE control,TheViper,2021,1v1 tournament,2026,1v1 ranked,first 10 game minutes,positive_queue_amount_mean,5,5,2,1,1.0,1.0,1.0,1.0,1.0,1.103448275862069,1.0,1.0,0.0,,0.0,unchanged,Descriptive behavior; no cognitive or causal age interpretation.,same engine family; patch/map/opponent/tournament versus ranked confounds
TheViper DE control,TheViper,2021,1v1 tournament,2026,1v1 ranked,first 10 game minutes,build_commands_nominal_min,5,5,2,1,1.8590000629425047,1.8590000629425047,1.8590000629425047,1.8590000629425047,1.6900000572204588,2.704000091552734,1.6900000572204588,2.1970000743865965,0.0,,0.0,unchanged,Descriptive behavior; no cognitive or causal age interpretation.,same engine family; patch/map/opponent/tournament versus ranked confounds
TheViper DE control,TheViper,2021,1v1 tournament,2026,1v1 ranked,first 10 game minutes,wall_commands_nominal_min,5,5,2,1,0.6760000228881835,0.6760000228881835,1.0140000343322753,0.6760000228881835,0.33800001144409175,1.8590000629425047,0.0,1.8590000629425047,0.0,,0.0,unchanged,Descriptive behavior; no cognitive or causal age interpretation.,same engine family; patch/map/opponent/tournament versus ranked confounds
TheViper DE control,TheViper,2021,1v1 tournament,2026,1v1 ranked,first 10 game minutes,research_commands_nominal_min,5,5,2,1,0.5070000171661376,0.33800001144409175,0.5070000171661376,0.33800001144409175,0.33800001144409175,0.8450000286102294,0.33800001144409175,0.8450000286102294,-0.16900000572204588,,-33.33333333333333,decrease,Descriptive behavior; no cognitive or causal age interpretation.,same engine family; patch/map/opponent/tournament versus ranked confounds
TheViper DE control,TheViper,2021,1v1 tournament,2026,1v1 ranked,first 10 game minutes,market_commands_nominal_min,5,5,2,1,0.0,0.0,0.0,0.0,0.0,0.0,0.0,0.0,0.0,,,unchanged,Descriptive behavior; no cognitive or causal age interpretation.,same engine family; patch/map/opponent/tournament versus ranked confounds
TheViper DE control,TheViper,2021,1v1 tournament,2026,1v1 ranked,first 10 game minutes,legacy_command_class_entropy_bits,0,0,0,0,,,,,,,,,,,,unavailable,Descriptive behavior; no cognitive or causal age interpretation.,same engine family; patch/map/opponent/tournament versus ranked confounds
TheViper DE control,TheViper,2021,1v1 tournament,2026,1v1 ranked,first 10 game minutes,legacy_switches_per_100_commands,0,0,0,0,,,,,,,,,,,,unavailable,Descriptive behavior; no cognitive or causal age interpretation.,same engine family; patch/map/opponent/tournament versus ranked confounds
TheViper DE control,TheViper,2021,1v1 tournament,2026,1v1 ranked,first 10 game minutes,legacy_core_silence_over5s_fraction,0,0,0,0,,,,,,,,,,,,unavailable,Descriptive behavior; no cognitive or causal age interpretation.,same engine family; patch/map/opponent/tournament versus ranked confounds
TheViper DE control,TheViper,2021,1v1 tournament,2026,1v1 ranked,first 10 game minutes,legacy_peak_10s_nominal_cpm,0,0,0,0,,,,,,,,,,,,unavailable,Descriptive behavior; no cognitive or causal age interpretation.,same engine family; patch/map/opponent/tournament versus ranked confounds
TheViper DE control,TheViper,2021,1v1 tournament,2026,1v1 ranked,first 10 game minutes,legacy_move_share,0,0,0,0,,,,,,,,,,,,unavailable,Descriptive behavior; no cognitive or causal age interpretation.,same engine family; patch/map/opponent/tournament versus ranked confounds
TheViper DE control,TheViper,2021,1v1 tournament,2026,1v1 ranked,first 10 game minutes,legacy_planning_command_share,0,0,0,0,,,,,,,,,,,,unavailable,Descriptive behavior; no cognitive or causal age interpretation.,same engine family; patch/map/opponent/tournament versus ranked confounds
TheViper DE control,TheViper,2021,1v1 tournament,2026,1v1 ranked,first 10 game minutes,legacy_queue_batch_mean,0,0,0,0,,,,,,,,,,,,unavailable,Descriptive behavior; no cognitive or causal age interpretation.,same engine family; patch/map/opponent/tournament versus ranked confounds
TheViper DE control,TheViper,2021,1v1 tournament,2026,1v1 ranked,first 10 game minutes,legacy_queue_batch_gt1_fraction,0,0,0,0,,,,,,,,,,,,unavailable,Descriptive behavior; no cognitive or causal age interpretation.,same engine family; patch/map/opponent/tournament versus ranked confounds
TheViper DE control,TheViper,2021,1v1 tournament,2026,1v1 ranked,first 10 game minutes,legacy_duration_game_min,0,0,0,0,,,,,,,,,,,,unavailable,Descriptive behavior; no cognitive or causal age interpretation.,same engine family; patch/map/opponent/tournament versus ranked confounds
TheViper DE control,TheViper,2021,1v1 tournament,2026,1v1 ranked,first 10 game minutes,tatoh_cpm_0_5,0,0,0,0,,,,,,,,,,,,unavailable,Descriptive behavior; no cognitive or causal age interpretation.,same engine family; patch/map/opponent/tournament versus ranked confounds
TheViper DE control,TheViper,2021,1v1 tournament,2026,1v1 ranked,first 10 game minutes,tatoh_cpm_5_10,0,0,0,0,,,,,,,,,,,,unavailable,Descriptive behavior; no cognitive or causal age interpretation.,same engine family; patch/map/opponent/tournament versus ranked confounds
TheViper DE control,TheViper,2021,1v1 tournament,2026,1v1 ranked,first 10 game minutes,tatoh_cpm_10_15,0,0,0,0,,,,,,,,,,,,unavailable,Descriptive behavior; no cognitive or causal age interpretation.,same engine family; patch/map/opponent/tournament versus ranked confounds
TheViper DE control,TheViper,2021,1v1 tournament,2026,1v1 ranked,first 10 game minutes,tatoh_cpm_15_20,0,0,0,0,,,,,,,,,,,,unavailable,Descriptive behavior; no cognitive or causal age interpretation.,same engine family; patch/map/opponent/tournament versus ranked confounds
TheViper DE control,TheViper,2021,1v1 tournament,2026,1v1 ranked,first 10 game minutes,tatoh_cpm_10_20,0,0,0,0,,,,,,,,,,,,unavailable,Descriptive behavior; no cognitive or causal age interpretation.,same engine family; patch/map/opponent/tournament versus ranked confounds
TheViper DE control,TheViper,2021,1v1 tournament,2026,1v1 ranked,first 10 game minutes,tatoh_reclick_open,0,0,0,0,,,,,,,,,,,,unavailable,Descriptive behavior; no cognitive or causal age interpretation.,same engine family; patch/map/opponent/tournament versus ranked confounds
TheViper DE control,TheViper,2021,1v1 tournament,2026,1v1 ranked,first 10 game minutes,tatoh_dedup_open_cpm,0,0,0,0,,,,,,,,,,,,unavailable,Descriptive behavior; no cognitive or causal age interpretation.,same engine family; patch/map/opponent/tournament versus ranked confounds
TheViper DE control,TheViper,2021,1v1 tournament,2026,1v1 ranked,first 10 game minutes,tatoh_reclick_whole,0,0,0,0,,,,,,,,,,,,unavailable,Descriptive behavior; no cognitive or causal age interpretation.,same engine family; patch/map/opponent/tournament versus ranked confounds
TheViper DE control,TheViper,2021,1v1 tournament,2026,1v1 ranked,first 10 game minutes,tatoh_dedup_whole_cpm,0,0,0,0,,,,,,,,,,,,unavailable,Descriptive behavior; no cognitive or causal age interpretation.,same engine family; patch/map/opponent/tournament versus ranked confounds
TheViper DE control,TheViper,2021,1v1 tournament,2026,1v1 ranked,first 10 game minutes,tatoh_gap_p50_open,0,0,0,0,,,,,,,,,,,,unavailable,Descriptive behavior; no cognitive or causal age interpretation.,same engine family; patch/map/opponent/tournament versus ranked confounds
TheViper DE control,TheViper,2021,1v1 tournament,2026,1v1 ranked,first 10 game minutes,tatoh_gap_p90_open,0,0,0,0,,,,,,,,,,,,unavailable,Descriptive behavior; no cognitive or causal age interpretation.,same engine family; patch/map/opponent/tournament versus ranked confounds
TheViper DE control,TheViper,2021,1v1 tournament,2026,1v1 ranked,first 10 game minutes,tatoh_gap_p99_open,0,0,0,0,,,,,,,,,,,,unavailable,Descriptive behavior; no cognitive or causal age interpretation.,same engine family; patch/map/opponent/tournament versus ranked confounds
TheViper DE control,TheViper,2021,1v1 tournament,2026,1v1 ranked,first 10 game minutes,tatoh_gap_p99_10_20,0,0,0,0,,,,,,,,,,,,unavailable,Descriptive behavior; no cognitive or causal age interpretation.,same engine family; patch/map/opponent/tournament versus ranked confounds
TheViper DE control,TheViper,2021,1v1 tournament,2026,1v1 ranked,first 10 game minutes,feudal_request_game_s,4,5,2,1,458.258,400.647,458.258,400.647,443.8,548.071,374.192,502.619,-57.61099999999999,,-12.571739064020704,decrease,Age-up request timing depends strongly on start-age and tournament settings.,same engine family; patch/map/opponent/tournament versus ranked confounds
TheViper DE control,TheViper,2021,1v1 tournament,2026,1v1 ranked,first 10 game minutes,castle_request_game_s,0,0,0,0,,,,,,,,,,,,unavailable,Age-up request timing depends strongly on start-age and tournament settings.,same engine family; patch/map/opponent/tournament versus ranked confounds
TheViper DE control,TheViper,2021,1v1 tournament,2026,1v1 ranked,first 10 game minutes,imperial_request_game_s,0,0,0,0,,,,,,,,,,,,unavailable,Age-up request timing depends strongly on start-age and tournament settings.,same engine family; patch/map/opponent/tournament versus ranked confounds
TheViper DE control,TheViper,2021,1v1 tournament,2026,1v1 ranked,whole available replay,all_recorded_cpm,5,5,2,1,115.52344022197616,141.12869282190803,117.32231226757855,141.12869282190803,102.59890319113241,128.05210717914258,124.12322063145328,188.6170690136027,25.605252599931873,,22.16455167084001,increase,Descriptive behavior; no cognitive or causal age interpretation.,same engine family; patch/map/opponent/tournament versus ranked confounds
TheViper DE control,TheViper,2021,1v1 tournament,2026,1v1 ranked,whole available replay,core_cpm,5,5,2,1,91.37336523325285,103.32321043158686,94.7281933768787,103.32321043158686,81.99085082944565,113.56145941649481,95.81977595943773,106.61963399429419,11.949845198334003,,13.07803993847562,increase,Descriptive behavior; no cognitive or causal age interpretation.,same engine family; patch/map/opponent/tournament versus ranked confounds
TheViper DE control,TheViper,2021,1v1 tournament,2026,1v1 ranked,whole available replay,noncore_action_fraction,5,5,2,1,0.19672097987655315,0.32104681164762255,0.19258160237388725,0.32104681164762255,0.11316211878009631,0.22603762317109585,0.21135940409683426,0.4347296639064783,0.1243258317710694,12.43258317710694,63.19907101372038,increase,Descriptive behavior; no cognitive or causal age interpretation.,same engine family; patch/map/opponent/tournament versus ranked confounds
TheViper DE control,TheViper,2021,1v1 tournament,2026,1v1 ranked,whole available replay,first_core_command_nominal_s,5,5,2,1,0.9230768918231459,0.7999999729133932,0.9230768918231459,0.7999999729133932,0.36923075672925837,1.0461538107328987,0.6769230540036403,1.415384567462157,-0.1230769189097527,,-13.333333333333325,decrease,Descriptive behavior; no cognitive or causal age interpretation.,same engine family; patch/map/opponent/tournament versus ranked confounds
TheViper DE control,TheViper,2021,1v1 tournament,2026,1v1 ranked,whole available replay,core_gap_p10_s,5,5,2,1,0.11715975934674816,0.11538461147790713,0.11715975934674816,0.11538461147790713,0.11538461147802082,0.11715975934691869,0.11538461147790713,0.11538461147802082,-0.0017751478688410316,,-1.5151515151096133,decrease,Descriptive behavior; no cognitive or causal age interpretation.,same engine family; patch/map/opponent/tournament versus ranked confounds
TheViper DE control,TheViper,2021,1v1 tournament,2026,1v1 ranked,whole available replay,core_gap_p50_s,5,5,2,1,0.29822484197361376,0.23846153038766715,0.24852070164467932,0.23846153038766715,0.23846153038766715,0.3488165562369865,0.23846153038766715,0.24615383781949163,-0.05976331158594661,,-20.03968253967063,decrease,Descriptive behavior; no cognitive or causal age interpretation.,same engine family; patch/map/opponent/tournament versus ranked confounds
TheViper DE control,TheViper,2021,1v1 tournament,2026,1v1 ranked,whole available replay,core_gap_p90_s,5,5,2,1,1.6580472811396016,1.4461537971894813,1.6314792347018277,1.4461537971894813,1.4511242112224834,1.923076857964901,1.4384614897577421,1.5615384086675022,-0.2118934839501203,,-12.779700938593416,decrease,Descriptive behavior; no cognitive or causal age interpretation.,same engine family; patch/map/opponent/tournament versus ranked confounds
TheViper DE control,TheViper,2021,1v1 tournament,2026,1v1 ranked,whole available replay,core_gap_p99_s,5,5,2,1,4.211627076336509,4.084615246317298,4.211627076336509,4.084615246317298,3.3776271045743314,5.407692124597162,3.4723075747414156,4.646538304214768,-0.12701183001921024,,-3.015742555480285,decrease,Descriptive behavior; no cognitive or causal age interpretation.,same engine family; patch/map/opponent/tournament versus ranked confounds
TheViper DE control,TheViper,2021,1v1 tournament,2026,1v1 ranked,whole available replay,core_gap_max_s,5,5,2,1,12.203549882667033,12.261538046384203,12.203549882667033,12.261538046384203,10.773964132253695,12.738461107159367,9.730768901302326,16.46923021161126,0.05798816371716953,,0.47517455391837565,increase,Descriptive behavior; no cognitive or causal age interpretation.,same engine family; patch/map/opponent/tournament versus ranked confounds
TheViper DE control,TheViper,2021,1v1 tournament,2026,1v1 ranked,whole available replay,simultaneous_core_gap_fraction,5,5,2,1,0.015741507870753936,0.0038022813688212928,0.015741507870753936,0.0038022813688212928,0.0096487842531841,0.019927536231884056,0.0034944670937682005,0.057919621749408984,-0.011939226501932644,-1.1939226501932643,-75.84550730438264,decrease,Descriptive behavior; no cognitive or causal age interpretation.,same engine family; patch/map/opponent/tournament versus ranked confounds
TheViper DE control,TheViper,2021,1v1 tournament,2026,1v1 ranked,whole available replay,core_gap_cv,5,5,2,1,1.43856634050987,1.4443282715963344,1.43856634050987,1.4443282715963344,1.3714892863047707,1.5059497100878076,1.3101121271332492,1.8752024023148792,0.005761931086464278,,0.4005328725001365,increase,Descriptive behavior; no cognitive or causal age interpretation.,same engine family; patch/map/opponent/tournament versus ranked confounds
TheViper DE control,TheViper,2021,1v1 tournament,2026,1v1 ranked,whole available replay,core_gap_burstiness,5,5,2,1,0.17984597475341682,0.18177929566970719,0.17984597475341682,0.18177929566970719,0.15664809807495333,0.20189938690752074,0.13424115803334843,0.3043967971125223,0.0019333209162903653,,1.0749870376254471,increase,Descriptive behavior; no cognitive or causal age interpretation.,same engine family; patch/map/opponent/tournament versus ranked confounds
TheViper DE control,TheViper,2021,1v1 tournament,2026,1v1 ranked,whole available replay,command_silence_ge5s_time_fraction,5,5,2,1,0.07306244813403039,0.048631314856476614,0.07306244813403039,0.048631314856476614,0.029664607201641213,0.10074842124400643,0.040204741071173423,0.1356773495725356,-0.024431133277553772,-2.4431133277553774,-33.4387005931361,decrease,Descriptive behavior; no cognitive or causal age interpretation.,same engine family; patch/map/opponent/tournament versus ranked confounds
TheViper DE control,TheViper,2021,1v1 tournament,2026,1v1 ranked,whole available replay,command_silence_ge10s_time_fraction,5,5,2,1,0.008773681563612827,0.014745551075653368,0.008773681563612827,0.014745551075653368,0.006938122407871918,0.02090275919664649,0.004693812647969972,0.09377546635847744,0.005971869512040541,0.5971869512040542,68.06571983199997,increase,Descriptive behavior; no cognitive or causal age interpretation.,same engine family; patch/map/opponent/tournament versus ranked confounds
TheViper DE control,TheViper,2021,1v1 tournament,2026,1v1 ranked,whole available replay,core_count_5s_cv,5,5,2,1,0.5486928394699592,0.5644091780589998,0.5486928394699592,0.5644091780589998,0.4522913596880256,0.5758601401106823,0.43623426387724434,0.8505893334730396,0.015716338589040646,,2.86432361760411,increase,Descriptive behavior; no cognitive or causal age interpretation.,same engine family; patch/map/opponent/tournament versus ranked confounds
TheViper DE control,TheViper,2021,1v1 tournament,2026,1v1 ranked,whole available replay,peak_5s_nominal_cpm,5,5,2,1,282.0,372.0,288.0,372.0,264.0,384.0,240.0,636.0,90.0,,31.914893617021278,increase,Descriptive behavior; no cognitive or causal age interpretation.,same engine family; patch/map/opponent/tournament versus ranked confounds
TheViper DE control,TheViper,2021,1v1 tournament,2026,1v1 ranked,whole available replay,empty_5s_bin_fraction,5,5,2,1,0.01694915254237288,0.02,0.01694915254237288,0.02,0.008547008547008548,0.027491408934707903,0.011472275334608031,0.0673076923076923,0.003050847457627119,0.30508474576271194,18.000000000000004,increase,Descriptive behavior; no cognitive or causal age interpretation.,same engine family; patch/map/opponent/tournament versus ranked confounds
TheViper DE control,TheViper,2021,1v1 tournament,2026,1v1 ranked,whole available replay,core_type_entropy_bits,5,5,2,1,1.4555523072799794,1.1165615627122443,1.448109665028508,1.1165615627122443,1.0806124935209762,1.4857058871567388,0.9517847500855273,1.3254169486800622,-0.33899074456773515,,-23.289492440241748,decrease,Descriptive behavior; no cognitive or causal age interpretation.,same engine family; patch/map/opponent/tournament versus ranked confounds
TheViper DE control,TheViper,2021,1v1 tournament,2026,1v1 ranked,whole available replay,core_category_entropy_bits,5,5,2,1,1.420683674428839,1.0893575920878351,1.409458989165413,1.0893575920878351,1.0498958173836146,1.449820532876924,0.9382000822255631,1.3254169486800622,-0.3313260823410038,,-23.32159426511378,decrease,Descriptive behavior; no cognitive or causal age interpretation.,same engine family; patch/map/opponent/tournament versus ranked confounds
TheViper DE control,TheViper,2021,1v1 tournament,2026,1v1 ranked,whole available replay,core_type_transition_entropy_bits,5,5,2,1,1.1183553868151233,0.8860771701418154,1.1007264298311767,0.8860771701418154,0.8685274476482382,1.19932577958427,0.8518945972106037,0.9235704886305626,-0.23227821667330784,,-20.7696247017502,decrease,Descriptive behavior; no cognitive or causal age interpretation.,same engine family; patch/map/opponent/tournament versus ranked confounds
TheViper DE control,TheViper,2021,1v1 tournament,2026,1v1 ranked,whole available replay,core_type_switch_fraction,5,5,2,1,0.2777010397477466,0.22695035460992907,0.2699836867862969,0.22695035460992907,0.22735507246376813,0.31069085295252796,0.21564367191743616,0.24730409777138748,-0.05075068513781755,-5.075068513781755,-18.27529532619597,decrease,Descriptive behavior; no cognitive or causal age interpretation.,same engine family; patch/map/opponent/tournament versus ranked confounds
TheViper DE control,TheViper,2021,1v1 tournament,2026,1v1 ranked,whole available replay,core_category_switch_fraction,5,5,2,1,0.2772932094051691,0.22695035460992907,0.26916802610114193,0.22695035460992907,0.22644927536231885,0.31069085295252796,0.2140141227593699,0.24730409777138748,-0.05034285479524003,-5.034285479524003,-18.15509831749294,decrease,Descriptive behavior; no cognitive or causal age interpretation.,same engine family; patch/map/opponent/tournament versus ranked confounds
TheViper DE control,TheViper,2021,1v1 tournament,2026,1v1 ranked,whole available replay,core_same_type_triplet_fraction,5,5,2,1,0.5440507971999216,0.6314655172413793,0.5634434924520604,0.6314655172413793,0.5038610038610039,0.6237533998186764,0.6194244604316547,0.654891304347826,0.08741472004145778,8.741472004145779,16.067382033324293,increase,Descriptive behavior; no cognitive or causal age interpretation.,same engine family; patch/map/opponent/tournament versus ranked confounds
TheViper DE control,TheViper,2021,1v1 tournament,2026,1v1 ranked,whole available replay,coordinate_coverage,5,5,2,1,1.0,1.0,1.0,1.0,1.0,1.0,1.0,1.0,0.0,0.0,0.0,unchanged,Descriptive behavior; no cognitive or causal age interpretation.,same engine family; patch/map/opponent/tournament versus ranked confounds
TheViper DE control,TheViper,2021,1v1 tournament,2026,1v1 ranked,whole available replay,destination_jump_diagonal_p50,5,5,2,1,0.020501030616045305,0.011049888678958272,0.020501030616045305,0.011049888678958272,0.015930650636407594,0.02202693062267112,0.008542301805654543,0.014951734898227927,-0.009451141937087033,,-46.10081373026201,decrease,Descriptive behavior; no cognitive or causal age interpretation.,same engine family; patch/map/opponent/tournament versus ranked confounds
TheViper DE control,TheViper,2021,1v1 tournament,2026,1v1 ranked,whole available replay,destination_jump_diagonal_p90,5,5,2,1,0.24571877931481906,0.15683099285715893,0.24571877931481906,0.15683099285715893,0.20539511069553992,0.3037621696783589,0.09760508411205754,0.21764117215847326,-0.08888778645766013,,-36.174600372638025,decrease,Descriptive behavior; no cognitive or causal age interpretation.,same engine family; patch/map/opponent/tournament versus ranked confounds
TheViper DE control,TheViper,2021,1v1 tournament,2026,1v1 ranked,whole available replay,destination_jump_ge_quarter_fraction,5,5,2,1,0.09943714821763602,0.06142322097378277,0.09943714821763602,0.06142322097378277,0.0822814399251987,0.12702960840496658,0.018300653594771243,0.08638804576231614,-0.03801392724385325,-3.8013927243853254,-38.229100416931665,decrease,Descriptive behavior; no cognitive or causal age interpretation.,same engine family; patch/map/opponent/tournament versus ranked confounds
TheViper DE control,TheViper,2021,1v1 tournament,2026,1v1 ranked,whole available replay,destination_entropy_4x4_bits,5,5,2,1,3.49086850578939,2.8333957155715805,3.49086850578939,2.8333957155715805,3.1787634319406473,3.6533397306499946,1.9180225845149346,3.5525498945765492,-0.6574727902178092,,-18.83407493371438,decrease,Descriptive behavior; no cognitive or causal age interpretation.,same engine family; patch/map/opponent/tournament versus ranked confounds
TheViper DE control,TheViper,2021,1v1 tournament,2026,1v1 ranked,whole available replay,destination_cell_switch_fraction,5,5,2,1,0.3133208255159475,0.2382857142857143,0.3133208255159475,0.2382857142857143,0.2641421224871435,0.34097421203438394,0.1869281045751634,0.2599250936329588,-0.07503511123023318,-7.503511123023318,-23.948331907613344,decrease,Descriptive behavior; no cognitive or causal age interpretation.,same engine family; patch/map/opponent/tournament versus ranked confounds
TheViper DE control,TheViper,2021,1v1 tournament,2026,1v1 ranked,whole available replay,rapid_destination_repeat_fraction,5,5,2,1,0.3907129455909944,0.46263125386040765,0.3907129455909944,0.46263125386040765,0.35912129894937916,0.4212248714352501,0.4217228464419476,0.49028571428571427,0.07191830826941326,7.191830826941326,18.406942764752586,increase,Descriptive behavior; no cognitive or causal age interpretation.,same engine family; patch/map/opponent/tournament versus ranked confounds
TheViper DE control,TheViper,2021,1v1 tournament,2026,1v1 ranked,whole available replay,dedup_core_cpm,5,5,2,1,60.558023687731136,58.27717747858421,61.68995173238848,58.27717747858421,53.70994865928903,74.91973204943415,51.18711158745208,63.39297497291081,-2.2808462091469295,,-3.766381513551641,decrease,Descriptive behavior; no cognitive or causal age interpretation.,same engine family; patch/map/opponent/tournament versus ranked confounds
TheViper DE control,TheViper,2021,1v1 tournament,2026,1v1 ranked,whole available replay,move_order_commands,5,5,2,1,2140.0,1620.0,2140.0,1620.0,1048.0,2399.0,766.0,4284.0,-520.0,,-24.299065420560748,decrease,Descriptive behavior; no cognitive or causal age interpretation.,same engine family; patch/map/opponent/tournament versus ranked confounds
TheViper DE control,TheViper,2021,1v1 tournament,2026,1v1 ranked,whole available replay,explicit_actor_commands,5,5,2,1,743.0,636.0,743.0,636.0,331.0,799.0,299.0,1658.0,-107.0,,-14.401076716016151,decrease,Raw actor-list coverage/reuse differs: numeric contrast is not a reliable group-control trend.,same engine family; patch/map/opponent/tournament versus ranked confounds
TheViper DE control,TheViper,2021,1v1 tournament,2026,1v1 ranked,whole available replay,explicit_actor_coverage,5,5,2,1,0.3294392523364486,0.39033942558746737,0.3294392523364486,0.39033942558746737,0.31583969465648853,0.3689639006094702,0.36379211878926326,0.40194610778443113,0.06090017325101876,6.0900173251018765,18.486010036479453,increase,Raw actor-list coverage/reuse differs: numeric contrast is not a reliable group-control trend.,same engine family; patch/map/opponent/tournament versus ranked confounds
TheViper DE control,TheViper,2021,1v1 tournament,2026,1v1 ranked,whole available replay,actor_pair_count,5,5,2,1,225.0,303.0,225.0,303.0,85.0,265.0,170.0,788.0,78.0,,34.66666666666667,increase,Raw actor-list coverage/reuse differs: numeric contrast is not a reliable group-control trend.,same engine family; patch/map/opponent/tournament versus ranked confounds
TheViper DE control,TheViper,2021,1v1 tournament,2026,1v1 ranked,whole available replay,same_actor_pair_count,5,5,2,1,4.0,90.0,4.0,90.0,1.0,10.0,41.0,183.0,86.0,,2150.0,increase,Raw actor-list coverage/reuse differs: numeric contrast is not a reliable group-control trend.,same engine family; patch/map/opponent/tournament versus ranked confounds
TheViper DE control,TheViper,2021,1v1 tournament,2026,1v1 ranked,whole available replay,actor_group_size_median,5,5,2,1,1.0,1.0,1.0,1.0,1.0,2.0,1.0,5.0,0.0,,0.0,unchanged,Raw actor-list coverage/reuse differs: numeric contrast is not a reliable group-control trend.,same engine family; patch/map/opponent/tournament versus ranked confounds
TheViper DE control,TheViper,2021,1v1 tournament,2026,1v1 ranked,whole available replay,actor_group_size_p90,5,5,2,1,6.0,8.0,6.0,8.0,3.0,9.800000000000068,5.0,25.0,2.0,,33.33333333333333,increase,Raw actor-list coverage/reuse differs: numeric contrast is not a reliable group-control trend.,same engine family; patch/map/opponent/tournament versus ranked confounds
TheViper DE control,TheViper,2021,1v1 tournament,2026,1v1 ranked,whole available replay,actor_group_ge10_fraction,5,5,2,1,0.04701397712833545,0.059748427672955975,0.04701397712833545,0.059748427672955975,0.0,0.1009421265141319,0.00931098696461825,0.23944511459589868,0.012734450544620524,1.2734450544620524,27.086520482746895,increase,Raw actor-list coverage/reuse differs: numeric contrast is not a reliable group-control trend.,same engine family; patch/map/opponent/tournament versus ranked confounds
TheViper DE control,TheViper,2021,1v1 tournament,2026,1v1 ranked,whole available replay,actor_group_change_fraction,5,5,2,1,0.9773584905660377,0.7588235294117647,0.9773584905660377,0.7588235294117647,0.9555555555555556,0.9961389961389961,0.7029702970297029,0.7838827838827839,-0.21853496115427307,-21.853496115427305,-22.359754712695892,decrease,Raw actor-list coverage/reuse differs: numeric contrast is not a reliable group-control trend.,same engine family; patch/map/opponent/tournament versus ranked confounds
TheViper DE control,TheViper,2021,1v1 tournament,2026,1v1 ranked,whole available replay,actor_overlap_jaccard_median,5,5,2,1,0.0,0.0,0.0,0.0,0.0,0.0,0.0,0.0,0.0,,,unchanged,Raw actor-list coverage/reuse differs: numeric contrast is not a reliable group-control trend.,same engine family; patch/map/opponent/tournament versus ranked confounds
TheViper DE control,TheViper,2021,1v1 tournament,2026,1v1 ranked,whole available replay,same_actor_gap_nominal_median_s,5,5,2,1,1.3230768782798366,0.23846153038765786,1.3230768782798366,0.23846153038765786,0.8384615100727086,1.6923076350091089,0.1230769189098023,0.23846153038765786,-1.0846153478921787,,-81.97674418604554,decrease,Raw actor-list coverage/reuse differs: numeric contrast is not a reliable group-control trend.,same engine family; patch/map/opponent/tournament versus ranked confounds
TheViper DE control,TheViper,2021,1v1 tournament,2026,1v1 ranked,whole available replay,same_actor_recommand_under1s_fraction,5,5,2,1,0.5,0.9,0.5,0.9,0.0,0.6666666666666666,0.8797814207650273,0.9512195121951219,0.4,40.0,80.0,increase,Raw actor-list coverage/reuse differs: numeric contrast is not a reliable group-control trend.,same engine family; patch/map/opponent/tournament versus ranked confounds
TheViper DE control,TheViper,2021,1v1 tournament,2026,1v1 ranked,whole available replay,commanded_actor_ids,5,5,2,1,250.5,97.0,221.0,97.0,50.0,321.0,41.0,798.0,-153.5,,-61.27744510978044,decrease,Raw actor-list coverage/reuse differs: numeric contrast is not a reliable group-control trend.,same engine family; patch/map/opponent/tournament versus ranked confounds
TheViper DE control,TheViper,2021,1v1 tournament,2026,1v1 ranked,whole available replay,valid_target_order_fraction,5,5,2,1,1.0,1.0,1.0,1.0,1.0,1.0,1.0,1.0,0.0,0.0,0.0,unchanged,Descriptive behavior; no cognitive or causal age interpretation.,same engine family; patch/map/opponent/tournament versus ranked confounds
TheViper DE control,TheViper,2021,1v1 tournament,2026,1v1 ranked,whole available replay,distinct_order_target_ids,5,5,2,1,226.0,115.0,217.0,115.0,67.0,240.0,56.0,337.0,-111.0,,-49.11504424778761,decrease,Descriptive behavior; no cognitive or causal age interpretation.,same engine family; patch/map/opponent/tournament versus ranked confounds
TheViper DE control,TheViper,2021,1v1 tournament,2026,1v1 ranked,whole available replay,distinct_building_type_ids,5,5,2,1,16.0,12.0,16.0,12.0,10.0,17.0,9.0,16.0,-4.0,,-25.0,decrease,Descriptive behavior; no cognitive or causal age interpretation.,same engine family; patch/map/opponent/tournament versus ranked confounds
TheViper DE control,TheViper,2021,1v1 tournament,2026,1v1 ranked,whole available replay,distinct_research_type_ids,5,5,2,1,36.0,9.0,30.0,9.0,5.0,42.0,3.0,40.0,-27.0,,-75.0,decrease,Descriptive behavior; no cognitive or causal age interpretation.,same engine family; patch/map/opponent/tournament versus ranked confounds
TheViper DE control,TheViper,2021,1v1 tournament,2026,1v1 ranked,whole available replay,positive_de_queue_commands,5,5,2,1,353.0,118.0,337.0,118.0,64.0,389.0,34.0,651.0,-235.0,,-66.57223796033995,decrease,Descriptive behavior; no cognitive or causal age interpretation.,same engine family; patch/map/opponent/tournament versus ranked confounds
TheViper DE control,TheViper,2021,1v1 tournament,2026,1v1 ranked,whole available replay,requested_queue_unit_type_ids,5,5,2,1,13.0,4.0,13.0,4.0,7.0,17.0,2.0,13.0,-9.0,,-69.23076923076923,decrease,Descriptive behavior; no cognitive or causal age interpretation.,same engine family; patch/map/opponent/tournament versus ranked confounds
TheViper DE control,TheViper,2021,1v1 tournament,2026,1v1 ranked,whole available replay,explicitly_commanded_production_building_ids,5,5,2,1,28.0,4.0,25.0,4.0,5.0,32.0,2.0,47.0,-24.0,,-85.71428571428571,decrease,Descriptive behavior; no cognitive or causal age interpretation.,same engine family; patch/map/opponent/tournament versus ranked confounds
TheViper DE control,TheViper,2021,1v1 tournament,2026,1v1 ranked,whole available replay,production_command_revisit_nominal_median_s,5,5,2,1,0.13136094229789738,10.57692271880688,0.13136094229789738,10.57692271880688,0.1230769189098023,16.195857439802122,1.3230768782797693,17.907691701369036,10.445561776508983,,7951.801801802528,increase,Descriptive behavior; no cognitive or causal age interpretation.,same engine family; patch/map/opponent/tournament versus ranked confounds
TheViper DE control,TheViper,2021,1v1 tournament,2026,1v1 ranked,whole available replay,positive_queue_amount_mean,5,5,2,1,1.0,1.0,1.0,1.0,1.0,1.102981029810298,1.0,1.5468509984639016,0.0,,0.0,unchanged,Descriptive behavior; no cognitive or causal age interpretation.,same engine family; patch/map/opponent/tournament versus ranked confounds
TheViper DE control,TheViper,2021,1v1 tournament,2026,1v1 ranked,whole available replay,build_commands_nominal_min,5,5,2,1,6.440542364837398,2.7508507980087673,6.440542364837398,2.7508507980087673,2.980345993736063,6.6120500978995835,2.132796316143837,6.316329028097997,-3.689691566828631,,-57.28852257804817,decrease,Descriptive behavior; no cognitive or causal age interpretation.,same engine family; patch/map/opponent/tournament versus ranked confounds
TheViper DE control,TheViper,2021,1v1 tournament,2026,1v1 ranked,whole available replay,wall_commands_nominal_min,5,5,2,1,0.5093665340834896,0.2973892754604073,0.5093665340834896,0.2973892754604073,0.4413586173013637,1.130476066589541,0.0,0.7802913351745745,-0.21197725862308237,,-41.61585900112107,decrease,Descriptive behavior; no cognitive or causal age interpretation.,same engine family; patch/map/opponent/tournament versus ranked confounds
TheViper DE control,TheViper,2021,1v1 tournament,2026,1v1 ranked,whole available replay,research_commands_nominal_min,5,5,2,1,2.739024974717211,0.5947785509208146,2.7274706653835783,0.5947785509208146,0.8221644120651208,2.817905018154861,0.4622838757223585,1.0795180520749303,-2.1442464237963965,,-78.28502637212273,decrease,Descriptive behavior; no cognitive or causal age interpretation.,same engine family; patch/map/opponent/tournament versus ranked confounds
TheViper DE control,TheViper,2021,1v1 tournament,2026,1v1 ranked,whole available replay,market_commands_nominal_min,5,5,2,1,0.5092599430400351,0.36084939615222417,0.5092599430400351,0.36084939615222417,0.0,0.83552982030323,0.0,0.6201486682132579,-0.1484105468878109,,-29.142395532205395,decrease,Descriptive behavior; no cognitive or causal age interpretation.,same engine family; patch/map/opponent/tournament versus ranked confounds
TheViper DE control,TheViper,2021,1v1 tournament,2026,1v1 ranked,whole available replay,legacy_command_class_entropy_bits,5,5,2,1,1.420683674428839,1.0893575920878351,1.409458989165413,1.0893575920878351,1.0498958173836146,1.449820532876924,0.9382000822255631,1.3254169486800622,-0.3313260823410038,,-23.32159426511378,decrease,Descriptive behavior; no cognitive or causal age interpretation.,same engine family; patch/map/opponent/tournament versus ranked confounds
TheViper DE control,TheViper,2021,1v1 tournament,2026,1v1 ranked,whole available replay,legacy_switches_per_100_commands,5,5,2,1,27.729320940516914,22.69503546099291,26.916802610114193,22.69503546099291,22.644927536231883,31.069085295252798,21.40141227593699,24.73040977713875,-5.034285479524005,,-18.155098317492946,decrease,Descriptive behavior; no cognitive or causal age interpretation.,same engine family; patch/map/opponent/tournament versus ranked confounds
TheViper DE control,TheViper,2021,1v1 tournament,2026,1v1 ranked,whole available replay,legacy_core_silence_over5s_fraction,5,5,2,1,0.07306244813403043,0.04863131485647642,0.07306244813403043,0.04863131485647642,0.02966460720164121,0.10074842124400701,0.04020474107117322,0.1356773495725355,-0.024431133277554008,-2.443113327755401,-33.4387005931364,decrease,Descriptive behavior; no cognitive or causal age interpretation.,same engine family; patch/map/opponent/tournament versus ranked confounds
TheViper DE control,TheViper,2021,1v1 tournament,2026,1v1 ranked,whole available replay,legacy_peak_10s_nominal_cpm,5,5,2,1,252.0,324.0,252.0,324.0,222.0,306.0,216.0,510.0,72.0,,28.57142857142857,increase,Descriptive behavior; no cognitive or causal age interpretation.,same engine family; patch/map/opponent/tournament versus ranked confounds
TheViper DE control,TheViper,2021,1v1 tournament,2026,1v1 ranked,whole available replay,legacy_move_share,5,5,2,1,0.6585282337648196,0.7473806752037253,0.6681367144432194,0.7473806752037253,0.6376811594202898,0.7529411764705882,0.6623376623376623,0.7880747126436781,0.0888524414389057,8.885244143890569,13.492578887762253,increase,Descriptive behavior; no cognitive or causal age interpretation.,same engine family; patch/map/opponent/tournament versus ranked confounds
TheViper DE control,TheViper,2021,1v1 tournament,2026,1v1 ranked,whole available replay,legacy_planning_command_share,5,5,2,1,0.11123445207621421,0.04125950054288816,0.11025358324145534,0.04125950054288816,0.04343891402714932,0.11766975308641975,0.030696576151121605,0.07518311072813443,-0.06997495153332606,-6.997495153332606,-62.90762459582352,decrease,Descriptive behavior; no cognitive or causal age interpretation.,same engine family; patch/map/opponent/tournament versus ranked confounds
TheViper DE control,TheViper,2021,1v1 tournament,2026,1v1 ranked,whole available replay,legacy_queue_batch_mean,5,5,2,1,1.0,1.0,1.0,1.0,1.0,1.102981029810298,1.0,1.5468509984639016,0.0,,0.0,unchanged,Descriptive behavior; no cognitive or causal age interpretation.,same engine family; patch/map/opponent/tournament versus ranked confounds
TheViper DE control,TheViper,2021,1v1 tournament,2026,1v1 ranked,whole available replay,legacy_queue_batch_gt1_fraction,5,5,2,1,0.0,0.0,0.0,0.0,0.0,0.02710027100271003,0.0,0.15668202764976957,0.0,0.0,,unchanged,Descriptive behavior; no cognitive or causal age interpretation.,same engine family; patch/map/opponent/tournament versus ranked confounds
TheViper DE control,TheViper,2021,1v1 tournament,2026,1v1 ranked,whole available replay,legacy_duration_game_min,5,5,2,1,49.155874999999995,28.100366666666666,48.54405,28.100366666666666,16.444399999999998,49.77811666666666,14.623050000000001,73.57913333333333,-21.05550833333333,,-42.83416444795933,decrease,Descriptive behavior; no cognitive or causal age interpretation.,same engine family; patch/map/opponent/tournament versus ranked confounds
TheViper DE control,TheViper,2021,1v1 tournament,2026,1v1 ranked,whole available replay,tatoh_cpm_0_5,0,0,0,0,,,,,,,,,,,,unavailable,Descriptive behavior; no cognitive or causal age interpretation.,same engine family; patch/map/opponent/tournament versus ranked confounds
TheViper DE control,TheViper,2021,1v1 tournament,2026,1v1 ranked,whole available replay,tatoh_cpm_5_10,0,0,0,0,,,,,,,,,,,,unavailable,Descriptive behavior; no cognitive or causal age interpretation.,same engine family; patch/map/opponent/tournament versus ranked confounds
TheViper DE control,TheViper,2021,1v1 tournament,2026,1v1 ranked,whole available replay,tatoh_cpm_10_15,0,0,0,0,,,,,,,,,,,,unavailable,Descriptive behavior; no cognitive or causal age interpretation.,same engine family; patch/map/opponent/tournament versus ranked confounds
TheViper DE control,TheViper,2021,1v1 tournament,2026,1v1 ranked,whole available replay,tatoh_cpm_15_20,0,0,0,0,,,,,,,,,,,,unavailable,Descriptive behavior; no cognitive or causal age interpretation.,same engine family; patch/map/opponent/tournament versus ranked confounds
TheViper DE control,TheViper,2021,1v1 tournament,2026,1v1 ranked,whole available replay,tatoh_cpm_10_20,0,0,0,0,,,,,,,,,,,,unavailable,Descriptive behavior; no cognitive or causal age interpretation.,same engine family; patch/map/opponent/tournament versus ranked confounds
TheViper DE control,TheViper,2021,1v1 tournament,2026,1v1 ranked,whole available replay,tatoh_reclick_open,0,0,0,0,,,,,,,,,,,,unavailable,Descriptive behavior; no cognitive or causal age interpretation.,same engine family; patch/map/opponent/tournament versus ranked confounds
TheViper DE control,TheViper,2021,1v1 tournament,2026,1v1 ranked,whole available replay,tatoh_dedup_open_cpm,0,0,0,0,,,,,,,,,,,,unavailable,Descriptive behavior; no cognitive or causal age interpretation.,same engine family; patch/map/opponent/tournament versus ranked confounds
TheViper DE control,TheViper,2021,1v1 tournament,2026,1v1 ranked,whole available replay,tatoh_reclick_whole,0,0,0,0,,,,,,,,,,,,unavailable,Descriptive behavior; no cognitive or causal age interpretation.,same engine family; patch/map/opponent/tournament versus ranked confounds
TheViper DE control,TheViper,2021,1v1 tournament,2026,1v1 ranked,whole available replay,tatoh_dedup_whole_cpm,0,0,0,0,,,,,,,,,,,,unavailable,Descriptive behavior; no cognitive or causal age interpretation.,same engine family; patch/map/opponent/tournament versus ranked confounds
TheViper DE control,TheViper,2021,1v1 tournament,2026,1v1 ranked,whole available replay,tatoh_gap_p50_open,0,0,0,0,,,,,,,,,,,,unavailable,Descriptive behavior; no cognitive or causal age interpretation.,same engine family; patch/map/opponent/tournament versus ranked confounds
TheViper DE control,TheViper,2021,1v1 tournament,2026,1v1 ranked,whole available replay,tatoh_gap_p90_open,0,0,0,0,,,,,,,,,,,,unavailable,Descriptive behavior; no cognitive or causal age interpretation.,same engine family; patch/map/opponent/tournament versus ranked confounds
TheViper DE control,TheViper,2021,1v1 tournament,2026,1v1 ranked,whole available replay,tatoh_gap_p99_open,0,0,0,0,,,,,,,,,,,,unavailable,Descriptive behavior; no cognitive or causal age interpretation.,same engine family; patch/map/opponent/tournament versus ranked confounds
TheViper DE control,TheViper,2021,1v1 tournament,2026,1v1 ranked,whole available replay,tatoh_gap_p99_10_20,0,0,0,0,,,,,,,,,,,,unavailable,Descriptive behavior; no cognitive or causal age interpretation.,same engine family; patch/map/opponent/tournament versus ranked confounds
TheViper DE control,TheViper,2021,1v1 tournament,2026,1v1 ranked,whole available replay,feudal_request_game_s,5,5,2,1,462.455,400.647,462.455,400.647,443.8,643.077,374.192,502.619,-61.80799999999999,,-13.365192288979467,decrease,Age-up request timing depends strongly on start-age and tournament settings.,same engine family; patch/map/opponent/tournament versus ranked confounds
TheViper DE control,TheViper,2021,1v1 tournament,2026,1v1 ranked,whole available replay,castle_request_game_s,4,4,2,1,957.5385,1066.26,957.5385,1066.26,835.243,1392.452,1029.119,1596.452,108.72149999999999,,11.35426930614278,increase,Age-up request timing depends strongly on start-age and tournament settings.,same engine family; patch/map/opponent/tournament versus ranked confounds
TheViper DE control,TheViper,2021,1v1 tournament,2026,1v1 ranked,whole available replay,imperial_request_game_s,4,1,2,1,1958.9560000000001,2007.512,1958.9560000000001,2007.512,1930.29,2319.779,2007.512,2007.512,48.55599999999981,,2.478667208451839,increase,Age-up request timing depends strongly on start-age and tournament settings.,same engine family; patch/map/opponent/tournament versus ranked confounds
TaToH tournament control,TaToH,2021,tournament,2026,tournament,first 10 game minutes,all_recorded_cpm,1,13,1,4,106.13200359344482,130.46800441741942,106.13200359344482,130.46800441741942,106.13200359344482,106.13200359344482,93.79500317573546,143.81900486946105,24.3360008239746,,22.929936305732475,increase,Descriptive behavior; no cognitive or causal age interpretation.,one partial historical game; settings/maps/opponents differ
TaToH tournament control,TaToH,2021,tournament,2026,tournament,first 10 game minutes,core_cpm,1,13,1,4,101.23100342750548,102.7520034790039,101.23100342750548,102.7520034790039,101.23100342750548,101.23100342750548,60.840002059936516,112.72300381660462,1.5210000514984188,,1.5025041736227103,increase,Descriptive behavior; no cognitive or causal age interpretation.,one partial historical game; settings/maps/opponents differ
TaToH tournament control,TaToH,2021,tournament,2026,tournament,first 10 game minutes,noncore_action_fraction,1,13,1,4,0.04617834394904458,0.20909090909090908,0.04617834394904458,0.20909090909090908,0.04617834394904458,0.04617834394904458,0.1278295605858855,0.35135135135135137,0.1629125651418645,16.29125651418645,352.7899686520376,increase,Descriptive behavior; no cognitive or causal age interpretation.,one partial historical game; settings/maps/opponents differ
TaToH tournament control,TaToH,2021,tournament,2026,tournament,first 10 game minutes,first_core_command_nominal_s,1,13,1,4,0.9230768918231459,0.7999999729133932,0.9230768918231459,0.7999999729133932,0.9230768918231459,0.9230768918231459,0.6769230540036403,1.1692307296426514,-0.1230769189097527,,-13.333333333333325,decrease,Descriptive behavior; no cognitive or causal age interpretation.,one partial historical game; settings/maps/opponents differ
TaToH tournament control,TaToH,2021,tournament,2026,tournament,first 10 game minutes,core_gap_p10_s,1,13,1,4,0.11597632743418984,0.11538461147790713,0.11597632743418984,0.11538461147790713,0.11597632743418984,0.11597632743418984,0.11538461147789292,0.11538461147792986,-0.0005917159562827123,,-0.5102040816204311,decrease,Descriptive behavior; no cognitive or causal age interpretation.,one partial historical game; settings/maps/opponents differ
TaToH tournament control,TaToH,2021,tournament,2026,tournament,first 10 game minutes,core_gap_p50_s,1,13,1,4,0.24852070164470774,0.24615383781949163,0.24852070164470774,0.24615383781949163,0.24852070164470774,0.24852070164470774,0.23846153038763873,0.35384614186556007,-0.0023668638252161145,,-0.9523809523923888,decrease,Descriptive behavior; no cognitive or causal age interpretation.,one partial historical game; settings/maps/opponents differ
TaToH tournament control,TaToH,2021,tournament,2026,tournament,first 10 game minutes,core_gap_p90_s,1,13,1,4,1.4115975853418603,1.446153797189595,1.4115975853418603,1.446153797189595,1.4115975853418603,1.4115975853418603,1.207692266801922,2.7638460602671615,0.03455621184773472,,2.448021462105711,increase,Descriptive behavior; no cognitive or causal age interpretation.,one partial historical game; settings/maps/opponents differ
TaToH tournament control,TaToH,2021,tournament,2026,tournament,first 10 game minutes,core_gap_p99_s,1,13,1,4,2.9534200183454904,3.3036921958350183,2.9534200183454904,3.3036921958350183,2.9534200183454904,2.9534200183454904,2.867307595225654,8.277461258201091,0.3502721774895279,,11.859883637063948,increase,Descriptive behavior; no cognitive or causal age interpretation.,one partial historical game; settings/maps/opponents differ
TaToH tournament control,TaToH,2021,tournament,2026,tournament,first 10 game minutes,core_gap_max_s,1,13,1,4,10.106508533550851,6.130769023192045,10.106508533550851,6.130769023192045,10.106508533550851,10.106508533550851,3.9615383274076805,18.87692243778335,-3.9757395103588067,,-39.33840749414534,decrease,Descriptive behavior; no cognitive or causal age interpretation.,one partial historical game; settings/maps/opponents differ
TaToH tournament control,TaToH,2021,tournament,2026,tournament,first 10 game minutes,simultaneous_core_gap_fraction,1,13,1,4,0.005016722408026756,0.0016650736261757332,0.005016722408026756,0.0017094017094017094,0.005016722408026756,0.005016722408026756,0.0,0.04807692307692308,-0.0033516487818510228,-0.33516487818510227,-66.80953238489705,decrease,Descriptive behavior; no cognitive or causal age interpretation.,one partial historical game; settings/maps/opponents differ
TaToH tournament control,TaToH,2021,tournament,2026,tournament,first 10 game minutes,core_gap_cv,1,13,1,4,1.3714945527606797,1.3098470841652439,1.3714945527606797,1.3098470841652439,1.3714945527606797,1.3714945527606797,1.1185880474362002,1.849775352561756,-0.061647468595435795,,-4.494911661978218,decrease,Descriptive behavior; no cognitive or causal age interpretation.,one partial historical game; settings/maps/opponents differ
TaToH tournament control,TaToH,2021,tournament,2026,tournament,first 10 game minutes,core_gap_burstiness,1,13,1,4,0.15664997093424451,0.13414181669832034,0.15664997093424451,0.13414181669832034,0.15664997093424451,0.15664997093424451,0.055975038460029575,0.2981902948237184,-0.02250815423592417,,-14.36843818207423,decrease,Descriptive behavior; no cognitive or causal age interpretation.,one partial historical game; settings/maps/opponents differ
TaToH tournament control,TaToH,2021,tournament,2026,tournament,first 10 game minutes,command_silence_ge5s_time_fraction,1,13,1,4,0.06211333333333338,0.03386499999999985,0.06211333333333338,0.03386499999999985,0.06211333333333338,0.06211333333333338,0.0,0.38913000000000014,-0.028248333333333535,-2.8248333333333533,-45.478694858860436,decrease,Descriptive behavior; no cognitive or causal age interpretation.,one partial historical game; settings/maps/opponents differ
TaToH tournament control,TaToH,2021,tournament,2026,tournament,first 10 game minutes,command_silence_ge10s_time_fraction,1,13,1,4,0.028466666666666657,0.0,0.028466666666666657,0.0,0.028466666666666657,0.028466666666666657,0.0,0.10090166666666674,-0.028466666666666657,-2.846666666666666,-100.0,decrease,Descriptive behavior; no cognitive or causal age interpretation.,one partial historical game; settings/maps/opponents differ
TaToH tournament control,TaToH,2021,tournament,2026,tournament,first 10 game minutes,core_count_5s_cv,1,13,1,4,0.4922780460716911,0.48373341704235756,0.4922780460716911,0.48373341704235756,0.4922780460716911,0.4922780460716911,0.33095505737184316,0.7557189365836423,-0.008544629029333561,,-1.7357322955022039,decrease,Descriptive behavior; no cognitive or causal age interpretation.,one partial historical game; settings/maps/opponents differ
TaToH tournament control,TaToH,2021,tournament,2026,tournament,first 10 game minutes,peak_5s_nominal_cpm,1,13,1,4,216.0,240.0,216.0,240.0,216.0,216.0,168.0,336.0,24.0,,11.11111111111111,increase,Descriptive behavior; no cognitive or causal age interpretation.,one partial historical game; settings/maps/opponents differ
TaToH tournament control,TaToH,2021,tournament,2026,tournament,first 10 game minutes,empty_5s_bin_fraction,1,13,1,4,0.027777777777777776,0.013888888888888888,0.027777777777777776,0.013888888888888888,0.027777777777777776,0.027777777777777776,0.013888888888888888,0.125,-0.013888888888888888,-1.3888888888888888,-50.0,decrease,Descriptive behavior; no cognitive or causal age interpretation.,one partial historical game; settings/maps/opponents differ
TaToH tournament control,TaToH,2021,tournament,2026,tournament,first 10 game minutes,core_type_entropy_bits,1,13,1,4,0.8646945768932369,1.041090300722379,0.8646945768932369,1.041090300722379,0.8646945768932369,0.8646945768932369,0.8427481807337364,1.3493443802868972,0.17639572382914215,,20.399772190420663,increase,Descriptive behavior; no cognitive or causal age interpretation.,one partial historical game; settings/maps/opponents differ
TaToH tournament control,TaToH,2021,tournament,2026,tournament,first 10 game minutes,core_category_entropy_bits,1,13,1,4,0.8243018567639684,0.9976873392652712,0.8243018567639684,0.9976873392652712,0.8243018567639684,0.8243018567639684,0.7929247837382973,1.3493443802868972,0.1733854825013028,,21.034221999932996,increase,Descriptive behavior; no cognitive or causal age interpretation.,one partial historical game; settings/maps/opponents differ
TaToH tournament control,TaToH,2021,tournament,2026,tournament,first 10 game minutes,core_type_transition_entropy_bits,1,13,1,4,0.7391880896531458,0.8183105695437936,0.7391880896531458,0.8183105695437936,0.7391880896531458,0.7391880896531458,0.6614085967908809,0.9640404689734152,0.0791224798906478,,10.703971154050247,increase,Descriptive behavior; no cognitive or causal age interpretation.,one partial historical game; settings/maps/opponents differ
TaToH tournament control,TaToH,2021,tournament,2026,tournament,first 10 game minutes,core_type_switch_fraction,1,13,1,4,0.20066889632107024,0.21911037891268534,0.20066889632107024,0.21911037891268534,0.20066889632107024,0.20066889632107024,0.16346153846153846,0.26418152350081037,0.0184414825916151,1.84414825916151,9.190005491488192,increase,Descriptive behavior; no cognitive or causal age interpretation.,one partial historical game; settings/maps/opponents differ
TaToH tournament control,TaToH,2021,tournament,2026,tournament,first 10 game minutes,core_category_switch_fraction,1,13,1,4,0.20066889632107024,0.21911037891268534,0.20066889632107024,0.21911037891268534,0.20066889632107024,0.20066889632107024,0.16346153846153846,0.2625607779578606,0.0184414825916151,1.84414825916151,9.190005491488192,increase,Descriptive behavior; no cognitive or causal age interpretation.,one partial historical game; settings/maps/opponents differ
TaToH tournament control,TaToH,2021,tournament,2026,tournament,first 10 game minutes,core_same_type_triplet_fraction,1,13,1,4,0.6850921273031826,0.6435643564356436,0.6850921273031826,0.6435643564356436,0.6850921273031826,0.6850921273031826,0.569327731092437,0.720616570327553,-0.041527770867539004,-4.1527770867539004,-6.061633058171341,decrease,Descriptive behavior; no cognitive or causal age interpretation.,one partial historical game; settings/maps/opponents differ
TaToH tournament control,TaToH,2021,tournament,2026,tournament,first 10 game minutes,coordinate_coverage,1,13,1,4,1.0,1.0,1.0,1.0,1.0,1.0,1.0,1.0,0.0,0.0,0.0,unchanged,Descriptive behavior; no cognitive or causal age interpretation.,one partial historical game; settings/maps/opponents differ
TaToH tournament control,TaToH,2021,tournament,2026,tournament,first 10 game minutes,destination_jump_diagonal_p50,1,13,1,4,0.02594964639495593,0.019925966065910086,0.02594964639495593,0.019925966065910086,0.02594964639495593,0.02594964639495593,0.006365928786961709,0.03679418748158529,-0.006023680329045843,,-23.212957268723017,decrease,Descriptive behavior; no cognitive or causal age interpretation.,one partial historical game; settings/maps/opponents differ
TaToH tournament control,TaToH,2021,tournament,2026,tournament,first 10 game minutes,destination_jump_diagonal_p90,1,13,1,4,0.17102127442622667,0.22947431312112546,0.17102127442622667,0.22947431312112546,0.17102127442622667,0.17102127442622667,0.0894453266112489,0.36457432042554994,0.05845303869489879,,34.178811315146426,increase,Descriptive behavior; no cognitive or causal age interpretation.,one partial historical game; settings/maps/opponents differ
TaToH tournament control,TaToH,2021,tournament,2026,tournament,first 10 game minutes,destination_jump_ge_quarter_fraction,1,13,1,4,0.038461538461538464,0.08849557522123894,0.038461538461538464,0.08849557522123894,0.038461538461538464,0.038461538461538464,0.003134796238244514,0.12195121951219512,0.05003403675970047,5.0034036759700475,130.08849557522123,increase,Descriptive behavior; no cognitive or causal age interpretation.,one partial historical game; settings/maps/opponents differ
TaToH tournament control,TaToH,2021,tournament,2026,tournament,first 10 game minutes,destination_entropy_4x4_bits,1,13,1,4,2.4154784336171677,2.6798767671501658,2.4154784336171677,2.6798767671501658,2.4154784336171677,2.4154784336171677,1.6605330284746,3.5232210685908507,0.264398333532998,,10.946002657414033,increase,Descriptive behavior; no cognitive or causal age interpretation.,one partial historical game; settings/maps/opponents differ
TaToH tournament control,TaToH,2021,tournament,2026,tournament,first 10 game minutes,destination_cell_switch_fraction,1,13,1,4,0.28321678321678323,0.2845528455284553,0.28321678321678323,0.2845528455284553,0.28321678321678323,0.28321678321678323,0.19896193771626297,0.3645833333333333,0.0013360623116720483,0.13360623116720483,0.47174545819531577,increase,Descriptive behavior; no cognitive or causal age interpretation.,one partial historical game; settings/maps/opponents differ
TaToH tournament control,TaToH,2021,tournament,2026,tournament,first 10 game minutes,rapid_destination_repeat_fraction,1,13,1,4,0.3409090909090909,0.37,0.3409090909090909,0.37,0.3409090909090909,0.3409090909090909,0.23303834808259588,0.5658307210031348,0.02909090909090911,2.909090909090911,8.53333333333334,increase,Descriptive behavior; no cognitive or causal age interpretation.,one partial historical game; settings/maps/opponents differ
TaToH tournament control,TaToH,2021,tournament,2026,tournament,first 10 game minutes,dedup_core_cpm,1,13,1,4,68.27600231170653,60.33300204277039,68.27600231170653,60.33300204277039,68.27600231170653,68.27600231170653,47.4890016078949,80.6130027294159,-7.943000268936146,,-11.633663366336618,decrease,Descriptive behavior; no cognitive or causal age interpretation.,one partial historical game; settings/maps/opponents differ
TaToH tournament control,TaToH,2021,tournament,2026,tournament,first 10 game minutes,move_order_commands,1,13,1,4,573.0,577.0,573.0,577.0,573.0,573.0,340.0,639.0,4.0,,0.6980802792321117,increase,Descriptive behavior; no cognitive or causal age interpretation.,one partial historical game; settings/maps/opponents differ
TaToH tournament control,TaToH,2021,tournament,2026,tournament,first 10 game minutes,explicit_actor_commands,1,13,1,4,231.0,215.0,231.0,215.0,231.0,231.0,105.0,276.0,-16.0,,-6.926406926406926,decrease,Raw actor-list coverage/reuse differs: numeric contrast is not a reliable group-control trend.,one partial historical game; settings/maps/opponents differ
TaToH tournament control,TaToH,2021,tournament,2026,tournament,first 10 game minutes,explicit_actor_coverage,1,13,1,4,0.4031413612565445,0.3804347826086957,0.4031413612565445,0.3804347826086957,0.4031413612565445,0.4031413612565445,0.227765726681128,0.43610547667342797,-0.022706578647848807,-2.270657864784881,-5.632411067193665,decrease,Raw actor-list coverage/reuse differs: numeric contrast is not a reliable group-control trend.,one partial historical game; settings/maps/opponents differ
TaToH tournament control,TaToH,2021,tournament,2026,tournament,first 10 game minutes,actor_pair_count,1,13,1,4,96.0,111.0,96.0,111.0,96.0,96.0,51.0,179.0,15.0,,15.625,increase,Raw actor-list coverage/reuse differs: numeric contrast is not a reliable group-control trend.,one partial historical game; settings/maps/opponents differ
TaToH tournament control,TaToH,2021,tournament,2026,tournament,first 10 game minutes,same_actor_pair_count,1,13,1,4,0.0,24.0,0.0,24.0,0.0,0.0,14.0,97.0,24.0,,,increase,Raw actor-list coverage/reuse differs: numeric contrast is not a reliable group-control trend.,one partial historical game; settings/maps/opponents differ
TaToH tournament control,TaToH,2021,tournament,2026,tournament,first 10 game minutes,actor_group_size_median,1,13,1,4,1.0,1.0,1.0,1.0,1.0,1.0,1.0,4.0,0.0,,0.0,unchanged,Raw actor-list coverage/reuse differs: numeric contrast is not a reliable group-control trend.,one partial historical game; settings/maps/opponents differ
TaToH tournament control,TaToH,2021,tournament,2026,tournament,first 10 game minutes,actor_group_size_p90,1,13,1,4,2.0,3.0,2.0,3.0,2.0,2.0,1.0,9.0,1.0,,50.0,increase,Raw actor-list coverage/reuse differs: numeric contrast is not a reliable group-control trend.,one partial historical game; settings/maps/opponents differ
TaToH tournament control,TaToH,2021,tournament,2026,tournament,first 10 game minutes,actor_group_ge10_fraction,1,13,1,4,0.0,0.0045662100456621,0.0,0.0045662100456621,0.0,0.0,0.0,0.08695652173913043,0.0045662100456621,0.45662100456621,,increase,Raw actor-list coverage/reuse differs: numeric contrast is not a reliable group-control trend.,one partial historical game; settings/maps/opponents differ
TaToH tournament control,TaToH,2021,tournament,2026,tournament,first 10 game minutes,actor_group_change_fraction,1,13,1,4,1.0,0.75,1.0,0.75,1.0,1.0,0.4581005586592179,0.86,-0.25,-25.0,-25.0,decrease,Raw actor-list coverage/reuse differs: numeric contrast is not a reliable group-control trend.,one partial historical game; settings/maps/opponents differ
TaToH tournament control,TaToH,2021,tournament,2026,tournament,first 10 game minutes,actor_overlap_jaccard_median,1,13,1,4,0.0,0.0,0.0,0.0,0.0,0.0,0.0,1.0,0.0,,,unchanged,Raw actor-list coverage/reuse differs: numeric contrast is not a reliable group-control trend.,one partial historical game; settings/maps/opponents differ
TaToH tournament control,TaToH,2021,tournament,2026,tournament,first 10 game minutes,same_actor_gap_nominal_median_s,0,13,0,4,,0.23846153038764367,,0.23846153038764367,,,0.12307691890973503,0.2461538378195373,,,,unavailable,Raw actor-list coverage/reuse differs: numeric contrast is not a reliable group-control trend.,one partial historical game; settings/maps/opponents differ
TaToH tournament control,TaToH,2021,tournament,2026,tournament,first 10 game minutes,same_actor_recommand_under1s_fraction,0,13,0,4,,0.9230769230769231,,0.9230769230769231,,,0.8235294117647058,1.0,,,,unavailable,Raw actor-list coverage/reuse differs: numeric contrast is not a reliable group-control trend.,one partial historical game; settings/maps/opponents differ
TaToH tournament control,TaToH,2021,tournament,2026,tournament,first 10 game minutes,commanded_actor_ids,1,13,1,4,34.0,33.0,34.0,33.0,34.0,34.0,25.0,37.0,-1.0,,-2.941176470588235,decrease,Raw actor-list coverage/reuse differs: numeric contrast is not a reliable group-control trend.,one partial historical game; settings/maps/opponents differ
TaToH tournament control,TaToH,2021,tournament,2026,tournament,first 10 game minutes,valid_target_order_fraction,1,13,1,4,1.0,1.0,1.0,1.0,1.0,1.0,1.0,1.0,0.0,0.0,0.0,unchanged,Descriptive behavior; no cognitive or causal age interpretation.,one partial historical game; settings/maps/opponents differ
TaToH tournament control,TaToH,2021,tournament,2026,tournament,first 10 game minutes,distinct_order_target_ids,1,13,1,4,30.0,37.0,30.0,37.0,30.0,30.0,28.0,48.0,7.0,,23.333333333333332,increase,Descriptive behavior; no cognitive or causal age interpretation.,one partial historical game; settings/maps/opponents differ
TaToH tournament control,TaToH,2021,tournament,2026,tournament,first 10 game minutes,distinct_building_type_ids,1,13,1,4,5.0,7.0,5.0,7.0,5.0,5.0,3.0,8.0,2.0,,40.0,increase,Descriptive behavior; no cognitive or causal age interpretation.,one partial historical game; settings/maps/opponents differ
TaToH tournament control,TaToH,2021,tournament,2026,tournament,first 10 game minutes,distinct_research_type_ids,1,13,1,4,0.0,4.0,0.0,4.0,0.0,0.0,1.0,5.0,4.0,,,increase,Descriptive behavior; no cognitive or causal age interpretation.,one partial historical game; settings/maps/opponents differ
TaToH tournament control,TaToH,2021,tournament,2026,tournament,first 10 game minutes,positive_de_queue_commands,1,13,1,4,29.0,26.0,29.0,26.0,29.0,29.0,13.0,39.0,-3.0,,-10.344827586206897,decrease,Descriptive behavior; no cognitive or causal age interpretation.,one partial historical game; settings/maps/opponents differ
TaToH tournament control,TaToH,2021,tournament,2026,tournament,first 10 game minutes,requested_queue_unit_type_ids,1,13,1,4,2.0,2.0,2.0,2.0,2.0,2.0,1.0,3.0,0.0,,0.0,unchanged,Descriptive behavior; no cognitive or causal age interpretation.,one partial historical game; settings/maps/opponents differ
TaToH tournament control,TaToH,2021,tournament,2026,tournament,first 10 game minutes,explicitly_commanded_production_building_ids,1,13,1,4,2.0,2.0,2.0,2.0,2.0,2.0,1.0,4.0,0.0,,0.0,unchanged,Descriptive behavior; no cognitive or causal age interpretation.,one partial historical game; settings/maps/opponents differ
TaToH tournament control,TaToH,2021,tournament,2026,tournament,first 10 game minutes,production_command_revisit_nominal_median_s,1,13,1,4,13.039052812958234,13.699999536141858,13.039052812958234,13.699999536141858,13.039052812958234,13.039052812958234,7.507692053494917,18.50384552733815,0.6609467231836241,,5.068978035941186,increase,Descriptive behavior; no cognitive or causal age interpretation.,one partial historical game; settings/maps/opponents differ
TaToH tournament control,TaToH,2021,tournament,2026,tournament,first 10 game minutes,positive_queue_amount_mean,1,13,1,4,1.103448275862069,1.0,1.103448275862069,1.0,1.103448275862069,1.103448275862069,1.0,1.0,-0.10344827586206895,,-9.374999999999998,decrease,Descriptive behavior; no cognitive or causal age interpretation.,one partial historical game; settings/maps/opponents differ
TaToH tournament control,TaToH,2021,tournament,2026,tournament,first 10 game minutes,build_commands_nominal_min,1,13,1,4,2.87300009727478,2.5350000858306885,2.87300009727478,2.704000091552734,2.87300009727478,2.87300009727478,0.6760000228881835,3.3800001144409175,-0.33800001144409153,,-11.764705882352933,decrease,Descriptive behavior; no cognitive or causal age interpretation.,one partial historical game; settings/maps/opponents differ
TaToH tournament control,TaToH,2021,tournament,2026,tournament,first 10 game minutes,wall_commands_nominal_min,1,13,1,4,1.521000051498413,1.521000051498413,1.521000051498413,1.521000051498413,1.521000051498413,1.521000051498413,0.0,2.3660000801086425,0.0,,0.0,unchanged,Descriptive behavior; no cognitive or causal age interpretation.,one partial historical game; settings/maps/opponents differ
TaToH tournament control,TaToH,2021,tournament,2026,tournament,first 10 game minutes,research_commands_nominal_min,1,13,1,4,0.0,0.8450000286102294,0.0,0.8450000286102294,0.0,0.0,0.16900000572204588,1.352000045776367,0.8450000286102294,,,increase,Descriptive behavior; no cognitive or causal age interpretation.,one partial historical game; settings/maps/opponents differ
TaToH tournament control,TaToH,2021,tournament,2026,tournament,first 10 game minutes,market_commands_nominal_min,1,13,1,4,0.0,0.0,0.0,0.0,0.0,0.0,0.0,0.33800001144409175,0.0,,,unchanged,Descriptive behavior; no cognitive or causal age interpretation.,one partial historical game; settings/maps/opponents differ
TaToH tournament control,TaToH,2021,tournament,2026,tournament,first 10 game minutes,legacy_command_class_entropy_bits,0,0,0,0,,,,,,,,,,,,unavailable,Descriptive behavior; no cognitive or causal age interpretation.,one partial historical game; settings/maps/opponents differ
TaToH tournament control,TaToH,2021,tournament,2026,tournament,first 10 game minutes,legacy_switches_per_100_commands,0,0,0,0,,,,,,,,,,,,unavailable,Descriptive behavior; no cognitive or causal age interpretation.,one partial historical game; settings/maps/opponents differ
TaToH tournament control,TaToH,2021,tournament,2026,tournament,first 10 game minutes,legacy_core_silence_over5s_fraction,0,0,0,0,,,,,,,,,,,,unavailable,Descriptive behavior; no cognitive or causal age interpretation.,one partial historical game; settings/maps/opponents differ
TaToH tournament control,TaToH,2021,tournament,2026,tournament,first 10 game minutes,legacy_peak_10s_nominal_cpm,0,0,0,0,,,,,,,,,,,,unavailable,Descriptive behavior; no cognitive or causal age interpretation.,one partial historical game; settings/maps/opponents differ
TaToH tournament control,TaToH,2021,tournament,2026,tournament,first 10 game minutes,legacy_move_share,0,0,0,0,,,,,,,,,,,,unavailable,Descriptive behavior; no cognitive or causal age interpretation.,one partial historical game; settings/maps/opponents differ
TaToH tournament control,TaToH,2021,tournament,2026,tournament,first 10 game minutes,legacy_planning_command_share,0,0,0,0,,,,,,,,,,,,unavailable,Descriptive behavior; no cognitive or causal age interpretation.,one partial historical game; settings/maps/opponents differ
TaToH tournament control,TaToH,2021,tournament,2026,tournament,first 10 game minutes,legacy_queue_batch_mean,0,0,0,0,,,,,,,,,,,,unavailable,Descriptive behavior; no cognitive or causal age interpretation.,one partial historical game; settings/maps/opponents differ
TaToH tournament control,TaToH,2021,tournament,2026,tournament,first 10 game minutes,legacy_queue_batch_gt1_fraction,0,0,0,0,,,,,,,,,,,,unavailable,Descriptive behavior; no cognitive or causal age interpretation.,one partial historical game; settings/maps/opponents differ
TaToH tournament control,TaToH,2021,tournament,2026,tournament,first 10 game minutes,legacy_duration_game_min,0,0,0,0,,,,,,,,,,,,unavailable,Descriptive behavior; no cognitive or causal age interpretation.,one partial historical game; settings/maps/opponents differ
TaToH tournament control,TaToH,2021,tournament,2026,tournament,first 10 game minutes,tatoh_cpm_0_5,0,0,0,0,,,,,,,,,,,,unavailable,Descriptive behavior; no cognitive or causal age interpretation.,one partial historical game; settings/maps/opponents differ
TaToH tournament control,TaToH,2021,tournament,2026,tournament,first 10 game minutes,tatoh_cpm_5_10,0,0,0,0,,,,,,,,,,,,unavailable,Descriptive behavior; no cognitive or causal age interpretation.,one partial historical game; settings/maps/opponents differ
TaToH tournament control,TaToH,2021,tournament,2026,tournament,first 10 game minutes,tatoh_cpm_10_15,0,0,0,0,,,,,,,,,,,,unavailable,Descriptive behavior; no cognitive or causal age interpretation.,one partial historical game; settings/maps/opponents differ
TaToH tournament control,TaToH,2021,tournament,2026,tournament,first 10 game minutes,tatoh_cpm_15_20,0,0,0,0,,,,,,,,,,,,unavailable,Descriptive behavior; no cognitive or causal age interpretation.,one partial historical game; settings/maps/opponents differ
TaToH tournament control,TaToH,2021,tournament,2026,tournament,first 10 game minutes,tatoh_cpm_10_20,0,0,0,0,,,,,,,,,,,,unavailable,Descriptive behavior; no cognitive or causal age interpretation.,one partial historical game; settings/maps/opponents differ
TaToH tournament control,TaToH,2021,tournament,2026,tournament,first 10 game minutes,tatoh_reclick_open,0,0,0,0,,,,,,,,,,,,unavailable,Descriptive behavior; no cognitive or causal age interpretation.,one partial historical game; settings/maps/opponents differ
TaToH tournament control,TaToH,2021,tournament,2026,tournament,first 10 game minutes,tatoh_dedup_open_cpm,0,0,0,0,,,,,,,,,,,,unavailable,Descriptive behavior; no cognitive or causal age interpretation.,one partial historical game; settings/maps/opponents differ
TaToH tournament control,TaToH,2021,tournament,2026,tournament,first 10 game minutes,tatoh_reclick_whole,0,0,0,0,,,,,,,,,,,,unavailable,Descriptive behavior; no cognitive or causal age interpretation.,one partial historical game; settings/maps/opponents differ
TaToH tournament control,TaToH,2021,tournament,2026,tournament,first 10 game minutes,tatoh_dedup_whole_cpm,0,0,0,0,,,,,,,,,,,,unavailable,Descriptive behavior; no cognitive or causal age interpretation.,one partial historical game; settings/maps/opponents differ
TaToH tournament control,TaToH,2021,tournament,2026,tournament,first 10 game minutes,tatoh_gap_p50_open,0,0,0,0,,,,,,,,,,,,unavailable,Descriptive behavior; no cognitive or causal age interpretation.,one partial historical game; settings/maps/opponents differ
TaToH tournament control,TaToH,2021,tournament,2026,tournament,first 10 game minutes,tatoh_gap_p90_open,0,0,0,0,,,,,,,,,,,,unavailable,Descriptive behavior; no cognitive or causal age interpretation.,one partial historical game; settings/maps/opponents differ
TaToH tournament control,TaToH,2021,tournament,2026,tournament,first 10 game minutes,tatoh_gap_p99_open,0,0,0,0,,,,,,,,,,,,unavailable,Descriptive behavior; no cognitive or causal age interpretation.,one partial historical game; settings/maps/opponents differ
TaToH tournament control,TaToH,2021,tournament,2026,tournament,first 10 game minutes,tatoh_gap_p99_10_20,0,0,0,0,,,,,,,,,,,,unavailable,Descriptive behavior; no cognitive or causal age interpretation.,one partial historical game; settings/maps/opponents differ
TaToH tournament control,TaToH,2021,tournament,2026,tournament,first 10 game minutes,feudal_request_game_s,0,12,0,4,,275.938,,275.938,,,229.021,501.41,,,,unavailable,Age-up request timing depends strongly on start-age and tournament settings.,one partial historical game; settings/maps/opponents differ
TaToH tournament control,TaToH,2021,tournament,2026,tournament,first 10 game minutes,castle_request_game_s,0,4,0,3,,515.931,,515.931,,,431.743,581.438,,,,unavailable,Age-up request timing depends strongly on start-age and tournament settings.,one partial historical game; settings/maps/opponents differ
TaToH tournament control,TaToH,2021,tournament,2026,tournament,first 10 game minutes,imperial_request_game_s,0,0,0,0,,,,,,,,,,,,unavailable,Age-up request timing depends strongly on start-age and tournament settings.,one partial historical game; settings/maps/opponents differ
TaToH tournament control,TaToH,2021,tournament,2026,tournament,whole available replay,all_recorded_cpm,1,13,1,4,98.11438812724613,118.12013987101557,98.11438812724613,118.12013987101557,98.11438812724613,98.11438812724613,104.71058795239122,137.00116697879915,20.005751743769437,,20.390232386531988,increase,Descriptive behavior; no cognitive or causal age interpretation.,one partial historical game; settings/maps/opponents differ
TaToH tournament control,TaToH,2021,tournament,2026,tournament,whole available replay,core_cpm,1,13,1,4,77.26021386508097,85.58356019943179,77.26021386508097,85.58356019943179,77.26021386508097,77.26021386508097,74.0015906057244,108.44728703927497,8.323346334350816,,10.773133955965775,increase,Descriptive behavior; no cognitive or causal age interpretation.,one partial historical game; settings/maps/opponents differ
TaToH tournament control,TaToH,2021,tournament,2026,tournament,whole available replay,noncore_action_fraction,1,13,1,4,0.21254960317460317,0.2754532775453278,0.21254960317460317,0.2754532775453278,0.21254960317460317,0.21254960317460317,0.17480136208853575,0.34267413931144913,0.06290367437072461,6.290367437072461,29.59482089413788,increase,Descriptive behavior; no cognitive or causal age interpretation.,one partial historical game; settings/maps/opponents differ
TaToH tournament control,TaToH,2021,tournament,2026,tournament,whole available replay,first_core_command_nominal_s,1,13,1,4,0.9230768918231459,0.7999999729133932,0.9230768918231459,0.7999999729133932,0.9230768918231459,0.9230768918231459,0.6769230540036403,1.1692307296426514,-0.1230769189097527,,-13.333333333333325,decrease,Descriptive behavior; no cognitive or causal age interpretation.,one partial historical game; settings/maps/opponents differ
TaToH tournament control,TaToH,2021,tournament,2026,tournament,whole available replay,core_gap_p10_s,1,13,1,4,0.11597632743416852,0.11538461147802082,0.11597632743416852,0.11538461147802082,0.11597632743416852,0.11597632743416852,0.11538461147790713,0.12307691890964634,-0.0005917159561477092,,-0.5102040815041191,decrease,Descriptive behavior; no cognitive or causal age interpretation.,one partial historical game; settings/maps/opponents differ
TaToH tournament control,TaToH,2021,tournament,2026,tournament,whole available replay,core_gap_p50_s,1,13,1,4,0.36449702907884785,0.36153844929737033,0.36449702907884785,0.36153844929737033,0.36449702907884785,0.36449702907884785,0.23846153038763873,0.36153844929754086,-0.0029585797814775106,,-0.8116883116864889,decrease,Descriptive behavior; no cognitive or causal age interpretation.,one partial historical game; settings/maps/opponents differ
TaToH tournament control,TaToH,2021,tournament,2026,tournament,whole available replay,core_gap_p90_s,1,13,1,4,2.0478105815522425,1.7999999390551011,2.0478105815522425,1.7999999390551011,2.0478105815522425,2.0478105815522425,1.3230768782798492,2.1615383883525396,-0.24781064249714135,,-12.1012482662972,decrease,Descriptive behavior; no cognitive or causal age interpretation.,one partial historical game; settings/maps/opponents differ
TaToH tournament control,TaToH,2021,tournament,2026,tournament,whole available replay,core_gap_p99_s,1,13,1,4,5.102958407104352,4.684615226002502,5.102958407104352,4.684615226002502,5.102958407104352,5.102958407104352,2.9498460539694915,5.993005714247038,-0.4183431811018501,,-8.19805194805099,decrease,Descriptive behavior; no cognitive or causal age interpretation.,one partial historical game; settings/maps/opponents differ
TaToH tournament control,TaToH,2021,tournament,2026,tournament,whole available replay,core_gap_max_s,1,13,1,4,10.10650853355088,9.49230737091466,10.10650853355088,9.49230737091466,10.10650853355088,10.10650853355088,4.6923075334343025,18.87692243778335,-0.6142011626362205,,-6.077283372365822,decrease,Descriptive behavior; no cognitive or causal age interpretation.,one partial historical game; settings/maps/opponents differ
TaToH tournament control,TaToH,2021,tournament,2026,tournament,whole available replay,simultaneous_core_gap_fraction,1,13,1,4,0.006616257088846881,0.002407318247472316,0.006616257088846881,0.002407318247472316,0.006616257088846881,0.006616257088846881,0.0,0.02162629757785467,-0.004208938841374564,-0.42089388413745643,-63.615104202489846,decrease,Descriptive behavior; no cognitive or causal age interpretation.,one partial historical game; settings/maps/opponents differ
TaToH tournament control,TaToH,2021,tournament,2026,tournament,whole available replay,core_gap_cv,1,13,1,4,1.3868760364386323,1.3673251317740687,1.3868760364386323,1.3673251317740687,1.3868760364386323,1.3868760364386323,1.1533367445916358,1.730316470016968,-0.019550904664563662,,-1.4097081607068902,decrease,Descriptive behavior; no cognitive or causal age interpretation.,one partial historical game; settings/maps/opponents differ
TaToH tournament control,TaToH,2021,tournament,2026,tournament,whole available replay,core_gap_burstiness,1,13,1,4,0.16208467910879673,0.15516463152604476,0.16208467910879673,0.15516463152604476,0.16208467910879673,0.16208467910879673,0.07120890170882911,0.2674841828912344,-0.00692004758275197,,-4.269402648542124,decrease,Descriptive behavior; no cognitive or causal age interpretation.,one partial historical game; settings/maps/opponents differ
TaToH tournament control,TaToH,2021,tournament,2026,tournament,whole available replay,command_silence_ge5s_time_fraction,1,13,1,4,0.09392199033266424,0.06348119434348454,0.09392199033266424,0.06348119434348454,0.09392199033266424,0.09392199033266424,0.0,0.13829281253346395,-0.030440795989179703,-3.0440795989179703,-32.41072285772567,decrease,Descriptive behavior; no cognitive or causal age interpretation.,one partial historical game; settings/maps/opponents differ
TaToH tournament control,TaToH,2021,tournament,2026,tournament,whole available replay,command_silence_ge10s_time_fraction,1,13,1,4,0.008197700900067252,0.0,0.008197700900067252,0.0,0.008197700900067252,0.008197700900067252,0.0,0.024464420292929737,-0.008197700900067252,-0.8197700900067252,-100.0,decrease,Descriptive behavior; no cognitive or causal age interpretation.,one partial historical game; settings/maps/opponents differ
TaToH tournament control,TaToH,2021,tournament,2026,tournament,whole available replay,core_count_5s_cv,1,13,1,4,0.5601538277514682,0.5371139105440277,0.5601538277514682,0.5371139105440277,0.5601538277514682,0.5601538277514682,0.36377870759142267,0.6413503838720642,-0.023039917207440475,,-4.113141081250085,decrease,Descriptive behavior; no cognitive or causal age interpretation.,one partial historical game; settings/maps/opponents differ
TaToH tournament control,TaToH,2021,tournament,2026,tournament,whole available replay,peak_5s_nominal_cpm,1,13,1,4,228.0,276.0,228.0,276.0,228.0,228.0,192.0,336.0,48.0,,21.052631578947366,increase,Descriptive behavior; no cognitive or causal age interpretation.,one partial historical game; settings/maps/opponents differ
TaToH tournament control,TaToH,2021,tournament,2026,tournament,whole available replay,empty_5s_bin_fraction,1,13,1,4,0.02834008097165992,0.015151515151515152,0.02834008097165992,0.015151515151515152,0.02834008097165992,0.02834008097165992,0.0,0.04481792717086835,-0.013188565820144767,-1.3188565820144766,-46.53679653679654,decrease,Descriptive behavior; no cognitive or causal age interpretation.,one partial historical game; settings/maps/opponents differ
TaToH tournament control,TaToH,2021,tournament,2026,tournament,whole available replay,core_type_entropy_bits,1,13,1,4,1.596308877040768,1.3529917633790955,1.596308877040768,1.3529917633790955,1.596308877040768,1.596308877040768,0.9556012346142189,1.693811897885968,-0.24331711366167252,,-15.242483278845945,decrease,Descriptive behavior; no cognitive or causal age interpretation.,one partial historical game; settings/maps/opponents differ
TaToH tournament control,TaToH,2021,tournament,2026,tournament,whole available replay,core_category_entropy_bits,1,13,1,4,1.56669904674924,1.3132821097684084,1.56669904674924,1.3132821097684084,1.56669904674924,1.56669904674924,0.9315040025326011,1.6590053990325524,-0.2534169369808317,,-16.17521485741943,decrease,Descriptive behavior; no cognitive or causal age interpretation.,one partial historical game; settings/maps/opponents differ
TaToH tournament control,TaToH,2021,tournament,2026,tournament,whole available replay,core_type_transition_entropy_bits,1,13,1,4,1.2791471579217841,1.1911155861000777,1.2791471579217841,1.1911155861000777,1.2791471579217841,1.2791471579217841,0.7814871907063379,1.3298763520850148,-0.0880315718217064,,-6.882051941914978,decrease,Descriptive behavior; no cognitive or causal age interpretation.,one partial historical game; settings/maps/opponents differ
TaToH tournament control,TaToH,2021,tournament,2026,tournament,whole available replay,core_type_switch_fraction,1,13,1,4,0.3267170762444864,0.3287147634973722,0.3267170762444864,0.3287147634973722,0.3267170762444864,0.3267170762444864,0.2162534435261708,0.35324675324675325,0.0019976872528857936,0.19976872528857936,0.6114425593692874,increase,Descriptive behavior; no cognitive or causal age interpretation.,one partial historical game; settings/maps/opponents differ
TaToH tournament control,TaToH,2021,tournament,2026,tournament,whole available replay,core_category_switch_fraction,1,13,1,4,0.3267170762444864,0.3258480649784998,0.3267170762444864,0.3258480649784998,0.3267170762444864,0.3267170762444864,0.2162534435261708,0.3510822510822511,-0.0008690112659866522,-0.08690112659866522,-0.2659828117880072,decrease,Descriptive behavior; no cognitive or causal age interpretation.,one partial historical game; settings/maps/opponents differ
TaToH tournament control,TaToH,2021,tournament,2026,tournament,whole available replay,core_same_type_triplet_fraction,1,13,1,4,0.48692089505200126,0.49569789674952197,0.48692089505200126,0.49569789674952197,0.48692089505200126,0.48692089505200126,0.4382849718492854,0.6372413793103449,0.008777001697520714,0.8777001697520714,1.8025518696591085,increase,Descriptive behavior; no cognitive or causal age interpretation.,one partial historical game; settings/maps/opponents differ
TaToH tournament control,TaToH,2021,tournament,2026,tournament,whole available replay,coordinate_coverage,1,13,1,4,1.0,1.0,1.0,1.0,1.0,1.0,1.0,1.0,0.0,0.0,0.0,unchanged,Descriptive behavior; no cognitive or causal age interpretation.,one partial historical game; settings/maps/opponents differ
TaToH tournament control,TaToH,2021,tournament,2026,tournament,whole available replay,destination_jump_diagonal_p50,1,13,1,4,0.02801074001698806,0.02534484387624258,0.02801074001698806,0.02534484387624258,0.02801074001698806,0.02801074001698806,0.005833420746540745,0.036998434028978726,-0.0026658961407454787,,-9.517407034332745,decrease,Descriptive behavior; no cognitive or causal age interpretation.,one partial historical game; settings/maps/opponents differ
TaToH tournament control,TaToH,2021,tournament,2026,tournament,whole available replay,destination_jump_diagonal_p90,1,13,1,4,0.25638793386387715,0.2485009207094249,0.25638793386387715,0.25289336174538185,0.25638793386387715,0.25638793386387715,0.08738385784732601,0.37888344849731104,-0.007887013154452255,,-3.0762029380991347,decrease,Descriptive behavior; no cognitive or causal age interpretation.,one partial historical game; settings/maps/opponents differ
TaToH tournament control,TaToH,2021,tournament,2026,tournament,whole available replay,destination_jump_ge_quarter_fraction,1,13,1,4,0.10271678451804987,0.09924566534274976,0.10271678451804987,0.10129198966408269,0.10271678451804987,0.10271678451804987,0.004172461752433936,0.16175462645647704,-0.0034711191753001164,-0.34711191753001164,-3.3793105884171784,decrease,Descriptive behavior; no cognitive or causal age interpretation.,one partial historical game; settings/maps/opponents differ
TaToH tournament control,TaToH,2021,tournament,2026,tournament,whole available replay,destination_entropy_4x4_bits,1,13,1,4,3.4476887115276393,3.3605997585982434,3.4476887115276393,3.3605997585982434,3.4476887115276393,3.4476887115276393,1.6729299739003018,3.818656308104808,-0.08708895292939589,,-2.5260097478698293,decrease,Descriptive behavior; no cognitive or causal age interpretation.,one partial historical game; settings/maps/opponents differ
TaToH tournament control,TaToH,2021,tournament,2026,tournament,whole available replay,destination_cell_switch_fraction,1,13,1,4,0.32899144026795685,0.31071983428275507,0.32899144026795685,0.31071983428275507,0.32899144026795685,0.32899144026795685,0.2114047287899861,0.35224438902743144,-0.018271605985201778,-1.8271605985201778,-5.553824126949906,decrease,Descriptive behavior; no cognitive or causal age interpretation.,one partial historical game; settings/maps/opponents differ
TaToH tournament control,TaToH,2021,tournament,2026,tournament,whole available replay,rapid_destination_repeat_fraction,1,13,1,4,0.3074060290286565,0.30801033591731264,0.3074060290286565,0.30801033591731264,0.3074060290286565,0.3074060290286565,0.23254364089775562,0.5716272600834492,0.0006043068886561476,0.06043068886561476,0.19658264041393084,increase,Descriptive behavior; no cognitive or causal age interpretation.,one partial historical game; settings/maps/opponents differ
TaToH tournament control,TaToH,2021,tournament,2026,tournament,whole available replay,dedup_core_cpm,1,13,1,4,57.16039129734652,59.22922922036834,57.16039129734652,59.22922922036834,57.16039129734652,57.16039129734652,47.138022977181414,69.00426425035104,2.0688379230218175,,3.619355774280461,increase,Descriptive behavior; no cognitive or causal age interpretation.,one partial historical game; settings/maps/opponents differ
TaToH tournament control,TaToH,2021,tournament,2026,tournament,whole available replay,move_order_commands,1,13,1,4,2688.0,1605.0,2688.0,1605.0,2688.0,2688.0,720.0,1944.0,-1083.0,,-40.29017857142857,decrease,Descriptive behavior; no cognitive or causal age interpretation.,one partial historical game; settings/maps/opponents differ
TaToH tournament control,TaToH,2021,tournament,2026,tournament,whole available replay,explicit_actor_commands,1,13,1,4,1103.0,795.0,1103.0,795.0,1103.0,1103.0,308.0,1020.0,-308.0,,-27.923844061650044,decrease,Raw actor-list coverage/reuse differs: numeric contrast is not a reliable group-control trend.,one partial historical game; settings/maps/opponents differ
TaToH tournament control,TaToH,2021,tournament,2026,tournament,whole available replay,explicit_actor_coverage,1,13,1,4,0.4103422619047619,0.48220121314139774,0.4103422619047619,0.4835805084745763,0.4103422619047619,0.4103422619047619,0.35129533678756475,0.5279503105590062,0.07185895123663583,7.185895123663583,17.511954752862838,increase,Raw actor-list coverage/reuse differs: numeric contrast is not a reliable group-control trend.,one partial historical game; settings/maps/opponents differ
TaToH tournament control,TaToH,2021,tournament,2026,tournament,whole available replay,actor_pair_count,1,13,1,4,435.0,456.0,435.0,456.0,435.0,435.0,145.0,665.0,21.0,,4.827586206896552,increase,Raw actor-list coverage/reuse differs: numeric contrast is not a reliable group-control trend.,one partial historical game; settings/maps/opponents differ
TaToH tournament control,TaToH,2021,tournament,2026,tournament,whole available replay,same_actor_pair_count,1,13,1,4,7.0,115.5,7.0,122.0,7.0,7.0,31.0,225.0,108.5,,1550.0,increase,Raw actor-list coverage/reuse differs: numeric contrast is not a reliable group-control trend.,one partial historical game; settings/maps/opponents differ
TaToH tournament control,TaToH,2021,tournament,2026,tournament,whole available replay,actor_group_size_median,1,13,1,4,2.0,2.0,2.0,2.0,2.0,2.0,1.0,5.0,0.0,,0.0,unchanged,Raw actor-list coverage/reuse differs: numeric contrast is not a reliable group-control trend.,one partial historical game; settings/maps/opponents differ
TaToH tournament control,TaToH,2021,tournament,2026,tournament,whole available replay,actor_group_size_p90,1,13,1,4,12.0,8.0,12.0,8.0,12.0,12.0,5.0,20.0,-4.0,,-33.33333333333333,decrease,Raw actor-list coverage/reuse differs: numeric contrast is not a reliable group-control trend.,one partial historical game; settings/maps/opponents differ
TaToH tournament control,TaToH,2021,tournament,2026,tournament,whole available replay,actor_group_ge10_fraction,1,13,1,4,0.13780598368087035,0.08434959349593496,0.13780598368087035,0.08434959349593496,0.13780598368087035,0.13780598368087035,0.0018656716417910447,0.3264705882352941,-0.05345639018493539,-5.345639018493539,-38.79105156183141,decrease,Raw actor-list coverage/reuse differs: numeric contrast is not a reliable group-control trend.,one partial historical game; settings/maps/opponents differ
TaToH tournament control,TaToH,2021,tournament,2026,tournament,whole available replay,actor_group_change_fraction,1,13,1,4,0.9839080459770115,0.7324561403508771,0.9839080459770115,0.7324561403508771,0.9839080459770115,0.9839080459770115,0.4577114427860697,0.7862068965517242,-0.2514519056261344,-25.14519056261344,-25.556443679291696,decrease,Raw actor-list coverage/reuse differs: numeric contrast is not a reliable group-control trend.,one partial historical game; settings/maps/opponents differ
TaToH tournament control,TaToH,2021,tournament,2026,tournament,whole available replay,actor_overlap_jaccard_median,1,13,1,4,0.0,0.0,0.0,0.0,0.0,0.0,0.0,1.0,0.0,,,unchanged,Raw actor-list coverage/reuse differs: numeric contrast is not a reliable group-control trend.,one partial historical game; settings/maps/opponents differ
TaToH tournament control,TaToH,2021,tournament,2026,tournament,whole available replay,same_actor_gap_nominal_median_s,1,13,1,4,1.110059134012814,0.1242603508223681,1.110059134012814,0.1242603508223681,1.110059134012814,1.110059134012814,0.12307691890975185,0.24378697399427118,-0.985798783190446,,-88.80597014925029,decrease,Raw actor-list coverage/reuse differs: numeric contrast is not a reliable group-control trend.,one partial historical game; settings/maps/opponents differ
TaToH tournament control,TaToH,2021,tournament,2026,tournament,whole available replay,same_actor_recommand_under1s_fraction,1,13,1,4,0.42857142857142855,0.9032258064516129,0.42857142857142855,0.9032258064516129,0.42857142857142855,0.42857142857142855,0.84375,0.9657534246575342,0.47465437788018433,47.465437788018434,110.75268817204302,increase,Raw actor-list coverage/reuse differs: numeric contrast is not a reliable group-control trend.,one partial historical game; settings/maps/opponents differ
TaToH tournament control,TaToH,2021,tournament,2026,tournament,whole available replay,commanded_actor_ids,1,13,1,4,686.0,160.0,686.0,160.0,686.0,686.0,40.0,321.0,-526.0,,-76.67638483965014,decrease,Raw actor-list coverage/reuse differs: numeric contrast is not a reliable group-control trend.,one partial historical game; settings/maps/opponents differ
TaToH tournament control,TaToH,2021,tournament,2026,tournament,whole available replay,valid_target_order_fraction,1,13,1,4,1.0,1.0,1.0,1.0,1.0,1.0,1.0,1.0,0.0,0.0,0.0,unchanged,Descriptive behavior; no cognitive or causal age interpretation.,one partial historical game; settings/maps/opponents differ
TaToH tournament control,TaToH,2021,tournament,2026,tournament,whole available replay,distinct_order_target_ids,1,13,1,4,317.0,156.0,317.0,156.0,317.0,317.0,46.0,235.0,-161.0,,-50.78864353312302,decrease,Descriptive behavior; no cognitive or causal age interpretation.,one partial historical game; settings/maps/opponents differ
TaToH tournament control,TaToH,2021,tournament,2026,tournament,whole available replay,distinct_building_type_ids,1,13,1,4,16.0,14.0,16.0,14.0,16.0,16.0,3.0,19.0,-2.0,,-12.5,decrease,Descriptive behavior; no cognitive or causal age interpretation.,one partial historical game; settings/maps/opponents differ
TaToH tournament control,TaToH,2021,tournament,2026,tournament,whole available replay,distinct_research_type_ids,1,13,1,4,45.0,21.0,45.0,21.0,45.0,45.0,1.0,42.0,-24.0,,-53.333333333333336,decrease,Descriptive behavior; no cognitive or causal age interpretation.,one partial historical game; settings/maps/opponents differ
TaToH tournament control,TaToH,2021,tournament,2026,tournament,whole available replay,positive_de_queue_commands,1,13,1,4,820.0,225.0,820.0,225.0,820.0,820.0,34.0,453.0,-595.0,,-72.5609756097561,decrease,Descriptive behavior; no cognitive or causal age interpretation.,one partial historical game; settings/maps/opponents differ
TaToH tournament control,TaToH,2021,tournament,2026,tournament,whole available replay,requested_queue_unit_type_ids,1,13,1,4,14.0,8.0,14.0,8.0,14.0,14.0,1.0,14.0,-6.0,,-42.857142857142854,decrease,Descriptive behavior; no cognitive or causal age interpretation.,one partial historical game; settings/maps/opponents differ
TaToH tournament control,TaToH,2021,tournament,2026,tournament,whole available replay,explicitly_commanded_production_building_ids,1,13,1,4,55.0,12.0,55.0,12.0,55.0,55.0,1.0,26.0,-43.0,,-78.18181818181819,decrease,Descriptive behavior; no cognitive or causal age interpretation.,one partial historical game; settings/maps/opponents differ
TaToH tournament control,TaToH,2021,tournament,2026,tournament,whole available replay,production_command_revisit_nominal_median_s,1,13,1,4,0.2485207016447362,6.737277878396487,0.2485207016447362,6.737277878396487,0.2485207016447362,0.2485207016447362,3.197041311871965,16.465384057895385,6.488757176751751,,2610.952380951958,increase,Descriptive behavior; no cognitive or causal age interpretation.,one partial historical game; settings/maps/opponents differ
TaToH tournament control,TaToH,2021,tournament,2026,tournament,whole available replay,positive_queue_amount_mean,1,13,1,4,1.0585365853658537,1.0,1.0585365853658537,1.0,1.0585365853658537,1.0585365853658537,1.0,1.0355555555555556,-0.05853658536585371,,-5.529953917050696,decrease,Descriptive behavior; no cognitive or causal age interpretation.,one partial historical game; settings/maps/opponents differ
TaToH tournament control,TaToH,2021,tournament,2026,tournament,whole available replay,build_commands_nominal_min,1,13,1,4,7.008170580517581,4.945253894334119,7.008170580517581,4.945253894334119,7.008170580517581,7.008170580517581,0.7458547939427439,7.328251878730105,-2.0629166861834625,,-29.43588005574927,decrease,Descriptive behavior; no cognitive or causal age interpretation.,one partial historical game; settings/maps/opponents differ
TaToH tournament control,TaToH,2021,tournament,2026,tournament,whole available replay,wall_commands_nominal_min,1,13,1,4,0.24333925626797157,0.6177831583212111,0.24333925626797157,0.6177831583212111,0.24333925626797157,0.24333925626797157,0.0,2.672264836931408,0.3744439020532395,,153.8773101372892,increase,Descriptive behavior; no cognitive or causal age interpretation.,one partial historical game; settings/maps/opponents differ
TaToH tournament control,TaToH,2021,tournament,2026,tournament,whole available replay,research_commands_nominal_min,1,13,1,4,1.4843694632346265,1.5364745007856255,1.4843694632346265,1.5364745007856255,1.4843694632346265,1.4843694632346265,0.1491709587885488,2.117730670194782,0.052105037550999045,,3.5102472020312017,increase,Descriptive behavior; no cognitive or causal age interpretation.,one partial historical game; settings/maps/opponents differ
TaToH tournament control,TaToH,2021,tournament,2026,tournament,whole available replay,market_commands_nominal_min,1,13,1,4,1.9710479757705697,0.5428334724985263,1.9710479757705697,0.5428334724985263,1.9710479757705697,1.9710479757705697,0.0,1.9890033081676508,-1.4282145032720432,,-72.45965196325021,decrease,Descriptive behavior; no cognitive or causal age interpretation.,one partial historical game; settings/maps/opponents differ
TaToH tournament control,TaToH,2021,tournament,2026,tournament,whole available replay,legacy_command_class_entropy_bits,1,13,1,4,1.56669904674924,1.3132821097684084,1.56669904674924,1.3132821097684084,1.56669904674924,1.56669904674924,0.9315040025326011,1.6590053990325524,-0.2534169369808317,,-16.17521485741943,decrease,Descriptive behavior; no cognitive or causal age interpretation.,one partial historical game; settings/maps/opponents differ
TaToH tournament control,TaToH,2021,tournament,2026,tournament,whole available replay,legacy_switches_per_100_commands,1,13,1,4,32.67170762444864,32.584806497849975,32.67170762444864,32.584806497849975,32.67170762444864,32.67170762444864,21.62534435261708,35.10822510822511,-0.08690112659866855,,-0.26598281178801736,decrease,Descriptive behavior; no cognitive or causal age interpretation.,one partial historical game; settings/maps/opponents differ
TaToH tournament control,TaToH,2021,tournament,2026,tournament,whole available replay,legacy_core_silence_over5s_fraction,0,0,0,0,,,,,,,,,,,,unavailable,Descriptive behavior; no cognitive or causal age interpretation.,one partial historical game; settings/maps/opponents differ
TaToH tournament control,TaToH,2021,tournament,2026,tournament,whole available replay,legacy_peak_10s_nominal_cpm,0,0,0,0,,,,,,,,,,,,unavailable,Descriptive behavior; no cognitive or causal age interpretation.,one partial historical game; settings/maps/opponents differ
TaToH tournament control,TaToH,2021,tournament,2026,tournament,whole available replay,legacy_move_share,0,0,0,0,,,,,,,,,,,,unavailable,Descriptive behavior; no cognitive or causal age interpretation.,one partial historical game; settings/maps/opponents differ
TaToH tournament control,TaToH,2021,tournament,2026,tournament,whole available replay,legacy_planning_command_share,1,13,1,4,0.13858267716535436,0.08976510067114096,0.13858267716535436,0.08976510067114096,0.13858267716535436,0.13858267716535436,0.009628610729023384,0.13890090869753352,-0.048817576494213394,-4.881757649421339,-35.22631940207443,decrease,Descriptive behavior; no cognitive or causal age interpretation.,one partial historical game; settings/maps/opponents differ
TaToH tournament control,TaToH,2021,tournament,2026,tournament,whole available replay,legacy_queue_batch_mean,1,13,1,4,1.0585365853658537,1.0,1.0585365853658537,1.0,1.0585365853658537,1.0585365853658537,1.0,1.0355555555555556,-0.05853658536585371,,-5.529953917050696,decrease,Descriptive behavior; no cognitive or causal age interpretation.,one partial historical game; settings/maps/opponents differ
TaToH tournament control,TaToH,2021,tournament,2026,tournament,whole available replay,legacy_queue_batch_gt1_fraction,0,0,0,0,,,,,,,,,,,,unavailable,Descriptive behavior; no cognitive or causal age interpretation.,one partial historical game; settings/maps/opponents differ
TaToH tournament control,TaToH,2021,tournament,2026,tournament,whole available replay,legacy_duration_game_min,1,13,1,4,69.45036666666667,34.80146666666667,69.45036666666667,34.80146666666667,69.45036666666667,69.45036666666667,11.329283333333333,50.27551666666667,-34.6489,,-49.890161367038615,decrease,Descriptive behavior; no cognitive or causal age interpretation.,one partial historical game; settings/maps/opponents differ
TaToH tournament control,TaToH,2021,tournament,2026,tournament,whole available replay,tatoh_cpm_0_5,1,13,1,4,122.6940041542053,106.4700036048889,122.6940041542053,106.4700036048889,122.6940041542053,122.6940041542053,69.2900023460388,131.82000446319577,-16.2240005493164,,-13.223140495867765,decrease,Descriptive behavior; no cognitive or causal age interpretation.,one partial historical game; settings/maps/opponents differ
TaToH tournament control,TaToH,2021,tournament,2026,tournament,whole available replay,tatoh_cpm_5_10,1,13,1,4,79.76800270080565,90.5840030670166,79.76800270080565,90.5840030670166,79.76800270080565,79.76800270080565,52.39000177383422,114.5820038795471,10.816000366210943,,13.559322033898313,increase,Descriptive behavior; no cognitive or causal age interpretation.,one partial historical game; settings/maps/opponents differ
TaToH tournament control,TaToH,2021,tournament,2026,tournament,whole available replay,tatoh_cpm_10_15,1,11,1,4,71.99400243759155,80.10600271224975,71.99400243759155,80.10600271224975,71.99400243759155,71.99400243759155,56.108001899719234,138.5800046920776,8.1120002746582,,11.267605633802814,increase,Descriptive behavior; no cognitive or causal age interpretation.,one partial historical game; settings/maps/opponents differ
TaToH tournament control,TaToH,2021,tournament,2026,tournament,whole available replay,tatoh_cpm_15_20,1,11,1,4,88.21800298690795,79.43000268936156,88.21800298690795,87.20400295257568,88.21800298690795,88.21800298690795,67.26200227737426,111.20200376510618,-8.78800029754639,,-9.961685823754793,decrease,Descriptive behavior; no cognitive or causal age interpretation.,one partial historical game; settings/maps/opponents differ
TaToH tournament control,TaToH,2021,tournament,2026,tournament,whole available replay,tatoh_cpm_10_20,1,11,1,4,80.10600271224975,80.10600271224975,80.10600271224975,80.10600271224975,80.10600271224975,80.10600271224975,65.06500220298766,115.42700390815733,0.0,,0.0,unchanged,Descriptive behavior; no cognitive or causal age interpretation.,one partial historical game; settings/maps/opponents differ
TaToH tournament control,TaToH,2021,tournament,2026,tournament,whole available replay,tatoh_reclick_open,1,13,1,4,0.32554257095158595,0.346875,0.32554257095158595,0.346875,0.32554257095158595,0.32554257095158595,0.21944444444444444,0.5605590062111802,0.021332429048414037,,6.55288461538462,increase,Descriptive behavior; no cognitive or causal age interpretation.,one partial historical game; settings/maps/opponents differ
TaToH tournament control,TaToH,2021,tournament,2026,tournament,whole available replay,tatoh_dedup_open_cpm,1,13,1,4,68.27600231170653,60.33300204277038,68.27600231170653,60.33300204277038,68.27600231170653,68.27600231170653,47.48900160789489,80.61300272941588,-7.943000268936153,,-11.633663366336629,decrease,Descriptive behavior; no cognitive or causal age interpretation.,one partial historical game; settings/maps/opponents differ
TaToH tournament control,TaToH,2021,tournament,2026,tournament,whole available replay,tatoh_reclick_whole,1,13,1,4,0.2600755667506297,0.2777101096224117,0.2600755667506297,0.2777101096224117,0.2600755667506297,0.2600755667506297,0.20653377630121816,0.5653370013755158,0.01763454287178201,,6.780545782176715,increase,Descriptive behavior; no cognitive or causal age interpretation.,one partial historical game; settings/maps/opponents differ
TaToH tournament control,TaToH,2021,tournament,2026,tournament,whole available replay,tatoh_dedup_whole_cpm,1,13,1,4,57.17100535171953,59.20960084564067,57.17100535171953,59.20960084564067,57.17100535171953,57.17100535171953,47.06877943950617,69.0444439157529,2.038595493921143,,3.56578563098476,increase,Descriptive behavior; no cognitive or causal age interpretation.,one partial historical game; settings/maps/opponents differ
TaToH tournament control,TaToH,2021,tournament,2026,tournament,whole available replay,tatoh_gap_p50_open,1,13,1,4,0.24852070164470255,0.2461538378195037,0.24852070164470255,0.2461538378195037,0.24852070164470255,0.24852070164470255,0.23846153038764104,0.3538461418655471,-0.0023668638251988505,,-0.9523809523854618,decrease,Descriptive behavior; no cognitive or causal age interpretation.,one partial historical game; settings/maps/opponents differ
TaToH tournament control,TaToH,2021,tournament,2026,tournament,whole available replay,tatoh_gap_p90_open,1,13,1,4,1.3768046871116195,1.4461537971896186,1.3768046871116195,1.4461537971896186,1.3768046871116195,1.3768046871116195,1.2076922668019372,2.763076829523965,0.06934911007799904,,5.036960632628702,increase,Descriptive behavior; no cognitive or causal age interpretation.,one partial historical game; settings/maps/opponents differ
TaToH tournament control,TaToH,2021,tournament,2026,tournament,whole available replay,tatoh_gap_p99_open,1,13,1,4,2.9429821488764247,3.3036921958350414,2.9429821488764247,3.3036921958350414,2.9429821488764247,2.9429821488764247,2.866153749110872,8.258307412695785,0.36071004695861664,,12.256616884214841,increase,Descriptive behavior; no cognitive or causal age interpretation.,one partial historical game; settings/maps/opponents differ
TaToH tournament control,TaToH,2021,tournament,2026,tournament,whole available replay,tatoh_gap_p99_10_20,1,11,1,4,5.969135892569972,4.633769073877854,5.969135892569972,4.396922928050867,5.969135892569972,5.969135892569972,3.0400768201451918,5.809769034060568,-1.3353668186921182,,-22.371191454265666,decrease,Descriptive behavior; no cognitive or causal age interpretation.,one partial historical game; settings/maps/opponents differ
TaToH tournament control,TaToH,2021,tournament,2026,tournament,whole available replay,feudal_request_game_s,1,12,1,4,686.539,275.938,686.539,275.938,686.539,686.539,229.021,501.41,-410.601,,-59.80738166367825,decrease,Age-up request timing depends strongly on start-age and tournament settings.,one partial historical game; settings/maps/opponents differ
TaToH tournament control,TaToH,2021,tournament,2026,tournament,whole available replay,castle_request_game_s,1,11,1,4,888.921,756.3335,888.921,833.924,888.921,888.921,431.743,1276.174,-132.5875000000001,,-14.915554925578324,decrease,Age-up request timing depends strongly on start-age and tournament settings.,one partial historical game; settings/maps/opponents differ
TaToH tournament control,TaToH,2021,tournament,2026,tournament,whole available replay,imperial_request_game_s,1,6,1,4,1963.656,2107.476,1963.656,2051.2015,1963.656,1963.656,1634.914,2204.996,143.82000000000016,,7.324093425732419,increase,Age-up request timing depends strongly on start-age and tournament settings.,one partial historical game; settings/maps/opponents differ
TaToH earliest verified to ranked,TaToH,2021,tournament,2026,ranked,first 10 game minutes,all_recorded_cpm,1,39,1,12,106.13200359344482,134.18600454330445,106.13200359344482,135.70700459480287,106.13200359344482,106.13200359344482,71.14900240898133,159.02900538444518,28.054000949859628,,26.43312101910829,increase,Descriptive behavior; no cognitive or causal age interpretation.,one partial historical game; tournament versus ranked and map/opponent confounds
TaToH earliest verified to ranked,TaToH,2021,tournament,2026,ranked,first 10 game minutes,core_cpm,1,39,1,12,101.23100342750548,107.99100365638732,101.23100342750548,108.83600368499755,101.23100342750548,101.23100342750548,50.70000171661377,130.8060044288635,6.760000228881836,,6.677796327212021,increase,Descriptive behavior; no cognitive or causal age interpretation.,one partial historical game; tournament versus ranked and map/opponent confounds
TaToH earliest verified to ranked,TaToH,2021,tournament,2026,ranked,first 10 game minutes,noncore_action_fraction,1,39,1,12,0.04617834394904458,0.1952141057934509,0.04617834394904458,0.19754977029096477,0.04617834394904458,0.04617834394904458,0.12903225806451613,0.31076923076923074,0.1490357618444063,14.903576184440631,322.73951185616266,increase,Descriptive behavior; no cognitive or causal age interpretation.,one partial historical game; tournament versus ranked and map/opponent confounds
TaToH earliest verified to ranked,TaToH,2021,tournament,2026,ranked,first 10 game minutes,first_core_command_nominal_s,1,39,1,12,0.9230768918231459,1.0461538107328987,0.9230768918231459,1.0461538107328987,0.9230768918231459,0.9230768918231459,0.7999999729133932,2.938461438970348,0.12307691890975281,,13.333333333333336,increase,Descriptive behavior; no cognitive or causal age interpretation.,one partial historical game; tournament versus ranked and map/opponent confounds
TaToH earliest verified to ranked,TaToH,2021,tournament,2026,ranked,first 10 game minutes,core_gap_p10_s,1,39,1,12,0.11597632743418984,0.11538461147790713,0.11597632743418984,0.11538461147790713,0.11597632743418984,0.11597632743418984,0.11538461147790713,0.1230769189097316,-0.0005917159562827123,,-0.5102040816204311,decrease,Descriptive behavior; no cognitive or causal age interpretation.,one partial historical game; tournament versus ranked and map/opponent confounds
TaToH earliest verified to ranked,TaToH,2021,tournament,2026,ranked,first 10 game minutes,core_gap_p50_s,1,39,1,12,0.24852070164470774,0.23846153038766715,0.24852070164470774,0.23846153038766715,0.24852070164470774,0.24852070164470774,0.23846153038764584,0.3615384492974272,-0.010059171257040589,,-4.047619047616188,decrease,Descriptive behavior; no cognitive or causal age interpretation.,one partial historical game; tournament versus ranked and map/opponent confounds
TaToH earliest verified to ranked,TaToH,2021,tournament,2026,ranked,first 10 game minutes,core_gap_p90_s,1,39,1,12,1.4115975853418603,1.446153797189569,1.4115975853418603,1.446153797189569,1.4115975853418603,1.4115975853418603,1.1999999593700927,2.407692226172037,0.03455621184770874,,2.4480214621038705,increase,Descriptive behavior; no cognitive or causal age interpretation.,one partial historical game; tournament versus ranked and map/opponent confounds
TaToH earliest verified to ranked,TaToH,2021,tournament,2026,ranked,first 10 game minutes,core_gap_p99_s,1,39,1,12,2.9534200183454904,3.4546152676481223,2.9534200183454904,3.3692306551544675,2.9534200183454904,2.9534200183454904,2.523076837649929,10.091384273708094,0.5011952493026319,,16.96999567245441,increase,Descriptive behavior; no cognitive or causal age interpretation.,one partial historical game; tournament versus ranked and map/opponent confounds
TaToH earliest verified to ranked,TaToH,2021,tournament,2026,ranked,first 10 game minutes,core_gap_max_s,1,39,1,12,10.106508533550851,6.246153634669938,10.106508533550851,6.015384411714166,10.106508533550851,10.106508533550851,3.730769104451838,38.346152547819855,-3.8603548988809138,,-38.19672131147556,decrease,Descriptive behavior; no cognitive or causal age interpretation.,one partial historical game; tournament versus ranked and map/opponent confounds
TaToH earliest verified to ranked,TaToH,2021,tournament,2026,ranked,first 10 game minutes,simultaneous_core_gap_fraction,1,39,1,12,0.005016722408026756,0.03605015673981191,0.005016722408026756,0.03515625,0.005016722408026756,0.005016722408026756,0.016516516516516516,0.05955678670360111,0.031033434331785157,3.103343433178516,618.5997910135841,increase,Descriptive behavior; no cognitive or causal age interpretation.,one partial historical game; tournament versus ranked and map/opponent confounds
TaToH earliest verified to ranked,TaToH,2021,tournament,2026,ranked,first 10 game minutes,core_gap_cv,1,39,1,12,1.3714945527606797,1.3244228690693447,1.3714945527606797,1.3450008518065661,1.3714945527606797,1.3714945527606797,1.149532372656123,2.8978080193813507,-0.047071683691334965,,-3.4321451438931665,decrease,Descriptive behavior; no cognitive or causal age interpretation.,one partial historical game; tournament versus ranked and map/opponent confounds
TaToH earliest verified to ranked,TaToH,2021,tournament,2026,ranked,first 10 game minutes,core_gap_burstiness,1,39,1,12,0.15664997093424451,0.13957136344955923,0.15664997093424451,0.14712184498388597,0.15664997093424451,0.15664997093424451,0.06956507124912466,0.48689109621221566,-0.017078607484685288,,-10.902400672550533,decrease,Descriptive behavior; no cognitive or causal age interpretation.,one partial historical game; tournament versus ranked and map/opponent confounds
TaToH earliest verified to ranked,TaToH,2021,tournament,2026,ranked,first 10 game minutes,command_silence_ge5s_time_fraction,1,39,1,12,0.06211333333333338,0.01997666666666668,0.06211333333333338,0.020995000000000093,0.06211333333333338,0.06211333333333338,0.0,0.4695816666666666,-0.0421366666666667,-4.213666666666669,-67.83835998712031,decrease,Descriptive behavior; no cognitive or causal age interpretation.,one partial historical game; tournament versus ranked and map/opponent confounds
TaToH earliest verified to ranked,TaToH,2021,tournament,2026,ranked,first 10 game minutes,command_silence_ge10s_time_fraction,1,39,1,12,0.028466666666666657,0.0,0.028466666666666657,0.0,0.028466666666666657,0.028466666666666657,0.0,0.25493000000000005,-0.028466666666666657,-2.846666666666666,-100.0,decrease,Descriptive behavior; no cognitive or causal age interpretation.,one partial historical game; tournament versus ranked and map/opponent confounds
TaToH earliest verified to ranked,TaToH,2021,tournament,2026,ranked,first 10 game minutes,core_count_5s_cv,1,39,1,12,0.4922780460716911,0.4257312615435686,0.4922780460716911,0.43094234850768887,0.4922780460716911,0.4922780460716911,0.34961359236745687,1.001598722043913,-0.06654678452812252,,-13.518129654400882,decrease,Descriptive behavior; no cognitive or causal age interpretation.,one partial historical game; tournament versus ranked and map/opponent confounds
TaToH earliest verified to ranked,TaToH,2021,tournament,2026,ranked,first 10 game minutes,peak_5s_nominal_cpm,1,39,1,12,216.0,228.0,216.0,228.0,216.0,216.0,180.0,456.0,12.0,,5.555555555555555,increase,Descriptive behavior; no cognitive or causal age interpretation.,one partial historical game; tournament versus ranked and map/opponent confounds
TaToH earliest verified to ranked,TaToH,2021,tournament,2026,ranked,first 10 game minutes,empty_5s_bin_fraction,1,39,1,12,0.027777777777777776,0.013888888888888888,0.027777777777777776,0.013888888888888888,0.027777777777777776,0.027777777777777776,0.013888888888888888,0.3055555555555556,-0.013888888888888888,-1.3888888888888888,-50.0,decrease,Descriptive behavior; no cognitive or causal age interpretation.,one partial historical game; tournament versus ranked and map/opponent confounds
TaToH earliest verified to ranked,TaToH,2021,tournament,2026,ranked,first 10 game minutes,core_type_entropy_bits,1,39,1,12,0.8646945768932369,0.699161878821114,0.8646945768932369,0.699161878821114,0.8646945768932369,0.8646945768932369,0.47702296571928143,1.1466600006917171,-0.1655326980721229,,-19.143487480500422,decrease,Descriptive behavior; no cognitive or causal age interpretation.,one partial historical game; tournament versus ranked and map/opponent confounds
TaToH earliest verified to ranked,TaToH,2021,tournament,2026,ranked,first 10 game minutes,core_category_entropy_bits,1,39,1,12,0.8243018567639684,0.6841325056059123,0.8243018567639684,0.6841325056059123,0.8243018567639684,0.8243018567639684,0.47702296571928143,1.1466600006917171,-0.14016935115805607,,-17.00461426938073,decrease,Descriptive behavior; no cognitive or causal age interpretation.,one partial historical game; tournament versus ranked and map/opponent confounds
TaToH earliest verified to ranked,TaToH,2021,tournament,2026,ranked,first 10 game minutes,core_type_transition_entropy_bits,1,39,1,12,0.7391880896531458,0.5951733779470555,0.7391880896531458,0.5951733779470555,0.7391880896531458,0.7391880896531458,0.4126195156819193,0.9676981967489956,-0.14401471170609026,,-19.482823617148277,decrease,Descriptive behavior; no cognitive or causal age interpretation.,one partial historical game; tournament versus ranked and map/opponent confounds
TaToH earliest verified to ranked,TaToH,2021,tournament,2026,ranked,first 10 game minutes,core_type_switch_fraction,1,39,1,12,0.20066889632107024,0.15833333333333333,0.20066889632107024,0.1579754601226994,0.20066889632107024,0.20066889632107024,0.1034928848641656,0.2842809364548495,-0.04233556298773691,-4.233556298773691,-21.09722222222223,decrease,Descriptive behavior; no cognitive or causal age interpretation.,one partial historical game; tournament versus ranked and map/opponent confounds
TaToH earliest verified to ranked,TaToH,2021,tournament,2026,ranked,first 10 game minutes,core_category_switch_fraction,1,39,1,12,0.20066889632107024,0.15833333333333333,0.20066889632107024,0.1579754601226994,0.20066889632107024,0.20066889632107024,0.1034928848641656,0.2842809364548495,-0.04233556298773691,-4.233556298773691,-21.09722222222223,decrease,Descriptive behavior; no cognitive or causal age interpretation.,one partial historical game; tournament versus ranked and map/opponent confounds
TaToH earliest verified to ranked,TaToH,2021,tournament,2026,ranked,first 10 game minutes,core_same_type_triplet_fraction,1,39,1,12,0.6850921273031826,0.7399165507649513,0.6850921273031826,0.7455089820359282,0.6850921273031826,0.6850921273031826,0.5738255033557047,0.8264248704663213,0.054824423461768745,5.4824423461768745,8.002489194786294,increase,Descriptive behavior; no cognitive or causal age interpretation.,one partial historical game; tournament versus ranked and map/opponent confounds
TaToH earliest verified to ranked,TaToH,2021,tournament,2026,ranked,first 10 game minutes,coordinate_coverage,1,39,1,12,1.0,1.0,1.0,1.0,1.0,1.0,0.8155339805825242,1.0,0.0,0.0,0.0,unchanged,Descriptive behavior; no cognitive or causal age interpretation.,one partial historical game; tournament versus ranked and map/opponent confounds
TaToH earliest verified to ranked,TaToH,2021,tournament,2026,ranked,first 10 game minutes,destination_jump_diagonal_p50,1,39,1,12,0.02594964639495593,0.015851111948056766,0.02594964639495593,0.017744242031917067,0.02594964639495593,0.02594964639495593,0.008225930742872577,0.051180918270774825,-0.010098534446899163,,-38.915884606666964,decrease,Descriptive behavior; no cognitive or causal age interpretation.,one partial historical game; tournament versus ranked and map/opponent confounds
TaToH earliest verified to ranked,TaToH,2021,tournament,2026,ranked,first 10 game minutes,destination_jump_diagonal_p90,1,39,1,12,0.17102127442622667,0.1626341062608715,0.17102127442622667,0.16432499395620362,0.17102127442622667,0.17102127442622667,0.10289474188260352,0.2969810575500976,-0.008387168165355174,,-4.904166568454114,decrease,Descriptive behavior; no cognitive or causal age interpretation.,one partial historical game; tournament versus ranked and map/opponent confounds
TaToH earliest verified to ranked,TaToH,2021,tournament,2026,ranked,first 10 game minutes,destination_jump_ge_quarter_fraction,1,39,1,12,0.038461538461538464,0.05423728813559322,0.038461538461538464,0.05423728813559322,0.038461538461538464,0.038461538461538464,0.005494505494505495,0.13471502590673576,0.015775749674054755,1.5775749674054755,41.01694915254236,increase,Descriptive behavior; no cognitive or causal age interpretation.,one partial historical game; tournament versus ranked and map/opponent confounds
TaToH earliest verified to ranked,TaToH,2021,tournament,2026,ranked,first 10 game minutes,destination_entropy_4x4_bits,1,39,1,12,2.4154784336171677,2.539723274170813,2.4154784336171677,2.5363699863497144,2.4154784336171677,2.4154784336171677,1.0471097809886416,3.265060393949753,0.12424484055364537,,5.1436948814976295,increase,Descriptive behavior; no cognitive or causal age interpretation.,one partial historical game; tournament versus ranked and map/opponent confounds
TaToH earliest verified to ranked,TaToH,2021,tournament,2026,ranked,first 10 game minutes,destination_cell_switch_fraction,1,39,1,12,0.28321678321678323,0.2556390977443609,0.28321678321678323,0.2768166089965398,0.28321678321678323,0.28321678321678323,0.12922465208747516,0.44029850746268656,-0.027577685472422342,-2.757768547242234,-9.737306228534308,decrease,Descriptive behavior; no cognitive or causal age interpretation.,one partial historical game; tournament versus ranked and map/opponent confounds
TaToH earliest verified to ranked,TaToH,2021,tournament,2026,ranked,first 10 game minutes,rapid_destination_repeat_fraction,1,39,1,12,0.3409090909090909,0.41904761904761906,0.3409090909090909,0.4081041968162084,0.3409090909090909,0.3409090909090909,0.20902612826603326,0.5032765399737876,0.07813852813852817,7.813852813852817,22.92063492063493,increase,Descriptive behavior; no cognitive or causal age interpretation.,one partial historical game; tournament versus ranked and map/opponent confounds
TaToH earliest verified to ranked,TaToH,2021,tournament,2026,ranked,first 10 game minutes,dedup_core_cpm,1,39,1,12,68.27600231170653,66.41700224876404,68.27600231170653,66.75500226020813,68.27600231170653,68.27600231170653,34.47600116729736,82.30300278663636,-1.8590000629424992,,-2.722772277227715,decrease,Descriptive behavior; no cognitive or causal age interpretation.,one partial historical game; tournament versus ranked and map/opponent confounds
TaToH earliest verified to ranked,TaToH,2021,tournament,2026,ranked,first 10 game minutes,move_order_commands,1,39,1,12,573.0,624.0,573.0,627.0,573.0,573.0,287.0,764.0,51.0,,8.900523560209423,increase,Descriptive behavior; no cognitive or causal age interpretation.,one partial historical game; tournament versus ranked and map/opponent confounds
TaToH earliest verified to ranked,TaToH,2021,tournament,2026,ranked,first 10 game minutes,explicit_actor_commands,1,39,1,12,231.0,199.0,231.0,205.0,231.0,231.0,97.0,253.0,-32.0,,-13.852813852813853,decrease,Raw actor-list coverage/reuse differs: numeric contrast is not a reliable group-control trend.,one partial historical game; tournament versus ranked and map/opponent confounds
TaToH earliest verified to ranked,TaToH,2021,tournament,2026,ranked,first 10 game minutes,explicit_actor_coverage,1,39,1,12,0.4031413612565445,0.3168724279835391,0.4031413612565445,0.324577861163227,0.4031413612565445,0.4031413612565445,0.24242424242424243,0.4419753086419753,-0.08626893327300539,-8.62689332730054,-21.399176954732507,decrease,Raw actor-list coverage/reuse differs: numeric contrast is not a reliable group-control trend.,one partial historical game; tournament versus ranked and map/opponent confounds
TaToH earliest verified to ranked,TaToH,2021,tournament,2026,ranked,first 10 game minutes,actor_pair_count,1,39,1,12,96.0,87.0,96.0,98.0,96.0,96.0,60.0,133.0,-9.0,,-9.375,decrease,Raw actor-list coverage/reuse differs: numeric contrast is not a reliable group-control trend.,one partial historical game; tournament versus ranked and map/opponent confounds
TaToH earliest verified to ranked,TaToH,2021,tournament,2026,ranked,first 10 game minutes,same_actor_pair_count,1,39,1,12,0.0,13.0,0.0,13.0,0.0,0.0,4.0,25.0,13.0,,,increase,Raw actor-list coverage/reuse differs: numeric contrast is not a reliable group-control trend.,one partial historical game; tournament versus ranked and map/opponent confounds
TaToH earliest verified to ranked,TaToH,2021,tournament,2026,ranked,first 10 game minutes,actor_group_size_median,1,39,1,12,1.0,1.0,1.0,1.0,1.0,1.0,1.0,1.0,0.0,,0.0,unchanged,Raw actor-list coverage/reuse differs: numeric contrast is not a reliable group-control trend.,one partial historical game; tournament versus ranked and map/opponent confounds
TaToH earliest verified to ranked,TaToH,2021,tournament,2026,ranked,first 10 game minutes,actor_group_size_p90,1,39,1,12,2.0,3.0,2.0,3.0,2.0,2.0,2.0,5.0,1.0,,50.0,increase,Raw actor-list coverage/reuse differs: numeric contrast is not a reliable group-control trend.,one partial historical game; tournament versus ranked and map/opponent confounds
TaToH earliest verified to ranked,TaToH,2021,tournament,2026,ranked,first 10 game minutes,actor_group_ge10_fraction,1,39,1,12,0.0,0.0,0.0,0.0,0.0,0.0,0.0,0.014778325123152709,0.0,0.0,,unchanged,Raw actor-list coverage/reuse differs: numeric contrast is not a reliable group-control trend.,one partial historical game; tournament versus ranked and map/opponent confounds
TaToH earliest verified to ranked,TaToH,2021,tournament,2026,ranked,first 10 game minutes,actor_group_change_fraction,1,39,1,12,1.0,0.8433734939759037,1.0,0.8433734939759037,1.0,1.0,0.7,0.9506172839506173,-0.15662650602409633,-15.662650602409634,-15.662650602409634,decrease,Raw actor-list coverage/reuse differs: numeric contrast is not a reliable group-control trend.,one partial historical game; tournament versus ranked and map/opponent confounds
TaToH earliest verified to ranked,TaToH,2021,tournament,2026,ranked,first 10 game minutes,actor_overlap_jaccard_median,1,39,1,12,0.0,0.0,0.0,0.0,0.0,0.0,0.0,0.0,0.0,,,unchanged,Raw actor-list coverage/reuse differs: numeric contrast is not a reliable group-control trend.,one partial historical game; tournament versus ranked and map/opponent confounds
TaToH earliest verified to ranked,TaToH,2021,tournament,2026,ranked,first 10 game minutes,same_actor_gap_nominal_median_s,0,39,0,12,,0.23846153038764104,,0.23846153038765786,,,0.12307691890975184,0.5999999796850172,,,,unavailable,Raw actor-list coverage/reuse differs: numeric contrast is not a reliable group-control trend.,one partial historical game; tournament versus ranked and map/opponent confounds
TaToH earliest verified to ranked,TaToH,2021,tournament,2026,ranked,first 10 game minutes,same_actor_recommand_under1s_fraction,0,39,0,12,,0.9230769230769231,,0.9230769230769231,,,0.75,1.0,,,,unavailable,Raw actor-list coverage/reuse differs: numeric contrast is not a reliable group-control trend.,one partial historical game; tournament versus ranked and map/opponent confounds
TaToH earliest verified to ranked,TaToH,2021,tournament,2026,ranked,first 10 game minutes,commanded_actor_ids,1,39,1,12,34.0,32.0,34.0,32.0,34.0,34.0,23.0,79.0,-2.0,,-5.88235294117647,decrease,Raw actor-list coverage/reuse differs: numeric contrast is not a reliable group-control trend.,one partial historical game; tournament versus ranked and map/opponent confounds
TaToH earliest verified to ranked,TaToH,2021,tournament,2026,ranked,first 10 game minutes,valid_target_order_fraction,1,39,1,12,1.0,1.0,1.0,1.0,1.0,1.0,1.0,1.0,0.0,0.0,0.0,unchanged,Descriptive behavior; no cognitive or causal age interpretation.,one partial historical game; tournament versus ranked and map/opponent confounds
TaToH earliest verified to ranked,TaToH,2021,tournament,2026,ranked,first 10 game minutes,distinct_order_target_ids,1,39,1,12,30.0,28.0,30.0,28.0,30.0,30.0,19.0,45.0,-2.0,,-6.666666666666667,decrease,Descriptive behavior; no cognitive or causal age interpretation.,one partial historical game; tournament versus ranked and map/opponent confounds
TaToH earliest verified to ranked,TaToH,2021,tournament,2026,ranked,first 10 game minutes,distinct_building_type_ids,1,39,1,12,5.0,5.0,5.0,5.0,5.0,5.0,3.0,7.0,0.0,,0.0,unchanged,Descriptive behavior; no cognitive or causal age interpretation.,one partial historical game; tournament versus ranked and map/opponent confounds
TaToH earliest verified to ranked,TaToH,2021,tournament,2026,ranked,first 10 game minutes,distinct_research_type_ids,1,39,1,12,0.0,3.0,0.0,3.0,0.0,0.0,0.0,4.0,3.0,,,increase,Descriptive behavior; no cognitive or causal age interpretation.,one partial historical game; tournament versus ranked and map/opponent confounds
TaToH earliest verified to ranked,TaToH,2021,tournament,2026,ranked,first 10 game minutes,positive_de_queue_commands,1,39,1,12,29.0,23.0,29.0,23.0,29.0,29.0,13.0,59.0,-6.0,,-20.689655172413794,decrease,Descriptive behavior; no cognitive or causal age interpretation.,one partial historical game; tournament versus ranked and map/opponent confounds
TaToH earliest verified to ranked,TaToH,2021,tournament,2026,ranked,first 10 game minutes,requested_queue_unit_type_ids,1,39,1,12,2.0,2.0,2.0,2.0,2.0,2.0,1.0,3.0,0.0,,0.0,unchanged,Descriptive behavior; no cognitive or causal age interpretation.,one partial historical game; tournament versus ranked and map/opponent confounds
TaToH earliest verified to ranked,TaToH,2021,tournament,2026,ranked,first 10 game minutes,explicitly_commanded_production_building_ids,1,39,1,12,2.0,2.0,2.0,2.0,2.0,2.0,1.0,3.0,0.0,,0.0,unchanged,Descriptive behavior; no cognitive or causal age interpretation.,one partial historical game; tournament versus ranked and map/opponent confounds
TaToH earliest verified to ranked,TaToH,2021,tournament,2026,ranked,first 10 game minutes,production_command_revisit_nominal_median_s,1,39,1,12,13.039052812958234,13.438461083458632,13.039052812958234,13.58461492466398,13.039052812958234,13.039052812958234,6.430769013034585,18.86923013035148,0.3994082705003983,,3.0631693592303395,increase,Descriptive behavior; no cognitive or causal age interpretation.,one partial historical game; tournament versus ranked and map/opponent confounds
TaToH earliest verified to ranked,TaToH,2021,tournament,2026,ranked,first 10 game minutes,positive_queue_amount_mean,1,39,1,12,1.103448275862069,1.2222222222222223,1.103448275862069,1.1714285714285715,1.103448275862069,1.103448275862069,1.0,1.4285714285714286,0.11877394636015337,,10.7638888888889,increase,Descriptive behavior; no cognitive or causal age interpretation.,one partial historical game; tournament versus ranked and map/opponent confounds
TaToH earliest verified to ranked,TaToH,2021,tournament,2026,ranked,first 10 game minutes,build_commands_nominal_min,1,39,1,12,2.87300009727478,1.6900000572204588,2.87300009727478,1.8590000629425047,2.87300009727478,2.87300009727478,1.1830000400543212,3.5490001201629635,-1.1830000400543212,,-41.1764705882353,decrease,Descriptive behavior; no cognitive or causal age interpretation.,one partial historical game; tournament versus ranked and map/opponent confounds
TaToH earliest verified to ranked,TaToH,2021,tournament,2026,ranked,first 10 game minutes,wall_commands_nominal_min,1,39,1,12,1.521000051498413,0.0,1.521000051498413,0.33800001144409175,1.521000051498413,1.521000051498413,0.0,2.1970000743865965,-1.521000051498413,,-100.0,decrease,Descriptive behavior; no cognitive or causal age interpretation.,one partial historical game; tournament versus ranked and map/opponent confounds
TaToH earliest verified to ranked,TaToH,2021,tournament,2026,ranked,first 10 game minutes,research_commands_nominal_min,1,39,1,12,0.0,0.5070000171661376,0.0,0.5070000171661376,0.0,0.0,0.0,1.0140000343322753,0.5070000171661376,,,increase,Descriptive behavior; no cognitive or causal age interpretation.,one partial historical game; tournament versus ranked and map/opponent confounds
TaToH earliest verified to ranked,TaToH,2021,tournament,2026,ranked,first 10 game minutes,market_commands_nominal_min,1,39,1,12,0.0,0.0,0.0,0.0,0.0,0.0,0.0,0.5070000171661376,0.0,,,unchanged,Descriptive behavior; no cognitive or causal age interpretation.,one partial historical game; tournament versus ranked and map/opponent confounds
TaToH earliest verified to ranked,TaToH,2021,tournament,2026,ranked,first 10 game minutes,legacy_command_class_entropy_bits,0,0,0,0,,,,,,,,,,,,unavailable,Descriptive behavior; no cognitive or causal age interpretation.,one partial historical game; tournament versus ranked and map/opponent confounds
TaToH earliest verified to ranked,TaToH,2021,tournament,2026,ranked,first 10 game minutes,legacy_switches_per_100_commands,0,0,0,0,,,,,,,,,,,,unavailable,Descriptive behavior; no cognitive or causal age interpretation.,one partial historical game; tournament versus ranked and map/opponent confounds
TaToH earliest verified to ranked,TaToH,2021,tournament,2026,ranked,first 10 game minutes,legacy_core_silence_over5s_fraction,0,0,0,0,,,,,,,,,,,,unavailable,Descriptive behavior; no cognitive or causal age interpretation.,one partial historical game; tournament versus ranked and map/opponent confounds
TaToH earliest verified to ranked,TaToH,2021,tournament,2026,ranked,first 10 game minutes,legacy_peak_10s_nominal_cpm,0,0,0,0,,,,,,,,,,,,unavailable,Descriptive behavior; no cognitive or causal age interpretation.,one partial historical game; tournament versus ranked and map/opponent confounds
TaToH earliest verified to ranked,TaToH,2021,tournament,2026,ranked,first 10 game minutes,legacy_move_share,0,0,0,0,,,,,,,,,,,,unavailable,Descriptive behavior; no cognitive or causal age interpretation.,one partial historical game; tournament versus ranked and map/opponent confounds
TaToH earliest verified to ranked,TaToH,2021,tournament,2026,ranked,first 10 game minutes,legacy_planning_command_share,0,0,0,0,,,,,,,,,,,,unavailable,Descriptive behavior; no cognitive or causal age interpretation.,one partial historical game; tournament versus ranked and map/opponent confounds
TaToH earliest verified to ranked,TaToH,2021,tournament,2026,ranked,first 10 game minutes,legacy_queue_batch_mean,0,0,0,0,,,,,,,,,,,,unavailable,Descriptive behavior; no cognitive or causal age interpretation.,one partial historical game; tournament versus ranked and map/opponent confounds
TaToH earliest verified to ranked,TaToH,2021,tournament,2026,ranked,first 10 game minutes,legacy_queue_batch_gt1_fraction,0,0,0,0,,,,,,,,,,,,unavailable,Descriptive behavior; no cognitive or causal age interpretation.,one partial historical game; tournament versus ranked and map/opponent confounds
TaToH earliest verified to ranked,TaToH,2021,tournament,2026,ranked,first 10 game minutes,legacy_duration_game_min,0,0,0,0,,,,,,,,,,,,unavailable,Descriptive behavior; no cognitive or causal age interpretation.,one partial historical game; tournament versus ranked and map/opponent confounds
TaToH earliest verified to ranked,TaToH,2021,tournament,2026,ranked,first 10 game minutes,tatoh_cpm_0_5,0,0,0,0,,,,,,,,,,,,unavailable,Descriptive behavior; no cognitive or causal age interpretation.,one partial historical game; tournament versus ranked and map/opponent confounds
TaToH earliest verified to ranked,TaToH,2021,tournament,2026,ranked,first 10 game minutes,tatoh_cpm_5_10,0,0,0,0,,,,,,,,,,,,unavailable,Descriptive behavior; no cognitive or causal age interpretation.,one partial historical game; tournament versus ranked and map/opponent confounds
TaToH earliest verified to ranked,TaToH,2021,tournament,2026,ranked,first 10 game minutes,tatoh_cpm_10_15,0,0,0,0,,,,,,,,,,,,unavailable,Descriptive behavior; no cognitive or causal age interpretation.,one partial historical game; tournament versus ranked and map/opponent confounds
TaToH earliest verified to ranked,TaToH,2021,tournament,2026,ranked,first 10 game minutes,tatoh_cpm_15_20,0,0,0,0,,,,,,,,,,,,unavailable,Descriptive behavior; no cognitive or causal age interpretation.,one partial historical game; tournament versus ranked and map/opponent confounds
TaToH earliest verified to ranked,TaToH,2021,tournament,2026,ranked,first 10 game minutes,tatoh_cpm_10_20,0,0,0,0,,,,,,,,,,,,unavailable,Descriptive behavior; no cognitive or causal age interpretation.,one partial historical game; tournament versus ranked and map/opponent confounds
TaToH earliest verified to ranked,TaToH,2021,tournament,2026,ranked,first 10 game minutes,tatoh_reclick_open,0,0,0,0,,,,,,,,,,,,unavailable,Descriptive behavior; no cognitive or causal age interpretation.,one partial historical game; tournament versus ranked and map/opponent confounds
TaToH earliest verified to ranked,TaToH,2021,tournament,2026,ranked,first 10 game minutes,tatoh_dedup_open_cpm,0,0,0,0,,,,,,,,,,,,unavailable,Descriptive behavior; no cognitive or causal age interpretation.,one partial historical game; tournament versus ranked and map/opponent confounds
TaToH earliest verified to ranked,TaToH,2021,tournament,2026,ranked,first 10 game minutes,tatoh_reclick_whole,0,0,0,0,,,,,,,,,,,,unavailable,Descriptive behavior; no cognitive or causal age interpretation.,one partial historical game; tournament versus ranked and map/opponent confounds
TaToH earliest verified to ranked,TaToH,2021,tournament,2026,ranked,first 10 game minutes,tatoh_dedup_whole_cpm,0,0,0,0,,,,,,,,,,,,unavailable,Descriptive behavior; no cognitive or causal age interpretation.,one partial historical game; tournament versus ranked and map/opponent confounds
TaToH earliest verified to ranked,TaToH,2021,tournament,2026,ranked,first 10 game minutes,tatoh_gap_p50_open,0,0,0,0,,,,,,,,,,,,unavailable,Descriptive behavior; no cognitive or causal age interpretation.,one partial historical game; tournament versus ranked and map/opponent confounds
TaToH earliest verified to ranked,TaToH,2021,tournament,2026,ranked,first 10 game minutes,tatoh_gap_p90_open,0,0,0,0,,,,,,,,,,,,unavailable,Descriptive behavior; no cognitive or causal age interpretation.,one partial historical game; tournament versus ranked and map/opponent confounds
TaToH earliest verified to ranked,TaToH,2021,tournament,2026,ranked,first 10 game minutes,tatoh_gap_p99_open,0,0,0,0,,,,,,,,,,,,unavailable,Descriptive behavior; no cognitive or causal age interpretation.,one partial historical game; tournament versus ranked and map/opponent confounds
TaToH earliest verified to ranked,TaToH,2021,tournament,2026,ranked,first 10 game minutes,tatoh_gap_p99_10_20,0,0,0,0,,,,,,,,,,,,unavailable,Descriptive behavior; no cognitive or causal age interpretation.,one partial historical game; tournament versus ranked and map/opponent confounds
TaToH earliest verified to ranked,TaToH,2021,tournament,2026,ranked,first 10 game minutes,feudal_request_game_s,0,37,0,12,,436.605,,429.702,,,292.799,594.633,,,,unavailable,Age-up request timing depends strongly on start-age and tournament settings.,one partial historical game; tournament versus ranked and map/opponent confounds
TaToH earliest verified to ranked,TaToH,2021,tournament,2026,ranked,first 10 game minutes,castle_request_game_s,0,2,0,2,,532.5840000000001,,532.5840000000001,,,482.716,582.452,,,,unavailable,Age-up request timing depends strongly on start-age and tournament settings.,one partial historical game; tournament versus ranked and map/opponent confounds
TaToH earliest verified to ranked,TaToH,2021,tournament,2026,ranked,first 10 game minutes,imperial_request_game_s,0,0,0,0,,,,,,,,,,,,unavailable,Age-up request timing depends strongly on start-age and tournament settings.,one partial historical game; tournament versus ranked and map/opponent confounds
TaToH earliest verified to ranked,TaToH,2021,tournament,2026,ranked,whole available replay,all_recorded_cpm,1,40,1,12,98.11438812724613,125.78255786777865,98.11438812724613,127.0949594912247,98.11438812724613,98.11438812724613,95.55786097026886,159.30900872849398,27.66816974053252,,28.199910602968064,increase,Descriptive behavior; no cognitive or causal age interpretation.,one partial historical game; tournament versus ranked and map/opponent confounds
TaToH earliest verified to ranked,TaToH,2021,tournament,2026,ranked,whole available replay,core_cpm,1,40,1,12,77.26021386508097,91.01872850277249,77.26021386508097,92.35529705225785,77.26021386508097,77.26021386508097,68.05496367162417,124.2230389408935,13.758514637691519,,17.80802038901669,increase,Descriptive behavior; no cognitive or causal age interpretation.,one partial historical game; tournament versus ranked and map/opponent confounds
TaToH earliest verified to ranked,TaToH,2021,tournament,2026,ranked,whole available replay,noncore_action_fraction,1,40,1,12,0.21254960317460317,0.26981040350024305,0.21254960317460317,0.2609051008688076,0.21254960317460317,0.21254960317460317,0.19395017793594305,0.4015373352855051,0.05726080032563988,5.726080032563988,26.939970468259045,increase,Descriptive behavior; no cognitive or causal age interpretation.,one partial historical game; tournament versus ranked and map/opponent confounds
TaToH earliest verified to ranked,TaToH,2021,tournament,2026,ranked,whole available replay,first_core_command_nominal_s,1,40,1,12,0.9230768918231459,1.0461538107328987,0.9230768918231459,1.0461538107328987,0.9230768918231459,0.9230768918231459,0.7999999729133932,2.938461438970348,0.12307691890975281,,13.333333333333336,increase,Descriptive behavior; no cognitive or causal age interpretation.,one partial historical game; tournament versus ranked and map/opponent confounds
TaToH earliest verified to ranked,TaToH,2021,tournament,2026,ranked,whole available replay,core_gap_p10_s,1,40,1,12,0.11597632743416852,0.11538461147802082,0.11597632743416852,0.11538461147802082,0.11597632743416852,0.11597632743416852,0.11538461147790713,0.12307691890970318,-0.0005917159561477092,,-0.5102040815041191,decrease,Descriptive behavior; no cognitive or causal age interpretation.,one partial historical game; tournament versus ranked and map/opponent confounds
TaToH earliest verified to ranked,TaToH,2021,tournament,2026,ranked,whole available replay,core_gap_p50_s,1,40,1,12,0.36449702907884785,0.3615384492973135,0.36449702907884785,0.3615384492973135,0.36449702907884785,0.36449702907884785,0.23846153038766715,0.4769230607753343,-0.002958579781534354,,-0.8116883117020839,decrease,Descriptive behavior; no cognitive or causal age interpretation.,one partial historical game; tournament versus ranked and map/opponent confounds
TaToH earliest verified to ranked,TaToH,2021,tournament,2026,ranked,whole available replay,core_gap_p90_s,1,40,1,12,2.0478105815522425,1.6846153275771711,2.0478105815522425,1.5750295324709442,2.0478105815522425,2.0478105815522425,1.1653845759266626,2.295857910431846,-0.36319525397507135,,-17.73578363384415,decrease,Descriptive behavior; no cognitive or causal age interpretation.,one partial historical game; tournament versus ranked and map/opponent confounds
TaToH earliest verified to ranked,TaToH,2021,tournament,2026,ranked,whole available replay,core_gap_p99_s,1,40,1,12,5.102958407104352,4.084922938614795,5.102958407104352,4.044070868991828,5.102958407104352,5.102958407104352,2.8832306716095983,6.794230539189996,-1.0180354684895567,,-19.949907235619342,decrease,Descriptive behavior; no cognitive or causal age interpretation.,one partial historical game; tournament versus ranked and map/opponent confounds
TaToH earliest verified to ranked,TaToH,2021,tournament,2026,ranked,whole available replay,core_gap_max_s,1,40,1,12,10.10650853355088,9.976922739121818,10.10650853355088,10.39999964787414,10.10650853355088,10.10650853355088,3.8461537159297734,38.346152547819855,-0.1295857944290617,,-1.2822014051526485,decrease,Descriptive behavior; no cognitive or causal age interpretation.,one partial historical game; tournament versus ranked and map/opponent confounds
TaToH earliest verified to ranked,TaToH,2021,tournament,2026,ranked,whole available replay,simultaneous_core_gap_fraction,1,40,1,12,0.006616257088846881,0.03263052208835342,0.006616257088846881,0.03248110356985187,0.006616257088846881,0.006616257088846881,0.01588447653429603,0.0700060350030175,0.026014264999506535,2.6014264999506533,393.1870338496845,increase,Descriptive behavior; no cognitive or causal age interpretation.,one partial historical game; tournament versus ranked and map/opponent confounds
TaToH earliest verified to ranked,TaToH,2021,tournament,2026,ranked,whole available replay,core_gap_cv,1,40,1,12,1.3868760364386323,1.3404168766953604,1.3868760364386323,1.3299089410179878,1.3868760364386323,1.3868760364386323,1.1783543337618896,2.1387422743574347,-0.04645915974327197,,-3.3499143775369236,decrease,Descriptive behavior; no cognitive or causal age interpretation.,one partial historical game; tournament versus ranked and map/opponent confounds
TaToH earliest verified to ranked,TaToH,2021,tournament,2026,ranked,whole available replay,core_gap_burstiness,1,40,1,12,0.16208467910879673,0.1454513852147677,0.16208467910879673,0.1415956627983292,0.16208467910879673,0.16208467910879673,0.08187572196020199,0.3628020954955783,-0.01663329389402904,,-10.26210125811102,decrease,Descriptive behavior; no cognitive or causal age interpretation.,one partial historical game; tournament versus ranked and map/opponent confounds
TaToH earliest verified to ranked,TaToH,2021,tournament,2026,ranked,whole available replay,command_silence_ge5s_time_fraction,1,40,1,12,0.09392199033266424,0.05576720307282891,0.09392199033266424,0.053877657237696865,0.09392199033266424,0.09392199033266424,0.0,0.21104488669648525,-0.03815478725983533,-3.815478725983533,-40.62391259458418,decrease,Descriptive behavior; no cognitive or causal age interpretation.,one partial historical game; tournament versus ranked and map/opponent confounds
TaToH earliest verified to ranked,TaToH,2021,tournament,2026,ranked,whole available replay,command_silence_ge10s_time_fraction,1,40,1,12,0.008197700900067252,0.005523308264324723,0.008197700900067252,0.0064338620846369435,0.008197700900067252,0.008197700900067252,0.0,0.12264102539525547,-0.002674392635742529,-0.2674392635742529,-32.62369130496807,decrease,Descriptive behavior; no cognitive or causal age interpretation.,one partial historical game; tournament versus ranked and map/opponent confounds
TaToH earliest verified to ranked,TaToH,2021,tournament,2026,ranked,whole available replay,core_count_5s_cv,1,40,1,12,0.5601538277514682,0.5029662207432876,0.5601538277514682,0.493037699172029,0.5601538277514682,0.5601538277514682,0.33556262273890863,0.681260015334153,-0.057187607008180597,,-10.209268271492359,decrease,Descriptive behavior; no cognitive or causal age interpretation.,one partial historical game; tournament versus ranked and map/opponent confounds
TaToH earliest verified to ranked,TaToH,2021,tournament,2026,ranked,whole available replay,peak_5s_nominal_cpm,1,40,1,12,228.0,240.0,228.0,246.0,228.0,228.0,192.0,540.0,12.0,,5.263157894736842,increase,Descriptive behavior; no cognitive or causal age interpretation.,one partial historical game; tournament versus ranked and map/opponent confounds
TaToH earliest verified to ranked,TaToH,2021,tournament,2026,ranked,whole available replay,empty_5s_bin_fraction,1,40,1,12,0.02834008097165992,0.015789473684210527,0.02834008097165992,0.014589253148988506,0.02834008097165992,0.02834008097165992,0.0,0.10952380952380952,-0.012550607287449392,-1.2550607287449393,-44.285714285714285,decrease,Descriptive behavior; no cognitive or causal age interpretation.,one partial historical game; tournament versus ranked and map/opponent confounds
TaToH earliest verified to ranked,TaToH,2021,tournament,2026,ranked,whole available replay,core_type_entropy_bits,1,40,1,12,1.596308877040768,1.1687942965068283,1.596308877040768,1.1844959632658603,1.596308877040768,1.596308877040768,0.6979576311360782,1.7021229562666775,-0.42751458053393976,,-26.781444786955316,decrease,Descriptive behavior; no cognitive or causal age interpretation.,one partial historical game; tournament versus ranked and map/opponent confounds
TaToH earliest verified to ranked,TaToH,2021,tournament,2026,ranked,whole available replay,core_category_entropy_bits,1,40,1,12,1.56669904674924,1.1300537561868835,1.56669904674924,1.1583122705097728,1.56669904674924,1.56669904674924,0.6827747601458407,1.651766208426217,-0.43664529056235657,,-27.870399964074554,decrease,Descriptive behavior; no cognitive or causal age interpretation.,one partial historical game; tournament versus ranked and map/opponent confounds
TaToH earliest verified to ranked,TaToH,2021,tournament,2026,ranked,whole available replay,core_type_transition_entropy_bits,1,40,1,12,1.2791471579217841,1.0012299060705507,1.2791471579217841,1.0058069166337282,1.2791471579217841,1.2791471579217841,0.6055693642246622,1.3511597656938172,-0.2779172518512334,,-21.72676146994396,decrease,Descriptive behavior; no cognitive or causal age interpretation.,one partial historical game; tournament versus ranked and map/opponent confounds
TaToH earliest verified to ranked,TaToH,2021,tournament,2026,ranked,whole available replay,core_type_switch_fraction,1,40,1,12,0.3267170762444864,0.2736886632825719,0.3267170762444864,0.2777489966626219,0.3267170762444864,0.3267170762444864,0.17035398230088494,0.3697234352256186,-0.05302841296191452,-5.302841296191452,-16.230683003000646,decrease,Descriptive behavior; no cognitive or causal age interpretation.,one partial historical game; tournament versus ranked and map/opponent confounds
TaToH earliest verified to ranked,TaToH,2021,tournament,2026,ranked,whole available replay,core_category_switch_fraction,1,40,1,12,0.3267170762444864,0.2736886632825719,0.3267170762444864,0.27706725361672424,0.3267170762444864,0.3267170762444864,0.17035398230088494,0.3682678311499272,-0.05302841296191452,-5.302841296191452,-16.230683003000646,decrease,Descriptive behavior; no cognitive or causal age interpretation.,one partial historical game; tournament versus ranked and map/opponent confounds
TaToH earliest verified to ranked,TaToH,2021,tournament,2026,ranked,whole available replay,core_same_type_triplet_fraction,1,40,1,12,0.48692089505200126,0.5808748728382502,0.48692089505200126,0.5707797634874922,0.48692089505200126,0.48692089505200126,0.4620780359491451,0.738359201773836,0.09395397778624898,9.395397778624897,19.295532136942914,increase,Descriptive behavior; no cognitive or causal age interpretation.,one partial historical game; tournament versus ranked and map/opponent confounds
TaToH earliest verified to ranked,TaToH,2021,tournament,2026,ranked,whole available replay,coordinate_coverage,1,40,1,12,1.0,1.0,1.0,1.0,1.0,1.0,0.8596141051230871,1.0,0.0,0.0,0.0,unchanged,Descriptive behavior; no cognitive or causal age interpretation.,one partial historical game; tournament versus ranked and map/opponent confounds
TaToH earliest verified to ranked,TaToH,2021,tournament,2026,ranked,whole available replay,destination_jump_diagonal_p50,1,40,1,12,0.02801074001698806,0.02283581002283138,0.02801074001698806,0.022425905581542612,0.02801074001698806,0.02801074001698806,0.014388790912335135,0.041008689671739235,-0.005174929994156679,,-18.474806417174868,decrease,Descriptive behavior; no cognitive or causal age interpretation.,one partial historical game; tournament versus ranked and map/opponent confounds
TaToH earliest verified to ranked,TaToH,2021,tournament,2026,ranked,whole available replay,destination_jump_diagonal_p90,1,40,1,12,0.25638793386387715,0.23243549376175673,0.25638793386387715,0.22105753873821882,0.25638793386387715,0.25638793386387715,0.1117813203807378,0.33638102544982146,-0.023952440102120415,,-9.342264958083938,decrease,Descriptive behavior; no cognitive or causal age interpretation.,one partial historical game; tournament versus ranked and map/opponent confounds
TaToH earliest verified to ranked,TaToH,2021,tournament,2026,ranked,whole available replay,destination_jump_ge_quarter_fraction,1,40,1,12,0.10271678451804987,0.09254947613504075,0.10271678451804987,0.08710195891750229,0.10271678451804987,0.10271678451804987,0.0207532667179093,0.1332569683085147,-0.010167308383009124,-1.0167308383009124,-9.898390443893303,decrease,Descriptive behavior; no cognitive or causal age interpretation.,one partial historical game; tournament versus ranked and map/opponent confounds
TaToH earliest verified to ranked,TaToH,2021,tournament,2026,ranked,whole available replay,destination_entropy_4x4_bits,1,40,1,12,3.4476887115276393,3.0715676675791173,3.4476887115276393,3.0685021584605314,3.4476887115276393,3.4476887115276393,2.524124940534628,3.6258567146530956,-0.3761210439485221,,-10.90936785246677,decrease,Descriptive behavior; no cognitive or causal age interpretation.,one partial historical game; tournament versus ranked and map/opponent confounds
TaToH earliest verified to ranked,TaToH,2021,tournament,2026,ranked,whole available replay,destination_cell_switch_fraction,1,40,1,12,0.32899144026795685,0.30593358737071313,0.32899144026795685,0.3020341257853164,0.32899144026795685,0.32899144026795685,0.2364112639161755,0.38902743142144636,-0.023057852897243714,-2.3057852897243714,-7.0086482731780375,decrease,Descriptive behavior; no cognitive or causal age interpretation.,one partial historical game; tournament versus ranked and map/opponent confounds
TaToH earliest verified to ranked,TaToH,2021,tournament,2026,ranked,whole available replay,rapid_destination_repeat_fraction,1,40,1,12,0.3074060290286565,0.3244397011739594,0.3074060290286565,0.34132228010888954,0.3074060290286565,0.3074060290286565,0.256857855361596,0.42578397212543556,0.017033672145302936,1.7033672145302936,5.541098917001088,increase,Descriptive behavior; no cognitive or causal age interpretation.,one partial historical game; tournament versus ranked and map/opponent confounds
TaToH earliest verified to ranked,TaToH,2021,tournament,2026,ranked,whole available replay,dedup_core_cpm,1,40,1,12,57.16039129734652,62.44380728634871,57.16039129734652,63.96067074295523,57.16039129734652,57.16039129734652,50.3019517324373,87.20292799824313,5.283415989002187,,9.24314174393598,increase,Descriptive behavior; no cognitive or causal age interpretation.,one partial historical game; tournament versus ranked and map/opponent confounds
TaToH earliest verified to ranked,TaToH,2021,tournament,2026,ranked,whole available replay,move_order_commands,1,40,1,12,2688.0,1503.0,2688.0,1518.5,2688.0,2688.0,442.0,3389.0,-1185.0,,-44.08482142857143,decrease,Descriptive behavior; no cognitive or causal age interpretation.,one partial historical game; tournament versus ranked and map/opponent confounds
TaToH earliest verified to ranked,TaToH,2021,tournament,2026,ranked,whole available replay,explicit_actor_commands,1,40,1,12,1103.0,598.0,1103.0,629.5,1103.0,1103.0,166.0,1793.0,-505.0,,-45.784224841341796,decrease,Raw actor-list coverage/reuse differs: numeric contrast is not a reliable group-control trend.,one partial historical game; tournament versus ranked and map/opponent confounds
TaToH earliest verified to ranked,TaToH,2021,tournament,2026,ranked,whole available replay,explicit_actor_coverage,1,40,1,12,0.4103422619047619,0.42166462668298654,0.4103422619047619,0.42993223658766827,0.4103422619047619,0.4103422619047619,0.30568356374807987,0.5469740634005764,0.011322364778224625,1.1322364778224625,2.7592490048837526,increase,Raw actor-list coverage/reuse differs: numeric contrast is not a reliable group-control trend.,one partial historical game; tournament versus ranked and map/opponent confounds
TaToH earliest verified to ranked,TaToH,2021,tournament,2026,ranked,whole available replay,actor_pair_count,1,40,1,12,435.0,307.0,435.0,324.5,435.0,435.0,81.0,1028.0,-128.0,,-29.42528735632184,decrease,Raw actor-list coverage/reuse differs: numeric contrast is not a reliable group-control trend.,one partial historical game; tournament versus ranked and map/opponent confounds
TaToH earliest verified to ranked,TaToH,2021,tournament,2026,ranked,whole available replay,same_actor_pair_count,1,40,1,12,7.0,80.0,7.0,78.0,7.0,7.0,19.0,283.0,73.0,,1042.857142857143,increase,Raw actor-list coverage/reuse differs: numeric contrast is not a reliable group-control trend.,one partial historical game; tournament versus ranked and map/opponent confounds
TaToH earliest verified to ranked,TaToH,2021,tournament,2026,ranked,whole available replay,actor_group_size_median,1,40,1,12,2.0,1.0,2.0,1.0,2.0,2.0,1.0,5.0,-1.0,,-50.0,decrease,Raw actor-list coverage/reuse differs: numeric contrast is not a reliable group-control trend.,one partial historical game; tournament versus ranked and map/opponent confounds
TaToH earliest verified to ranked,TaToH,2021,tournament,2026,ranked,whole available replay,actor_group_size_p90,1,40,1,12,12.0,7.0,12.0,8.0,12.0,12.0,2.0,26.0,-5.0,,-41.66666666666667,decrease,Raw actor-list coverage/reuse differs: numeric contrast is not a reliable group-control trend.,one partial historical game; tournament versus ranked and map/opponent confounds
TaToH earliest verified to ranked,TaToH,2021,tournament,2026,ranked,whole available replay,actor_group_ge10_fraction,1,40,1,12,0.13780598368087035,0.025139664804469275,0.13780598368087035,0.043167524299599774,0.13780598368087035,0.13780598368087035,0.0,0.2632459564974902,-0.11266631887640108,-11.266631887640107,-81.75720376359894,decrease,Raw actor-list coverage/reuse differs: numeric contrast is not a reliable group-control trend.,one partial historical game; tournament versus ranked and map/opponent confounds
TaToH earliest verified to ranked,TaToH,2021,tournament,2026,ranked,whole available replay,actor_group_change_fraction,1,40,1,12,0.9839080459770115,0.7654320987654321,0.9839080459770115,0.7629374761060717,0.9839080459770115,0.9839080459770115,0.6432748538011696,0.8653061224489796,-0.21847594721157948,-21.847594721157947,-22.20491519556941,decrease,Raw actor-list coverage/reuse differs: numeric contrast is not a reliable group-control trend.,one partial historical game; tournament versus ranked and map/opponent confounds
TaToH earliest verified to ranked,TaToH,2021,tournament,2026,ranked,whole available replay,actor_overlap_jaccard_median,1,40,1,12,0.0,0.0,0.0,0.0,0.0,0.0,0.0,0.0,0.0,,,unchanged,Raw actor-list coverage/reuse differs: numeric contrast is not a reliable group-control trend.,one partial historical game; tournament versus ranked and map/opponent confounds
TaToH earliest verified to ranked,TaToH,2021,tournament,2026,ranked,whole available replay,same_actor_gap_nominal_median_s,1,40,1,12,1.110059134012814,0.23846153038764104,1.110059134012814,0.23846153038757378,1.110059134012814,1.110059134012814,0.12307691890973503,0.36153844929739287,-0.871597603625173,,-78.51812366737498,decrease,Raw actor-list coverage/reuse differs: numeric contrast is not a reliable group-control trend.,one partial historical game; tournament versus ranked and map/opponent confounds
TaToH earliest verified to ranked,TaToH,2021,tournament,2026,ranked,whole available replay,same_actor_recommand_under1s_fraction,1,40,1,12,0.42857142857142855,0.8851351351351351,0.42857142857142855,0.8915106737143358,0.42857142857142855,0.42857142857142855,0.7878787878787878,1.0,0.45656370656370654,45.656370656370655,106.53153153153154,increase,Raw actor-list coverage/reuse differs: numeric contrast is not a reliable group-control trend.,one partial historical game; tournament versus ranked and map/opponent confounds
TaToH earliest verified to ranked,TaToH,2021,tournament,2026,ranked,whole available replay,commanded_actor_ids,1,40,1,12,686.0,105.0,686.0,123.0,686.0,686.0,26.0,490.0,-581.0,,-84.6938775510204,decrease,Raw actor-list coverage/reuse differs: numeric contrast is not a reliable group-control trend.,one partial historical game; tournament versus ranked and map/opponent confounds
TaToH earliest verified to ranked,TaToH,2021,tournament,2026,ranked,whole available replay,valid_target_order_fraction,1,40,1,12,1.0,1.0,1.0,1.0,1.0,1.0,1.0,1.0,0.0,0.0,0.0,unchanged,Descriptive behavior; no cognitive or causal age interpretation.,one partial historical game; tournament versus ranked and map/opponent confounds
TaToH earliest verified to ranked,TaToH,2021,tournament,2026,ranked,whole available replay,distinct_order_target_ids,1,40,1,12,317.0,111.0,317.0,122.0,317.0,317.0,21.0,355.0,-206.0,,-64.98422712933754,decrease,Descriptive behavior; no cognitive or causal age interpretation.,one partial historical game; tournament versus ranked and map/opponent confounds
TaToH earliest verified to ranked,TaToH,2021,tournament,2026,ranked,whole available replay,distinct_building_type_ids,1,40,1,12,16.0,15.0,16.0,14.5,16.0,16.0,4.0,20.0,-1.0,,-6.25,decrease,Descriptive behavior; no cognitive or causal age interpretation.,one partial historical game; tournament versus ranked and map/opponent confounds
TaToH earliest verified to ranked,TaToH,2021,tournament,2026,ranked,whole available replay,distinct_research_type_ids,1,40,1,12,45.0,16.0,45.0,16.0,45.0,45.0,1.0,43.0,-29.0,,-64.44444444444444,decrease,Descriptive behavior; no cognitive or causal age interpretation.,one partial historical game; tournament versus ranked and map/opponent confounds
TaToH earliest verified to ranked,TaToH,2021,tournament,2026,ranked,whole available replay,positive_de_queue_commands,1,40,1,12,820.0,139.0,820.0,152.5,820.0,820.0,17.0,614.0,-681.0,,-83.04878048780488,decrease,Descriptive behavior; no cognitive or causal age interpretation.,one partial historical game; tournament versus ranked and map/opponent confounds
TaToH earliest verified to ranked,TaToH,2021,tournament,2026,ranked,whole available replay,requested_queue_unit_type_ids,1,40,1,12,14.0,7.0,14.0,6.0,14.0,14.0,2.0,16.0,-7.0,,-50.0,decrease,Descriptive behavior; no cognitive or causal age interpretation.,one partial historical game; tournament versus ranked and map/opponent confounds
TaToH earliest verified to ranked,TaToH,2021,tournament,2026,ranked,whole available replay,explicitly_commanded_production_building_ids,1,40,1,12,55.0,12.0,55.0,10.0,55.0,55.0,2.0,34.0,-43.0,,-78.18181818181819,decrease,Descriptive behavior; no cognitive or causal age interpretation.,one partial historical game; tournament versus ranked and map/opponent confounds
TaToH earliest verified to ranked,TaToH,2021,tournament,2026,ranked,whole available replay,production_command_revisit_nominal_median_s,1,40,1,12,0.2485207016447362,6.5201181224352815,0.2485207016447362,7.392307442017057,0.2485207016447362,0.2485207016447362,2.680473282024754,17.546153252071644,6.271597420790545,,2523.571428570921,increase,Descriptive behavior; no cognitive or causal age interpretation.,one partial historical game; tournament versus ranked and map/opponent confounds
TaToH earliest verified to ranked,TaToH,2021,tournament,2026,ranked,whole available replay,positive_queue_amount_mean,1,40,1,12,1.0585365853658537,1.0460829493087558,1.0585365853658537,1.0372685185185184,1.0585365853658537,1.0585365853658537,1.0,1.3529411764705883,-0.012453636057097928,,-1.1764955722143204,decrease,Descriptive behavior; no cognitive or causal age interpretation.,one partial historical game; tournament versus ranked and map/opponent confounds
TaToH earliest verified to ranked,TaToH,2021,tournament,2026,ranked,whole available replay,build_commands_nominal_min,1,40,1,12,7.008170580517581,4.282384089855207,7.008170580517581,3.992279291027667,7.008170580517581,7.008170580517581,1.9195613081374272,7.312092810810966,-2.725786490662374,,-38.894408452898475,decrease,Descriptive behavior; no cognitive or causal age interpretation.,one partial historical game; tournament versus ranked and map/opponent confounds
TaToH earliest verified to ranked,TaToH,2021,tournament,2026,ranked,whole available replay,wall_commands_nominal_min,1,40,1,12,0.24333925626797157,0.4608207825313521,0.24333925626797157,0.4779768058139237,0.24333925626797157,0.24333925626797157,0.0,1.6663502273274269,0.21748152626338055,,89.37379426519007,increase,Descriptive behavior; no cognitive or causal age interpretation.,one partial historical game; tournament versus ranked and map/opponent confounds
TaToH earliest verified to ranked,TaToH,2021,tournament,2026,ranked,whole available replay,research_commands_nominal_min,1,40,1,12,1.4843694632346265,1.1501880504452446,1.4843694632346265,1.1450679254022758,1.4843694632346265,1.4843694632346265,0.2742230440196325,2.193728444457312,-0.33418141278938185,,-22.513358100291203,decrease,Descriptive behavior; no cognitive or causal age interpretation.,one partial historical game; tournament versus ranked and map/opponent confounds
TaToH earliest verified to ranked,TaToH,2021,tournament,2026,ranked,whole available replay,market_commands_nominal_min,1,40,1,12,1.9710479757705697,0.4228190371411243,1.9710479757705697,0.4076520570016929,1.9710479757705697,1.9710479757705697,0.0,1.5910175519234606,-1.5482289386294454,,-78.5485162036289,decrease,Descriptive behavior; no cognitive or causal age interpretation.,one partial historical game; tournament versus ranked and map/opponent confounds
TaToH earliest verified to ranked,TaToH,2021,tournament,2026,ranked,whole available replay,legacy_command_class_entropy_bits,1,40,1,12,1.56669904674924,1.1300537561868835,1.56669904674924,1.1583122705097728,1.56669904674924,1.56669904674924,0.6827747601458407,1.651766208426217,-0.43664529056235657,,-27.870399964074554,decrease,Descriptive behavior; no cognitive or causal age interpretation.,one partial historical game; tournament versus ranked and map/opponent confounds
TaToH earliest verified to ranked,TaToH,2021,tournament,2026,ranked,whole available replay,legacy_switches_per_100_commands,1,40,1,12,32.67170762444864,27.36886632825719,32.67170762444864,27.706725361672422,32.67170762444864,32.67170762444864,17.035398230088493,36.82678311499272,-5.302841296191453,,-16.23068300300065,decrease,Descriptive behavior; no cognitive or causal age interpretation.,one partial historical game; tournament versus ranked and map/opponent confounds
TaToH earliest verified to ranked,TaToH,2021,tournament,2026,ranked,whole available replay,legacy_core_silence_over5s_fraction,0,0,0,0,,,,,,,,,,,,unavailable,Descriptive behavior; no cognitive or causal age interpretation.,one partial historical game; tournament versus ranked and map/opponent confounds
TaToH earliest verified to ranked,TaToH,2021,tournament,2026,ranked,whole available replay,legacy_peak_10s_nominal_cpm,0,0,0,0,,,,,,,,,,,,unavailable,Descriptive behavior; no cognitive or causal age interpretation.,one partial historical game; tournament versus ranked and map/opponent confounds
TaToH earliest verified to ranked,TaToH,2021,tournament,2026,ranked,whole available replay,legacy_move_share,0,0,0,0,,,,,,,,,,,,unavailable,Descriptive behavior; no cognitive or causal age interpretation.,one partial historical game; tournament versus ranked and map/opponent confounds
TaToH earliest verified to ranked,TaToH,2021,tournament,2026,ranked,whole available replay,legacy_planning_command_share,1,40,1,12,0.13858267716535436,0.07728494623655914,0.13858267716535436,0.0747249473450837,0.13858267716535436,0.13858267716535436,0.02207505518763797,0.14771573604060914,-0.061297730928795216,-6.129773092879522,-44.23188538611927,decrease,Descriptive behavior; no cognitive or causal age interpretation.,one partial historical game; tournament versus ranked and map/opponent confounds
TaToH earliest verified to ranked,TaToH,2021,tournament,2026,ranked,whole available replay,legacy_queue_batch_mean,1,40,1,12,1.0585365853658537,1.0460829493087558,1.0585365853658537,1.0372685185185184,1.0585365853658537,1.0585365853658537,1.0,1.3529411764705883,-0.012453636057097928,,-1.1764955722143204,decrease,Descriptive behavior; no cognitive or causal age interpretation.,one partial historical game; tournament versus ranked and map/opponent confounds
TaToH earliest verified to ranked,TaToH,2021,tournament,2026,ranked,whole available replay,legacy_queue_batch_gt1_fraction,0,0,0,0,,,,,,,,,,,,unavailable,Descriptive behavior; no cognitive or causal age interpretation.,one partial historical game; tournament versus ranked and map/opponent confounds
TaToH earliest verified to ranked,TaToH,2021,tournament,2026,ranked,whole available replay,legacy_duration_game_min,1,40,1,12,69.45036666666667,29.55998333333333,69.45036666666667,30.723816666666664,69.45036666666667,69.45036666666667,6.162866666666667,69.19975,-39.89038333333333,,-57.437253751000114,decrease,Descriptive behavior; no cognitive or causal age interpretation.,one partial historical game; tournament versus ranked and map/opponent confounds
TaToH earliest verified to ranked,TaToH,2021,tournament,2026,ranked,whole available replay,tatoh_cpm_0_5,1,40,1,12,122.6940041542053,122.01800413131713,122.6940041542053,120.8350040912628,122.6940041542053,122.6940041542053,51.71400175094604,146.01600494384763,-0.6760000228881751,,-0.5509641873278168,decrease,Descriptive behavior; no cognitive or causal age interpretation.,one partial historical game; tournament versus ranked and map/opponent confounds
TaToH earliest verified to ranked,TaToH,2021,tournament,2026,ranked,whole available replay,tatoh_cpm_5_10,1,39,1,12,79.76800270080565,97.00600328445434,79.76800270080565,97.00600328445434,79.76800270080565,79.76800270080565,49.686001682281486,119.65200405120848,17.238000583648684,,21.61016949152543,increase,Descriptive behavior; no cognitive or causal age interpretation.,one partial historical game; tournament versus ranked and map/opponent confounds
TaToH earliest verified to ranked,TaToH,2021,tournament,2026,ranked,whole available replay,tatoh_cpm_10_15,1,37,1,12,71.99400243759155,91.59800310134887,71.99400243759155,91.59800310134887,71.99400243759155,71.99400243759155,27.716000938415522,133.17200450897215,19.60400066375732,,27.2300469483568,increase,Descriptive behavior; no cognitive or causal age interpretation.,one partial historical game; tournament versus ranked and map/opponent confounds
TaToH earliest verified to ranked,TaToH,2021,tournament,2026,ranked,whole available replay,tatoh_cpm_15_20,1,35,1,11,88.21800298690795,92.27400312423705,88.21800298690795,92.27400312423705,88.21800298690795,88.21800298690795,39.884001350402826,140.60800476074218,4.056000137329107,,4.597701149425294,increase,Descriptive behavior; no cognitive or causal age interpretation.,one partial historical game; tournament versus ranked and map/opponent confounds
TaToH earliest verified to ranked,TaToH,2021,tournament,2026,ranked,whole available replay,tatoh_cpm_10_20,1,35,1,11,80.10600271224975,93.28800315856932,80.10600271224975,93.28800315856932,80.10600271224975,80.10600271224975,42.419001436233515,134.8620045661926,13.182000446319577,,16.455696202531644,increase,Descriptive behavior; no cognitive or causal age interpretation.,one partial historical game; tournament versus ranked and map/opponent confounds
TaToH earliest verified to ranked,TaToH,2021,tournament,2026,ranked,whole available replay,tatoh_reclick_open,1,40,1,12,0.32554257095158595,0.3988684582743989,0.32554257095158595,0.3893153021442495,0.32554257095158595,0.32554257095158595,0.19642857142857142,0.49612403100775193,0.07332588732281292,,22.524208464802534,increase,Descriptive behavior; no cognitive or causal age interpretation.,one partial historical game; tournament versus ranked and map/opponent confounds
TaToH earliest verified to ranked,TaToH,2021,tournament,2026,ranked,whole available replay,tatoh_dedup_open_cpm,1,40,1,12,68.27600231170653,65.91000223159789,68.27600231170653,66.75500226020812,68.27600231170653,68.27600231170653,32.95500111579894,82.30300278663634,-2.3660000801086483,,-3.4653465346534738,decrease,Descriptive behavior; no cognitive or causal age interpretation.,one partial historical game; tournament versus ranked and map/opponent confounds
TaToH earliest verified to ranked,TaToH,2021,tournament,2026,ranked,whole available replay,tatoh_reclick_whole,1,40,1,12,0.2600755667506297,0.3021914648212226,0.2600755667506297,0.3148931074179666,0.2600755667506297,0.2600755667506297,0.22008547008547008,0.4090909090909091,0.042115898070592905,,16.193715771453157,increase,Descriptive behavior; no cognitive or causal age interpretation.,one partial historical game; tournament versus ranked and map/opponent confounds
TaToH earliest verified to ranked,TaToH,2021,tournament,2026,ranked,whole available replay,tatoh_dedup_whole_cpm,1,40,1,12,57.17100535171953,62.40483169561092,57.17100535171953,63.92217823354603,57.17100535171953,57.17100535171953,50.284421994292,86.96773513578792,5.233826343891394,,9.154686561295492,increase,Descriptive behavior; no cognitive or causal age interpretation.,one partial historical game; tournament versus ranked and map/opponent confounds
TaToH earliest verified to ranked,TaToH,2021,tournament,2026,ranked,whole available replay,tatoh_gap_p50_open,1,40,1,12,0.24852070164470255,0.23846153038765786,0.24852070164470255,0.23846153038765786,0.24852070164470255,0.24852070164470255,0.23846153038764104,0.3615384492973971,-0.010059171257044697,,-4.047619047617926,decrease,Descriptive behavior; no cognitive or causal age interpretation.,one partial historical game; tournament versus ranked and map/opponent confounds
TaToH earliest verified to ranked,TaToH,2021,tournament,2026,ranked,whole available replay,tatoh_gap_p90_open,1,40,1,12,1.3768046871116195,1.4384614897577594,1.3768046871116195,1.4384614897577568,1.3768046871116195,1.3768046871116195,1.1999999593700847,2.401538380226546,0.06165680264613993,,4.4782533952211425,increase,Descriptive behavior; no cognitive or causal age interpretation.,one partial historical game; tournament versus ranked and map/opponent confounds
TaToH earliest verified to ranked,TaToH,2021,tournament,2026,ranked,whole available replay,tatoh_gap_p99_open,1,40,1,12,2.9429821488764247,3.4338460375820943,2.9429821488764247,3.3619229630942034,2.9429821488764247,2.9429821488764247,2.523076837649931,9.04892277054216,0.49086388870566955,,16.67913238593962,increase,Descriptive behavior; no cognitive or causal age interpretation.,one partial historical game; tournament versus ranked and map/opponent confounds
TaToH earliest verified to ranked,TaToH,2021,tournament,2026,ranked,whole available replay,tatoh_gap_p99_10_20,1,35,1,11,5.969135892569972,3.841307562247708,5.969135892569972,3.842461408362481,5.969135892569972,5.969135892569972,2.050769161333735,19.36930703649662,-2.1278283303222643,,-35.64717521292921,decrease,Descriptive behavior; no cognitive or causal age interpretation.,one partial historical game; tournament versus ranked and map/opponent confounds
TaToH earliest verified to ranked,TaToH,2021,tournament,2026,ranked,whole available replay,feudal_request_game_s,1,39,1,12,686.539,436.605,686.539,436.605,686.539,686.539,292.799,723.827,-249.93399999999997,,-36.40492382807095,decrease,Age-up request timing depends strongly on start-age and tournament settings.,one partial historical game; tournament versus ranked and map/opponent confounds
TaToH earliest verified to ranked,TaToH,2021,tournament,2026,ranked,whole available replay,castle_request_game_s,1,33,1,12,888.921,907.988,888.921,914.16,888.921,888.921,482.716,2084.56,19.067000000000007,,2.1449600133195195,increase,Age-up request timing depends strongly on start-age and tournament settings.,one partial historical game; tournament versus ranked and map/opponent confounds
TaToH earliest verified to ranked,TaToH,2021,tournament,2026,ranked,whole available replay,imperial_request_game_s,1,13,1,8,1963.656,2043.347,1963.656,1840.474,1963.656,1963.656,1228.806,3202.394,79.69100000000003,,4.058297379989165,increase,Age-up request timing depends strongly on start-age and tournament settings.,one partial historical game; tournament versus ranked and map/opponent confounds
TaToH provisional 2019,TaToH,2019,provisional Feudal-only,2026,ranked,first 10 game minutes,all_recorded_cpm,1,39,1,12,108.65624999999999,134.18600454330445,108.65624999999999,135.70700459480287,108.65624999999999,108.65624999999999,71.14900240898133,159.02900538444518,25.529754543304463,,23.495891440487284,increase,Classic commands can lack ownership or differ in encoding; rates may undercount actions.,unverified account identity; special challenge; classic command attribution gap; excluded from verified inference
TaToH provisional 2019,TaToH,2019,provisional Feudal-only,2026,ranked,first 10 game minutes,core_cpm,1,39,1,12,108.65624999999999,107.99100365638732,108.65624999999999,108.83600368499755,108.65624999999999,108.65624999999999,50.70000171661377,130.8060044288635,-0.6652463436126652,,-0.6122485762325364,decrease,Descriptive behavior; no cognitive or causal age interpretation.,unverified account identity; special challenge; classic command attribution gap; excluded from verified inference
TaToH provisional 2019,TaToH,2019,provisional Feudal-only,2026,ranked,first 10 game minutes,noncore_action_fraction,1,39,1,12,0.0,0.1952141057934509,0.0,0.19754977029096477,0.0,0.0,0.12903225806451613,0.31076923076923074,0.1952141057934509,19.521410579345087,,increase,Classic commands can lack ownership or differ in encoding; rates may undercount actions.,unverified account identity; special challenge; classic command attribution gap; excluded from verified inference
TaToH provisional 2019,TaToH,2019,provisional Feudal-only,2026,ranked,first 10 game minutes,first_core_command_nominal_s,1,39,1,12,1.487719298245614,1.0461538107328987,1.487719298245614,1.0461538107328987,1.487719298245614,1.487719298245614,0.7999999729133932,2.938461438970348,-0.4415654875127153,,-29.68069904271789,decrease,Cross-engine timing resolution/encoding differs; do not infer latency or slowing.,unverified account identity; special challenge; classic command attribution gap; excluded from verified inference
TaToH provisional 2019,TaToH,2019,provisional Feudal-only,2026,ranked,first 10 game minutes,core_gap_p10_s,1,39,1,12,0.3031578947368416,0.11538461147790713,0.3031578947368416,0.11538461147790713,0.3031578947368416,0.3031578947368416,0.11538461147790713,0.1230769189097316,-0.1877732832589345,,-61.93910385277363,decrease,Cross-engine timing resolution/encoding differs; do not infer latency or slowing.,unverified account identity; special challenge; classic command attribution gap; excluded from verified inference
TaToH provisional 2019,TaToH,2019,provisional Feudal-only,2026,ranked,first 10 game minutes,core_gap_p50_s,1,39,1,12,0.3200000000000074,0.23846153038766715,0.3200000000000074,0.23846153038766715,0.3200000000000074,0.3200000000000074,0.23846153038764584,0.3615384492974272,-0.08153846961234024,,-25.480771753855734,decrease,Cross-engine timing resolution/encoding differs; do not infer latency or slowing.,unverified account identity; special challenge; classic command attribution gap; excluded from verified inference
TaToH provisional 2019,TaToH,2019,provisional Feudal-only,2026,ranked,first 10 game minutes,core_gap_p90_s,1,39,1,12,1.5157894736842081,1.446153797189569,1.5157894736842081,1.446153797189569,1.5157894736842081,1.5157894736842081,1.1999999593700927,2.407692226172037,-0.06963567649463909,,-4.594020324299114,decrease,Cross-engine timing resolution/encoding differs; do not infer latency or slowing.,unverified account identity; special challenge; classic command attribution gap; excluded from verified inference
TaToH provisional 2019,TaToH,2019,provisional Feudal-only,2026,ranked,first 10 game minutes,core_gap_p99_s,1,39,1,12,4.627031578947362,3.4546152676481223,4.627031578947362,3.3692306551544675,4.627031578947362,4.627031578947362,2.523076837649929,10.091384273708094,-1.1724163112992394,,-25.338411707273483,decrease,Cross-engine timing resolution/encoding differs; do not infer latency or slowing.,unverified account identity; special challenge; classic command attribution gap; excluded from verified inference
TaToH provisional 2019,TaToH,2019,provisional Feudal-only,2026,ranked,first 10 game minutes,core_gap_max_s,1,39,1,12,10.307368421052644,6.246153634669938,10.307368421052644,6.015384411714166,10.307368421052644,10.307368421052644,3.730769104451838,38.346152547819855,-4.061214786382706,,-39.4010829969727,decrease,Cross-engine timing resolution/encoding differs; do not infer latency or slowing.,unverified account identity; special challenge; classic command attribution gap; excluded from verified inference
TaToH provisional 2019,TaToH,2019,provisional Feudal-only,2026,ranked,first 10 game minutes,simultaneous_core_gap_fraction,1,39,1,12,0.2545155993431856,0.03605015673981191,0.2545155993431856,0.03515625,0.2545155993431856,0.2545155993431856,0.016516516516516516,0.05955678670360111,-0.21846544260337367,-21.846544260337367,-85.83577712609971,decrease,Cross-engine timing resolution/encoding differs; do not infer latency or slowing.,unverified account identity; special challenge; classic command attribution gap; excluded from verified inference
TaToH provisional 2019,TaToH,2019,provisional Feudal-only,2026,ranked,first 10 game minutes,core_gap_cv,1,39,1,12,1.5354147433012413,1.3244228690693447,1.5354147433012413,1.3450008518065661,1.5354147433012413,1.5354147433012413,1.149532372656123,2.8978080193813507,-0.21099187423189658,,-13.74168609181454,decrease,Cross-engine timing resolution/encoding differs; do not infer latency or slowing.,unverified account identity; special challenge; classic command attribution gap; excluded from verified inference
TaToH provisional 2019,TaToH,2019,provisional Feudal-only,2026,ranked,first 10 game minutes,core_gap_burstiness,1,39,1,12,0.21117442213974963,0.13957136344955923,0.21117442213974963,0.14712184498388597,0.21117442213974963,0.21117442213974963,0.06956507124912466,0.48689109621221566,-0.0716030586901904,,-33.90706978840714,decrease,Cross-engine timing resolution/encoding differs; do not infer latency or slowing.,unverified account identity; special challenge; classic command attribution gap; excluded from verified inference
TaToH provisional 2019,TaToH,2019,provisional Feudal-only,2026,ranked,first 10 game minutes,command_silence_ge5s_time_fraction,1,39,1,12,0.10265000000000014,0.01997666666666668,0.10265000000000014,0.020995000000000093,0.10265000000000014,0.10265000000000014,0.0,0.4695816666666666,-0.08267333333333346,-8.267333333333346,-80.53904854684203,decrease,Cross-engine timing resolution/encoding differs; do not infer latency or slowing.,unverified account identity; special challenge; classic command attribution gap; excluded from verified inference
TaToH provisional 2019,TaToH,2019,provisional Feudal-only,2026,ranked,first 10 game minutes,command_silence_ge10s_time_fraction,1,39,1,12,0.030600000000000033,0.0,0.030600000000000033,0.0,0.030600000000000033,0.030600000000000033,0.0,0.25493000000000005,-0.030600000000000033,-3.060000000000003,-100.0,decrease,Cross-engine timing resolution/encoding differs; do not infer latency or slowing.,unverified account identity; special challenge; classic command attribution gap; excluded from verified inference
TaToH provisional 2019,TaToH,2019,provisional Feudal-only,2026,ranked,first 10 game minutes,core_count_5s_cv,1,39,1,12,0.4858989845284878,0.4257312615435686,0.4858989845284878,0.43094234850768887,0.4858989845284878,0.4858989845284878,0.34961359236745687,1.001598722043913,-0.06016772298491918,,-12.382763681489358,decrease,Cross-engine timing resolution/encoding differs; do not infer latency or slowing.,unverified account identity; special challenge; classic command attribution gap; excluded from verified inference
TaToH provisional 2019,TaToH,2019,provisional Feudal-only,2026,ranked,first 10 game minutes,peak_5s_nominal_cpm,1,39,1,12,240.0,228.0,240.0,228.0,240.0,240.0,180.0,456.0,-12.0,,-5.0,decrease,Cross-engine timing resolution/encoding differs; do not infer latency or slowing.,unverified account identity; special challenge; classic command attribution gap; excluded from verified inference
TaToH provisional 2019,TaToH,2019,provisional Feudal-only,2026,ranked,first 10 game minutes,empty_5s_bin_fraction,1,39,1,12,0.029411764705882353,0.013888888888888888,0.029411764705882353,0.013888888888888888,0.029411764705882353,0.029411764705882353,0.013888888888888888,0.3055555555555556,-0.015522875816993464,-1.5522875816993464,-52.77777777777778,decrease,Cross-engine timing resolution/encoding differs; do not infer latency or slowing.,unverified account identity; special challenge; classic command attribution gap; excluded from verified inference
TaToH provisional 2019,TaToH,2019,provisional Feudal-only,2026,ranked,first 10 game minutes,core_type_entropy_bits,1,39,1,12,0.6276612824802286,0.699161878821114,0.6276612824802286,0.699161878821114,0.6276612824802286,0.6276612824802286,0.47702296571928143,1.1466600006917171,0.07150059634088546,,11.391589434726324,increase,Descriptive behavior; no cognitive or causal age interpretation.,unverified account identity; special challenge; classic command attribution gap; excluded from verified inference
TaToH provisional 2019,TaToH,2019,provisional Feudal-only,2026,ranked,first 10 game minutes,core_category_entropy_bits,1,39,1,12,0.6276612824802286,0.6841325056059123,0.6276612824802286,0.6841325056059123,0.6276612824802286,0.6276612824802286,0.47702296571928143,1.1466600006917171,0.056471223125683756,,8.997085641882428,increase,Descriptive behavior; no cognitive or causal age interpretation.,unverified account identity; special challenge; classic command attribution gap; excluded from verified inference
TaToH provisional 2019,TaToH,2019,provisional Feudal-only,2026,ranked,first 10 game minutes,core_type_transition_entropy_bits,1,39,1,12,0.5426875236023768,0.5951733779470555,0.5426875236023768,0.5951733779470555,0.5426875236023768,0.5426875236023768,0.4126195156819193,0.9676981967489956,0.05248585434467867,,9.671468766459919,increase,Descriptive behavior; no cognitive or causal age interpretation.,unverified account identity; special challenge; classic command attribution gap; excluded from verified inference
TaToH provisional 2019,TaToH,2019,provisional Feudal-only,2026,ranked,first 10 game minutes,core_type_switch_fraction,1,39,1,12,0.14614121510673234,0.15833333333333333,0.14614121510673234,0.1579754601226994,0.14614121510673234,0.14614121510673234,0.1034928848641656,0.2842809364548495,0.01219211822660099,1.219211822660099,8.342696629213487,increase,Descriptive behavior; no cognitive or causal age interpretation.,unverified account identity; special challenge; classic command attribution gap; excluded from verified inference
TaToH provisional 2019,TaToH,2019,provisional Feudal-only,2026,ranked,first 10 game minutes,core_category_switch_fraction,1,39,1,12,0.14614121510673234,0.15833333333333333,0.14614121510673234,0.1579754601226994,0.14614121510673234,0.14614121510673234,0.1034928848641656,0.2842809364548495,0.01219211822660099,1.219211822660099,8.342696629213487,increase,Descriptive behavior; no cognitive or causal age interpretation.,unverified account identity; special challenge; classic command attribution gap; excluded from verified inference
TaToH provisional 2019,TaToH,2019,provisional Feudal-only,2026,ranked,first 10 game minutes,core_same_type_triplet_fraction,1,39,1,12,0.7598684210526315,0.7399165507649513,0.7598684210526315,0.7455089820359282,0.7598684210526315,0.7598684210526315,0.5738255033557047,0.8264248704663213,-0.019951870287680196,-1.9951870287680196,-2.6257006785518526,decrease,Descriptive behavior; no cognitive or causal age interpretation.,unverified account identity; special challenge; classic command attribution gap; excluded from verified inference
TaToH provisional 2019,TaToH,2019,provisional Feudal-only,2026,ranked,first 10 game minutes,coordinate_coverage,1,39,1,12,1.0,1.0,1.0,1.0,1.0,1.0,0.8155339805825242,1.0,0.0,0.0,0.0,unchanged,Descriptive behavior; no cognitive or causal age interpretation.,unverified account identity; special challenge; classic command attribution gap; excluded from verified inference
TaToH provisional 2019,TaToH,2019,provisional Feudal-only,2026,ranked,first 10 game minutes,destination_jump_diagonal_p50,1,39,1,12,0.016945746110360427,0.015851111948056766,0.016945746110360427,0.017744242031917067,0.016945746110360427,0.016945746110360427,0.008225930742872577,0.051180918270774825,-0.0010946341623036607,,-6.4596398126985655,decrease,Descriptive behavior; no cognitive or causal age interpretation.,unverified account identity; special challenge; classic command attribution gap; excluded from verified inference
TaToH provisional 2019,TaToH,2019,provisional Feudal-only,2026,ranked,first 10 game minutes,destination_jump_diagonal_p90,1,39,1,12,0.17778975910005684,0.1626341062608715,0.17778975910005684,0.16432499395620362,0.17778975910005684,0.17778975910005684,0.10289474188260352,0.2969810575500976,-0.015155652839185352,,-8.524480215227708,decrease,Descriptive behavior; no cognitive or causal age interpretation.,unverified account identity; special challenge; classic command attribution gap; excluded from verified inference
TaToH provisional 2019,TaToH,2019,provisional Feudal-only,2026,ranked,first 10 game minutes,destination_jump_ge_quarter_fraction,1,39,1,12,0.04530201342281879,0.05423728813559322,0.04530201342281879,0.05423728813559322,0.04530201342281879,0.04530201342281879,0.005494505494505495,0.13471502590673576,0.00893527471277443,0.893527471277443,19.723791588198374,increase,Descriptive behavior; no cognitive or causal age interpretation.,unverified account identity; special challenge; classic command attribution gap; excluded from verified inference
TaToH provisional 2019,TaToH,2019,provisional Feudal-only,2026,ranked,first 10 game minutes,destination_entropy_4x4_bits,1,39,1,12,2.596965619615647,2.539723274170813,2.596965619615647,2.5363699863497144,2.596965619615647,2.596965619615647,1.0471097809886416,3.265060393949753,-0.057242345444834086,,-2.204201126594275,decrease,Descriptive behavior; no cognitive or causal age interpretation.,unverified account identity; special challenge; classic command attribution gap; excluded from verified inference
TaToH provisional 2019,TaToH,2019,provisional Feudal-only,2026,ranked,first 10 game minutes,destination_cell_switch_fraction,1,39,1,12,0.25671140939597314,0.2556390977443609,0.25671140939597314,0.2768166089965398,0.25671140939597314,0.25671140939597314,0.12922465208747516,0.44029850746268656,-0.0010723116516122566,-0.10723116516122566,-0.4177109440267353,decrease,Descriptive behavior; no cognitive or causal age interpretation.,unverified account identity; special challenge; classic command attribution gap; excluded from verified inference
TaToH provisional 2019,TaToH,2019,provisional Feudal-only,2026,ranked,first 10 game minutes,rapid_destination_repeat_fraction,1,39,1,12,0.40939597315436244,0.41904761904761906,0.40939597315436244,0.4081041968162084,0.40939597315436244,0.40939597315436244,0.20902612826603326,0.5032765399737876,0.009651645893256622,0.9651645893256622,2.3575331772053056,increase,Descriptive behavior; no cognitive or causal age interpretation.,unverified account identity; special challenge; classic command attribution gap; excluded from verified inference
TaToH provisional 2019,TaToH,2019,provisional Feudal-only,2026,ranked,first 10 game minutes,dedup_core_cpm,1,39,1,12,65.19375,66.41700224876404,65.19375,66.75500226020813,65.19375,65.19375,34.47600116729736,82.30300278663636,1.223252248764041,,1.8763336190417657,increase,Descriptive behavior; no cognitive or causal age interpretation.,unverified account identity; special challenge; classic command attribution gap; excluded from verified inference
TaToH provisional 2019,TaToH,2019,provisional Feudal-only,2026,ranked,first 10 game minutes,move_order_commands,0,39,0,12,,624.0,,627.0,,,287.0,764.0,,,,unavailable,Descriptive behavior; no cognitive or causal age interpretation.,unverified account identity; special challenge; classic command attribution gap; excluded from verified inference
TaToH provisional 2019,TaToH,2019,provisional Feudal-only,2026,ranked,first 10 game minutes,explicit_actor_commands,0,39,0,12,,199.0,,205.0,,,97.0,253.0,,,,unavailable,Raw actor-list coverage/reuse differs: numeric contrast is not a reliable group-control trend.,unverified account identity; special challenge; classic command attribution gap; excluded from verified inference
TaToH provisional 2019,TaToH,2019,provisional Feudal-only,2026,ranked,first 10 game minutes,explicit_actor_coverage,0,39,0,12,,0.3168724279835391,,0.324577861163227,,,0.24242424242424243,0.4419753086419753,,,,unavailable,Raw actor-list coverage/reuse differs: numeric contrast is not a reliable group-control trend.,unverified account identity; special challenge; classic command attribution gap; excluded from verified inference
TaToH provisional 2019,TaToH,2019,provisional Feudal-only,2026,ranked,first 10 game minutes,actor_pair_count,0,39,0,12,,87.0,,98.0,,,60.0,133.0,,,,unavailable,Raw actor-list coverage/reuse differs: numeric contrast is not a reliable group-control trend.,unverified account identity; special challenge; classic command attribution gap; excluded from verified inference
TaToH provisional 2019,TaToH,2019,provisional Feudal-only,2026,ranked,first 10 game minutes,same_actor_pair_count,0,39,0,12,,13.0,,13.0,,,4.0,25.0,,,,unavailable,Raw actor-list coverage/reuse differs: numeric contrast is not a reliable group-control trend.,unverified account identity; special challenge; classic command attribution gap; excluded from verified inference
TaToH provisional 2019,TaToH,2019,provisional Feudal-only,2026,ranked,first 10 game minutes,actor_group_size_median,0,39,0,12,,1.0,,1.0,,,1.0,1.0,,,,unavailable,Raw actor-list coverage/reuse differs: numeric contrast is not a reliable group-control trend.,unverified account identity; special challenge; classic command attribution gap; excluded from verified inference
TaToH provisional 2019,TaToH,2019,provisional Feudal-only,2026,ranked,first 10 game minutes,actor_group_size_p90,0,39,0,12,,3.0,,3.0,,,2.0,5.0,,,,unavailable,Raw actor-list coverage/reuse differs: numeric contrast is not a reliable group-control trend.,unverified account identity; special challenge; classic command attribution gap; excluded from verified inference
TaToH provisional 2019,TaToH,2019,provisional Feudal-only,2026,ranked,first 10 game minutes,actor_group_ge10_fraction,0,39,0,12,,0.0,,0.0,,,0.0,0.014778325123152709,,,,unavailable,Raw actor-list coverage/reuse differs: numeric contrast is not a reliable group-control trend.,unverified account identity; special challenge; classic command attribution gap; excluded from verified inference
TaToH provisional 2019,TaToH,2019,provisional Feudal-only,2026,ranked,first 10 game minutes,actor_group_change_fraction,0,39,0,12,,0.8433734939759037,,0.8433734939759037,,,0.7,0.9506172839506173,,,,unavailable,Raw actor-list coverage/reuse differs: numeric contrast is not a reliable group-control trend.,unverified account identity; special challenge; classic command attribution gap; excluded from verified inference
TaToH provisional 2019,TaToH,2019,provisional Feudal-only,2026,ranked,first 10 game minutes,actor_overlap_jaccard_median,0,39,0,12,,0.0,,0.0,,,0.0,0.0,,,,unavailable,Raw actor-list coverage/reuse differs: numeric contrast is not a reliable group-control trend.,unverified account identity; special challenge; classic command attribution gap; excluded from verified inference
TaToH provisional 2019,TaToH,2019,provisional Feudal-only,2026,ranked,first 10 game minutes,same_actor_gap_nominal_median_s,0,39,0,12,,0.23846153038764104,,0.23846153038765786,,,0.12307691890975184,0.5999999796850172,,,,unavailable,Raw actor-list coverage/reuse differs: numeric contrast is not a reliable group-control trend.,unverified account identity; special challenge; classic command attribution gap; excluded from verified inference
TaToH provisional 2019,TaToH,2019,provisional Feudal-only,2026,ranked,first 10 game minutes,same_actor_recommand_under1s_fraction,0,39,0,12,,0.9230769230769231,,0.9230769230769231,,,0.75,1.0,,,,unavailable,Raw actor-list coverage/reuse differs: numeric contrast is not a reliable group-control trend.,unverified account identity; special challenge; classic command attribution gap; excluded from verified inference
TaToH provisional 2019,TaToH,2019,provisional Feudal-only,2026,ranked,first 10 game minutes,commanded_actor_ids,0,39,0,12,,32.0,,32.0,,,23.0,79.0,,,,unavailable,Raw actor-list coverage/reuse differs: numeric contrast is not a reliable group-control trend.,unverified account identity; special challenge; classic command attribution gap; excluded from verified inference
TaToH provisional 2019,TaToH,2019,provisional Feudal-only,2026,ranked,first 10 game minutes,valid_target_order_fraction,0,39,0,12,,1.0,,1.0,,,1.0,1.0,,,,unavailable,Descriptive behavior; no cognitive or causal age interpretation.,unverified account identity; special challenge; classic command attribution gap; excluded from verified inference
TaToH provisional 2019,TaToH,2019,provisional Feudal-only,2026,ranked,first 10 game minutes,distinct_order_target_ids,0,39,0,12,,28.0,,28.0,,,19.0,45.0,,,,unavailable,Descriptive behavior; no cognitive or causal age interpretation.,unverified account identity; special challenge; classic command attribution gap; excluded from verified inference
TaToH provisional 2019,TaToH,2019,provisional Feudal-only,2026,ranked,first 10 game minutes,distinct_building_type_ids,0,39,0,12,,5.0,,5.0,,,3.0,7.0,,,,unavailable,Descriptive behavior; no cognitive or causal age interpretation.,unverified account identity; special challenge; classic command attribution gap; excluded from verified inference
TaToH provisional 2019,TaToH,2019,provisional Feudal-only,2026,ranked,first 10 game minutes,distinct_research_type_ids,0,39,0,12,,3.0,,3.0,,,0.0,4.0,,,,unavailable,Classic commands can lack ownership or differ in encoding; rates may undercount actions.,unverified account identity; special challenge; classic command attribution gap; excluded from verified inference
TaToH provisional 2019,TaToH,2019,provisional Feudal-only,2026,ranked,first 10 game minutes,positive_de_queue_commands,0,39,0,12,,23.0,,23.0,,,13.0,59.0,,,,unavailable,Classic commands can lack ownership or differ in encoding; rates may undercount actions.,unverified account identity; special challenge; classic command attribution gap; excluded from verified inference
TaToH provisional 2019,TaToH,2019,provisional Feudal-only,2026,ranked,first 10 game minutes,requested_queue_unit_type_ids,0,39,0,12,,2.0,,2.0,,,1.0,3.0,,,,unavailable,Classic commands can lack ownership or differ in encoding; rates may undercount actions.,unverified account identity; special challenge; classic command attribution gap; excluded from verified inference
TaToH provisional 2019,TaToH,2019,provisional Feudal-only,2026,ranked,first 10 game minutes,explicitly_commanded_production_building_ids,0,39,0,12,,2.0,,2.0,,,1.0,3.0,,,,unavailable,Descriptive behavior; no cognitive or causal age interpretation.,unverified account identity; special challenge; classic command attribution gap; excluded from verified inference
TaToH provisional 2019,TaToH,2019,provisional Feudal-only,2026,ranked,first 10 game minutes,production_command_revisit_nominal_median_s,0,39,0,12,,13.438461083458632,,13.58461492466398,,,6.430769013034585,18.86923013035148,,,,unavailable,Descriptive behavior; no cognitive or causal age interpretation.,unverified account identity; special challenge; classic command attribution gap; excluded from verified inference
TaToH provisional 2019,TaToH,2019,provisional Feudal-only,2026,ranked,first 10 game minutes,positive_queue_amount_mean,0,39,0,12,,1.2222222222222223,,1.1714285714285715,,,1.0,1.4285714285714286,,,,unavailable,Classic commands can lack ownership or differ in encoding; rates may undercount actions.,unverified account identity; special challenge; classic command attribution gap; excluded from verified inference
TaToH provisional 2019,TaToH,2019,provisional Feudal-only,2026,ranked,first 10 game minutes,build_commands_nominal_min,0,39,0,12,,1.6900000572204588,,1.8590000629425047,,,1.1830000400543212,3.5490001201629635,,,,unavailable,Descriptive behavior; no cognitive or causal age interpretation.,unverified account identity; special challenge; classic command attribution gap; excluded from verified inference
TaToH provisional 2019,TaToH,2019,provisional Feudal-only,2026,ranked,first 10 game minutes,wall_commands_nominal_min,0,39,0,12,,0.0,,0.33800001144409175,,,0.0,2.1970000743865965,,,,unavailable,Descriptive behavior; no cognitive or causal age interpretation.,unverified account identity; special challenge; classic command attribution gap; excluded from verified inference
TaToH provisional 2019,TaToH,2019,provisional Feudal-only,2026,ranked,first 10 game minutes,research_commands_nominal_min,0,39,0,12,,0.5070000171661376,,0.5070000171661376,,,0.0,1.0140000343322753,,,,unavailable,Classic commands can lack ownership or differ in encoding; rates may undercount actions.,unverified account identity; special challenge; classic command attribution gap; excluded from verified inference
TaToH provisional 2019,TaToH,2019,provisional Feudal-only,2026,ranked,first 10 game minutes,market_commands_nominal_min,0,39,0,12,,0.0,,0.0,,,0.0,0.5070000171661376,,,,unavailable,Descriptive behavior; no cognitive or causal age interpretation.,unverified account identity; special challenge; classic command attribution gap; excluded from verified inference
TaToH provisional 2019,TaToH,2019,provisional Feudal-only,2026,ranked,first 10 game minutes,legacy_command_class_entropy_bits,0,0,0,0,,,,,,,,,,,,unavailable,Descriptive behavior; no cognitive or causal age interpretation.,unverified account identity; special challenge; classic command attribution gap; excluded from verified inference
TaToH provisional 2019,TaToH,2019,provisional Feudal-only,2026,ranked,first 10 game minutes,legacy_switches_per_100_commands,0,0,0,0,,,,,,,,,,,,unavailable,Descriptive behavior; no cognitive or causal age interpretation.,unverified account identity; special challenge; classic command attribution gap; excluded from verified inference
TaToH provisional 2019,TaToH,2019,provisional Feudal-only,2026,ranked,first 10 game minutes,legacy_core_silence_over5s_fraction,0,0,0,0,,,,,,,,,,,,unavailable,Cross-engine timing resolution/encoding differs; do not infer latency or slowing.,unverified account identity; special challenge; classic command attribution gap; excluded from verified inference
TaToH provisional 2019,TaToH,2019,provisional Feudal-only,2026,ranked,first 10 game minutes,legacy_peak_10s_nominal_cpm,0,0,0,0,,,,,,,,,,,,unavailable,Cross-engine timing resolution/encoding differs; do not infer latency or slowing.,unverified account identity; special challenge; classic command attribution gap; excluded from verified inference
TaToH provisional 2019,TaToH,2019,provisional Feudal-only,2026,ranked,first 10 game minutes,legacy_move_share,0,0,0,0,,,,,,,,,,,,unavailable,Descriptive behavior; no cognitive or causal age interpretation.,unverified account identity; special challenge; classic command attribution gap; excluded from verified inference
TaToH provisional 2019,TaToH,2019,provisional Feudal-only,2026,ranked,first 10 game minutes,legacy_planning_command_share,0,0,0,0,,,,,,,,,,,,unavailable,Descriptive behavior; no cognitive or causal age interpretation.,unverified account identity; special challenge; classic command attribution gap; excluded from verified inference
TaToH provisional 2019,TaToH,2019,provisional Feudal-only,2026,ranked,first 10 game minutes,legacy_queue_batch_mean,0,0,0,0,,,,,,,,,,,,unavailable,Classic commands can lack ownership or differ in encoding; rates may undercount actions.,unverified account identity; special challenge; classic command attribution gap; excluded from verified inference
TaToH provisional 2019,TaToH,2019,provisional Feudal-only,2026,ranked,first 10 game minutes,legacy_queue_batch_gt1_fraction,0,0,0,0,,,,,,,,,,,,unavailable,Classic commands can lack ownership or differ in encoding; rates may undercount actions.,unverified account identity; special challenge; classic command attribution gap; excluded from verified inference
TaToH provisional 2019,TaToH,2019,provisional Feudal-only,2026,ranked,first 10 game minutes,legacy_duration_game_min,0,0,0,0,,,,,,,,,,,,unavailable,Descriptive behavior; no cognitive or causal age interpretation.,unverified account identity; special challenge; classic command attribution gap; excluded from verified inference
TaToH provisional 2019,TaToH,2019,provisional Feudal-only,2026,ranked,first 10 game minutes,tatoh_cpm_0_5,0,0,0,0,,,,,,,,,,,,unavailable,Descriptive behavior; no cognitive or causal age interpretation.,unverified account identity; special challenge; classic command attribution gap; excluded from verified inference
TaToH provisional 2019,TaToH,2019,provisional Feudal-only,2026,ranked,first 10 game minutes,tatoh_cpm_5_10,0,0,0,0,,,,,,,,,,,,unavailable,Descriptive behavior; no cognitive or causal age interpretation.,unverified account identity; special challenge; classic command attribution gap; excluded from verified inference
TaToH provisional 2019,TaToH,2019,provisional Feudal-only,2026,ranked,first 10 game minutes,tatoh_cpm_10_15,0,0,0,0,,,,,,,,,,,,unavailable,Descriptive behavior; no cognitive or causal age interpretation.,unverified account identity; special challenge; classic command attribution gap; excluded from verified inference
TaToH provisional 2019,TaToH,2019,provisional Feudal-only,2026,ranked,first 10 game minutes,tatoh_cpm_15_20,0,0,0,0,,,,,,,,,,,,unavailable,Descriptive behavior; no cognitive or causal age interpretation.,unverified account identity; special challenge; classic command attribution gap; excluded from verified inference
TaToH provisional 2019,TaToH,2019,provisional Feudal-only,2026,ranked,first 10 game minutes,tatoh_cpm_10_20,0,0,0,0,,,,,,,,,,,,unavailable,Descriptive behavior; no cognitive or causal age interpretation.,unverified account identity; special challenge; classic command attribution gap; excluded from verified inference
TaToH provisional 2019,TaToH,2019,provisional Feudal-only,2026,ranked,first 10 game minutes,tatoh_reclick_open,0,0,0,0,,,,,,,,,,,,unavailable,Descriptive behavior; no cognitive or causal age interpretation.,unverified account identity; special challenge; classic command attribution gap; excluded from verified inference
TaToH provisional 2019,TaToH,2019,provisional Feudal-only,2026,ranked,first 10 game minutes,tatoh_dedup_open_cpm,0,0,0,0,,,,,,,,,,,,unavailable,Descriptive behavior; no cognitive or causal age interpretation.,unverified account identity; special challenge; classic command attribution gap; excluded from verified inference
TaToH provisional 2019,TaToH,2019,provisional Feudal-only,2026,ranked,first 10 game minutes,tatoh_reclick_whole,0,0,0,0,,,,,,,,,,,,unavailable,Descriptive behavior; no cognitive or causal age interpretation.,unverified account identity; special challenge; classic command attribution gap; excluded from verified inference
TaToH provisional 2019,TaToH,2019,provisional Feudal-only,2026,ranked,first 10 game minutes,tatoh_dedup_whole_cpm,0,0,0,0,,,,,,,,,,,,unavailable,Descriptive behavior; no cognitive or causal age interpretation.,unverified account identity; special challenge; classic command attribution gap; excluded from verified inference
TaToH provisional 2019,TaToH,2019,provisional Feudal-only,2026,ranked,first 10 game minutes,tatoh_gap_p50_open,0,0,0,0,,,,,,,,,,,,unavailable,Cross-engine timing resolution/encoding differs; do not infer latency or slowing.,unverified account identity; special challenge; classic command attribution gap; excluded from verified inference
TaToH provisional 2019,TaToH,2019,provisional Feudal-only,2026,ranked,first 10 game minutes,tatoh_gap_p90_open,0,0,0,0,,,,,,,,,,,,unavailable,Cross-engine timing resolution/encoding differs; do not infer latency or slowing.,unverified account identity; special challenge; classic command attribution gap; excluded from verified inference
TaToH provisional 2019,TaToH,2019,provisional Feudal-only,2026,ranked,first 10 game minutes,tatoh_gap_p99_open,0,0,0,0,,,,,,,,,,,,unavailable,Cross-engine timing resolution/encoding differs; do not infer latency or slowing.,unverified account identity; special challenge; classic command attribution gap; excluded from verified inference
TaToH provisional 2019,TaToH,2019,provisional Feudal-only,2026,ranked,first 10 game minutes,tatoh_gap_p99_10_20,0,0,0,0,,,,,,,,,,,,unavailable,Cross-engine timing resolution/encoding differs; do not infer latency or slowing.,unverified account identity; special challenge; classic command attribution gap; excluded from verified inference
TaToH provisional 2019,TaToH,2019,provisional Feudal-only,2026,ranked,first 10 game minutes,feudal_request_game_s,0,37,0,12,,436.605,,429.702,,,292.799,594.633,,,,unavailable,Age-up request timing depends strongly on start-age and tournament settings.,unverified account identity; special challenge; classic command attribution gap; excluded from verified inference
TaToH provisional 2019,TaToH,2019,provisional Feudal-only,2026,ranked,first 10 game minutes,castle_request_game_s,0,2,0,2,,532.5840000000001,,532.5840000000001,,,482.716,582.452,,,,unavailable,Age-up request timing depends strongly on start-age and tournament settings.,unverified account identity; special challenge; classic command attribution gap; excluded from verified inference
TaToH provisional 2019,TaToH,2019,provisional Feudal-only,2026,ranked,first 10 game minutes,imperial_request_game_s,0,0,0,0,,,,,,,,,,,,unavailable,Age-up request timing depends strongly on start-age and tournament settings.,unverified account identity; special challenge; classic command attribution gap; excluded from verified inference
TaToH provisional 2019,TaToH,2019,provisional Feudal-only,2026,ranked,whole available replay,all_recorded_cpm,1,40,1,12,92.67241270407537,125.78255786777865,92.67241270407537,127.0949594912247,92.67241270407537,92.67241270407537,95.55786097026886,159.30900872849398,33.11014516370328,,35.72815706161843,increase,Classic commands can lack ownership or differ in encoding; rates may undercount actions.,unverified account identity; special challenge; classic command attribution gap; excluded from verified inference
TaToH provisional 2019,TaToH,2019,provisional Feudal-only,2026,ranked,whole available replay,core_cpm,1,40,1,12,91.53830975140312,91.01872850277249,91.53830975140312,92.35529705225785,91.53830975140312,91.53830975140312,68.05496367162417,124.2230389408935,-0.5195812486306295,,-0.5676107086111728,decrease,Descriptive behavior; no cognitive or causal age interpretation.,unverified account identity; special challenge; classic command attribution gap; excluded from verified inference
TaToH provisional 2019,TaToH,2019,provisional Feudal-only,2026,ranked,whole available replay,noncore_action_fraction,1,40,1,12,0.012237762237762238,0.26981040350024305,0.012237762237762238,0.2609051008688076,0.012237762237762238,0.012237762237762238,0.19395017793594305,0.4015373352855051,0.2575726412624808,25.75726412624808,2104.7364400305573,increase,Classic commands can lack ownership or differ in encoding; rates may undercount actions.,unverified account identity; special challenge; classic command attribution gap; excluded from verified inference
TaToH provisional 2019,TaToH,2019,provisional Feudal-only,2026,ranked,whole available replay,first_core_command_nominal_s,1,40,1,12,1.487719298245614,1.0461538107328987,1.487719298245614,1.0461538107328987,1.487719298245614,1.487719298245614,0.7999999729133932,2.938461438970348,-0.4415654875127153,,-29.68069904271789,decrease,Cross-engine timing resolution/encoding differs; do not infer latency or slowing.,unverified account identity; special challenge; classic command attribution gap; excluded from verified inference
TaToH provisional 2019,TaToH,2019,provisional Feudal-only,2026,ranked,whole available replay,core_gap_p10_s,1,40,1,12,0.3031578947368416,0.11538461147802082,0.3031578947368416,0.11538461147802082,0.3031578947368416,0.3031578947368416,0.11538461147790713,0.12307691890970318,-0.1877732832588208,,-61.93910385273613,decrease,Cross-engine timing resolution/encoding differs; do not infer latency or slowing.,unverified account identity; special challenge; classic command attribution gap; excluded from verified inference
TaToH provisional 2019,TaToH,2019,provisional Feudal-only,2026,ranked,whole available replay,core_gap_p50_s,1,40,1,12,0.6063157894736833,0.3615384492973135,0.6063157894736833,0.3615384492973135,0.6063157894736833,0.6063157894736833,0.23846153038766715,0.4769230607753343,-0.24477734017636976,,-40.37126270269994,decrease,Cross-engine timing resolution/encoding differs; do not infer latency or slowing.,unverified account identity; special challenge; classic command attribution gap; excluded from verified inference
TaToH provisional 2019,TaToH,2019,provisional Feudal-only,2026,ranked,whole available replay,core_gap_p90_s,1,40,1,12,1.8879999999999906,1.6846153275771711,1.8879999999999906,1.5750295324709442,1.8879999999999906,1.8879999999999906,1.1653845759266626,2.295857910431846,-0.20338467242281943,,-10.772493242734134,decrease,Cross-engine timing resolution/encoding differs; do not infer latency or slowing.,unverified account identity; special challenge; classic command attribution gap; excluded from verified inference
TaToH provisional 2019,TaToH,2019,provisional Feudal-only,2026,ranked,whole available replay,core_gap_p99_s,1,40,1,12,4.8171789473683955,4.084922938614795,4.8171789473683955,4.044070868991828,4.8171789473683955,4.8171789473683955,2.8832306716095983,6.794230539189996,-0.7322560087536001,,-15.200930186611158,decrease,Cross-engine timing resolution/encoding differs; do not infer latency or slowing.,unverified account identity; special challenge; classic command attribution gap; excluded from verified inference
TaToH provisional 2019,TaToH,2019,provisional Feudal-only,2026,ranked,whole available replay,core_gap_max_s,1,40,1,12,10.307368421052644,9.976922739121818,10.307368421052644,10.39999964787414,10.307368421052644,10.307368421052644,3.8461537159297734,38.346152547819855,-0.3304456819308257,,-3.205917053046201,decrease,Cross-engine timing resolution/encoding differs; do not infer latency or slowing.,unverified account identity; special challenge; classic command attribution gap; excluded from verified inference
TaToH provisional 2019,TaToH,2019,provisional Feudal-only,2026,ranked,whole available replay,simultaneous_core_gap_fraction,1,40,1,12,0.24203069657615112,0.03263052208835342,0.24203069657615112,0.03248110356985187,0.24203069657615112,0.24203069657615112,0.01588447653429603,0.0700060350030175,-0.20940017448779769,-20.94001744877977,-86.51802331276323,decrease,Cross-engine timing resolution/encoding differs; do not infer latency or slowing.,unverified account identity; special challenge; classic command attribution gap; excluded from verified inference
TaToH provisional 2019,TaToH,2019,provisional Feudal-only,2026,ranked,whole available replay,core_gap_cv,1,40,1,12,1.3726929437741644,1.3404168766953604,1.3726929437741644,1.3299089410179878,1.3726929437741644,1.3726929437741644,1.1783543337618896,2.1387422743574347,-0.03227606707880404,,-2.351295475451508,decrease,Cross-engine timing resolution/encoding differs; do not infer latency or slowing.,unverified account identity; special challenge; classic command attribution gap; excluded from verified inference
TaToH provisional 2019,TaToH,2019,provisional Feudal-only,2026,ranked,whole available replay,core_gap_burstiness,1,40,1,12,0.15707592706089224,0.1454513852147677,0.15707592706089224,0.1415956627983292,0.15707592706089224,0.15707592706089224,0.08187572196020199,0.3628020954955783,-0.011624541846124548,,-7.400587769008146,decrease,Cross-engine timing resolution/encoding differs; do not infer latency or slowing.,unverified account identity; special challenge; classic command attribution gap; excluded from verified inference
TaToH provisional 2019,TaToH,2019,provisional Feudal-only,2026,ranked,whole available replay,command_silence_ge5s_time_fraction,1,40,1,12,0.07264322605454238,0.05576720307282891,0.07264322605454238,0.053877657237696865,0.07264322605454238,0.07264322605454238,0.0,0.21104488669648525,-0.016876022981713465,-1.6876022981713465,-23.231378751051775,decrease,Cross-engine timing resolution/encoding differs; do not infer latency or slowing.,unverified account identity; special challenge; classic command attribution gap; excluded from verified inference
TaToH provisional 2019,TaToH,2019,provisional Feudal-only,2026,ranked,whole available replay,command_silence_ge10s_time_fraction,1,40,1,12,0.009277473778251208,0.005523308264324723,0.009277473778251208,0.0064338620846369435,0.009277473778251208,0.009277473778251208,0.0,0.12264102539525547,-0.003754165513926485,-0.3754165513926485,-40.46538533719403,decrease,Cross-engine timing resolution/encoding differs; do not infer latency or slowing.,unverified account identity; special challenge; classic command attribution gap; excluded from verified inference
TaToH provisional 2019,TaToH,2019,provisional Feudal-only,2026,ranked,whole available replay,core_count_5s_cv,1,40,1,12,0.5190868792481189,0.5029662207432876,0.5190868792481189,0.493037699172029,0.5190868792481189,0.5190868792481189,0.33556262273890863,0.681260015334153,-0.016120658504831353,,-3.1055800385826786,decrease,Cross-engine timing resolution/encoding differs; do not infer latency or slowing.,unverified account identity; special challenge; classic command attribution gap; excluded from verified inference
TaToH provisional 2019,TaToH,2019,provisional Feudal-only,2026,ranked,whole available replay,peak_5s_nominal_cpm,1,40,1,12,240.0,240.0,240.0,246.0,240.0,240.0,192.0,540.0,0.0,,0.0,unchanged,Cross-engine timing resolution/encoding differs; do not infer latency or slowing.,unverified account identity; special challenge; classic command attribution gap; excluded from verified inference
TaToH provisional 2019,TaToH,2019,provisional Feudal-only,2026,ranked,whole available replay,empty_5s_bin_fraction,1,40,1,12,0.02242152466367713,0.015789473684210527,0.02242152466367713,0.014589253148988506,0.02242152466367713,0.02242152466367713,0.0,0.10952380952380952,-0.006632050979466602,-0.6632050979466602,-29.578947368421048,decrease,Cross-engine timing resolution/encoding differs; do not infer latency or slowing.,unverified account identity; special challenge; classic command attribution gap; excluded from verified inference
TaToH provisional 2019,TaToH,2019,provisional Feudal-only,2026,ranked,whole available replay,core_type_entropy_bits,1,40,1,12,1.245080986385038,1.1687942965068283,1.245080986385038,1.1844959632658603,1.245080986385038,1.245080986385038,0.6979576311360782,1.7021229562666775,-0.07628668987820975,,-6.127046410025113,decrease,Descriptive behavior; no cognitive or causal age interpretation.,unverified account identity; special challenge; classic command attribution gap; excluded from verified inference
TaToH provisional 2019,TaToH,2019,provisional Feudal-only,2026,ranked,whole available replay,core_category_entropy_bits,1,40,1,12,1.214830055055069,1.1300537561868835,1.214830055055069,1.1583122705097728,1.214830055055069,1.214830055055069,0.6827747601458407,1.651766208426217,-0.0847762988681855,,-6.978449250199241,decrease,Descriptive behavior; no cognitive or causal age interpretation.,unverified account identity; special challenge; classic command attribution gap; excluded from verified inference
TaToH provisional 2019,TaToH,2019,provisional Feudal-only,2026,ranked,whole available replay,core_type_transition_entropy_bits,1,40,1,12,1.0490279452766602,1.0012299060705507,1.0490279452766602,1.0058069166337282,1.0490279452766602,1.0490279452766602,0.6055693642246622,1.3511597656938172,-0.04779803920610948,,-4.556412383609447,decrease,Descriptive behavior; no cognitive or causal age interpretation.,unverified account identity; special challenge; classic command attribution gap; excluded from verified inference
TaToH provisional 2019,TaToH,2019,provisional Feudal-only,2026,ranked,whole available replay,core_type_switch_fraction,1,40,1,12,0.2892561983471074,0.2736886632825719,0.2892561983471074,0.2777489966626219,0.2892561983471074,0.2892561983471074,0.17035398230088494,0.3697234352256186,-0.01556753506453551,-1.556753506453551,-5.381919265167991,decrease,Descriptive behavior; no cognitive or causal age interpretation.,unverified account identity; special challenge; classic command attribution gap; excluded from verified inference
TaToH provisional 2019,TaToH,2019,provisional Feudal-only,2026,ranked,whole available replay,core_category_switch_fraction,1,40,1,12,0.2874852420306966,0.2736886632825719,0.2874852420306966,0.27706725361672424,0.2874852420306966,0.2874852420306966,0.17035398230088494,0.3682678311499272,-0.013796578748124677,-1.3796578748124677,-4.799056344830226,decrease,Descriptive behavior; no cognitive or causal age interpretation.,unverified account identity; special challenge; classic command attribution gap; excluded from verified inference
TaToH provisional 2019,TaToH,2019,provisional Feudal-only,2026,ranked,whole available replay,core_same_type_triplet_fraction,1,40,1,12,0.535735380980508,0.5808748728382502,0.535735380980508,0.5707797634874922,0.535735380980508,0.535735380980508,0.4620780359491451,0.738359201773836,0.04513949185774224,4.513949185774225,8.425706694063685,increase,Descriptive behavior; no cognitive or causal age interpretation.,unverified account identity; special challenge; classic command attribution gap; excluded from verified inference
TaToH provisional 2019,TaToH,2019,provisional Feudal-only,2026,ranked,whole available replay,coordinate_coverage,1,40,1,12,1.0,1.0,1.0,1.0,1.0,1.0,0.8596141051230871,1.0,0.0,0.0,0.0,unchanged,Descriptive behavior; no cognitive or causal age interpretation.,unverified account identity; special challenge; classic command attribution gap; excluded from verified inference
TaToH provisional 2019,TaToH,2019,provisional Feudal-only,2026,ranked,whole available replay,destination_jump_diagonal_p50,1,40,1,12,0.020708727293681322,0.02283581002283138,0.020708727293681322,0.022425905581542612,0.020708727293681322,0.020708727293681322,0.014388790912335135,0.041008689671739235,0.0021270827291500587,,10.27143145488751,increase,Descriptive behavior; no cognitive or causal age interpretation.,unverified account identity; special challenge; classic command attribution gap; excluded from verified inference
TaToH provisional 2019,TaToH,2019,provisional Feudal-only,2026,ranked,whole available replay,destination_jump_diagonal_p90,1,40,1,12,0.1799114387470881,0.23243549376175673,0.1799114387470881,0.22105753873821882,0.1799114387470881,0.1799114387470881,0.1117813203807378,0.33638102544982146,0.05252405501466864,,29.194394408965145,increase,Descriptive behavior; no cognitive or causal age interpretation.,unverified account identity; special challenge; classic command attribution gap; excluded from verified inference
TaToH provisional 2019,TaToH,2019,provisional Feudal-only,2026,ranked,whole available replay,destination_jump_ge_quarter_fraction,1,40,1,12,0.06861499364675985,0.09254947613504075,0.06861499364675985,0.08710195891750229,0.06861499364675985,0.06861499364675985,0.0207532667179093,0.1332569683085147,0.023934482488280895,2.3934482488280895,34.882292070883445,increase,Descriptive behavior; no cognitive or causal age interpretation.,unverified account identity; special challenge; classic command attribution gap; excluded from verified inference
TaToH provisional 2019,TaToH,2019,provisional Feudal-only,2026,ranked,whole available replay,destination_entropy_4x4_bits,1,40,1,12,3.1236173808993946,3.0715676675791173,3.1236173808993946,3.0685021584605314,3.1236173808993946,3.1236173808993946,2.524124940534628,3.6258567146530956,-0.0520497133202773,,-1.6663280732959183,decrease,Descriptive behavior; no cognitive or causal age interpretation.,unverified account identity; special challenge; classic command attribution gap; excluded from verified inference
TaToH provisional 2019,TaToH,2019,provisional Feudal-only,2026,ranked,whole available replay,destination_cell_switch_fraction,1,40,1,12,0.23761118170266837,0.30593358737071313,0.23761118170266837,0.3020341257853164,0.23761118170266837,0.23761118170266837,0.2364112639161755,0.38902743142144636,0.06832240566804476,6.832240566804476,28.753868053877664,increase,Descriptive behavior; no cognitive or causal age interpretation.,unverified account identity; special challenge; classic command attribution gap; excluded from verified inference
TaToH provisional 2019,TaToH,2019,provisional Feudal-only,2026,ranked,whole available replay,rapid_destination_repeat_fraction,1,40,1,12,0.3627700127064803,0.3244397011739594,0.3627700127064803,0.34132228010888954,0.3627700127064803,0.3627700127064803,0.256857855361596,0.42578397212543556,-0.03833031153252087,-3.8330311532520867,-10.566008818246559,decrease,Descriptive behavior; no cognitive or causal age interpretation.,unverified account identity; special challenge; classic command attribution gap; excluded from verified inference
TaToH provisional 2019,TaToH,2019,provisional Feudal-only,2026,ranked,whole available replay,dedup_core_cpm,1,40,1,12,60.701510419219524,62.44380728634871,60.701510419219524,63.96067074295523,60.701510419219524,60.701510419219524,50.3019517324373,87.20292799824313,1.742296867129184,,2.8702693806075903,increase,Descriptive behavior; no cognitive or causal age interpretation.,unverified account identity; special challenge; classic command attribution gap; excluded from verified inference
TaToH provisional 2019,TaToH,2019,provisional Feudal-only,2026,ranked,whole available replay,move_order_commands,0,40,0,12,,1503.0,,1518.5,,,442.0,3389.0,,,,unavailable,Descriptive behavior; no cognitive or causal age interpretation.,unverified account identity; special challenge; classic command attribution gap; excluded from verified inference
TaToH provisional 2019,TaToH,2019,provisional Feudal-only,2026,ranked,whole available replay,explicit_actor_commands,0,40,0,12,,598.0,,629.5,,,166.0,1793.0,,,,unavailable,Raw actor-list coverage/reuse differs: numeric contrast is not a reliable group-control trend.,unverified account identity; special challenge; classic command attribution gap; excluded from verified inference
TaToH provisional 2019,TaToH,2019,provisional Feudal-only,2026,ranked,whole available replay,explicit_actor_coverage,0,40,0,12,,0.42166462668298654,,0.42993223658766827,,,0.30568356374807987,0.5469740634005764,,,,unavailable,Raw actor-list coverage/reuse differs: numeric contrast is not a reliable group-control trend.,unverified account identity; special challenge; classic command attribution gap; excluded from verified inference
TaToH provisional 2019,TaToH,2019,provisional Feudal-only,2026,ranked,whole available replay,actor_pair_count,0,40,0,12,,307.0,,324.5,,,81.0,1028.0,,,,unavailable,Raw actor-list coverage/reuse differs: numeric contrast is not a reliable group-control trend.,unverified account identity; special challenge; classic command attribution gap; excluded from verified inference
TaToH provisional 2019,TaToH,2019,provisional Feudal-only,2026,ranked,whole available replay,same_actor_pair_count,0,40,0,12,,80.0,,78.0,,,19.0,283.0,,,,unavailable,Raw actor-list coverage/reuse differs: numeric contrast is not a reliable group-control trend.,unverified account identity; special challenge; classic command attribution gap; excluded from verified inference
TaToH provisional 2019,TaToH,2019,provisional Feudal-only,2026,ranked,whole available replay,actor_group_size_median,0,40,0,12,,1.0,,1.0,,,1.0,5.0,,,,unavailable,Raw actor-list coverage/reuse differs: numeric contrast is not a reliable group-control trend.,unverified account identity; special challenge; classic command attribution gap; excluded from verified inference
TaToH provisional 2019,TaToH,2019,provisional Feudal-only,2026,ranked,whole available replay,actor_group_size_p90,0,40,0,12,,7.0,,8.0,,,2.0,26.0,,,,unavailable,Raw actor-list coverage/reuse differs: numeric contrast is not a reliable group-control trend.,unverified account identity; special challenge; classic command attribution gap; excluded from verified inference
TaToH provisional 2019,TaToH,2019,provisional Feudal-only,2026,ranked,whole available replay,actor_group_ge10_fraction,0,40,0,12,,0.025139664804469275,,0.043167524299599774,,,0.0,0.2632459564974902,,,,unavailable,Raw actor-list coverage/reuse differs: numeric contrast is not a reliable group-control trend.,unverified account identity; special challenge; classic command attribution gap; excluded from verified inference
TaToH provisional 2019,TaToH,2019,provisional Feudal-only,2026,ranked,whole available replay,actor_group_change_fraction,0,40,0,12,,0.7654320987654321,,0.7629374761060717,,,0.6432748538011696,0.8653061224489796,,,,unavailable,Raw actor-list coverage/reuse differs: numeric contrast is not a reliable group-control trend.,unverified account identity; special challenge; classic command attribution gap; excluded from verified inference
TaToH provisional 2019,TaToH,2019,provisional Feudal-only,2026,ranked,whole available replay,actor_overlap_jaccard_median,0,40,0,12,,0.0,,0.0,,,0.0,0.0,,,,unavailable,Raw actor-list coverage/reuse differs: numeric contrast is not a reliable group-control trend.,unverified account identity; special challenge; classic command attribution gap; excluded from verified inference
TaToH provisional 2019,TaToH,2019,provisional Feudal-only,2026,ranked,whole available replay,same_actor_gap_nominal_median_s,0,40,0,12,,0.23846153038764104,,0.23846153038757378,,,0.12307691890973503,0.36153844929739287,,,,unavailable,Raw actor-list coverage/reuse differs: numeric contrast is not a reliable group-control trend.,unverified account identity; special challenge; classic command attribution gap; excluded from verified inference
TaToH provisional 2019,TaToH,2019,provisional Feudal-only,2026,ranked,whole available replay,same_actor_recommand_under1s_fraction,0,40,0,12,,0.8851351351351351,,0.8915106737143358,,,0.7878787878787878,1.0,,,,unavailable,Raw actor-list coverage/reuse differs: numeric contrast is not a reliable group-control trend.,unverified account identity; special challenge; classic command attribution gap; excluded from verified inference
TaToH provisional 2019,TaToH,2019,provisional Feudal-only,2026,ranked,whole available replay,commanded_actor_ids,0,40,0,12,,105.0,,123.0,,,26.0,490.0,,,,unavailable,Raw actor-list coverage/reuse differs: numeric contrast is not a reliable group-control trend.,unverified account identity; special challenge; classic command attribution gap; excluded from verified inference
TaToH provisional 2019,TaToH,2019,provisional Feudal-only,2026,ranked,whole available replay,valid_target_order_fraction,0,40,0,12,,1.0,,1.0,,,1.0,1.0,,,,unavailable,Descriptive behavior; no cognitive or causal age interpretation.,unverified account identity; special challenge; classic command attribution gap; excluded from verified inference
TaToH provisional 2019,TaToH,2019,provisional Feudal-only,2026,ranked,whole available replay,distinct_order_target_ids,0,40,0,12,,111.0,,122.0,,,21.0,355.0,,,,unavailable,Descriptive behavior; no cognitive or causal age interpretation.,unverified account identity; special challenge; classic command attribution gap; excluded from verified inference
TaToH provisional 2019,TaToH,2019,provisional Feudal-only,2026,ranked,whole available replay,distinct_building_type_ids,0,40,0,12,,15.0,,14.5,,,4.0,20.0,,,,unavailable,Descriptive behavior; no cognitive or causal age interpretation.,unverified account identity; special challenge; classic command attribution gap; excluded from verified inference
TaToH provisional 2019,TaToH,2019,provisional Feudal-only,2026,ranked,whole available replay,distinct_research_type_ids,0,40,0,12,,16.0,,16.0,,,1.0,43.0,,,,unavailable,Classic commands can lack ownership or differ in encoding; rates may undercount actions.,unverified account identity; special challenge; classic command attribution gap; excluded from verified inference
TaToH provisional 2019,TaToH,2019,provisional Feudal-only,2026,ranked,whole available replay,positive_de_queue_commands,0,40,0,12,,139.0,,152.5,,,17.0,614.0,,,,unavailable,Classic commands can lack ownership or differ in encoding; rates may undercount actions.,unverified account identity; special challenge; classic command attribution gap; excluded from verified inference
TaToH provisional 2019,TaToH,2019,provisional Feudal-only,2026,ranked,whole available replay,requested_queue_unit_type_ids,0,40,0,12,,7.0,,6.0,,,2.0,16.0,,,,unavailable,Classic commands can lack ownership or differ in encoding; rates may undercount actions.,unverified account identity; special challenge; classic command attribution gap; excluded from verified inference
TaToH provisional 2019,TaToH,2019,provisional Feudal-only,2026,ranked,whole available replay,explicitly_commanded_production_building_ids,0,40,0,12,,12.0,,10.0,,,2.0,34.0,,,,unavailable,Descriptive behavior; no cognitive or causal age interpretation.,unverified account identity; special challenge; classic command attribution gap; excluded from verified inference
TaToH provisional 2019,TaToH,2019,provisional Feudal-only,2026,ranked,whole available replay,production_command_revisit_nominal_median_s,0,40,0,12,,6.5201181224352815,,7.392307442017057,,,2.680473282024754,17.546153252071644,,,,unavailable,Descriptive behavior; no cognitive or causal age interpretation.,unverified account identity; special challenge; classic command attribution gap; excluded from verified inference
TaToH provisional 2019,TaToH,2019,provisional Feudal-only,2026,ranked,whole available replay,positive_queue_amount_mean,0,40,0,12,,1.0460829493087558,,1.0372685185185184,,,1.0,1.3529411764705883,,,,unavailable,Classic commands can lack ownership or differ in encoding; rates may undercount actions.,unverified account identity; special challenge; classic command attribution gap; excluded from verified inference
TaToH provisional 2019,TaToH,2019,provisional Feudal-only,2026,ranked,whole available replay,build_commands_nominal_min,0,40,0,12,,4.282384089855207,,3.992279291027667,,,1.9195613081374272,7.312092810810966,,,,unavailable,Descriptive behavior; no cognitive or causal age interpretation.,unverified account identity; special challenge; classic command attribution gap; excluded from verified inference
TaToH provisional 2019,TaToH,2019,provisional Feudal-only,2026,ranked,whole available replay,wall_commands_nominal_min,0,40,0,12,,0.4608207825313521,,0.4779768058139237,,,0.0,1.6663502273274269,,,,unavailable,Descriptive behavior; no cognitive or causal age interpretation.,unverified account identity; special challenge; classic command attribution gap; excluded from verified inference
TaToH provisional 2019,TaToH,2019,provisional Feudal-only,2026,ranked,whole available replay,research_commands_nominal_min,0,40,0,12,,1.1501880504452446,,1.1450679254022758,,,0.2742230440196325,2.193728444457312,,,,unavailable,Classic commands can lack ownership or differ in encoding; rates may undercount actions.,unverified account identity; special challenge; classic command attribution gap; excluded from verified inference
TaToH provisional 2019,TaToH,2019,provisional Feudal-only,2026,ranked,whole available replay,market_commands_nominal_min,0,40,0,12,,0.4228190371411243,,0.4076520570016929,,,0.0,1.5910175519234606,,,,unavailable,Descriptive behavior; no cognitive or causal age interpretation.,unverified account identity; special challenge; classic command attribution gap; excluded from verified inference
TaToH provisional 2019,TaToH,2019,provisional Feudal-only,2026,ranked,whole available replay,legacy_command_class_entropy_bits,0,40,0,12,,1.1300537561868835,,1.1583122705097728,,,0.6827747601458407,1.651766208426217,,,,unavailable,Descriptive behavior; no cognitive or causal age interpretation.,unverified account identity; special challenge; classic command attribution gap; excluded from verified inference
TaToH provisional 2019,TaToH,2019,provisional Feudal-only,2026,ranked,whole available replay,legacy_switches_per_100_commands,0,40,0,12,,27.36886632825719,,27.706725361672422,,,17.035398230088493,36.82678311499272,,,,unavailable,Descriptive behavior; no cognitive or causal age interpretation.,unverified account identity; special challenge; classic command attribution gap; excluded from verified inference
TaToH provisional 2019,TaToH,2019,provisional Feudal-only,2026,ranked,whole available replay,legacy_core_silence_over5s_fraction,0,0,0,0,,,,,,,,,,,,unavailable,Cross-engine timing resolution/encoding differs; do not infer latency or slowing.,unverified account identity; special challenge; classic command attribution gap; excluded from verified inference
TaToH provisional 2019,TaToH,2019,provisional Feudal-only,2026,ranked,whole available replay,legacy_peak_10s_nominal_cpm,0,0,0,0,,,,,,,,,,,,unavailable,Cross-engine timing resolution/encoding differs; do not infer latency or slowing.,unverified account identity; special challenge; classic command attribution gap; excluded from verified inference
TaToH provisional 2019,TaToH,2019,provisional Feudal-only,2026,ranked,whole available replay,legacy_move_share,0,0,0,0,,,,,,,,,,,,unavailable,Descriptive behavior; no cognitive or causal age interpretation.,unverified account identity; special challenge; classic command attribution gap; excluded from verified inference
TaToH provisional 2019,TaToH,2019,provisional Feudal-only,2026,ranked,whole available replay,legacy_planning_command_share,0,40,0,12,,0.07728494623655914,,0.0747249473450837,,,0.02207505518763797,0.14771573604060914,,,,unavailable,Descriptive behavior; no cognitive or causal age interpretation.,unverified account identity; special challenge; classic command attribution gap; excluded from verified inference
TaToH provisional 2019,TaToH,2019,provisional Feudal-only,2026,ranked,whole available replay,legacy_queue_batch_mean,0,40,0,12,,1.0460829493087558,,1.0372685185185184,,,1.0,1.3529411764705883,,,,unavailable,Classic commands can lack ownership or differ in encoding; rates may undercount actions.,unverified account identity; special challenge; classic command attribution gap; excluded from verified inference
TaToH provisional 2019,TaToH,2019,provisional Feudal-only,2026,ranked,whole available replay,legacy_queue_batch_gt1_fraction,0,0,0,0,,,,,,,,,,,,unavailable,Classic commands can lack ownership or differ in encoding; rates may undercount actions.,unverified account identity; special challenge; classic command attribution gap; excluded from verified inference
TaToH provisional 2019,TaToH,2019,provisional Feudal-only,2026,ranked,whole available replay,legacy_duration_game_min,0,40,0,12,,29.55998333333333,,30.723816666666664,,,6.162866666666667,69.19975,,,,unavailable,Descriptive behavior; no cognitive or causal age interpretation.,unverified account identity; special challenge; classic command attribution gap; excluded from verified inference
TaToH provisional 2019,TaToH,2019,provisional Feudal-only,2026,ranked,whole available replay,tatoh_cpm_0_5,0,40,0,12,,122.01800413131713,,120.8350040912628,,,51.71400175094604,146.01600494384763,,,,unavailable,Descriptive behavior; no cognitive or causal age interpretation.,unverified account identity; special challenge; classic command attribution gap; excluded from verified inference
TaToH provisional 2019,TaToH,2019,provisional Feudal-only,2026,ranked,whole available replay,tatoh_cpm_5_10,0,39,0,12,,97.00600328445434,,97.00600328445434,,,49.686001682281486,119.65200405120848,,,,unavailable,Descriptive behavior; no cognitive or causal age interpretation.,unverified account identity; special challenge; classic command attribution gap; excluded from verified inference
TaToH provisional 2019,TaToH,2019,provisional Feudal-only,2026,ranked,whole available replay,tatoh_cpm_10_15,0,37,0,12,,91.59800310134887,,91.59800310134887,,,27.716000938415522,133.17200450897215,,,,unavailable,Descriptive behavior; no cognitive or causal age interpretation.,unverified account identity; special challenge; classic command attribution gap; excluded from verified inference
TaToH provisional 2019,TaToH,2019,provisional Feudal-only,2026,ranked,whole available replay,tatoh_cpm_15_20,0,35,0,11,,92.27400312423705,,92.27400312423705,,,39.884001350402826,140.60800476074218,,,,unavailable,Descriptive behavior; no cognitive or causal age interpretation.,unverified account identity; special challenge; classic command attribution gap; excluded from verified inference
TaToH provisional 2019,TaToH,2019,provisional Feudal-only,2026,ranked,whole available replay,tatoh_cpm_10_20,0,35,0,11,,93.28800315856932,,93.28800315856932,,,42.419001436233515,134.8620045661926,,,,unavailable,Descriptive behavior; no cognitive or causal age interpretation.,unverified account identity; special challenge; classic command attribution gap; excluded from verified inference
TaToH provisional 2019,TaToH,2019,provisional Feudal-only,2026,ranked,whole available replay,tatoh_reclick_open,0,40,0,12,,0.3988684582743989,,0.3893153021442495,,,0.19642857142857142,0.49612403100775193,,,,unavailable,Descriptive behavior; no cognitive or causal age interpretation.,unverified account identity; special challenge; classic command attribution gap; excluded from verified inference
TaToH provisional 2019,TaToH,2019,provisional Feudal-only,2026,ranked,whole available replay,tatoh_dedup_open_cpm,0,40,0,12,,65.91000223159789,,66.75500226020812,,,32.95500111579894,82.30300278663634,,,,unavailable,Descriptive behavior; no cognitive or causal age interpretation.,unverified account identity; special challenge; classic command attribution gap; excluded from verified inference
TaToH provisional 2019,TaToH,2019,provisional Feudal-only,2026,ranked,whole available replay,tatoh_reclick_whole,0,40,0,12,,0.3021914648212226,,0.3148931074179666,,,0.22008547008547008,0.4090909090909091,,,,unavailable,Descriptive behavior; no cognitive or causal age interpretation.,unverified account identity; special challenge; classic command attribution gap; excluded from verified inference
TaToH provisional 2019,TaToH,2019,provisional Feudal-only,2026,ranked,whole available replay,tatoh_dedup_whole_cpm,0,40,0,12,,62.40483169561092,,63.92217823354603,,,50.284421994292,86.96773513578792,,,,unavailable,Descriptive behavior; no cognitive or causal age interpretation.,unverified account identity; special challenge; classic command attribution gap; excluded from verified inference
TaToH provisional 2019,TaToH,2019,provisional Feudal-only,2026,ranked,whole available replay,tatoh_gap_p50_open,0,40,0,12,,0.23846153038765786,,0.23846153038765786,,,0.23846153038764104,0.3615384492973971,,,,unavailable,Cross-engine timing resolution/encoding differs; do not infer latency or slowing.,unverified account identity; special challenge; classic command attribution gap; excluded from verified inference
TaToH provisional 2019,TaToH,2019,provisional Feudal-only,2026,ranked,whole available replay,tatoh_gap_p90_open,0,40,0,12,,1.4384614897577594,,1.4384614897577568,,,1.1999999593700847,2.401538380226546,,,,unavailable,Cross-engine timing resolution/encoding differs; do not infer latency or slowing.,unverified account identity; special challenge; classic command attribution gap; excluded from verified inference
TaToH provisional 2019,TaToH,2019,provisional Feudal-only,2026,ranked,whole available replay,tatoh_gap_p99_open,0,40,0,12,,3.4338460375820943,,3.3619229630942034,,,2.523076837649931,9.04892277054216,,,,unavailable,Cross-engine timing resolution/encoding differs; do not infer latency or slowing.,unverified account identity; special challenge; classic command attribution gap; excluded from verified inference
TaToH provisional 2019,TaToH,2019,provisional Feudal-only,2026,ranked,whole available replay,tatoh_gap_p99_10_20,0,35,0,11,,3.841307562247708,,3.842461408362481,,,2.050769161333735,19.36930703649662,,,,unavailable,Cross-engine timing resolution/encoding differs; do not infer latency or slowing.,unverified account identity; special challenge; classic command attribution gap; excluded from verified inference
TaToH provisional 2019,TaToH,2019,provisional Feudal-only,2026,ranked,whole available replay,feudal_request_game_s,0,39,0,12,,436.605,,436.605,,,292.799,723.827,,,,unavailable,Age-up request timing depends strongly on start-age and tournament settings.,unverified account identity; special challenge; classic command attribution gap; excluded from verified inference
TaToH provisional 2019,TaToH,2019,provisional Feudal-only,2026,ranked,whole available replay,castle_request_game_s,0,33,0,12,,907.988,,914.16,,,482.716,2084.56,,,,unavailable,Age-up request timing depends strongly on start-age and tournament settings.,unverified account identity; special challenge; classic command attribution gap; excluded from verified inference
TaToH provisional 2019,TaToH,2019,provisional Feudal-only,2026,ranked,whole available replay,imperial_request_game_s,0,13,0,8,,2043.347,,1840.474,,,1228.806,3202.394,,,,unavailable,Age-up request timing depends strongly on start-age and tournament settings.,unverified account identity; special challenge; classic command attribution gap; excluded from verified inference
