game_id,player,year,context,cluster,window,timing_comparable_to_de,partial_match,all_recorded_cpm,core_cpm,noncore_action_fraction,first_core_command_nominal_s,core_gap_p10_s,core_gap_p50_s,core_gap_p90_s,core_gap_p99_s,core_gap_max_s,simultaneous_core_gap_fraction,core_gap_cv,core_gap_burstiness,command_silence_ge5s_time_fraction,command_silence_ge10s_time_fraction,core_count_5s_cv,peak_5s_nominal_cpm,empty_5s_bin_fraction,core_type_entropy_bits,core_category_entropy_bits,core_type_transition_entropy_bits,core_type_switch_fraction,core_category_switch_fraction,core_same_type_triplet_fraction,coordinate_coverage,destination_jump_diagonal_p50,destination_jump_diagonal_p90,destination_jump_ge_quarter_fraction,destination_entropy_4x4_bits,destination_cell_switch_fraction,rapid_destination_repeat_fraction,dedup_core_cpm
c7d3588daf74,DauT,2026,1v1 ranked,daut_2026_session,first 10 game minutes,True,False,98.3580033302307,84.83800287246703,0.13745704467353953,1.1692307296426514,0.12307691890974581,0.36153844929739876,1.5615384086675022,4.330769084136932,7.215384371084255,0.0,1.273580149398135,0.12033010996799802,0.07009166666666657,0.0,0.49452166159123484,216.0,0.013888888888888888,0.660381663855872,0.6510391221509063,0.5651724195699332,0.16167664670658682,0.1596806387225549,0.758,1.0,0.01789205482245145,0.16336604126386817,0.05122950819672131,2.4052221880325977,0.29918032786885246,0.3360655737704918,57.12200193405151
c7d3588daf74,DauT,2026,1v1 ranked,daut_2026_session,whole available replay,True,False,104.15749251337544,86.11784432549186,0.1731958762886598,1.1692307296426514,0.12307691890975292,0.36153844929737033,1.5615384086675022,4.569230614524571,11.061538087014014,0.0008319467554076539,1.386778959036862,0.16205059859960347,0.09378671071952996,0.026385829662261346,0.5411509628251209,216.0,0.02976190476190476,1.0739998623985487,1.0562019030633112,0.9083231306716125,0.24708818635607321,0.24459234608985025,0.6186511240632806,1.0,0.01554861264079679,0.12891992359409168,0.04854368932038835,2.539756481059808,0.21800529567519858,0.35481023830538394,57.34031031148711
a467a9f1780f,DauT,2026,1v1 ranked,daut_2026_session,first 10 game minutes,True,False,111.54000377655028,92.7810031414032,0.16818181818181818,1.2923076485524043,0.12307691890974581,0.36153844929739876,1.596153792110867,3.0693075883862746,4.569230614524599,0.0,1.045001551104552,0.02200563177091269,0.0,0.0,0.3507073003217495,192.0,0.013888888888888888,0.7173045396968908,0.7173045396968908,0.6556887663781408,0.19343065693430658,0.19343065693430658,0.7056672760511883,1.0,0.02482503709703195,0.14667863741740966,0.05075187969924812,2.843140049276103,0.3101503759398496,0.2800751879699248,67.60000228881835
a467a9f1780f,DauT,2026,1v1 ranked,daut_2026_session,whole available replay,True,False,110.6402794410351,89.69381877015952,0.18932038834951456,1.2923076485524043,0.12307691890974581,0.36153844929739876,1.6769230201454093,3.8043075635004366,6.0076921042823415,0.0,1.1279266070214122,0.0601179601774325,0.01829028082615787,0.0,0.42681475837275,252.0,0.0,0.9913110077668806,0.9760829648711311,0.9162591140780926,0.2808988764044944,0.2794007490636704,0.5719640179910045,1.0,0.01987224654428433,0.15141392153294908,0.04814522494080505,3.0474558837206223,0.265982636148382,0.3196527229676401,62.503701553157576
d4d080a3a4f6,DauT,2026,1v1 ranked,daut_2026_session,first 10 game minutes,True,False,95.65400323867797,74.36000251770018,0.2226148409893993,1.2923076485524043,0.12307691890975594,0.4769230607753059,1.9230768579648725,4.719461378668798,6.492307472489443,0.002277904328018223,1.170392040782123,0.07850749430537013,0.04909666666666671,0.0,0.46408178247637166,168.0,0.027777777777777776,0.7927788405125202,0.7689280823269914,0.6912696309297057,0.1958997722095672,0.1958997722095672,0.7009132420091324,1.0,0.03826777499035778,0.3220786193812552,0.13238770685579196,2.8879149241060933,0.34278959810874704,0.1773049645390071,61.68500208854675
d4d080a3a4f6,DauT,2026,1v1 ranked,daut_2026_session,whole available replay,True,False,106.69367891606953,83.96239607598562,0.21305182341650672,1.2923076485524043,0.1230769189097316,0.36153844929739876,1.6846153275772622,4.3330412734090435,11.538461147789349,0.0012202562538133007,1.3011956728667757,0.1308865979621599,0.05773399084419336,0.01866706115971875,0.546553747956334,252.0,0.01702127659574468,0.9916267502955737,0.9646597440111934,0.8673033898079907,0.23184868822452714,0.2312385600976205,0.6477411477411478,1.0,0.025595252798161307,0.18429244834676348,0.07870967741935483,2.7684886445765593,0.26838709677419353,0.2645161290322581,62.97179705698921
4d327356c515,DauT,2026,1v1 ranked,daut_2026_session,first 10 game minutes,True,False,109.34300370216368,91.76700310707092,0.160741885625966,1.0461538107328987,0.1230769189097316,0.36153844929739876,1.5615384086675022,3.318769118401493,6.24615363466998,0.0,1.1553423822720923,0.07207318129583444,0.03247833333333334,0.0,0.4330237161875403,180.0,0.013888888888888888,0.7914413949066661,0.7650387950529774,0.6833209476696758,0.1974169741697417,0.19557195571955718,0.7060998151571165,1.0,0.025516847052622794,0.17885560850537907,0.061420345489443376,2.682734999727157,0.30326295585412666,0.28790786948176583,66.41700224876404
4d327356c515,DauT,2026,1v1 ranked,daut_2026_session,whole available replay,True,False,124.29552462333824,103.43418258381178,0.16783663050414804,1.0461538107328987,0.1230769189097316,0.3615384492973135,1.323076878279835,3.1230768173350043,6.24615363466998,0.0,1.1077207273822414,0.051107685179918975,0.015243809426958868,0.0,0.3830058942088002,204.0,0.0,0.8964412519955757,0.866495926435659,0.8431231708065263,0.25326170376055257,0.25249424405218723,0.6236559139784946,1.0,0.01706281336441104,0.16786973146423967,0.062449310624493104,3.0689652326230656,0.2708840227088402,0.35036496350364965,69.16764356831585
23d4576b7264,DauT,2026,1v1 ranked,daut_2026_session,first 10 game minutes,True,False,99.71000337600707,82.97900280952453,0.16779661016949152,1.415384567462157,0.12307691890975292,0.3615384492974272,1.6846153275772338,3.872384484272439,8.653845860841955,0.0,1.1708928291292486,0.07872006707848135,0.040624999999999904,0.0,0.41928985546244285,2028.8243094965098,0.013888888888888888,0.7925443006759857,0.7562115734314072,0.7190500949174274,0.22448979591836735,0.22448979591836735,0.6687116564417178,1.0,0.02380848402276607,0.16128008746431,0.021367521367521368,1.8275464407473638,0.32051282051282054,0.27136752136752135,61.516002082824706
23d4576b7264,DauT,2026,1v1 ranked,daut_2026_session,whole available replay,True,False,96.57351822557578,70.72321542644245,0.26767485822306236,1.415384567462157,0.12307691890976002,0.48461536820714723,1.9230768579649293,5.253100413855347,17.55325384354728,0.0010330578512396695,1.30519134381019,0.1323930634347027,0.09773620098012764,0.023237156982417403,0.5206028165529816,192.0,0.0243161094224924,1.2946589803797128,1.2593054448208512,1.1108817984966015,0.3114669421487603,0.3114669421487603,0.5281653746770025,1.0,0.024557237453909902,0.22991943712900167,0.08972073677956031,3.5826546737843668,0.2917409387997623,0.2679738562091503,54.256426496486064
9621aabf243e,DauT,2021,1v1 tournament,hc4_daut,first 10 game minutes,True,False,115.25800390243529,109.68100371360778,0.04838709677419355,1.415384567462157,0.11597632743419695,0.24852070164473616,1.3420117888813365,3.111147823656027,4.026035366644038,0.0015432098765432098,1.095674590847784,0.04565336205611953,0.0,0.0,0.3709503157328693,180.0,0.013888888888888888,0.6811853728871673,0.6677847086480402,0.6168278553469628,0.17746913580246915,0.17746913580246915,0.7156105100463679,1.0,0.016571661784148876,0.1707350533482808,0.04754358161648178,2.742961876223051,0.27099841521394613,0.358161648177496,71.48700242042541
9621aabf243e,DauT,2021,1v1 tournament,hc4_daut,whole available replay,True,False,92.33338323007806,80.91483366428808,0.12366653496641644,1.415384567462157,0.11597632743422537,0.3810650758551901,1.8224851453942392,4.607408128024982,6.461538242761662,0.0013531799729364006,1.2136946816556566,0.0965330419892553,0.06221771306659692,0.0,0.5444866153739105,264.0,0.00911854103343465,1.3758926892655892,1.343083561180027,1.1897294711231932,0.33558863328822736,0.33288227334235454,0.49458483754512633,1.0,0.019758897018817605,0.22540883312583382,0.08785529715762273,3.1560806886083514,0.262015503875969,0.33178294573643413,57.4940387082588
2c3759e0dc22,DauT,2021,1v1 tournament,hc4_daut,first 10 game minutes,True,False,108.32900366783142,104.27300353050231,0.0374414976599064,1.2923076485524043,0.11597632743418984,0.24852070164470774,1.457988116315537,3.8653253129138725,5.119526453880724,0.0,1.1875461339507773,0.08573356741604492,0.014420000000000127,0.0,0.4120361056121366,228.0,0.013888888888888888,0.7040140574311382,0.675100979510412,0.6035413096359746,0.17207792207792208,0.16883116883116883,0.7382113821138211,1.0,0.014356532456036533,0.17406392823220962,0.058922558922558925,2.743482780228255,0.28114478114478114,0.3686868686868687,67.26200227737426
2c3759e0dc22,DauT,2021,1v1 tournament,hc4_daut,whole available replay,True,False,94.94339854035049,86.97682553484046,0.08390865639936272,1.2923076485524043,0.11597632743422537,0.36449702907888337,1.7065088179601786,3.753159636238082,9.493490802827182,0.001160092807424594,1.1730968057171969,0.07965443843173338,0.040349011189660236,0.0,0.45500156375596545,228.0,0.01680672268907563,1.1567316522050786,1.1175529156404431,1.0469278960899646,0.2888631090487239,0.287122969837587,0.5658734764944864,1.0,0.018479180416610713,0.15723526890127498,0.048795944233206594,2.526241128060667,0.24778200253485425,0.33269961977186313,60.505617763367276
11508bc32ada,DauT,2021,1v1 tournament,hc4_daut,first 10 game minutes,True,False,104.78000354766846,100.55500340461731,0.04032258064516129,1.2923076485524043,0.11597632743419695,0.36449702907884785,1.4695857490589526,3.2804732617099717,4.8710057522359875,0.0,1.1364594769595695,0.06387178340202705,0.0,0.0,0.4268742139321149,228.0,0.013888888888888888,0.7621997067679724,0.7254456485284884,0.6034971240488597,0.1531986531986532,0.14814814814814814,0.7622259696458684,1.0,0.023321472059623028,0.2936582104365018,0.12345679012345678,3.1486410419536077,0.31216931216931215,0.2839506172839506,73.34600248336793
11508bc32ada,DauT,2021,1v1 tournament,hc4_daut,whole available replay,True,False,88.59513176884319,71.30995642956636,0.19510299261562378,1.2923076485524043,0.11597632743428221,0.4804733565130732,2.0710058470391175,4.633822328313953,9.99053220611654,0.0004830917874396135,1.2094671954132552,0.09480439259206867,0.06133182925495817,0.0,0.5697587342396209,312.0,0.017191977077363897,1.3244909477259967,1.2791162318067972,1.15430056850004,0.3144927536231884,0.3115942028985507,0.5224746254229096,1.0,0.027689170093009315,0.24635212867041206,0.09731543624161074,3.3379819924359992,0.3417225950782998,0.2897091722595078,53.47385916712533
323cda4cd90e,DauT,2021,1v1 tournament,hc4_daut,first 10 game minutes,True,False,100.8930034160614,95.82300324440001,0.05025125628140704,1.415384567462157,0.11597632743419695,0.24852070164470774,1.4745561630918247,4.06646140077823,5.8485205120383625,0.0017667844522968198,1.2432119386867215,0.10842129292032425,0.031219999999999835,0.0,0.5599223692127379,360.0,0.013888888888888888,0.7586569261666803,0.7494906958792513,0.6589274142632732,0.1855123674911661,0.1855123674911661,0.7115044247787611,1.0,0.01049773144309707,0.13718219667900974,0.007366482504604052,2.264525692729465,0.281767955801105,0.43830570902394106,55.6010018825531
323cda4cd90e,DauT,2021,1v1 tournament,hc4_daut,whole available replay,True,False,86.65499051056845,74.72204872436072,0.13770634231103387,1.415384567462157,0.11597632743428221,0.3644970290793026,1.95502951960475,4.898840070820362,19.73254371058863,0.003528225806451613,1.3087171630897019,0.13371805261609132,0.07581125313369726,0.01237998398487138,0.5661589971018998,360.0,0.018808777429467086,1.3315227684313011,1.309358165975989,1.0889348116114115,0.2878024193548387,0.2857862903225806,0.5516893595562279,1.0,0.0241907320012633,0.28532322566114066,0.11296829971181556,3.4856368873529933,0.3452449567723343,0.3394812680115274,52.550115878693994
dde7930841b0,DauT,2021,1v1 tournament,hc4_daut,first 10 game minutes,True,False,87.54200296401977,82.1340027809143,0.06177606177606178,1.53846148637191,0.11597632743419695,0.36449702907886206,1.7065088179602355,4.794792737064927,6.328993868551521,0.0,1.3314849507781639,0.14217760687990993,0.07723333333333329,0.0,0.4754288768881409,168.0,0.041666666666666664,0.6657129060135031,0.6448660996661839,0.5505599816156023,0.15051546391752577,0.15051546391752577,0.7747933884297521,1.0,0.02123241858352569,0.29775852911141415,0.12153518123667377,3.2211303279757537,0.2814498933901919,0.2771855010660981,60.16400203704834
dde7930841b0,DauT,2021,1v1 tournament,hc4_daut,whole available replay,True,False,85.74959343298647,76.74801919698639,0.10497512437810945,1.53846148637191,0.11597632743418984,0.48047335651301637,1.9384614728284533,4.643692150465121,6.328993868551521,0.0005561735261401557,1.1823928903274572,0.08357472714277862,0.05455453455012534,0.0,0.4643317775341053,168.0,0.01773049645390071,1.1243954210647011,1.1075930930047286,1.0181170737505372,0.29087875417130143,0.29087875417130143,0.5470228158041179,1.0,0.02562248534471867,0.23946050867611715,0.09179926560587515,3.4200886454961634,0.29804161566707466,0.27539779681762544,57.550349025422264
e1e75a47ab4e,DauT,2021,1v1 tournament,hc4_daut_ro8,first 10 game minutes,True,False,102.41400346755981,96.16100325584411,0.06105610561056106,1.1692307296426514,0.11834319125938322,0.3603550173848191,1.505088706436768,3.8028992795244974,5.917159562968891,0.0017605633802816902,1.204497881917575,0.09276392760227703,0.016666666666666684,0.0,0.4514165040084823,216.0,0.013888888888888888,0.6510134302766468,0.631796677506442,0.5750313983091594,0.15140845070422534,0.15140845070422534,0.7619047619047619,1.0,0.02213138872994036,0.2759517509038776,0.11171171171171171,3.204234820872601,0.34054054054054056,0.24684684684684685,73.00800247192382
e1e75a47ab4e,DauT,2021,1v1 tournament,hc4_daut_ro8,whole available replay,True,False,94.05040881717963,88.96660293516993,0.05405405405405406,1.1692307296426514,0.11834319125938464,0.362130165253717,1.6317750926799293,3.7871063806509193,10.576922718806827,0.0008936550491510277,1.200702506116582,0.09119929002614119,0.030363706440302004,0.014002870294643824,0.4772102176575169,216.0,0.019736842105263157,1.063257686178496,1.019262110356348,0.9754046632570673,0.26720285969615726,0.26630920464700625,0.5912343470483006,1.0,0.02065499435855958,0.17524394713451946,0.07854406130268199,2.788641631399334,0.2825670498084291,0.2720306513409962,66.40721433375185
0b3bc1441529,DauT,2021,1v1 tournament,hc4_daut_ro8,first 10 game minutes,True,False,98.02000331878662,93.62600317001342,0.04482758620689655,1.415384567462157,0.11597632743419695,0.36449702907887627,1.7065088179602381,3.104189244009981,5.119526453880667,0.0,1.1272171819781187,0.05980451035085107,0.014419999999999968,0.0,0.4389363211585974,216.0,0.013888888888888888,0.72231141065908,0.7004996995400676,0.5938851128583105,0.15913200723327306,0.15732368896925858,0.75,1.0,0.023799290955824715,0.30235811492253845,0.14018691588785046,3.0565940607823685,0.3401869158878505,0.26542056074766357,69.62800235748291
0b3bc1441529,DauT,2021,1v1 tournament,hc4_daut_ro8,whole available replay,True,False,90.09047879922241,71.07321058290735,0.21109076641381114,1.415384567462157,0.11597632743428221,0.4804733565130732,2.161538388352528,5.002887404575441,9.742011504471975,0.003316749585406302,1.2292612100136824,0.10284178856378844,0.08077605886791797,0.00561641731279757,0.510610510179294,216.0,0.01764705882352941,1.241186484639133,1.2211537132801176,1.061989913728146,0.28490878938640135,0.28391376451077943,0.5593895155938952,1.0,0.03621197066076644,0.33518644760226657,0.14424878231547397,3.725362581346226,0.3859123267141251,0.24803297115024353,55.47292364461668
5e152714b185,DauT,2021,1v1 tournament,hc4_daut_ro8,first 10 game minutes,True,False,89.23200302124023,83.9930028438568,0.058712121212121215,1.53846148637191,0.11597632743419695,0.36449702907888337,1.59053249052603,4.750887413107722,9.394082522169384,0.0,1.244894472507971,0.10908952536836955,0.07480666666666658,0.0,0.4744695478674856,168.0,0.041666666666666664,0.8216400644638968,0.8111828158261256,0.7019666613539953,0.19556451612903225,0.19556451612903225,0.6888888888888889,1.0,0.01472782463330774,0.1708946737457985,0.004166666666666667,2.2732570437613115,0.3625,0.375,53.573001813888546
5e152714b185,DauT,2021,1v1 tournament,hc4_daut_ro8,whole available replay,True,False,84.45626974021407,72.94755373787882,0.13626834381551362,1.53846148637191,0.11597632743428221,0.4804733565129027,1.9550295196049774,5.05341994724315,12.674555783879327,0.00048567265662943174,1.2877655595118525,0.12578454917087473,0.09166078222248271,0.014530561044211191,0.4953859116211782,216.0,0.02654867256637168,1.3304294248112243,1.2974450593553695,1.111671906349794,0.29626032054395335,0.29528897523069453,0.5349854227405247,1.0,0.02144379432045473,0.21488140212399753,0.08625486922648859,3.2153412029985984,0.36115748469671677,0.32943795214245963,51.983984896702
31d31c225a08,DauT,2021,1v1 tournament,hc4_daut_ro8,first 10 game minutes,True,False,73.00800247192382,67.93800230026245,0.06944444444444445,1.415384567462157,0.11597632743419695,0.3644970290788869,2.226745486736438,5.599999810393686,20.229585113878017,0.004987531172069825,1.6849379539941458,0.25510382948523036,0.17500000000000027,0.05697999999999999,0.8102429580979084,216.0,0.05555555555555555,0.844401095313598,0.844401095313598,0.7117667104370197,0.20448877805486285,0.20448877805486285,0.69,1.0,0.02435534892708633,0.2008282718722396,0.07751937984496124,2.8749041673689177,0.38242894056847543,0.27906976744186046,49.68600168228149
31d31c225a08,DauT,2021,1v1 tournament,hc4_daut_ro8,whole available replay,True,False,81.80666215321828,73.66529907002221,0.09951956074124914,1.415384567462157,0.11597632743428221,0.4804733565129595,1.9550295196048637,5.110248347685948,20.229585113878017,0.002288329519450801,1.4109048137892124,0.17043593402735568,0.09897877199034522,0.01893062039476999,0.5894030779110685,216.0,0.018691588785046728,1.068004932198588,1.0444020371127318,0.9638693979127925,0.2791762013729977,0.2768878718535469,0.5709923664122137,1.0,0.02626179469114582,0.2291350732659918,0.08947804473902236,3.31295830913306,0.3347141673570837,0.2891466445733223,54.069880338743445
63e46229572d,TheViper,2021,1v1 tournament,hc4_viper,first 10 game minutes,True,False,137.05900464057922,130.97500443458557,0.04438964241676942,0.36923075672925837,0.11538461147790713,0.23668638251875507,1.2037277698947644,2.8872425057932545,7.092307452174481,0.012919896640826873,1.319905875169892,0.1378960580228129,0.03418999999999981,0.0,0.4907417563077091,384.0,0.027777777777777776,0.876269383165318,0.8522723243192616,0.6655804953483477,0.17054263565891473,0.16795865633074936,0.7218628719275549,1.0,0.015009079378690024,0.2201538103783645,0.09345794392523364,3.041017008090375,0.2750333778371162,0.4325767690253672,76.2190025806427
63e46229572d,TheViper,2021,1v1 tournament,hc4_viper,whole available replay,True,False,122.32292681114231,101.370993063423,0.17128378378378378,0.36923075672925837,0.11538461147802082,0.23846153038766715,1.469704092250212,4.071922939054726,12.738461107159367,0.01631321370309951,1.472195515529655,0.19100249659197754,0.06984589000620303,0.008773681563612827,0.5486928394699592,384.0,0.027491408934707903,1.437999051769164,1.409458989165413,1.1007264298311767,0.2699836867862969,0.26916802610114193,0.5634434924520604,1.0,0.015930650636407594,0.20539511069553992,0.0822814399251987,3.1787634319406473,0.2641421224871435,0.4212248714352501,64.13688594962596
40cfbfe02398,TheViper,2021,1v1 tournament,hc4_viper,first 10 game minutes,True,False,128.60900435447692,122.18700413703918,0.04993429697766097,0.9230768918231459,0.11183431574011138,0.23609466656246525,1.2177514380589969,3.4620708886974714,12.203549882667033,0.015235457063711912,1.5478489507125666,0.21502410908595956,0.04878166666666687,0.03437333333333335,0.463970184555878,300.0,0.027777777777777776,0.9714662260822051,0.9474642651326226,0.7274400983246997,0.18421052631578946,0.18421052631578946,0.6907073509015257,1.0,0.02024852544172352,0.2660471741322803,0.11239193083573487,3.275978299252907,0.3314121037463977,0.3804034582132565,77.57100262641906
40cfbfe02398,TheViper,2021,1v1 tournament,hc4_viper,whole available replay,True,False,128.05210717914258,113.56145941649481,0.11316211878009631,0.9230768918231459,0.11715975934674816,0.24733726973209968,1.4511242112224834,3.3776271045743314,12.203549882667033,0.019927536231884056,1.412113907874662,0.17085176057783266,0.029664607201641213,0.02090275919664649,0.4522913596880256,300.0,0.008547008547008548,1.0806124935209762,1.0498958173836146,0.8685274476482382,0.22735507246376813,0.22644927536231885,0.6237533998186764,1.0,0.02202693062267112,0.3037621696783589,0.12702960840496658,3.49086850578939,0.34097421203438394,0.35912129894937916,74.91973204943415
c0b3c47feff8,TheViper,2021,1v1 tournament,hc4_viper,first 10 game minutes,True,False,145.5090049266815,138.74900469779965,0.04645760743321719,1.0461538107328987,0.1118343157401398,0.23609466656245104,1.0886390163950237,2.5397395589792406,7.249112180593187,0.015853658536585366,1.4811758625562697,0.193930575344438,0.055665000000000006,0.0,0.41718262391763006,2028.8243094965098,0.027777777777777776,0.8524355560231484,0.8268988481979715,0.5806752681964349,0.1353658536585366,0.1353658536585366,0.7606837606837606,1.0,0.017353511802802497,0.22952270802668437,0.08723135271807839,3.296889792268174,0.26801517067003794,0.415929203539823,83.14800281524657
c0b3c47feff8,TheViper,2021,1v1 tournament,hc4_viper,whole available replay,True,False,117.32231226757855,94.7281933768787,0.19258160237388725,1.0461538107328987,0.117159759346805,0.24852070164467932,1.6314792347018277,4.883171432297475,12.099407874358803,0.012867647058823529,1.5059497100878076,0.20189938690752074,0.0913143148679738,0.007020427838221179,0.5758601401106823,288.0,0.014492753623188406,1.448109665028508,1.3922295913327118,1.0822715991587681,0.26176470588235295,0.2584558823529412,0.5696947407134976,1.0,0.018634410137661178,0.2400556450181176,0.09549624687239366,3.533978676823854,0.2823185988323603,0.3957464553794829,61.68995173238848
679124a7c6b9,TheViper,2021,1v1 tournament,hc4_viper_ro8,first 10 game minutes,True,False,105.45600357055665,100.55500340461731,0.046474358974358976,0.7999999729133932,0.11834319125937043,0.2514792814262137,1.4320709574297474,3.6414436636892806,4.733727650375101,0.008417508417508417,1.2022105645356667,0.09182163040721882,0.0,0.0,0.46517595930605155,228.0,0.013888888888888888,1.1049023947909347,1.0902855358141388,0.9205015949797725,0.25084175084175087,0.25084175084175087,0.5902192242833052,1.0,0.02186470802293497,0.3119241088758566,0.12852112676056338,2.6429395257013444,0.31161971830985913,0.3609154929577465,65.9100022315979
679124a7c6b9,TheViper,2021,1v1 tournament,hc4_viper_ro8,whole available replay,True,False,113.72456817637378,88.018537089627,0.22603762317109585,0.7999999729133932,0.11715975934691869,0.3479289823025482,1.6846153275773759,4.211627076336509,10.773964132253695,0.0096487842531841,1.3714892863047707,0.15664809807495333,0.07306244813403039,0.01180015686211469,0.5198705092279071,276.0,0.01694915254237288,1.4857058871567388,1.449820532876924,1.19932577958427,0.31069085295252796,0.31069085295252796,0.5038610038610039,1.0,0.021894068742981977,0.2742563790063195,0.11553784860557768,3.6533397306499946,0.3377600708277999,0.37273129703408586,59.426095643073786
d777b0479240,TheViper,2021,1v1 tournament,hc4_viper_ro8,first 10 game minutes,True,False,103.25900349617004,96.4990032672882,0.06546644844517185,0.9230768918231459,0.117159759346805,0.24852070164467932,1.703431894987483,4.117490984849259,7.50355004180085,0.01929824561403509,1.3675228134454667,0.15523517296570802,0.036366666666666644,0.0,0.47892260206561127,240.0,0.013888888888888888,0.9468034769678184,0.9327019558980743,0.7625930741648506,0.20350877192982456,0.20350877192982456,0.6678383128295254,1.0,0.013868226110432515,0.20740475075748613,0.05415162454873646,2.261800555964132,0.29422382671480146,0.4296028880866426,56.27700190544128
d777b0479240,TheViper,2021,1v1 tournament,hc4_viper_ro8,whole available replay,True,False,102.59890319113241,81.99085082944565,0.20086035737921906,0.9230768918231459,0.11538461147802082,0.3488165562369865,1.923076857964901,5.407692124597162,12.261538046383976,0.015741507870753936,1.43856634050987,0.17984597475341682,0.10074842124400643,0.006938122407871918,0.5597377316229079,264.0,0.01977401129943503,1.462994949531451,1.4319083596922648,1.1359843437990698,0.28541839270919633,0.28541839270919633,0.5246581019477828,1.0,0.020501030616045305,0.24571877931481906,0.09943714821763602,3.46994023619248,0.3133208255159475,0.3907129455909944,53.70994865928903
211c10a368c4,DauT,2011,1v1 challenge,historical_110,first 10 game minutes,False,False,69.0,69.0,0.0,2.97,0.3299999999999983,0.6600000000000179,2.1599999999999966,5.617499999999989,13.049999999999955,0.18082788671023964,1.33423692531729,0.14318894611431,0.11234999999999981,0.03262499999999988,0.5544117610189593,180.0,0.0375,0.8209948197718039,0.8096964446131685,0.7380627977857694,0.22657952069716775,0.22440087145969498,0.6637554585152838,1.0,0.018622978311230335,0.22118670260349116,0.08314606741573034,2.5813268517113483,0.27415730337078653,0.3101123595505618,48.300000000000004
211c10a368c4,DauT,2011,1v1 challenge,historical_110,whole available replay,False,False,61.85083669936525,61.77870744373918,0.0011661807580174927,2.97,0.35999999999989996,0.7200000000000273,2.519999999999982,5.680500000000008,13.049999999999955,0.16238317757009346,1.2131605649035533,0.09631500230207773,0.10886107905366414,0.014660271206001111,0.5960901024559547,192.0,0.03303303303303303,1.3001708156663845,1.276347279203647,1.1315928508269502,0.3177570093457944,0.31600467289719625,0.5195791934541204,1.0,0.017862761082960955,0.23734811566374917,0.09460359760159893,2.894931568231925,0.2691538974017322,0.33710859427048634,43.530005770340445
079005bcaa66,DauT,2011,1v1 challenge,historical_110,first 10 game minutes,False,False,26.1,26.1,0.0,2.97,0.3599999999999852,1.3200000000000074,6.299999999999983,12.456000000000003,16.920000000000016,0.06936416184971098,1.230112282463066,0.10318416891947546,0.46867499999999995,0.15735,0.9160133513055991,132.0,0.1875,1.3957477155847455,1.367208622460357,1.2012917889998644,0.3988439306358382,0.3988439306358382,0.4011627906976744,1.0,0.013868257245514944,0.10212831261696542,0.031446540880503145,1.5525363331786481,0.22641509433962265,0.20125786163522014,21.299999999999997
079005bcaa66,DauT,2011,1v1 challenge,historical_110,whole available replay,False,False,30.307272345488908,29.502344788968998,0.026558891454965358,2.97,0.35999999999989996,1.0800000000001546,5.255999999999927,14.227200000000023,27.180000000000007,0.07957244655581948,1.358955332823487,0.15216707490338324,0.44288514033736964,0.14686428221460116,0.8861995991949859,168.0,0.1661807580174927,2.221160305699247,2.167038046279353,1.698930141656242,0.44418052256532065,0.44299287410926363,0.33650416171224734,1.0,0.02485508195550405,0.16574641339307103,0.05223880597014925,2.2832302223662655,0.27238805970149255,0.1791044776119403,26.142647161755445
bb815fe6233a,DauT,2011,1v1 challenge,historical_110,first 10 game minutes,False,False,43.5,43.5,0.0,1.9800000000000002,0.3599999999999568,0.7200000000000273,3.6900000000000026,13.251599999999959,18.299999999999955,0.18685121107266436,1.799488155412878,0.2855836892422811,0.44987499999999964,0.2622999999999996,0.901709302970209,168.0,0.2125,1.1112656939990218,1.1112656939990218,0.9178519304601619,0.25259515570934254,0.25259515570934254,0.6076388888888888,1.0,0.021613518307905547,0.2880784671912661,0.13970588235294118,3.2616279661552494,0.33455882352941174,0.3272058823529412,30.15
bb815fe6233a,DauT,2011,1v1 challenge,historical_110,whole available replay,False,False,51.302288871349646,50.90765588003158,0.007692307692307693,1.9800000000000002,0.35999999999989996,0.7200000000000273,2.879999999999973,9.174599999999957,28.439999999999998,0.1353448275862069,1.5240749401496858,0.2076304993221027,0.21625887924230447,0.08850741033061464,0.688148081522398,168.0,0.0948905109489051,1.4259760461806932,1.4259760461806932,1.1971527325195486,0.31982758620689655,0.31982758620689655,0.4969801553062985,1.0,0.021773680758141484,0.25024920768627434,0.10090817356205853,2.7619942110885947,0.2795156407669021,0.2885973763874874,38.3670963781461
252b3a6bcf45,DauT,2011,1v1 challenge,historical_110,first 10 game minutes,False,False,63.0,63.0,0.0,2.97,0.3299999999999983,0.6600000000000037,2.639999999999995,6.638399999999995,9.120000000000005,0.1766109785202864,1.3811385364174065,0.1600656705135925,0.20504999999999982,0.0,0.6670067159959286,180.0,0.05,0.8693025088762434,0.8693025088762434,0.7224186858054416,0.19809069212410502,0.19809069212410502,0.6722488038277512,1.0,0.02284689372953898,0.20390930857371659,0.04914004914004914,2.750837353263144,0.3071253071253071,0.257985257985258,47.25
252b3a6bcf45,DauT,2011,1v1 challenge,historical_110,whole available replay,False,False,50.10152631699025,50.055896511601375,0.0009107468123861566,2.97,0.3300000000000239,0.7799999999999727,3.240000000000009,7.540799999999953,15.480000000000018,0.13777372262773724,1.329471291267643,0.14143608144161868,0.24642376400264623,0.03942415185599227,0.7331233215021173,192.0,0.07224334600760456,1.2371446485883983,1.2222200852723326,1.0470448421681158,0.291970802919708,0.29105839416058393,0.5351598173515981,1.0,0.0203637238919833,0.19666882914501096,0.06031128404669261,2.565051055699297,0.29669260700389105,0.259727626459144,37.872738472770415
2a4d86704ada,TheViper,2012,team game,historical_119,first 10 game minutes,False,False,63.9,63.45,0.007042253521126761,1.9800000000000002,0.8999999999999773,1.049999999999983,3.0780000000000434,6.583499999999981,9.839999999999996,0.43601895734597157,1.3424805271556612,0.1462042152262907,0.14332499999999965,0.0,0.670791024758657,264.0,0.025,0.8425509699901718,0.8425509699901718,0.7315945932844832,0.20853080568720378,0.20853080568720378,0.667458432304038,1.0,0.014405142095590883,0.17765138233514588,0.04691358024691358,1.7726774412219748,0.2074074074074074,0.2222222222222222,49.95
2a4d86704ada,TheViper,2012,team game,historical_119,whole available replay,False,False,70.5588344765247,50.406763439144996,0.28560663149962323,1.9800000000000002,0.9299999999998363,1.0799999999999272,4.199999999999932,11.761500000000002,20.759999999999764,0.44063324538258575,1.6541075985581364,0.2464510477696854,0.30654809379486414,0.11002552241186814,0.860930114635925,264.0,0.1261061946902655,1.3311943814851306,1.30734639528485,1.1118404808211733,0.30448548812664905,0.30395778364116094,0.5343189017951425,1.0,0.009063361069576625,0.16704841969131712,0.0479951397326853,2.7318788323854006,0.1798298906439854,0.30558930741190765,37.03408305418195
be2ccdca713e,TheViper,2012,team game,historical_119,first 10 game minutes,False,False,48.300000000000004,47.85,0.009316770186335404,1.9800000000000002,0.539999999999992,1.0799999999999983,3.528000000000021,7.6133999999999675,18.279999999999973,0.25157232704402516,1.3903477256165329,0.16330164914221926,0.1828749999999998,0.07262499999999988,0.6162007974076297,144.0,0.0625,1.0635374486365168,1.0635374486365168,0.9413976641140421,0.3018867924528302,0.3018867924528302,0.5141955835962145,1.0,0.01875723240142615,0.1031771033071045,0.0,1.1589007330606425,0.23255813953488372,0.132890365448505,41.85
be2ccdca713e,TheViper,2012,team game,historical_119,whole available replay,False,False,65.48975564012255,44.84837911219182,0.31518481518481517,1.9800000000000002,0.57000000000005,1.1400000000000432,4.560000000000059,10.583199999999923,18.720000000000027,0.31605839416058396,1.5168585652301625,0.20535860551341575,0.32295630745074017,0.07967593147891719,0.8258808535556217,264.0,0.12806539509536785,1.399083731790529,1.3905072000036478,1.165863208482708,0.31532846715328466,0.31532846715328466,0.5135135135135135,1.0,0.01389301763533471,0.14361656589675825,0.05793450881612091,2.598349624044708,0.22502099076406382,0.20654911838790932,36.801186361207726
5e1293a4be54,DauT,2012,team game,historical_147,first 10 game minutes,False,False,58.650000000000006,58.650000000000006,0.0,2.97,0.4199999999999619,0.8100000000000094,3.134000000000037,5.926800000000046,8.159999999999968,0.2,1.215402486334191,0.09722950464437535,0.13335,0.0,0.6264627443180569,180.0,0.0375,0.8754188948982771,0.8616167438346651,0.7438458127461479,0.2282051282051282,0.22564102564102564,0.6375321336760925,1.0,0.021687604000972714,0.22491379222139787,0.07795698924731183,2.237223587898264,0.3521505376344086,0.15591397849462366,49.95
5e1293a4be54,DauT,2012,team game,historical_147,whole available replay,False,False,46.87818253035644,46.75283979631806,0.00267379679144385,2.97,0.4199999999998454,1.0199999999999818,3.4880000000000106,7.437000000000028,22.620000000000005,0.17974513749161636,1.3156806092401094,0.13632303521499026,0.21233059146102656,0.051829220524872884,0.6997363974258123,180.0,0.08093994778067885,1.3439773405700723,1.3267657738730032,1.1416473145978485,0.3085177733065057,0.30784708249496984,0.5201342281879194,1.0,0.016883442986146593,0.17328762590823982,0.03884234577303884,2.305884491635904,0.26351865955826353,0.19801980198019803,38.60556208382295
5e1293a4be54,TheViper,2012,team game,historical_147,first 10 game minutes,False,False,65.4,65.4,0.0,1.9800000000000002,0.4199999999999875,0.75,2.8100000000000023,5.2425,6.6299999999999955,0.25057471264367814,1.2222097191513035,0.09999493622778717,0.0740249999999999,0.0,0.4888281396241182,180.0,0.0,0.990117943716676,0.990117943716676,0.8037356758768505,0.2160919540229885,0.2160919540229885,0.6543778801843319,1.0,0.021037272615807207,0.15408323330445342,0.07434052757793765,2.1672800757566066,0.2565947242206235,0.20623501199040767,52.5
5e1293a4be54,TheViper,2012,team game,historical_147,whole available replay,False,False,69.37720329024677,64.4888366627497,0.07046070460704607,1.9800000000000002,0.39000000000010004,0.6600000000000819,2.8799999999999955,6.839999999999918,20.039999999999964,0.2707826932425863,1.4492666647498156,0.18342905295520634,0.1366549157853501,0.024441833137485228,0.6539832216190392,288.0,0.033942558746736295,1.230238366576793,1.2121131616741245,1.027550762472099,0.2819640252795333,0.2814778804083617,0.5676070038910506,1.0,0.012786358292536673,0.11156326642497014,0.03835764451647758,2.423750502127285,0.18260399783900594,0.2820097244732577,48.131609870740306
bd5257dfee73,DauT,2012,team game,historical_147,first 10 game minutes,False,False,86.7,86.7,0.0,3.9600000000000004,0.3300000000000125,0.5399999999999956,2.040000000000012,5.279099999999986,10.260000000000048,0.29982668977469673,1.4219761484001616,0.17422803634086084,0.10064999999999989,0.02565000000000012,0.5867985711195716,240.0,0.0375,0.642531344077256,0.642531344077256,0.5570359992896687,0.15424610051993068,0.15424610051993068,0.7604166666666666,1.0,0.011417486644917686,0.11730021275916204,0.049910873440285206,2.398022710547007,0.22281639928698752,0.2727272727272727,63.75
bd5257dfee73,DauT,2012,team game,historical_147,whole available replay,False,False,53.475370402188716,52.57662468114353,0.01680672268907563,3.9600000000000004,0.42000000000007276,0.9600000000000364,3.459000000000036,7.740000000000114,16.229999999999563,0.23138832997987926,1.3416076342036032,0.14588594144201547,0.19704999933915776,0.02237612508425722,0.7191850262638875,240.0,0.05726872246696035,1.3754041934244083,1.3480646863612176,1.147147593504149,0.30985915492957744,0.3073440643863179,0.5223955712128837,1.0,0.014299920684521069,0.2740067089056492,0.11488095238095238,3.0591200559920835,0.29642857142857143,0.26071428571428573,40.998665098267274
bd5257dfee73,TheViper,2012,team game,historical_147,first 10 game minutes,False,False,90.6,90.6,0.0,1.9800000000000002,0.3300000000000125,0.5400000000000205,2.160000000000006,3.8744999999999727,5.459999999999923,0.33665008291873966,1.2533468755364807,0.11243136966036953,0.013649999999999806,0.0,0.59745964563028,324.0,0.0,0.8318073864664406,0.8168096215227956,0.7060951688392744,0.19071310116086235,0.19071310116086235,0.7126245847176079,1.0,0.013875582704831439,0.15817754774390258,0.03442340791738382,2.369983518328239,0.28055077452667815,0.270223752151463,67.05
bd5257dfee73,TheViper,2012,team game,historical_147,whole available replay,False,False,77.42430049827522,71.29168263702569,0.07920792079207921,1.9800000000000002,0.3900000000000318,0.5400000000000205,2.7000000000000455,6.765600000000015,14.399999999999864,0.3141691394658754,1.4872351126377956,0.1958942723838707,0.1524431345078709,0.012278452571337794,0.67719485935872,324.0,0.037444933920704845,1.4297744565453845,1.4090243245187055,1.1242807914026893,0.2919139465875371,0.2919139465875371,0.5487940630797774,1.0,0.015112070945170766,0.17690356724410372,0.07148936170212766,3.258446244179961,0.27404255319148935,0.2927659574468085,53.105298634699516
5338a28e825b,DauT,2012,team game,historical_147,first 10 game minutes,False,False,59.85,59.85,0.0,2.97,0.4800000000000111,0.9900000000000002,3.135000000000005,5.7869999999999875,9.449999999999989,0.2814070351758794,1.2718102224826004,0.11964477481115046,0.09839999999999975,0.0,0.6869134233607215,192.0,0.0375,0.9906595078169639,0.9675423287338252,0.8638070588599215,0.2537688442211055,0.25125628140703515,0.6171284634760705,1.0,0.023329468821470394,0.33887097693268453,0.1455026455026455,1.9288737841320713,0.3492063492063492,0.17195767195767195,50.099999999999994
5338a28e825b,DauT,2012,team game,historical_147,whole available replay,False,False,38.51625293406359,38.16060886265026,0.009233610341643583,2.97,0.42000000000005,1.0800000000001546,4.5599999999999685,10.116000000000241,16.650000000000034,0.18190298507462688,1.2844988909046917,0.1245344841432715,0.30297318443701515,0.07132441852194336,0.8402125936347891,192.0,0.10059171597633136,1.696970009280687,1.634610680851363,1.4646862511104672,0.4039179104477612,0.4001865671641791,0.4117647058823529,1.0,0.021670251932785038,0.2364924774812001,0.09845788849347568,1.9617323606310042,0.2941874258600237,0.1826809015421115,32.683690162884986
5338a28e825b,TheViper,2012,team game,historical_147,first 10 game minutes,False,False,79.80000000000001,79.64999999999999,0.0018796992481203006,1.9800000000000002,0.45000000000002843,0.7799999999999727,2.1599999999999966,6.227999999999999,7.799999999999997,0.3622641509433962,1.4191248558162324,0.17325474326326834,0.1420750000000002,0.0,0.5428140860830503,180.0,0.05,0.8845496379757671,0.8689499790300937,0.7157393379653361,0.19622641509433963,0.19622641509433963,0.6824196597353497,1.0,0.021044844678171058,0.2526459552280349,0.10176125244618395,2.3775416843121375,0.3150684931506849,0.23679060665362034,61.49999999999999
5338a28e825b,TheViper,2012,team game,historical_147,whole available replay,False,False,66.61213457571662,62.486663347322,0.06193272824345969,1.9800000000000002,0.36000000000012733,0.839999999999975,3.060000000000014,7.320000000000037,18.029999999999745,0.3092255125284738,1.552259756954553,0.21638070163106318,0.21909453019418168,0.036560210541290314,0.7373567424559052,336.0,0.07988165680473373,1.3667879758005013,1.3579597817367584,1.0939491070368168,0.2875854214123007,0.2875854214123007,0.5544159544159544,1.0,0.016446145857772383,0.27885605312987066,0.10592938041305797,3.0659062368192083,0.24783477681545638,0.2864756828780813,47.19396827654883
c15e438221ef,TheViper,2012,team game,historical_147,first 10 game minutes,False,False,75.45,75.45,0.0,2.97,0.3300000000000125,0.6599999999999966,2.160000000000025,5.175000000000022,11.759999999999991,0.26095617529880477,1.352143964477949,0.14971190955826813,0.08520000000000011,0.029399999999999978,0.5111741436866003,204.0,0.025,0.9501872951380653,0.9501872951380653,0.7881652953911241,0.22111553784860558,0.22111553784860558,0.6407185628742516,1.0,0.021446199217291906,0.23208575652456265,0.09917355371900827,2.2511144169766344,0.29338842975206614,0.2768595041322314,55.35
c15e438221ef,TheViper,2012,team game,historical_147,whole available replay,False,False,68.07403701850924,59.289644822411205,0.12904174015285128,2.97,0.3300000000001546,0.7199999999999136,3.0630000000003332,8.720099999999972,22.710000000000036,0.25050641458474004,1.5826971211012768,0.22561573958498526,0.24628314157078554,0.06931465732866396,0.7428611814727911,348.0,0.08166666666666667,1.5200392142152375,1.4874014011070436,1.1778648290500833,0.29439567859554355,0.29304523970290347,0.5325903411009794,1.0,0.014705401645192838,0.15971765189151085,0.07056056448451588,3.3540341885051888,0.24500196001568011,0.3269306154449236,42.60130065032516
c15e438221ef,DauT,2012,team game,historical_147,first 10 game minutes,False,False,78.45,78.45,0.0,3.9600000000000004,0.3300000000000125,0.6599999999999469,1.9800000000000024,5.156400000000021,5.730000000000018,0.2260536398467433,1.233902682264421,0.1047058513879946,0.08002500000000022,0.0,0.5226254877270081,204.0,0.0125,0.7093115923569834,0.7093115923569834,0.6213258091543877,0.1724137931034483,0.1724137931034483,0.7178502879078695,1.0,0.014633477221293135,0.20057278499843545,0.0825147347740668,2.432462834556407,0.2475442043222004,0.2554027504911591,58.95
c15e438221ef,DauT,2012,team game,historical_147,whole available replay,False,False,47.80390195097549,47.20360180090045,0.012557555462536627,3.9600000000000004,0.35999999999989996,0.9600000000000364,3.3299999999999272,8.518199999999544,12.480000000000246,0.15012722646310434,1.2553110383888726,0.11320435808768056,0.21835917958979376,0.02279139569784924,0.6878453542604138,204.0,0.06166666666666667,1.4406417114110244,1.4213646415844914,1.2314720638211019,0.3435114503816794,0.3430873621713316,0.4683920237590157,1.0,0.01697104461893103,0.186065754073104,0.07079646017699115,2.6610664759310447,0.24188790560471976,0.23795476892822026,37.51875937968985
65e3f6795645,DauT,2012,team game,historical_147,first 10 game minutes,False,False,65.25,65.25,0.0,3.9600000000000004,0.3299999999999912,0.6600000000000037,2.325000000000003,5.940000000000017,7.259999999999991,0.15668202764976957,1.243781572765905,0.10864764009332506,0.08040000000000021,0.0,0.5313031116347975,168.0,0.025,0.7037321741780385,0.7037321741780385,0.617045336645667,0.17511520737327188,0.17511520737327188,0.7344110854503464,1.0,0.0185002672354583,0.34312710164886445,0.13380281690140844,2.0834082397894673,0.24647887323943662,0.20892018779342722,51.9
65e3f6795645,DauT,2012,team game,historical_147,whole available replay,False,False,47.83716963412998,47.6071832416582,0.004807692307692308,3.9600000000000004,0.3300000000000125,0.7800000000001148,3.5099999999999567,7.30439999999998,11.699999999999932,0.1426269137792103,1.2256312360318822,0.10137853584143801,0.19728999367537495,0.019069705042451812,0.6763649250218661,168.0,0.054140127388535034,1.338677948661838,1.2944570058827705,1.1552671382310022,0.30942788074133765,0.30862207896857374,0.5298387096774193,1.0,0.015981642920158478,0.23459149989084974,0.09645131938125569,2.229489746493145,0.2411282984531392,0.27024567788899,36.222856814305146
65e3f6795645,TheViper,2012,team game,historical_147,first 10 game minutes,False,False,72.14999999999999,72.0,0.002079002079002079,1.9800000000000002,0.3299999999999983,0.7199999999999989,1.9800000000000182,4.319999999999995,6.030000000000001,0.1941544885177453,1.0656648300729676,0.031788714760006886,0.02864999999999995,0.0,0.43938087754880223,156.0,0.0125,0.8142329629723624,0.8142329629723624,0.7604953696805572,0.23173277661795408,0.23173277661795408,0.6443514644351465,1.0,0.020337670115126424,0.20154664050794863,0.08855291576673865,2.310180980065044,0.28077753779697623,0.19654427645788336,58.35
65e3f6795645,TheViper,2012,team game,historical_147,whole available replay,False,False,74.74557755332809,69.80087011518485,0.06615384615384616,1.9800000000000002,0.3299999999999983,0.6599999999999966,2.340000000000032,6.267600000000101,15.090000000000146,0.21483516483516482,1.415674834329013,0.17207400119497976,0.11915211683308703,0.03806274795407926,0.6795207964143873,312.0,0.03821656050955414,1.2460357750980875,1.2349823302467344,1.0452313336865575,0.3087912087912088,0.3076923076923077,0.5404068169323805,1.0,0.016275116742984853,0.17789605123559657,0.07116564417177915,2.6074386331497306,0.24049079754601227,0.31104294478527605,50.36701995131954
52a03f0c9e03,DauT,2012,team game,historical_147,first 10 game minutes,False,False,55.65,55.65,0.0,3.9600000000000004,0.3299999999999983,0.6600000000000037,2.7120000000000113,6.870600000000054,9.0,0.13783783783783785,1.3177538918197422,0.13709561353395613,0.23332500000000078,0.0,0.6453203978482236,168.0,0.05,0.7410933750283107,0.7235995071154454,0.5843384468209752,0.14864864864864866,0.14324324324324325,0.7615176151761518,1.0,0.02062124987956227,0.28361817083308005,0.11173184357541899,2.1036207894254018,0.2877094972067039,0.20670391061452514,44.550000000000004
52a03f0c9e03,DauT,2012,team game,historical_147,whole available replay,False,False,47.18780673000352,46.92853306665185,0.005494505494505495,3.9600000000000004,0.3299999999999983,0.8999999999998636,3.6840000000000654,7.356599999999776,10.950000000000045,0.14770932069510267,1.2610316677949842,0.11544803706776433,0.24669889067911183,0.01294516362020114,0.7018216847965288,168.0,0.06481481481481481,1.4693422310957203,1.4300501951079616,1.2012286176218445,0.3246445497630332,0.32306477093206953,0.49881422924901186,1.0,0.01678695250406765,0.26408628208495244,0.10426540284360189,2.5783389602014415,0.26919431279620853,0.26919431279620853,36.409430153527055
52a03f0c9e03,TheViper,2012,team game,historical_147,first 10 game minutes,False,False,71.39999999999999,71.39999999999999,0.0,1.9800000000000002,0.3299999999999841,0.6599999999999895,2.243999999999997,5.8085999999999975,8.25,0.21263157894736842,1.3477169389018109,0.14810854457797717,0.10057500000000004,0.0,0.5649034268322121,180.0,0.0125,0.8989917469995141,0.8989917469995141,0.813346026847063,0.24210526315789474,0.24210526315789474,0.6118143459915611,1.0,0.0177672958256588,0.1929198333484604,0.07017543859649122,2.0076000488245205,0.22149122807017543,0.28728070175438597,51.75
52a03f0c9e03,TheViper,2012,team game,historical_147,whole available replay,False,False,65.63327592273646,63.52204752115859,0.03216704288939052,1.9800000000000002,0.32999999999992724,0.6599999999999966,2.8440000000000722,7.419599999999956,11.789999999999964,0.22228704784130687,1.4395080478294655,0.1801625734420161,0.17852843676500485,0.02105672537363167,0.7481508567527518,264.0,0.046296296296296294,1.2966318933717078,1.2610812069771853,1.0975030694116907,0.29229871645274214,0.28996499416569427,0.5405720957384705,1.0,0.013309928437498748,0.13350856197771468,0.06692657569850552,2.806518639791702,0.21702404158544508,0.34502923976608185,43.85428820119637
1c40a1c5da42,TheViper,2012,team game,historical_159,first 10 game minutes,False,False,80.1,79.80000000000001,0.003745318352059925,1.9800000000000002,0.6300000000000182,0.75,2.3760000000000154,5.5428000000000095,8.610000000000014,0.4067796610169492,1.3731611862560373,0.15724224229570619,0.08129999999999991,0.0,0.6318026814600215,276.0,0.0,0.8082856850443909,0.7979720228239855,0.6937044438881556,0.1977401129943503,0.1958568738229755,0.6943396226415094,1.0,0.01264855418939748,0.12222449299637715,0.005836575875486381,1.7273940617392618,0.23151750972762647,0.22957198443579765,62.099999999999994
1c40a1c5da42,TheViper,2012,team game,historical_159,whole available replay,False,False,68.68158958682575,62.22266048713145,0.09404163675520459,1.9800000000000002,0.6299999999996544,0.8699999999998909,3.540000000000373,8.885100000000024,20.159999999999854,0.4205311137534681,1.6185476119926099,0.2362178213448332,0.2453530223843804,0.05155638825888308,0.7616576825257848,276.0,0.07802874743326489,1.5022636328238486,1.4883961148015006,0.9827915866315633,0.22988505747126436,0.2294887039239001,0.6316415543219667,1.0,0.010100552453773018,0.11743564645405527,0.03314121037463977,2.562004795181583,0.19740634005763688,0.2728146013448607,48.22009663741248
1c40a1c5da42,DauT,2012,team game,historical_159,first 10 game minutes,False,False,52.2,52.2,0.0,3.9600000000000004,0.6299999999999727,0.9899999999999993,3.7740000000000014,7.823999999999993,11.940000000000055,0.2881844380403458,1.3606946595637182,0.15279174632028797,0.2110500000000001,0.056175000000000065,0.7297719162919529,180.0,0.0875,0.8776838792394357,0.8776838792394357,0.7814801913922355,0.2334293948126801,0.2334293948126801,0.6416184971098265,1.0,0.01687444710835135,0.1108409232400946,0.003003003003003003,1.595178811560816,0.22822822822822822,0.12612612612612611,45.9
1c40a1c5da42,DauT,2012,team game,historical_159,whole available replay,False,False,27.610689281135983,27.43812247312888,0.00625,3.9600000000000004,0.6299999999999955,1.3200000000000216,6.65400000000001,22.929600000000235,46.25999999999999,0.2580935251798561,1.9324792896775433,0.3179832481545263,0.5624280971633299,0.35065164513690317,1.2707172610132833,312.0,0.33880903490759756,1.7266324052392665,1.7266324052392665,1.3140234687311518,0.3345323741007194,0.3345323741007194,0.48874887488748875,1.0,0.012140338772310572,0.1053792009738933,0.015186915887850467,1.6359008820386718,0.1927570093457944,0.17873831775700935,23.666305098116556
bdaf8d46c8e5,TheViper,2026,1v1 ranked,viper_2026_session,first 10 game minutes,True,False,138.91800470352172,105.11800355911254,0.24330900243309003,0.7999999729133932,0.11538461147790713,0.2461538378195054,1.438461489757691,3.5035383429147515,7.569230512949815,0.00322061191626409,1.3400175902350195,0.14530557020337184,0.055185000000000144,0.0,0.48358888606938766,228.0,0.027777777777777776,0.7737497726450292,0.7737497726450292,0.6421697107683142,0.1706924315619968,0.1706924315619968,0.714516129032258,1.0,0.017547797042244285,0.2457928099552373,0.09752066115702479,3.246229445850566,0.2991735537190083,0.39173553719008264,65.06500220298767
bdaf8d46c8e5,TheViper,2026,1v1 ranked,viper_2026_session,whole available replay,True,False,188.6170690136027,106.61963399429419,0.4347296639064783,0.7999999729133932,0.11538461147802082,0.23846153038766715,1.4461537971894813,4.084615246317298,12.261538046384203,0.01098901098901099,1.4443282715963344,0.18177929566970719,0.048631314856476614,0.004693812647969972,0.5644091780589998,396.0,0.011472275334608031,1.0922847732681327,1.0893575920878351,0.8860771701418154,0.226890756302521,0.226890756302521,0.6314655172413793,1.0,0.014951734898227927,0.21764117215847326,0.08638804576231614,3.5525498945765492,0.2551949568059771,0.4394116273639972,63.39297497291081
91de7aa859e1,TheViper,2026,1v1 ranked,viper_2026_session,first 10 game minutes,True,False,138.24200468063353,102.7520034790039,0.2567237163814181,0.6769230540036403,0.11538461147790713,0.24615383781950584,1.4384614897577421,3.118153740578566,5.530769043507007,0.0032948929159802307,1.222205567633116,0.09999325484086,0.015578333333333309,0.0,0.3981214544844018,192.0,0.013888888888888888,0.9308836220394006,0.903697232215419,0.7759598228799532,0.21252059308072488,0.21087314662273476,0.6617161716171617,1.0,0.015622988674464402,0.1842772656873959,0.04452054794520548,2.360072994767483,0.238013698630137,0.4006849315068493,63.20600214004516
91de7aa859e1,TheViper,2026,1v1 ranked,viper_2026_session,whole available replay,True,False,161.41996321209496,103.32321043158686,0.35991058122205666,0.6769230540036403,0.11538461147790713,0.23846153038766715,1.4384614897577706,3.4723075747414156,9.730768901302326,0.0034944670937682005,1.3101121271332492,0.13424115803334843,0.046139374219316104,0.01300754082686932,0.43623426387724434,240.0,0.02,1.1165615627122443,1.087945525273109,0.9235704886305626,0.23878858474082704,0.2376237623762376,0.6217948717948718,1.0,0.011049888678958272,0.1933658996494408,0.07411982705373688,2.76790372912063,0.23100679431747992,0.46263125386040765,58.27717747858421
65486e44c665,TheViper,2026,1v1 ranked,viper_2026_session,first 10 game minutes,True,False,128.60900435447692,99.03400335311889,0.22996057818659657,0.9230768918231459,0.11538461147790713,0.23846153038766715,1.446153797189595,4.367384467512573,5.89230749280442,0.003418803418803419,1.3459015465666506,0.14744930241121823,0.03148166666666669,0.0,0.49837532639918475,240.0,0.013888888888888888,0.9085376747656781,0.8727601370106097,0.7358425631077645,0.18461538461538463,0.1829059829059829,0.702054794520548,1.0,0.013527930066621,0.15882819381922478,0.037366548042704624,2.6397607340849767,0.26334519572953735,0.4377224199288256,57.460001945495605
65486e44c665,TheViper,2026,1v1 ranked,viper_2026_session,whole available replay,True,False,141.12869282190803,95.81977595943773,0.32104681164762255,0.9230768918231459,0.11538461147790713,0.23846153038766715,1.5615384086675022,4.646538304214768,16.46923021161126,0.0038022813688212928,1.5798863661958995,0.22477205732551508,0.07356079603051802,0.024382436109480776,0.607112589849391,372.0,0.021645021645021644,1.1833024740461633,1.155565995239522,0.8958755702928365,0.21564367191743616,0.2140141227593699,0.654891304347826,1.0,0.009317146984197236,0.1556017342378582,0.05142857142857143,2.8333957155715805,0.2382857142857143,0.49028571428571427,51.18711158745208
67f43712e111,TheViper,2026,1v1 ranked,viper_2026_session,first 10 game minutes,True,False,142.1290048122406,109.17400369644164,0.2318668252080856,1.415384567462157,0.11538461147790713,0.23846153038766715,1.403846106314364,3.0076922058570847,5.769230573894674,0.0015503875968992248,1.249192495663274,0.11079198251983707,0.016250000000000035,0.0,0.41784197486390806,228.0,0.027777777777777776,0.8218642856322328,0.8011504281006204,0.7320481731069319,0.2124031007751938,0.2124031007751938,0.687888198757764,1.0,0.0143399854517691,0.157888367691969,0.054838709677419356,2.4781771224988574,0.2693548387096774,0.4258064516129032,64.55800218582152
67f43712e111,TheViper,2026,1v1 ranked,viper_2026_session,whole available replay,True,False,138.28601308908938,103.49146786022172,0.25161290322580643,1.415384567462157,0.11538461147790713,0.24615383781949163,1.4384614897577421,3.48576911274721,11.89999959708689,0.0035945363048166786,1.365385535300107,0.15447187354756056,0.040204741071173423,0.014745551075653368,0.504236658336131,312.0,0.018518518518518517,0.9517847500855273,0.9382000822255631,0.8518945972106037,0.24730409777138748,0.24730409777138748,0.6194244604316547,1.0,0.01447656572604386,0.15683099285715893,0.06142322097378277,2.888566234026104,0.2599250936329588,0.4217228464419476,61.633927339169404
3598af4f05ca,TheViper,2026,1v1 ranked,viper_2026_session,first 10 game minutes,True,False,115.59600391387939,89.57000303268433,0.22514619883040934,0.6769230540036403,0.11538461147790713,0.35384614186553165,1.561538408667488,4.328692161130324,12.623076495681516,0.001890359168241966,1.7023165205035504,0.2598942482032714,0.1181483333333336,0.09581000000000023,0.6348937451571952,300.0,0.06944444444444445,0.9133196978523472,0.9133196978523472,0.7921226751568387,0.23440453686200377,0.23440453686200377,0.6325757575757576,1.0,0.011760472313780843,0.12365598708817921,0.023255813953488372,1.7060904761990687,0.1937984496124031,0.437984496124031,51.37600173950195
3598af4f05ca,TheViper,2026,1v1 ranked,viper_2026_session,whole available replay,True,False,124.12322063145328,97.88861068420943,0.21135940409683426,0.6769230540036403,0.11538461147790713,0.24615383781949163,1.5615384086674566,4.458461387505802,14.669230272556092,0.057919621749408984,1.8752024023148792,0.3043967971125223,0.1356773495725356,0.09377546635847744,0.8505893334730396,636.0,0.0673076923076923,1.3254169486800622,1.3254169486800622,0.8812386077076751,0.22695035460992907,0.22695035460992907,0.642603550295858,1.0,0.008542301805654543,0.09760508411205754,0.018300653594771243,1.9180225845149346,0.1869281045751634,0.4849673202614379,55.01178121096067
hc4_tatoh_vs_hera,TaToH,2021,tournament,HC4 Ro16 vs Hera,first 10 game minutes,True,True,106.13200359344482,101.23100342750548,0.04617834394904458,0.9230768918231459,0.11597632743418984,0.24852070164470774,1.4115975853418603,2.9534200183454904,10.106508533550851,0.005016722408026756,1.3714945527606797,0.15664997093424451,0.06211333333333338,0.028466666666666657,0.4922780460716911,216.0,0.027777777777777776,0.8646945768932369,0.8243018567639684,0.7391880896531458,0.20066889632107024,0.20066889632107024,0.6850921273031826,1.0,0.02594964639495593,0.17102127442622667,0.038461538461538464,2.4154784336171677,0.28321678321678323,0.3409090909090909,68.27600231170653
hc4_tatoh_vs_hera,TaToH,2021,tournament,HC4 Ro16 vs Hera,whole available replay,True,True,98.11438812724613,77.26021386508097,0.21254960317460317,0.9230768918231459,0.11597632743416852,0.36449702907884785,2.0478105815522425,5.102958407104352,10.10650853355088,0.006616257088846881,1.3868760364386323,0.16208467910879673,0.09392199033266424,0.008197700900067252,0.5601538277514682,228.0,0.02834008097165992,1.596308877040768,1.56669904674924,1.2791471579217841,0.3267170762444864,0.3267170762444864,0.48692089505200126,1.0,0.02801074001698806,0.25638793386387715,0.10271678451804987,3.4476887115276393,0.32899144026795685,0.3074060290286565,57.16039129734652
lobby_509101119,TaToH,2026,tournament,vs CNZS_Donghaidi,first 10 game minutes,True,False,119.82100405693053,102.7520034790039,0.14245416078984485,0.9230768918231459,0.11538461147790713,0.23846153038766715,1.3230768782798634,4.330307545691019,7.569230512949844,0.0,1.4940293671050053,0.19808482354739063,0.0717600000000003,0.0,0.619085589203143,336.0,0.013888888888888888,0.9635852993468635,0.9323977717258543,0.8381577350602762,0.21911037891268534,0.21911037891268534,0.6435643564356436,1.0,0.02341790469839604,0.2852673080120648,0.11631944444444445,3.3101856814854815,0.3645833333333333,0.3489583333333333,68.78300232887268
lobby_509101119,TaToH,2026,tournament,vs CNZS_Donghaidi,whole available replay,True,False,126.11382702448412,92.8645188274832,0.26364522417153996,0.9230768918231459,0.11538461147802082,0.36153844929737033,1.446153797189595,4.795769068392785,8.530768941932195,0.0026490066225165563,1.3879502005297615,0.16246159590920098,0.0864207782258236,0.0,0.5477108422240767,336.0,0.02040816326530612,1.2581418261142,1.2210259967402144,1.1292129676684388,0.3350993377483444,0.3350993377483444,0.4943671305500331,1.0,0.025699743806947263,0.31535873086973887,0.11844938980617373,3.818656308104808,0.3237616654702082,0.29432878679109836,67.66633701459894
lobby_509105894,TaToH,2026,tournament,vs CNZS_Donghaidi,first 10 game minutes,True,False,95.48500323295593,80.78200273513794,0.15398230088495576,0.7999999729133932,0.11538461147790713,0.24615383781950584,1.9230768579648725,4.777230607482044,18.87692243778335,0.0,1.8431956546142862,0.2965661730826878,0.14592500000000036,0.053170000000000044,0.6252535768218468,252.0,0.08333333333333333,1.3493443802868972,1.3493443802868972,0.9640404689734152,0.25366876310272535,0.25366876310272535,0.569327731092437,1.0,0.02675228498025835,0.24022609471948608,0.09859154929577464,3.209754868156071,0.33568075117370894,0.29577464788732394,59.48800201416015
lobby_509105894,TaToH,2026,tournament,vs CNZS_Donghaidi,whole available replay,True,False,117.41640049191068,77.68373934635144,0.3383910678499857,0.7999999729133932,0.12307691890950992,0.36153844929737033,1.9230768579649293,5.993005714247038,18.87692243778335,0.006493506493506494,1.4878028255890605,0.19607776813002,0.12331051794263068,0.016298854545171222,0.5963904462205037,252.0,0.04481792717086835,1.693811897885968,1.6590053990325524,1.3298763520850148,0.35324675324675325,0.3510822510822511,0.4382849718492854,1.0,0.03004626062886658,0.23139216527243353,0.09114448472294148,3.3734600386822367,0.31071983428275507,0.2843086483687209,59.22922922036834
lobby_509112691,TaToH,2026,tournament,vs CNZS_Donghaidi,first 10 game minutes,True,False,132.83400449752807,108.83600368499755,0.1806615776081425,0.7999999729133932,0.11538461147790713,0.23846153038763873,1.323076878279835,4.752845992923076,9.49230737091466,0.0015552099533437014,1.7401406322933195,0.2701104547593493,0.1381249999999999,0.0,0.6684453465757271,324.0,0.041666666666666664,0.9660231563889483,0.9660231563889483,0.7640375037631454,0.21461897356143078,0.21461897356143078,0.6355140186915887,1.0,0.006365928786961709,0.0894453266112489,0.003134796238244514,1.6605330284746,0.22570532915360503,0.5658307210031348,47.827001619338986
lobby_509112691,TaToH,2026,tournament,vs CNZS_Donghaidi,whole available replay,True,False,131.41961469271146,108.44728703927497,0.17480136208853575,0.7999999729133932,0.11538461147790713,0.23846153038763873,1.3230768782798918,4.874461373420742,9.49230737091466,0.0013774104683195593,1.730316470016968,0.2674841828912344,0.1380596301325326,0.0,0.6413503838720642,324.0,0.024691358024691357,1.0042396059493577,0.9988749092094812,0.7814871907063379,0.2162534435261708,0.2162534435261708,0.6372413793103449,1.0,0.005833420746540745,0.08738385784732601,0.004172461752433936,1.6729299739003018,0.2114047287899861,0.5716272600834492,47.138022977181414
lobby_510770026,TaToH,2026,tournament,vs Lamo,first 10 game minutes,True,False,131.31300444602965,104.44200353622436,0.20463320463320464,0.6769230540036403,0.11538461147790713,0.24615383781950584,1.446153797189595,2.867307595225654,4.323076776705051,0.0016207455429497568,1.1363867945202288,0.06383993519809106,0.0,0.0,0.366753917816002,204.0,0.013888888888888888,0.848135083759872,0.8200224065933464,0.7244383212790706,0.20421393841166938,0.20421393841166938,0.6688311688311688,1.0,0.018459673571855233,0.1748572493820881,0.03741496598639456,2.3772388673302394,0.304421768707483,0.38605442176870747,66.07900223731994
lobby_510770026,TaToH,2026,tournament,vs Lamo,whole available replay,True,False,137.00116697879915,107.03216170218684,0.21875,0.6769230540036403,0.11538461147790713,0.24615383781952005,1.3230768782798492,2.9498460539694915,4.6923075334343025,0.001177856301531213,1.1533367445916358,0.07120890170882911,0.0,0.0,0.36377870759142267,204.0,0.0,0.9556012346142189,0.9315040025326011,0.8740564460359022,0.2697290930506478,0.2697290930506478,0.5790094339622641,1.0,0.01861122908338986,0.16534036482103615,0.03841387856257745,2.238634754515021,0.2552664188351921,0.3742255266418835,69.00426425035104
lobby_510771979,TaToH,2026,tournament,vs Lamo,first 10 game minutes,True,False,111.54000377655028,88.21800298690796,0.20909090909090908,0.7999999729133932,0.11538461147792986,0.24615383781950584,1.5615384086675022,4.92307675639014,11.29999961740171,0.003838771593090211,1.4944174769938998,0.1982095946464173,0.09884333333333357,0.031828333333333424,0.5414512971638564,204.0,0.041666666666666664,1.1181766435597755,1.076282649972624,0.9119046970069582,0.2495201535508637,0.2495201535508637,0.6,1.0,0.028927024946128206,0.3044334664650567,0.12195121951219512,2.85677117484795,0.2845528455284553,0.2886178861788618,64.22000217437744
lobby_510771979,TaToH,2026,tournament,vs Lamo,whole available replay,True,False,118.12013987101557,85.58356019943179,0.2754532775453278,0.7999999729133932,0.11881656402433702,0.3615384492974272,1.5735502425804728,4.865940663650163,11.29999961740171,0.002407318247472316,1.3054933182254882,0.13250670293012295,0.07793774971781416,0.007756610502963229,0.4769540367135639,204.0,0.017123287671232876,1.3529917633790955,1.3132821097684084,1.1911155861000777,0.34857968223399133,0.3476167549350024,0.4686897880539499,1.0,0.031162118494704925,0.3185742979533311,0.127715951245363,3.3605997585982434,0.3365129835718071,0.2655007949125596,64.94960271150333
lobby_510777842,TaToH,2026,tournament,vs Lamo,first 10 game minutes,True,False,107.65300364494324,88.04900298118591,0.18210361067503925,0.9230768918231459,0.11538461147790713,0.23846153038766715,2.1615383883525396,3.976615249974106,7.692307431859547,0.04807692307692308,1.4385405106217148,0.17983728739036098,0.040949999999999986,0.0,0.6492150447493186,324.0,0.013888888888888888,1.1937709040262168,1.1937709040262168,0.6867324350803301,0.16346153846153846,0.16346153846153846,0.720616570327553,1.0,0.022518435897479566,0.22947431312112546,0.08260869565217391,3.5232210685908507,0.27608695652173915,0.3565217391304348,60.33300204277039
lobby_510777842,TaToH,2026,tournament,vs Lamo,whole available replay,True,False,115.5556754581238,78.50729096009937,0.32061068702290074,0.9230768918231459,0.11538461147796397,0.3615384492973135,2.1615383883525396,5.066863733770198,8.29230741154447,0.02162629757785467,1.41173203747505,0.17072047436335858,0.09352701887938869,0.0,0.612792312202478,324.0,0.005649717514124294,1.4971559918214852,1.4915464628710333,1.0761631832180747,0.2690311418685121,0.2681660899653979,0.5688311688311688,1.0,0.029316510207752028,0.22976644241787678,0.08609958506224066,3.4417529127727624,0.32676348547717843,0.29979253112033194,58.89743176609011
lobby_510988467,TaToH,2026,tournament,vs wR.Capoch,first 10 game minutes,True,False,133.3410045146942,104.44200353622436,0.21673003802281368,0.7999999729133932,0.11538461147789736,0.24615383781949163,1.446153797189595,3.3036921958350183,3.9692306348395263,0.0,1.1848132386562302,0.08458994818701286,0.0,0.0,0.4177014517339602,240.0,0.013888888888888888,1.1710011381360086,1.131850265389355,0.960723243627795,0.26418152350081037,0.2625607779578606,0.6055194805194806,1.0,0.007344054081157535,0.14331480693536394,0.03806228373702422,2.1373543530612027,0.19896193771626297,0.5190311418685121,53.74200181961059
lobby_510988467,TaToH,2026,tournament,vs wR.Capoch,whole available replay,True,False,113.93129693291031,85.94097110141001,0.24567723342939482,0.7999999729133932,0.11538461147802082,0.36153844929737033,1.7999999390551011,4.094461399830193,16.114792353789426,0.0,1.3206198649034817,0.13816130325886736,0.05867198668538238,0.011022929831122573,0.5002245873804863,312.0,0.010238907849829351,1.5149654667999355,1.4608410925228654,1.274693381792345,0.3287147634973722,0.3258480649784998,0.49569789674952197,1.0,0.01971033139178971,0.24410847967346794,0.09719934102141681,3.4448391487843266,0.2910488742449204,0.3613399231191653,58.935642073364264
lobby_510992933,TaToH,2026,tournament,vs wR.Capoch,first 10 game minutes,True,False,135.2000045776367,96.33000326156616,0.2875,0.9230768918231459,0.11538461147790713,0.23846153038766715,1.7999999390551387,3.2461537362447643,4.084615246317412,0.0035149384885764497,1.223888104907837,0.10067417709269837,0.0,0.0,0.4572590869257573,192.0,0.013888888888888888,1.041090300722379,0.9976873392652712,0.7994954693326892,0.210896309314587,0.210896309314587,0.6566901408450704,1.0,0.014323597363633355,0.36457432042554994,0.11775700934579439,2.7287182536883376,0.28598130841121494,0.42429906542056073,57.96700196266174
lobby_510992933,TaToH,2026,tournament,vs wR.Capoch,whole available replay,True,False,121.30581114215605,79.73744671554054,0.34267413931144913,0.9230768918231459,0.12307691890964634,0.3615384492974272,1.9230768579649293,4.199999857795319,8.407692023022491,0.002437538086532602,1.2340376814371194,0.10475995252083967,0.05136852469819265,0.0,0.5371139105440277,204.0,0.008064516129032258,1.344931745475565,1.305275574912869,1.2006943540861135,0.3497867154174284,0.3491773308957952,0.474390243902439,1.0,0.02534484387624258,0.37888344849731104,0.16175462645647704,3.718961624388316,0.3276216586703221,0.3125428375599726,57.59355164715656
lobby_510997318,TaToH,2026,tournament,vs wR.Capoch,first 10 game minutes,True,False,143.81900486946105,112.72300381660462,0.21621621621621623,0.7999999729133932,0.11538461147789683,0.23846153038766715,1.4384614897577361,3.246153736244736,5.169230594209608,0.0015015015015015015,1.3098470841652439,0.13414181669832034,0.014559999999999976,0.0,0.4551379435563446,240.0,0.013888888888888888,0.8427481807337364,0.7929247837382973,0.6614085967908809,0.18468468468468469,0.18468468468468469,0.7157894736842105,1.0,0.018139297915270695,0.2252202147894026,0.0896,2.6122332458100206,0.2544,0.3792,72.67000246047974
lobby_510997318,TaToH,2026,tournament,vs wR.Capoch,whole available replay,True,False,134.68150102115288,104.5904989912016,0.22342342342342342,0.7999999729133932,0.11538461147790713,0.24615383781950584,1.4461537971894813,3.706153720669977,12.738461107159424,0.0011607661056297156,1.3852987926254026,0.16153061990247336,0.052018355759508306,0.012880143112701263,0.4946595464809148,312.0,0.015151515151515152,1.1216113655455078,1.0841885318374338,0.9306215279640391,0.2547881601857226,0.2542077771329077,0.5987224157955865,1.0,0.016464892711852138,0.13218509128046596,0.06654228855721393,2.6302010450166486,0.21828358208955223,0.3774875621890547,67.7654219101927
lobby_511040166,TaToH,2026,tournament,vs TAG_Sora Kuma,first 10 game minutes,True,False,93.79500317573546,60.840002059936516,0.35135135135135137,0.9230768918231459,0.11538461147789292,0.23846153038766715,2.7638460602671615,8.277461258201091,12.861538026069184,0.002785515320334262,1.849775352561756,0.2981902948237184,0.38913000000000014,0.10090166666666674,0.7557189365836423,168.0,0.125,1.1465885040117694,1.1465885040117694,0.9494229144836853,0.2618384401114206,0.2618384401114206,0.5921787709497207,1.0,0.03679418748158529,0.238199797465517,0.08849557522123894,2.6798767671501658,0.3421828908554572,0.23303834808259588,47.4890016078949
lobby_511040166,TaToH,2026,tournament,vs TAG_Sora Kuma,whole available replay,True,False,110.46970557753764,74.0015906057244,0.3301186943620178,0.9230768918231459,0.11538461147802082,0.36153844929754086,2.0384614694427454,5.907076723073579,12.861538026069184,0.00886426592797784,1.4463849179922792,0.1824671639811376,0.13829281253346395,0.024464420292929737,0.5861148947814615,300.0,0.034129692832764506,1.4048503609388192,1.389383772869626,1.218812906135429,0.34182825484764545,0.3412742382271468,0.47838137472283815,1.0,0.036998434028978726,0.25764753993370393,0.10536159600997506,3.307216469774542,0.35224438902743144,0.23254364089775562,58.71776264562739
lobby_511046560,TaToH,2026,tournament,vs TAG_Sora Kuma,first 10 game minutes,True,False,126.91900429725648,110.69500374794006,0.1278295605858855,1.1692307296426514,0.11538461147790713,0.35384614186556007,1.207692266801922,3.0037691290668525,4.207692165227229,0.0030581039755351682,1.1606126754450217,0.0743366348213894,0.01637666666666679,0.0,0.48373341704235756,276.0,0.027777777777777776,0.8485944502780566,0.8347644502384206,0.7818524067486985,0.2217125382262997,0.2217125382262997,0.666156202143951,1.0,0.03180128249871199,0.23927518251205532,0.0912,3.2213348162902777,0.312,0.2848,80.6130027294159
lobby_511046560,TaToH,2026,tournament,vs TAG_Sora Kuma,whole available replay,True,False,116.59175755513647,81.6576267244101,0.29962779156327546,1.1692307296426514,0.11834319125955517,0.36153844929739876,1.8033135484102556,4.684615226002502,12.861538026069184,0.0017722640673460345,1.3673251317740687,0.15516463152604476,0.06348119434348454,0.021879035649058107,0.5487762605501962,276.0,0.024096385542168676,1.545635832843652,1.4983190682896004,1.2906840227608167,0.3491360212671688,0.3455914931324767,0.4583333333333333,1.0,0.03156392811394047,0.25289336174538185,0.10138960370560988,3.4607371392346225,0.3365928975810602,0.2660833762223366,62.96099562763418
lobby_511053797,TaToH,2026,tournament,vs TAG_Sora Kuma,first 10 game minutes,True,False,130.46800441741942,99.03400335311889,0.24093264248704663,0.7999999729133932,0.11538461147790713,0.24615383781952005,1.5615384086675022,3.2461537362447124,6.130769023192045,0.0017094017094017094,1.2455828728095664,0.10936264066812404,0.03386499999999985,0.0,0.4407754362955457,192.0,0.013888888888888888,1.0588595250670974,1.011783777952833,0.8183105695437936,0.2153846153846154,0.21367521367521367,0.6643835616438356,1.0,0.013056946231177967,0.15878519703439964,0.05989110707803993,2.596506571764497,0.27223230490018147,0.4283121597096189,59.15000200271606
lobby_511053797,TaToH,2026,tournament,vs TAG_Sora Kuma,whole available replay,True,False,104.71058795239122,83.82472856900625,0.1994627266621894,0.7999999729133932,0.11538461147790713,0.3615384492973992,1.7999999390551153,4.0846152463174255,7.091715736218248,0.0016792611251049538,1.2060434852070698,0.09339955743788504,0.03620651033376933,0.0,0.49291749726952716,192.0,0.0,1.493775038086789,1.414561390590583,1.2256015862207856,0.32577665827036106,0.3224181360201511,0.5008403361344538,1.0,0.014857016199419811,0.2919520159161602,0.117813383600377,3.1805751950188794,0.3053722902921772,0.38642789820923656,54.99239743369371
lobby_511057711,TaToH,2026,tournament,vs TAG_Sora Kuma,first 10 game minutes,True,False,140.10100474357606,108.16000366210938,0.22798552472858866,0.7999999729133932,0.11538461147790713,0.2461538378195165,1.4384614897577404,2.959615284407974,3.9615383274076805,0.004694835680751174,1.1185880474362002,0.055975038460029575,0.0,0.0,0.33095505737184316,204.0,0.013888888888888888,0.9634543665568661,0.9147298963869634,0.8573783104891057,0.24100156494522693,0.23943661971830985,0.6316614420062696,1.0,0.019925966065910086,0.18148658594345807,0.06333333333333334,2.598697969008201,0.2816666666666667,0.37,70.64200239181518
lobby_511057711,TaToH,2026,tournament,vs TAG_Sora Kuma,whole available replay,True,False,134.73569019381233,95.12870218555452,0.2939606272939606,0.7999999729133932,0.11538461147802082,0.3615384492973135,1.5615384086675022,3.597846032029415,8.530768941932138,0.0028368794326241137,1.2021139222291466,0.09178177395316203,0.024232363967836422,0.0,0.4606526423620913,228.0,0.003745318352059925,1.2465021828859302,1.213804781244495,1.1074504056916363,0.32009456264775416,0.31962174940898347,0.4971617786187323,1.0,0.023693293505571998,0.2538287514386005,0.10129198966408269,3.276562226902545,0.303359173126615,0.30801033591731264,68.33441744898056
ranked_502637707,TaToH,2026,ranked,day 2026-08-28,first 10 game minutes,True,False,120.49700407981872,104.9490035533905,0.12903225806451613,1.0461538107328987,0.11538461147790713,0.24615383781949518,1.446153797189595,3.9619229427792444,5.646153654984914,0.03870967741935484,1.3244228690693447,0.13957136344955923,0.015903333333333346,0.0,0.4566431349471327,228.0,0.013888888888888888,0.5262359886505953,0.5262359886505953,0.4727111600157621,0.12258064516129032,0.12258064516129032,0.8109854604200323,1.0,0.030781245589656094,0.279022168144992,0.12335526315789473,3.2033843057070457,0.3223684210526316,0.28125,76.05000257492065
ranked_502637707,TaToH,2026,ranked,day 2026-08-28,whole available replay,True,False,116.02495497401837,90.33002151045449,0.2214604045251971,1.0461538107328987,0.11715975934657763,0.36153844929737033,1.687278049380609,4.451479139221446,7.69230743185949,0.050220264317180616,1.3508923551088838,0.14925921824805624,0.05576720307282891,0.0,0.5171540712288683,240.0,0.019867549668874173,1.2595695334777368,1.2186778673548406,1.0239578150290451,0.2687224669603524,0.2643171806167401,0.5821947994711326,1.0,0.023141944336498844,0.1917509172388097,0.0838584585555017,3.075634741302773,0.2617547261269995,0.3136209403780902,64.5953126080925
ranked_502643690,TaToH,2026,ranked,day 2026-08-28,first 10 game minutes,True,False,98.52700333595276,73.17700247764587,0.25728987993138935,1.0461538107328987,0.11538461147790713,0.3615384492974272,2.103846082613586,5.838076725409804,9.976922739121818,0.037037037037037035,1.475697734935512,0.19214693628497553,0.18280166666666667,0.0,0.7127808026640414,348.0,0.041666666666666664,1.0850162400464962,1.0404799524826527,0.9029538469524969,0.24305555555555555,0.24305555555555555,0.6148491879350348,1.0,0.02972458594900714,0.1480412497371536,0.01485148514851485,2.774794191236311,0.3217821782178218,0.29207920792079206,53.23500180244445
ranked_502643690,TaToH,2026,ranked,day 2026-08-28,whole available replay,True,False,95.55786097026886,74.18593603757036,0.22365428354814254,1.0461538107328987,0.11538461147793555,0.4769230607753343,2.0461537768746894,5.188845978160918,9.976922739121818,0.03812316715542522,1.2981595548743836,0.12973840490839242,0.10549426995513125,0.0,0.595664701629682,348.0,0.012048192771084338,1.3517485375147178,1.2911933948724772,1.1304680996003158,0.31573802541544477,0.3147605083088954,0.5303326810176126,1.0,0.02649147720185075,0.16443063524726373,0.05155746509129968,2.683940819947647,0.2857142857142857,0.2921589688506982,54.48029677759074
ranked_502647651,TaToH,2026,ranked,day 2026-08-28,first 10 game minutes,True,False,135.03100457191468,109.0050036907196,0.1927409261576971,0.9230768918231459,0.12307691890970318,0.24615383781949163,1.323076878279842,3.2899998886063337,8.292307411544598,0.020186335403726708,1.316309994126244,0.13655771245142084,0.02335666666666668,0.0,0.4232046991880156,228.0,0.013888888888888888,0.7899139309790524,0.7662380487359525,0.6419025967014049,0.16614906832298137,0.16614906832298137,0.7309486780715396,1.0,0.03260055741843511,0.27681000260903843,0.12520064205457465,3.177292746468924,0.33386837881219905,0.2841091492776886,79.09200267791748
ranked_502647651,TaToH,2026,ranked,day 2026-08-28,whole available replay,True,False,118.79370040550445,88.53029285803103,0.2547559966914806,0.9230768918231459,0.12307691890964634,0.36153844929737033,1.6846153275772082,3.768615257016588,11.415384228879589,0.020544142143253747,1.2889852202475258,0.12625036531091086,0.05265174969645711,0.00934708942720735,0.4708276881206854,228.0,0.012244897959183673,1.1549695736699375,1.1300537561868835,1.0308992943608424,0.2809550249861188,0.2809550249861188,0.5766666666666667,1.0,0.03260055741843511,0.2886218339283455,0.12186160440906307,3.52696333137229,0.3606858542559706,0.25964482547458667,67.69963571496491
ranked_503419779,TaToH,2026,ranked,day 2026-08-31,first 10 game minutes,True,False,144.15700488090516,118.80700402259826,0.17584994138335286,1.1692307296426514,0.11538461147790713,0.23846153038766715,1.4461537971895666,2.9190768242420666,4.330769084136932,0.04131054131054131,1.298514658886757,0.12987285407670066,0.0,0.0,0.34961359236745687,192.0,0.013888888888888888,0.6601434863714777,0.6601434863714777,0.5951733779470555,0.16524216524216523,0.16524216524216523,0.7332382310984308,1.0,0.012472515273297822,0.16547846611122208,0.06286549707602339,2.1410066752687626,0.22076023391812866,0.44005847953216376,67.93800230026245
ranked_503419779,TaToH,2026,ranked,day 2026-08-31,whole available replay,True,False,131.79063180820654,96.26225869700814,0.2695819317635752,1.1692307296426514,0.11538461147790713,0.24615383781952005,1.6846153275772622,4.084615246317346,9.022484901614916,0.03949967083607637,1.394298327645886,0.16468220484185309,0.06192517016149896,0.0,0.4516053237297504,192.0,0.015789473684210527,1.050967962223558,1.0395738723686678,0.9187538142117178,0.25082290980908495,0.2488479262672811,0.613965744400527,1.0,0.01885020291850373,0.23418107528759544,0.09483368719037509,3.0674254751707126,0.2781316348195329,0.37791932059447986,62.44380728634871
ranked_503596731,TaToH,2026,ranked,day 2026-09-01,first 10 game minutes,True,False,134.18600454330445,107.99100365638732,0.1952141057934509,1.0461538107328987,0.11538461147790713,0.23846153038765294,1.561538408667488,3.5999998781102778,5.892307492804413,0.03605015673981191,1.3902873329038519,0.16328050922217352,0.03081000000000003,0.0,0.4257312615435686,192.0,0.013888888888888888,0.5810097336508537,0.5810097336508537,0.5189225286847954,0.13949843260188088,0.13949843260188088,0.7770800627943485,1.0,0.00975873543572982,0.1377867070269258,0.020766773162939296,2.4653408249169178,0.268370607028754,0.4936102236421725,55.77000188827514
ranked_503596731,TaToH,2026,ranked,day 2026-09-01,whole available replay,True,False,125.14896494464914,95.09322379137059,0.2401597261836851,1.0461538107328987,0.11538461147790713,0.2461538378194632,1.6846153275771711,4.084922938614795,6.969230533264749,0.025544703230653644,1.376455463192991,0.15841048528937623,0.06277858626907186,0.0,0.47328627785062877,192.0,0.01775147928994083,0.9984155180845196,0.9845270148560767,0.8383368308684155,0.22238918106686703,0.22163786626596543,0.643609022556391,1.0,0.01700258779832064,0.2447535326464723,0.09897879025923016,3.3568761602470345,0.3377847604084839,0.39984289080911234,58.755047432656156
ranked_503599836,TaToH,2026,ranked,day 2026-09-01,first 10 game minutes,True,False,155.31100525856016,130.8060044288635,0.15778019586507072,0.9230768918231459,0.11538461147790713,0.23846153038764584,1.4384614897577364,2.8035383666155327,3.730769104451838,0.04915912031047866,1.3174704089365161,0.1369900593821186,0.0,0.0,0.3645059828064728,276.0,0.013888888888888888,0.4982242235789643,0.4982242235789643,0.4126195156819193,0.1034928848641656,0.1034928848641656,0.8264248704663213,1.0,0.008225930742872577,0.13984115432507496,0.022280471821756225,1.7821362848179083,0.20838794233289645,0.5032765399737876,65.9100022315979
ranked_503599836,TaToH,2026,ranked,day 2026-09-01,whole available replay,True,False,125.78255786777865,91.84511517618063,0.26981040350024305,0.9230768918231459,0.11538461147790713,0.24615383781952005,1.7999999390551338,3.733514666489154,8.55088728444639,0.038640906062624915,1.3053943223943987,0.13246945194053134,0.04647409900877861,0.0,0.5204731022743113,276.0,0.01015228426395939,0.8906237956288142,0.8906237956288142,0.8040936761911947,0.22784810126582278,0.22784810126582278,0.6533333333333333,1.0,0.016285457204767557,0.2076885196259448,0.08153310104529617,2.5282256849694655,0.2634146341463415,0.42578397212543556,54.48335394272765
ranked_505288489,TaToH,2026,ranked,day 2026-09-08,first 10 game minutes,True,False,127.76400432586671,89.9080030441284,0.2962962962962963,1.415384567462157,0.1230769189097316,0.35384614186553165,1.446153797189569,6.568615162213476,10.09230735059964,0.02071563088512241,1.668738183415495,0.2505821618513484,0.18384166666666665,0.028426666666666416,0.6289778158906579,240.0,0.05555555555555555,0.8971079400820919,0.8971079400820919,0.7256607569695652,0.19962335216572505,0.19962335216572505,0.6811320754716981,1.0,0.02237705933471998,0.2756165363154947,0.1182170542635659,2.604351031615516,0.31589147286821706,0.32751937984496127,61.34700207710266
ranked_505288489,TaToH,2026,ranked,day 2026-09-08,whole available replay,True,False,116.47079219096221,84.47991922540336,0.27466863033873345,1.415384567462157,0.12307691890970318,0.36153844929737033,1.5615384086675022,6.4627690119510826,18.26923015066643,0.021341463414634148,1.7485806880231438,0.27235172366780475,0.17112598443178895,0.07249460999542405,0.6334529135841582,240.0,0.07142857142857142,1.1463549792279866,1.114732105095008,0.9538459042834181,0.2632113821138211,0.2621951219512195,0.5808748728382502,1.0,0.02283581002283138,0.19857565160848745,0.08004268943436499,2.5372003627536905,0.3062966915688367,0.3244397011739594,58.406928926395636
ranked_506421735,TaToH,2026,ranked,day 2026-09-13,first 10 game minutes,True,False,146.52300496101378,121.84900412559509,0.16839677047289503,1.1692307296426514,0.11538461147790713,0.23846153038766715,1.3230768782798428,2.7615383680375776,6.246153634669938,0.027777777777777776,1.3089079180891825,0.133789622214484,0.017593333333333287,0.0,0.40375382762505313,252.0,0.013888888888888888,0.7531237730302994,0.7240452194596059,0.6279865296168311,0.15833333333333333,0.15833333333333333,0.7399165507649513,1.0,0.015455283282604086,0.15841189741409353,0.050359712230215826,2.539723274170813,0.23884892086330936,0.4474820143884892,69.29000234603882
ranked_506421735,TaToH,2026,ranked,day 2026-09-13,whole available replay,True,False,136.23744471356164,91.01872850277249,0.33191107118796315,1.1692307296426514,0.12307691890964634,0.36153844929739876,1.5630768701539204,4.00352649166631,7.714792638199015,0.021856086079354405,1.2521968796739913,0.1119781676060652,0.04893193712854389,0.005523308264324723,0.4790537479949149,252.0,0.01272264631043257,1.3594009261055962,1.3190511472847026,1.197860856752387,0.3389374579690652,0.3389374579690652,0.48873192061890347,1.0,0.025290065274889483,0.33638102544982146,0.1332569683085147,3.6258567146530956,0.3115693012600229,0.3161512027491409,65.68645717494202
ranked_506683393,TaToH,2026,ranked,day 2026-09-14,first 10 game minutes,True,False,155.31100525856016,128.10200433731077,0.17519042437431992,1.0461538107328987,0.11538461147790713,0.23846153038766715,1.1999999593701318,2.854615287963063,5.523076736075154,0.03963011889035667,1.318299144800252,0.13729856455935374,0.01555666666666666,0.0,0.391951596300571,264.0,0.013888888888888888,0.699161878821114,0.671866640223859,0.5599932781431083,0.13738441215323646,0.13606340819022458,0.7791005291005291,1.0,0.01891396712599281,0.1207813468517113,0.005494505494505495,1.9187184214090052,0.21153846153846154,0.38186813186813184,81.12000274658203
ranked_506683393,TaToH,2026,ranked,day 2026-09-14,whole available replay,True,False,126.00665026886952,95.3296385541971,0.24345549738219896,1.0461538107328987,0.12307691890964634,0.3538461418655743,1.5684614853561818,4.449070855279453,11.552662330740532,0.03519907674552799,1.389397857317707,0.16296903260591258,0.057038619791511175,0.01058545871134355,0.5191637662160434,264.0,0.0136986301369863,1.0804006146919745,1.0423009930137894,0.8987416742640572,0.23139065204847087,0.22792844777841892,0.6414549653579676,1.0,0.022978782241471762,0.17813076590146518,0.06699751861042183,2.883133359314817,0.2686104218362283,0.3250620347394541,66.52183543862658
ranked_506687982,TaToH,2026,ranked,day 2026-09-14,first 10 game minutes,True,False,123.87700419425964,101.56900343894958,0.1800818553888131,1.0461538107328987,0.11538461147790713,0.24615383781950584,1.3230768782798747,3.5696921868287186,6.130769023192059,0.021666666666666667,1.3450008518065661,0.14712184498388597,0.06952499999999974,0.0,0.45230673515331776,204.0,0.027777777777777776,0.751684913958157,0.7269633202507275,0.6225386401181516,0.17166666666666666,0.17,0.7312186978297162,1.0,0.025343185641210533,0.28539216465335643,0.13471502590673576,3.2640717477006422,0.36614853195164077,0.3281519861830743,69.45900235176086
ranked_506687982,TaToH,2026,ranked,day 2026-09-14,whole available replay,True,False,109.98387692719879,74.10340321700717,0.3262339418526031,1.0461538107328987,0.11834319125944148,0.3786982120302582,2.0463904632571484,5.021408114007517,12.688756966830397,0.03263052208835342,1.326638655468636,0.14039079712738797,0.08536861720968984,0.014133498194810738,0.5301000852460936,204.0,0.015479876160990712,1.5624573191239046,1.5129177319238567,1.2810651055519167,0.3373493975903614,0.3358433734939759,0.4691109994977398,1.0,0.031178360210924287,0.23155368897200593,0.08938869665513265,3.261527314343851,0.3356401384083045,0.2946943483275663,55.103483977724345
ranked_506700185,TaToH,2026,ranked,day 2026-09-14,first 10 game minutes,True,False,110.35700373649597,88.55600299835204,0.19754977029096477,0.9230768918231459,0.11538461147790713,0.24615383781949163,1.6846153275772622,3.9384614051120783,12.61538418824972,0.022944550669216062,1.4790815801224697,0.1932496227489224,0.07528833333333342,0.07528833333333342,0.5703265906672625,192.0,0.06944444444444445,0.7500564610017768,0.7500564610017768,0.638573953206203,0.1682600382409178,0.1682600382409178,0.7394636015325671,1.0,0.026598078840983523,0.22956651818020113,0.08431372549019608,3.2423705963707743,0.3411764705882353,0.3392156862745098,59.319002008438105
ranked_506700185,TaToH,2026,ranked,day 2026-09-14,whole available replay,True,False,115.95378458684868,86.5041586150752,0.2539772727272727,0.9230768918231459,0.12307691890964634,0.3538461418655743,1.684615327577235,4.2516921637374665,21.51538388691114,0.024390243902439025,1.7107936907550187,0.26220870041830674,0.10072211220092826,0.066381174403676,0.5669800148785898,254.3589088003303,0.04918032786885246,1.3819233427106852,1.3310799121097256,1.1822196865420957,0.3208841463414634,0.3178353658536585,0.5255530129672006,1.0,0.02095681677825975,0.20209059674668056,0.07329401853411963,3.08069363964156,0.2855939342881213,0.35467565290648695,58.76748627924377
ranked_506837938,TaToH,2026,ranked,day 2026-09-15,first 10 game minutes,True,False,125.73600425720214,101.73800344467163,0.19086021505376344,1.7384614796002582,0.11538461147791282,0.23846153038766715,1.6553845593361718,3.485999881970109,11.653845759267217,0.029950083194675542,1.469865744909278,0.19023938684834749,0.05009333333333345,0.032825,0.4427338806061096,252.0,0.027777777777777776,0.6541332306457305,0.6541332306457305,0.5227478589146672,0.129783693843594,0.129783693843594,0.7883333333333333,1.0,0.015212786346517897,0.1754102255310633,0.06984667802385008,2.9905239987850947,0.29642248722316866,0.42759795570698467,59.319002008438105
ranked_506837938,TaToH,2026,ranked,day 2026-09-15,whole available replay,True,False,120.72574950392634,93.0705117321018,0.2290748898678414,1.7384614796002582,0.11538461147802082,0.36153844929737033,1.5669230238697598,3.723076797019985,11.653845759267217,0.031446540880503145,1.2786119402148828,0.12227265876110899,0.04101920729836424,0.010329803699637947,0.4549791652552087,252.0,0.008849557522123894,1.1775379968902489,1.148238144732234,1.000528546984596,0.28702115494568325,0.28530588907947396,0.5612128146453089,1.0,0.01833387166174493,0.15814038377140474,0.06650396583282489,3.2066091876454528,0.2940817571690055,0.3569249542403905,61.9583692387992
ranked_506842626,TaToH,2026,ranked,day 2026-09-15,first 10 game minutes,True,False,122.01800413131713,92.27400312423705,0.24376731301939059,0.7999999729133932,0.11538461147790713,0.2461538378194632,2.0461537768746325,3.4546152676481223,4.80769214491221,0.03302752293577982,1.264826665178531,0.11693021335814029,0.0,0.0,0.4556134602555578,228.0,0.013888888888888888,0.7296727581005954,0.7296727581005954,0.6307415247157137,0.1944954128440367,0.1944954128440367,0.6930147058823529,1.0,0.011795969218293432,0.10462872030527993,0.005639097744360902,1.3980887519109244,0.19360902255639098,0.43796992481203006,52.89700179100036
ranked_506842626,TaToH,2026,ranked,day 2026-09-15,whole available replay,True,False,121.85837418930986,74.86592105437369,0.3856317093311313,0.7999999729133932,0.117159759346805,0.3615384492973952,2.119171525881635,4.937727643468105,13.359171145314917,0.02824478816408877,1.4486008254799783,0.18320700573644655,0.0942011403314216,0.02078120293999309,0.5428269078221029,228.0,0.03765690376569038,1.2146254193482044,1.2059261875759573,1.0615524401004481,0.29791526563550774,0.29791526563550774,0.5302826379542396,0.9700948212983224,0.022982328402351333,0.21393805961352605,0.08803611738148984,3.1529979132604455,0.309255079006772,0.3581640331075997,50.91687641601221
ranked_506874133,TaToH,2026,ranked,day 2026-09-15,first 10 game minutes,True,False,111.54000377655028,86.69700293540954,0.22272727272727272,0.9230768918231459,0.11538461147790713,0.24615383781950584,1.8884614745215054,4.562076768612972,8.415384330454359,0.03515625,1.4147727509995622,0.1717647140203453,0.07247500000000012,0.0,0.5209275845776058,240.0,0.041666666666666664,1.1129701548828679,1.0902832214144633,0.7918254364977141,0.208984375,0.20703125,0.6790606653620352,1.0,0.012295352130305973,0.16270753454201659,0.021691973969631236,2.1309049755960174,0.24295010845986983,0.43817787418655096,52.55900177955627
ranked_506874133,TaToH,2026,ranked,day 2026-09-15,whole available replay,True,False,109.58260742835955,69.63797955931236,0.36451612903225805,0.9230768918231459,0.11715975934691869,0.3727810524671895,2.293786904584806,5.903550095974055,13.486390075918735,0.047232097511427124,1.4407937197068128,0.18059441736016948,0.1462631788297873,0.02822569540191624,0.6493931464700444,396.0,0.04411764705882353,1.7021229562666775,1.651766208426217,1.3463603826737829,0.35093956323006603,0.3478923311325546,0.46290650406504064,1.0,0.021626604872174455,0.17562014416091726,0.05220125786163522,2.9620811355247625,0.2880503144654088,0.3440251572327044,50.3019517324373
ranked_506880558,TaToH,2026,ranked,day 2026-09-15,first 10 game minutes,True,False,126.24300427436827,102.7520034790039,0.18607764390896922,1.0461538107328987,0.11538461147790713,0.2461538378194632,1.6769230201453809,3.3615383477226155,5.046153675299877,0.018121911037891267,1.3000200431304572,0.13044236028574466,0.014213333333333368,0.0,0.4241763242056545,216.0,0.013888888888888888,0.887183403449341,0.8509991929230253,0.7226050055136923,0.1812191103789127,0.17957166392092258,0.7178217821782178,1.0,0.01723557974956797,0.23961279018730833,0.09688581314878893,2.668081904027323,0.2768166089965398,0.40484429065743943,63.20600214004516
ranked_506880558,TaToH,2026,ranked,day 2026-09-15,whole available replay,True,False,116.65405145041143,80.9356171234012,0.3061911170928668,1.0461538107328987,0.12307691890964634,0.36153844929754086,1.8076922464870222,4.690769071947898,12.307100175018832,0.019408054342552158,1.339834710803587,0.14523876803540325,0.0792905551349163,0.008051105299585096,0.5208228338614249,216.0,0.02287581699346405,1.5697320162314852,1.5034416685762249,1.3511597656938172,0.3697234352256186,0.3682678311499272,0.4621359223300971,1.0,0.024440389091699502,0.25459547273170824,0.10265087422447829,3.2089422561789807,0.3051325437112239,0.3344613649182177,57.65975827074509
ranked_506885930,TaToH,2026,ranked,day 2026-09-15,first 10 game minutes,True,False,120.8350040912628,94.6400032043457,0.21678321678321677,1.1692307296426514,0.11538461147790713,0.2461538378194632,1.9230768579648725,3.8034614096829755,6.484615165057676,0.03756708407871199,1.4234454905821992,0.17472870432933582,0.0659966666666669,0.0,0.5284748946598261,228.0,0.027777777777777776,0.6487986956880852,0.6487986956880852,0.5693688723530098,0.1449016100178891,0.1449016100178891,0.7724014336917563,1.0,0.017744242031917067,0.2365101219004067,0.09497206703910614,2.9888175722670245,0.3221601489757914,0.4227188081936685,56.27700190544128
ranked_506885930,TaToH,2026,ranked,day 2026-09-15,whole available replay,True,False,108.5979163647848,74.43081448838298,0.3146202341639147,1.1692307296426514,0.11715975934703238,0.4769230607753343,2.1615383883525396,5.611200993446461,10.82307655662646,0.06485539000876424,1.3331792265673397,0.1428005284692704,0.09324002803660221,0.011431667213251917,0.5906727287820323,384.0,0.024390243902439025,1.6102047996521038,1.557868967432064,1.3457862666963907,0.35801928133216476,0.3558282208588957,0.4620780359491451,1.0,0.02459601234414526,0.22153493077398495,0.08918503331624808,3.02636676620192,0.3177857508969759,0.3203485392106612,54.05444170904028
ranked_506894055,TaToH,2026,ranked,day 2026-09-15,first 10 game minutes,True,False,113.39900383949279,92.61200313568115,0.18330849478390462,1.415384567462157,0.11538461147790713,0.24615383781950584,1.5615384086675022,5.646922885728119,8.29999971897638,0.031078610603290677,1.5115047168991627,0.20366464512584856,0.1432166666666666,0.0,0.5179910948674503,216.0,0.027777777777777776,0.5563384195164898,0.5563384195164898,0.49761380522325616,0.13711151736745886,0.13711151736745886,0.7857142857142857,1.0,0.036569749824661144,0.2969810575500976,0.13059701492537312,3.2457970068339526,0.44029850746268656,0.2462686567164179,70.30400238037109
ranked_506894055,TaToH,2026,ranked,day 2026-09-15,whole available replay,True,False,123.43891238079135,94.39938519697128,0.2352542372881356,1.415384567462157,0.11538461147796397,0.35384614186554586,1.5615384086675022,4.711692148162617,8.29999971897638,0.032830523513753325,1.391219025505347,0.16360652091360342,0.08589182372496382,0.0,0.46077463463207907,216.0,0.006944444444444444,1.0044686645229477,1.0044686645229477,0.8931145628530509,0.25643300798580304,0.25643300798580304,0.6021314387211367,1.0,0.020387491024800704,0.25917584653175324,0.10820895522388059,3.0942972629017147,0.33675373134328357,0.33861940298507465,64.02085964156296
ranked_506897408,TaToH,2026,ranked,day 2026-09-15,first 10 game minutes,True,False,109.85000371932983,75.71200256347655,0.31076923076923074,2.938461438970348,0.1230769189097316,0.36153844929739876,2.1623076190957193,5.064384443913355,7.207692063652416,0.03803131991051454,1.3562819360403036,0.15120513831168692,0.082615,0.0,0.5863699509590811,252.0,0.027777777777777776,0.8117834570955829,0.7826639333527472,0.6764986205076994,0.18120805369127516,0.18120805369127516,0.7242152466367713,1.0,0.051180918270774825,0.2750831012778041,0.12589073634204276,3.265060393949753,0.4156769596199525,0.20902612826603326,60.840002059936516
ranked_506897408,TaToH,2026,ranked,day 2026-09-15,whole available replay,True,False,102.77391305276292,68.05496367162417,0.3378186968838527,2.938461438970348,0.12307691890970318,0.3621301652536886,2.295857910431846,5.8521063107335625,12.61538418824972,0.0417558886509636,1.4330472377083046,0.1779855446276469,0.14701778161886486,0.02798530496926339,0.5986248265142007,252.0,0.03636363636363636,1.3507744732664426,1.3299371390071086,1.1597767888626536,0.32012847965738755,0.32012847965738755,0.5273311897106109,1.0,0.041008689671739235,0.2515794408733969,0.10099750623441396,3.0924599239873656,0.38902743142144636,0.256857855361596,53.06103584664601
ranked_507064675,TaToH,2026,ranked,day 2026-09-16,first 10 game minutes,True,False,135.70700459480287,110.35700373649597,0.18679950186799502,1.2923076485524043,0.11538461147790713,0.24615383781949163,1.5615384086674737,3.4846152666323773,5.169230594209608,0.04754601226993865,1.3472203770548639,0.14792832426349886,0.014559999999999976,0.0,0.41513760729416316,252.0,0.013888888888888888,0.6841325056059123,0.6841325056059123,0.5874212202592272,0.1579754601226994,0.1579754601226994,0.7496159754224271,1.0,0.018057328134218224,0.2619554454097993,0.10377358490566038,2.896956837952117,0.2971698113207547,0.4088050314465409,66.41700224876404
ranked_507064675,TaToH,2026,ranked,day 2026-09-16,whole available replay,True,False,136.25428345884012,102.77148511443276,0.24573758339510748,1.2923076485524043,0.11538461147796397,0.24615383781952005,1.577278053104965,3.5056921889956607,5.7994080876658245,0.04277286135693215,1.2941794499667465,0.1282286134901132,0.01849347782670248,0.0,0.4366062255934538,252.0,0.008403361344537815,1.209132084300444,1.1897288883701485,0.9601854614482535,0.23795476892822026,0.23795476892822026,0.6187899655681259,1.0,0.02319334286447365,0.32015769964501206,0.12955906369080022,3.531780236538085,0.30593358737071313,0.32988568317909633,72.1672983923953
ranked_507070391,TaToH,2026,ranked,day 2026-09-16,first 10 game minutes,True,False,136.89000463485718,113.23000383377074,0.1728395061728395,1.0461538107328987,0.11538461147790713,0.23846153038766715,1.446153797189598,3.0046922059586882,5.646153654984914,0.043348281016442454,1.285154033163797,0.12478547573836891,0.015903333333333346,0.0,0.36602176354396876,204.0,0.013888888888888888,0.6309453075511128,0.6309453075511128,0.5656161818676463,0.15695067264573992,0.15695067264573992,0.7455089820359282,1.0,0.014857838834790176,0.21950122443204886,0.07446808510638298,2.3509250198916845,0.26443768996960487,0.41641337386018235,66.92400226593017
ranked_507070391,TaToH,2026,ranked,day 2026-09-16,whole available replay,True,False,136.54353573212794,103.24694600301169,0.24385328496573963,1.0461538107328987,0.11538461147802082,0.24615383781963374,1.4507691816487989,3.4804969235766015,14.184614904348962,0.037333333333333336,1.3704266684918722,0.15627003923624744,0.036540111732207343,0.01301100008087093,0.46640359405381415,348.0,0.0182648401826484,1.037909893073246,1.0354955407209108,0.8799801181201975,0.2304,0.22986666666666666,0.6350053361792957,1.0,0.020341776616778152,0.23243549376175673,0.09254947613504075,2.97852491757163,0.30034924330616997,0.3678696158323632,68.46439276532331
ranked_507075120,TaToH,2026,ranked,day 2026-09-16,first 10 game minutes,True,False,136.214004611969,106.63900361061096,0.21712158808933002,1.2923076485524043,0.11538461147790713,0.23846153038766715,1.569230716099355,3.246153736244736,4.6923075334343025,0.046031746031746035,1.2766982971870102,0.1215348988176811,0.0,0.0,0.42332183777464627,240.0,0.013888888888888888,0.7995091595348369,0.7995091595348369,0.687696647452316,0.2,0.2,0.6788553259141494,0.8155339805825242,0.008680567423597971,0.10289474188260352,0.007952286282306162,1.0471097809886416,0.12922465208747516,0.47514910536779326,66.24800224304198
ranked_507075120,TaToH,2026,ranked,day 2026-09-16,whole available replay,True,False,128.18326871357988,76.71290056614315,0.4015373352855051,1.2923076485524043,0.117159759346805,0.3615384492973135,2.0807099887224045,5.798769034433018,11.653845759267142,0.03488372093023256,1.5418299626279646,0.21316530633220393,0.14131425594194205,0.026461690516490513,0.579498680614072,240.0,0.04296875,1.2808050140098044,1.278034784644067,1.100232866588341,0.30660954712362304,0.30660954712362304,0.5229638701775873,0.8596141051230871,0.019939562169860446,0.1834700549839371,0.07978311386522076,2.524124940534628,0.24089852827265684,0.3648334624322231,54.61395489846522
ranked_507093584,TaToH,2026,ranked,day 2026-09-16,first 10 game minutes,True,False,157.17000532150269,122.18700413703918,0.22258064516129034,1.415384567462157,0.11538461147790713,0.23846153038766715,1.3461538005754317,2.81569221235785,5.29230751311934,0.05955678670360111,1.3059528944681733,0.13267959428058304,0.014906666666666582,0.0,0.471041175027336,288.0,0.013888888888888888,0.8110456929160099,0.7874009744993196,0.6688816643818984,0.17174515235457063,0.17174515235457063,0.7281553398058253,1.0,0.014979993969536105,0.1626341062608715,0.06428571428571428,2.802413626503494,0.23714285714285716,0.4228571428571429,72.16300244331359
ranked_507093584,TaToH,2026,ranked,day 2026-09-16,whole available replay,True,False,149.8190292509812,116.19130744255325,0.22445561139028475,1.415384567462157,0.11538461147790713,0.23846153038766715,1.4384614897577905,3.286846042559252,12.61538418824972,0.06594594594594595,1.5209515458979908,0.2066487738511539,0.04951498479803107,0.02638225310876257,0.4998821985695853,288.0,0.010416666666666666,0.924063855444622,0.9025994850508713,0.7279703154026601,0.1827027027027027,0.1827027027027027,0.7034632034632035,1.0,0.015812883462835152,0.1999513530099956,0.08603351955307263,2.9238014502906626,0.24022346368715083,0.4145251396648045,69.63949852118473
ranked_508468284,TaToH,2026,ranked,day 2026-09-22,first 10 game minutes,True,False,129.45400438308715,102.41400346755981,0.20887728459530025,1.0461538107328987,0.11538461147790713,0.23846153038765294,1.6846153275772338,3.5156152655827686,7.092307452174509,0.02809917355371901,1.3613318107851275,0.15302034603302403,0.01997666666666668,0.0,0.4566278240633745,228.0,0.027777777777777776,0.6632829112798695,0.6553052432004361,0.5448213981716304,0.13884297520661157,0.13884297520661157,0.7764900662251656,1.0,0.013263222553833547,0.15734130039279998,0.015254237288135594,2.0626428075942016,0.24067796610169492,0.4322033898305085,59.319002008438105
ranked_508468284,TaToH,2026,ranked,day 2026-09-22,whole available replay,True,False,122.04114405375255,86.02900318543212,0.29508196721311475,1.0461538107328987,0.11538461147802082,0.3615384492973135,1.9230768579649293,4.09733122221813,12.114200773266248,0.027918781725888325,1.3404168766953604,0.1454513852147677,0.054096772804890496,0.007344415904949163,0.5130769409098184,240.0,0.021212121212121213,1.3480509351937309,1.3255736249321757,1.1045676262743107,0.2736886632825719,0.2736886632825719,0.5670757511637748,1.0,0.02571920109379959,0.24897802275471087,0.09899086977414705,3.4105184959260946,0.31475252282556465,0.3229216722729457,61.58439847481462
ranked_508883926,TaToH,2026,ranked,day 2026-09-24,first 10 game minutes,True,False,147.87500500679013,115.76500391960144,0.21714285714285714,1.1692307296426514,0.11538461147790713,0.23846153038766715,1.323076878279835,3.246153736244726,7.092307452174502,0.023391812865497075,1.4240429363459761,0.17493210618834262,0.034211666666666515,0.0,0.4211647206044523,216.0,0.027777777777777776,0.6831539478908081,0.6713992493056637,0.5750466848971236,0.14619883040935672,0.14619883040935672,0.7642752562225475,1.0,0.016493979757198667,0.15954508579282534,0.04962406015037594,2.7105551184221843,0.2556390977443609,0.42105263157894735,68.44500231742859
ranked_508883926,TaToH,2026,ranked,day 2026-09-24,whole available replay,True,False,155.0099587984668,116.34594510273051,0.24942922374429224,1.1692307296426514,0.11538461147796397,0.2461538378195769,1.1999999593701887,3.0076922058570483,8.415384330454572,0.032331685051350326,1.245005852587937,0.10913372555599611,0.023043460999665394,0.0,0.39293078110072793,240.0,0.007352941176470588,1.0624498657220915,1.049746853965131,0.9658200840047305,0.28756181057436286,0.28718143780905286,0.5574581430745814,1.0,0.019458577742628748,0.1415244719115371,0.05139619587211655,3.0695788417503502,0.24726831242411978,0.35896398219344394,77.10683738177158
ranked_508889323,TaToH,2026,ranked,day 2026-09-24,first 10 game minutes,True,False,154.12800521850585,126.07400426864625,0.18201754385964913,0.9230768918231459,0.11538461147790713,0.23846153038766715,1.2007691901133137,2.769230675469436,8.530768941932251,0.03355704697986577,1.404474224809292,0.16821732611476523,0.024028333333333363,0.0,0.42171334635879826,252.0,0.013888888888888888,0.6855514241791258,0.6567679734268397,0.5476589198622559,0.1342281879194631,0.1342281879194631,0.7849462365591398,1.0,0.013798506757884733,0.16432499395620362,0.03905160390516039,2.231574974303765,0.2594142259414226,0.4476987447698745,71.8250024318695
ranked_508889323,TaToH,2026,ranked,day 2026-09-24,whole available replay,True,False,159.30900872849398,122.75102305202326,0.22947845804988662,0.9230768918231459,0.11538461147790713,0.24615383781940636,1.1653845759266626,3.246153736244734,10.938461168104254,0.02591283863368669,1.4256891619839231,0.17549204929281223,0.05918858836606151,0.013171545016672812,0.46837851315776424,408.0,0.005988023952095809,1.017623940371279,0.9940309206831824,0.8970329418398795,0.26030624263839813,0.2597173144876325,0.5998821449616971,1.0,0.01627968709175811,0.12335164317036164,0.026559604694255712,2.9720351147280772,0.2458307597282273,0.4051883878937616,75.35568984300191
ranked_508893295,TaToH,2026,ranked,day 2026-09-24,first 10 game minutes,True,False,138.91800470352172,115.59600391387939,0.1678832116788321,1.2923076485524043,0.11538461147790713,0.23846153038766715,1.323076878279835,3.41999988420474,4.569230614524571,0.03806734992679356,1.3206894575493753,0.13818714800730816,0.0,0.0,0.5327097000241746,456.0,0.013888888888888888,0.8120026081512118,0.7754950958706854,0.6549649695822042,0.1683748169838946,0.1683748169838946,0.7404692082111437,1.0,0.023895181196326512,0.2254884485945542,0.0950920245398773,2.915358045400203,0.3006134969325153,0.3389570552147239,78.24700264930725
ranked_508893295,TaToH,2026,ranked,day 2026-09-24,whole available replay,True,False,134.89097680207968,99.04057989456389,0.2657731284733573,1.2923076485524043,0.12307691890964634,0.3615384492973135,1.4461537971897087,3.730769104451972,9.853845820212086,0.027616926503340758,1.2692258062589523,0.11864214020322562,0.025621155152454382,0.0,0.4861931997744726,456.0,0.007326007326007326,1.308767082023069,1.2679554274684048,1.1225862119232237,0.2971046770601336,0.29665924276169264,0.5343137254901961,1.0,0.026794480139156196,0.2363313289294217,0.09731876861966236,3.0872442777247664,0.31678252234359483,0.30883813306852037,71.6126009567105
ranked_508899243,TaToH,2026,ranked,day 2026-09-24,first 10 game minutes,True,False,148.72000503540036,111.37100377082825,0.25113636363636366,1.0461538107328987,0.11538461147790713,0.23846153038766715,1.323076878279842,3.3692306551544675,6.969230533264749,0.02735562310030395,1.4359152238897803,0.17895336406399692,0.07004833333333342,0.0,0.4376549804002148,228.0,0.027777777777777776,0.7978784262225621,0.7660641058515908,0.6197302158772736,0.1519756838905775,0.15045592705167174,0.7503805175038052,1.0,0.015316645231831754,0.14366253558616193,0.044444444444444446,2.447700909916728,0.22857142857142856,0.41904761904761906,66.75500226020813
ranked_508899243,TaToH,2026,ranked,day 2026-09-24,whole available replay,True,False,148.7311160755918,111.36065056697423,0.2512619181155356,1.0461538107328987,0.11538461147793555,0.24615383781949163,1.323076878279835,3.1230768173349475,6.969230533264749,0.024737631184407798,1.2853946597492953,0.12487762607295262,0.03457495160790106,0.0,0.41156737428127266,264.0,0.006944444444444444,1.0378127962119994,1.0096314374403534,0.8967954536395705,0.24737631184407796,0.24662668665667167,0.6106526631657915,1.0,0.017014990772334544,0.23695777968371573,0.09777424483306836,2.786955179847951,0.2790143084260731,0.39507154213036566,69.90279039335161
ranked_508902656,TaToH,2026,ranked,day 2026-09-24,first 10 game minutes,True,False,149.73400506973266,115.93400392532348,0.22573363431151242,1.7491123668136022,0.11538461147790713,0.23846153038766715,1.323076878279835,2.523076837649929,4.323076776705079,0.024817518248175182,1.1774845328297818,0.0815089752206548,0.030899999999999976,0.030899999999999976,0.4068596424767598,216.0,0.041666666666666664,0.8061665246991293,0.7730514697361505,0.6569403775810757,0.16058394160583941,0.1591240875912409,0.7412280701754386,1.0,0.019627456911441757,0.1741334043355053,0.07283763277693475,2.342570402313058,0.27769347496206376,0.3884673748103187,72.67000246047974
ranked_508902656,TaToH,2026,ranked,day 2026-09-24,whole available replay,True,False,111.14215032495754,77.63942394099399,0.301440329218107,1.7491123668136022,0.11538461147790713,0.3615384492973135,1.6846153275772622,6.794230539189996,24.638460704246143,0.022844509948415623,2.116503963063561,0.3582552681774947,0.21104488669648525,0.12264102539525547,0.6550594130855388,216.0,0.10952380952380952,1.2250006154258428,1.187095857920101,1.0552731593942777,0.27855563743551953,0.2778187177597642,0.5744837758112095,1.0,0.02051112795590498,0.20416625807390923,0.08413461538461539,2.889460744468754,0.2876602564102564,0.35176282051282054,52.54096509703496
ranked_508907620,TaToH,2026,ranked,day 2026-09-24,first 10 game minutes,True,False,132.15800447463988,106.63900361061096,0.19309462915601022,1.0461538107328987,0.11538461147790713,0.23846153038766715,1.5384614863719173,3.6944614133735207,5.4153844320291,0.026984126984126985,1.3142883726772951,0.13580346182775369,0.029813333333333324,0.0,0.43094234850768887,228.0,0.013888888888888888,0.7647622076753674,0.742932671208145,0.6483720770520016,0.1746031746031746,0.1746031746031746,0.7217806041335453,1.0,0.027791339490960795,0.17335474005528995,0.03273322422258593,2.4100895432941916,0.3109656301145663,0.3404255319148936,71.48700242042541
ranked_508907620,TaToH,2026,ranked,day 2026-09-24,whole available replay,True,False,133.15276177969238,91.85743581890925,0.3101349563376555,1.0461538107328987,0.11538461147802082,0.3615384492973135,1.6769230201453809,4.144615244285976,9.8538458202122,0.021872601688411358,1.30589880457793,0.13265924938710466,0.05365854167050323,0.0,0.4555434542046379,228.0,0.017595307917888565,1.337622594219114,1.3186716152182782,1.1606042525830083,0.32578664620107445,0.3250191864927091,0.49750479846449136,1.0,0.027449060799454854,0.22058014670245266,0.08570234113712374,3.152031161908515,0.3102006688963211,0.29891304347826086,66.6644681892506
ranked_508914728,TaToH,2026,ranked,day 2026-09-24,first 10 game minutes,True,False,151.25500512123108,125.06000423431396,0.17318435754189945,0.9230768918231459,0.11538461147790713,0.23846153038766715,1.1999999593701318,2.994153744776997,4.569230614524571,0.036535859269282815,1.2575930801529493,0.11410075731428877,0.0,0.0,0.4297212305805792,276.0,0.013888888888888888,0.6591397397255504,0.6268699615141137,0.5261512500367318,0.13667117726657646,0.13667117726657646,0.7981029810298103,1.0,0.024865210427236,0.21360787210487728,0.090014064697609,3.0634608586788965,0.33473980309423346,0.3558368495077356,82.30300278663636
ranked_508914728,TaToH,2026,ranked,day 2026-09-24,whole available replay,True,False,146.27578306108043,111.64918785776894,0.23672131147540984,0.9230768918231459,0.11538461147793555,0.23846153038766715,1.4384614897577421,3.1889229689516756,6.730769002877139,0.03267411865864144,1.2841582859759293,0.12440393808107734,0.021138971212139826,0.0,0.4302811702001899,276.0,0.015873015873015872,0.8964853244934468,0.8623341097432525,0.740997507671364,0.20292347377472056,0.20292347377472056,0.693631669535284,1.0,0.022469838646142305,0.2641401850853709,0.10416666666666667,3.0599146175401906,0.3242753623188406,0.3541666666666667,74.14503626637061
ranked_508917520,TaToH,2026,ranked,day 2026-09-24,first 10 game minutes,True,False,149.39600505828858,115.59600391387939,0.22624434389140272,0.9230768918231459,0.11538461147790713,0.23846153038766715,1.438461489757735,3.007692205857097,6.015384411714166,0.02342606149341142,1.2801531403868407,0.12286593186425682,0.016943333333333328,0.0,0.39890585968077447,204.0,0.013888888888888888,0.6020246743598239,0.5872124698498866,0.5039450490655104,0.13469985358711567,0.13323572474377746,0.7859237536656891,1.0,0.01396032202700738,0.15018295217353722,0.0239880059970015,2.159311396285548,0.22038980509745126,0.4332833583208396,66.75500226020813
ranked_508917520,TaToH,2026,ranked,day 2026-09-24,whole available replay,True,False,148.71637564766135,110.75620833423518,0.2552521008403361,0.9230768918231459,0.11538461147802082,0.24615383781952005,1.323076878279835,3.1230768173349612,6.015384411714166,0.02328042328042328,1.1783543337618896,0.08187572196020199,0.00720490119691418,0.0,0.3710227465475943,240.0,0.0,1.1914539296414717,1.1683863962873113,1.0012299060705507,0.2761904761904762,0.2747795414462081,0.565984474241355,1.0,0.01750324438716707,0.14930558204650962,0.055369751021924936,2.866795228563521,0.28056484578223706,0.3664065403195838,72.24928963975145
ranked_508924320,TaToH,2026,ranked,day 2026-09-24,first 10 game minutes,True,False,146.8610049724579,116.44100394248962,0.20713463751438435,0.9230768918231459,0.11538461147790713,0.23846153038764584,1.4461537971895968,3.0961537413234765,4.6923075334343025,0.01744186046511628,1.3589280650470765,0.15215727446945843,0.0,0.0,0.39170829230239046,240.0,0.013888888888888888,0.47702296571928143,0.47702296571928143,0.4301852607958493,0.11337209302325581,0.11337209302325581,0.8238719068413392,1.0,0.012293489893228446,0.14365589033867632,0.008875739644970414,2.2609668120746966,0.2603550295857988,0.4541420118343195,64.55800218582152
ranked_508924320,TaToH,2026,ranked,day 2026-09-24,whole available replay,True,False,144.94253364313397,111.40485690096551,0.2313860252004582,0.9230768918231459,0.11538461147790713,0.24615383781940636,1.446153797189595,3.1092306639575917,4.6923075334343025,0.020879940343027592,1.2264543873438885,0.10171076875913167,0.0,0.0,0.3529840158501911,240.0,0.0,0.7965643557210557,0.7919663453732574,0.7133450913778363,0.19910514541387025,0.19910514541387025,0.6992537313432836,1.0,0.014388790912335135,0.12552177498609537,0.0207532667179093,2.809010558403041,0.2536510376633359,0.42198308993082245,65.83014271420689
ranked_508927645,TaToH,2026,ranked,day 2026-09-24,first 10 game minutes,True,False,139.25600471496583,112.72300381660462,0.19053398058252427,0.9230768918231459,0.11538461147790713,0.23846153038766715,1.392307645166582,3.3027691189432016,7.4538459014719365,0.016516516516516516,1.364548432433638,0.1541725377383951,0.020995000000000093,0.0,0.4708672621794946,216.0,0.027777777777777776,0.6967835006183689,0.6645909155191102,0.49408205139718986,0.12312312312312312,0.12312312312312312,0.8030075187969925,1.0,0.018872573887493166,0.14322268243747466,0.010954616588419406,2.2939268487345914,0.3223787167449139,0.3865414710485133,70.98000240325928
ranked_508927645,TaToH,2026,ranked,day 2026-09-24,whole available replay,True,False,121.12446621960784,92.85315828560645,0.2334070796460177,0.9230768918231459,0.11538461147796397,0.35384614186553875,1.6553845593361025,3.6076921855421564,7.930768962247157,0.01588447653429603,1.3230296183535097,0.13905531629961004,0.0477801922201512,0.0,0.5029662207432876,216.0,0.027777777777777776,1.1647428385650076,1.123238792488755,0.9663004543512393,0.25415162454873647,0.2527075812274368,0.6033236994219653,1.0,0.020926611721394636,0.16644907981574728,0.06516679596586501,3.02261092853498,0.34290147401086113,0.3491078355314197,62.70602897209786
ranked_508931665,TaToH,2026,ranked,day 2026-09-24,first 10 game minutes,True,False,151.25500512123108,119.48300404548645,0.2100558659217877,1.2923076485524043,0.11538461147790713,0.23846153038765294,1.4384614897577421,2.7946152899945695,4.569230614524599,0.0226628895184136,1.2824541567435996,0.1237501992796122,0.0,0.0,0.3696583117891134,240.0,0.013888888888888888,0.6442778442397421,0.6374398430287992,0.5351659193428518,0.13739376770538245,0.13739376770538245,0.7730496453900709,1.0,0.017885527097891225,0.1578252288191386,0.023154848046309694,2.5363699863497144,0.29088277858176553,0.4081041968162084,71.8250024318695
ranked_508931665,TaToH,2026,ranked,day 2026-09-24,whole available replay,True,False,130.83470050702638,90.66648896304353,0.3070149691810977,1.2923076485524043,0.12307691890964634,0.36153844929737033,1.5727810118369234,3.846153715929745,12.13846112747433,0.025,1.2793245059727665,0.1225470551651691,0.052411924078188246,0.007768965493734888,0.5118386593491495,240.0,0.006389776357827476,1.2898608568593994,1.261281442957497,1.1297366182384818,0.3080508474576271,0.3076271186440678,0.5277660025434506,1.0,0.02527816661540752,0.23863292264254268,0.09472701819878675,3.178342482394146,0.3215118992067196,0.3252449836677555,63.900481844347496
ranked_510124286,TaToH,2026,ranked,day 2026-09-29,whole available replay,True,False,154.11335073903345,124.2230389408935,0.19395017793594305,1.0461538107328987,0.11538461147790713,0.24615383781949873,1.1999999593701034,2.8832306716095983,3.8461537159297734,0.03982300884955752,1.187059564453772,0.08553016456160899,0.0,0.0,0.33556262273890863,228.0,0.0,0.6979576311360782,0.6827747601458407,0.6055693642246622,0.17035398230088494,0.17035398230088494,0.738359201773836,1.0,0.025624545886477567,0.22474753057138913,0.08616780045351474,2.5947721649015603,0.3287981859410431,0.30612244897959184,87.20292799824313
ranked_510125405,TaToH,2026,ranked,day 2026-09-29,first 10 game minutes,True,False,159.02900538444518,126.41200428009031,0.2051009564293305,0.9230768918231459,0.11538461147790713,0.23846153038766715,1.1999999593700927,2.530769145081817,3.8461537159297734,0.04819277108433735,1.1829721409331002,0.08381790014731459,0.0,0.0,0.38554629235670446,252.0,0.013888888888888888,0.6345887252349384,0.6196964843766464,0.5721158759109921,0.15528781793842034,0.15528781793842034,0.7680965147453083,1.0,0.015851111948056766,0.1464223410868876,0.03867403314917127,2.7794444387031056,0.24171270718232044,0.4198895027624309,75.03600254058837
ranked_510125405,TaToH,2026,ranked,day 2026-09-29,whole available replay,True,False,155.05567748226628,115.01343099822539,0.25824431026474687,0.9230768918231459,0.11538461147790713,0.3615384492973135,1.1999999593700799,3.005922975147771,11.538461147789349,0.045112781954887216,1.315876012485201,0.13639590840885724,0.048760167986176,0.013849697401867823,0.43388938757576917,288.0,0.011976047904191617,0.9735770437130157,0.9606270801542743,0.9003956757296057,0.2769423558897243,0.27631578947368424,0.5855799373040752,1.0,0.019309312809685737,0.1117813203807378,0.029469548133595286,2.7362776106258786,0.2364112639161755,0.3529796987557302,76.19549780596272
ranked_510128528,TaToH,2026,ranked,day 2026-09-29,first 10 game minutes,True,False,133.17200450897218,108.83600368499755,0.18274111675126903,1.415384567462157,0.11538461147790713,0.24615383781952005,1.4384614897577421,2.844076826781425,4.207692165227115,0.038880248833592534,1.149532372656123,0.06956507124912466,0.0,0.0,0.3813684828076708,216.0,0.013888888888888888,0.6276992596113097,0.6276992596113097,0.5537523886630723,0.14307931570762053,0.14307931570762053,0.7679127725856698,1.0,0.024345778539105016,0.2875340141672337,0.12101910828025478,3.1430624335485726,0.3375796178343949,0.3375796178343949,73.00800247192382
ranked_510128528,TaToH,2026,ranked,day 2026-09-29,whole available replay,True,False,135.66451205184484,91.58270390538581,0.32493249324932494,1.415384567462157,0.12307691890964634,0.36153844929754086,1.565857935148597,3.969130043127035,9.217751167193,0.03494265137369965,1.2154664763656076,0.09725557965520311,0.040379240291089476,0.0,0.46850320525406586,264.0,0.0040650406504065045,1.412725710047554,1.3670631324585205,1.1941864136640847,0.32061883168845023,0.31981861829821284,0.4978655282817503,1.0,0.02238197251694292,0.2886986184766425,0.11216056670602124,3.346475369580464,0.3037190082644628,0.31582054309327035,65.45110572438239
ranked_510325757,TaToH,2026,ranked,day 2026-09-30,first 10 game minutes,True,False,71.14900240898133,50.70000171661377,0.28741092636579574,1.0461538107328987,0.12307691890970318,0.36153844929739876,2.407692226172037,10.091384273708094,38.346152547819855,0.046822742474916385,2.8978080193813507,0.48689109621221566,0.4695816666666666,0.25493000000000005,1.001598722043913,180.0,0.3055555555555556,1.1466600006917171,1.1466600006917171,0.9676981967489956,0.2842809364548495,0.2842809364548495,0.5738255033557047,0.9407665505226481,0.017677669529663688,0.11887790719044436,0.06319702602230483,2.322573695553816,0.20446096654275092,0.35687732342007433,34.47600116729736
ranked_510325757,TaToH,2026,ranked,day 2026-09-30,whole available replay,True,False,112.007577219642,77.18560391943743,0.3108894430590191,1.0461538107328987,0.12307691890964634,0.36153844929754086,1.9230768579649293,5.501538275265906,38.346152547819855,0.0700060350030175,2.1387422743574347,0.3628020954955783,0.1530295086362597,0.0786156274476136,0.681260015334153,540.0,0.08914728682170543,1.5715592483107914,1.5663137530808797,1.186765852992589,0.3168376584188292,0.31623415811707906,0.5084541062801933,0.9145546705286025,0.03160680526849577,0.23816532402059926,0.098256735340729,3.242455768446151,0.2987321711568938,0.277337559429477,60.8918998351171
ranked_510330665,TaToH,2026,ranked,day 2026-09-30,first 10 game minutes,True,False,137.56600465774537,102.07600345611571,0.257985257985258,1.0461538107328987,0.11538461147790713,0.24615383781949163,1.4461537971895666,4.330769084136889,8.530768941932251,0.04145936981757877,1.4467780122447247,0.18259850710152545,0.0861216666666669,0.0,0.533307931795715,216.0,0.041666666666666664,0.7295631137735202,0.7295631137735202,0.6033073535317474,0.15920398009950248,0.15920398009950248,0.739202657807309,1.0,0.019779477212476772,0.14472397926145,0.030612244897959183,2.146257593632243,0.2227891156462585,0.3656462585034014,65.74100222587586
ranked_510330665,TaToH,2026,ranked,day 2026-09-30,whole available replay,True,False,137.1827401206099,95.11490742987527,0.3066554338668913,1.0461538107328987,0.11538461147796397,0.3538461418655743,1.446153797189595,4.872769065785767,9.853845820212086,0.0364963503649635,1.5323855415030574,0.2102308407538405,0.11066660739950504,0.0,0.5751246441369192,216.0,0.028846153846153848,0.9243133579705303,0.9243133579705303,0.8353775030717239,0.25304136253041365,0.25304136253041365,0.6138855054811205,1.0,0.018743683077821635,0.137374510989558,0.04030226700251889,2.5649194078225515,0.2594458438287154,0.3513853904282116,62.87060709824076
ranked_510333065,TaToH,2026,ranked,day 2026-09-30,first 10 game minutes,True,False,133.3410045146942,103.93500351905823,0.22053231939163498,0.9230768918231459,0.11538461147790713,0.23846153038766715,1.5615384086674737,3.766538334010035,8.292307411544595,0.04560260586319218,1.4461157655614543,0.1823772087332334,0.06328833333333338,0.0,0.4711043640556121,228.0,0.013888888888888888,0.824980619609871,0.7967636801520692,0.6810171402217933,0.18241042345276873,0.18241042345276873,0.7030995106035889,1.0,0.018373401925968584,0.18633275085823117,0.05423728813559322,2.4616570569101035,0.30847457627118646,0.3813559322033898,65.9100022315979
ranked_510333065,TaToH,2026,ranked,day 2026-09-30,whole available replay,True,False,135.3446684640388,99.6724302642146,0.26356589147286824,0.9230768918231459,0.11538461147802082,0.36153844929737033,1.5615384086673885,3.289999888606263,8.292307411544595,0.031598513011152414,1.201210261370123,0.09140892394572135,0.02311210279782253,0.0,0.4322850693673575,336.0,0.0,1.1687942965068283,1.1293465090830856,1.010383927196906,0.2955390334572491,0.2942998760842627,0.5567265964042157,1.0,0.02576801158741942,0.2616864927091321,0.10742705570291777,3.0715676675791173,0.3222811671087533,0.31896551724137934,69.98670954775191
