player,profile_id,date_utc,games,rating,rating_diff
DauT,198035,2022-10-04T07:55:50.000Z,1926,2449,
DauT,198035,2022-10-05T05:23:51.000Z,1927,2463,14
DauT,198035,2022-10-05T05:50:12.000Z,1928,2448,-15
DauT,198035,2022-10-05T06:24:53.000Z,1929,2466,18
DauT,198035,2022-10-05T06:40:46.000Z,1930,2433,-33
DauT,198035,2022-11-03T19:27:52.000Z,1931,2407,-26
DauT,198035,2022-11-03T19:51:58.000Z,1932,2393,-14
DauT,198035,2022-11-03T20:14:40.000Z,1933,2401,8
DauT,198035,2022-11-03T20:38:25.000Z,1934,2419,18
DauT,198035,2022-11-03T21:07:48.000Z,1935,2436,17
DauT,198035,2022-11-03T21:26:33.000Z,1936,2446,10
DauT,198035,2022-11-03T21:50:47.000Z,1937,2455,9
DauT,198035,2022-11-03T22:20:18.000Z,1938,2440,-15
DauT,198035,2022-11-04T22:03:35.000Z,1939,2418,-22
DauT,198035,2022-11-04T22:25:25.000Z,1940,2430,12
DauT,198035,2022-11-04T23:09:54.000Z,1941,2407,-23
DauT,198035,2022-11-04T23:40:28.000Z,1942,2420,13
DauT,198035,2022-11-05T00:16:22.000Z,1943,2408,-12
DauT,198035,2022-11-05T00:47:34.000Z,1944,2417,9
DauT,198035,2022-11-07T21:12:53.000Z,1945,2429,12
DauT,198035,2022-11-07T21:30:29.000Z,1946,2443,14
DauT,198035,2022-11-07T21:59:40.000Z,1947,2424,-19
DauT,198035,2022-11-07T22:35:42.000Z,1948,2408,-16
DauT,198035,2022-11-07T23:01:43.000Z,1949,2418,10
DauT,198035,2022-11-07T23:38:30.000Z,1950,2401,-17
DauT,198035,2022-11-12T01:23:21.000Z,1951,2412,11
DauT,198035,2022-11-12T02:03:41.000Z,1952,2390,-22
DauT,198035,2022-11-12T02:32:29.000Z,1953,2380,-10
DauT,198035,2022-11-13T01:17:48.000Z,1954,2396,16
DauT,198035,2022-11-13T01:46:09.000Z,1955,2379,-17
DauT,198035,2022-11-13T02:17:09.000Z,1956,2364,-15
DauT,198035,2022-11-13T02:49:57.000Z,1957,2355,-9
DauT,198035,2022-11-16T01:59:44.000Z,1958,2342,-13
DauT,198035,2022-11-16T02:26:19.000Z,1959,2362,20
DauT,198035,2022-11-16T02:52:51.000Z,1960,2348,-14
DauT,198035,2022-11-18T04:35:16.000Z,1961,2355,7
DauT,198035,2022-11-18T04:59:34.000Z,1962,2341,-14
DauT,198035,2022-11-25T09:53:11.000Z,1963,2355,14
DauT,198035,2022-11-25T10:27:43.000Z,1964,2377,22
DauT,198035,2022-11-25T10:56:33.000Z,1965,2388,11
DauT,198035,2022-11-25T11:30:27.000Z,1966,2408,20
DauT,198035,2022-11-25T12:03:05.000Z,1967,2396,-12
DauT,198035,2022-11-25T12:12:36.000Z,1968,2417,21
DauT,198035,2022-11-25T12:47:59.000Z,1969,2418,1
DauT,198035,2022-11-25T13:17:38.000Z,1970,2400,-18
DauT,198035,2022-11-25T13:54:35.000Z,1971,2378,-22
DauT,198035,2022-11-25T14:28:27.000Z,1972,2364,-14
DauT,198035,2022-11-26T13:19:30.000Z,1973,2383,19
DauT,198035,2022-11-26T14:25:45.000Z,1974,2375,-8
DauT,198035,2022-11-26T15:01:34.000Z,1975,2393,18
DauT,198035,2022-11-26T15:21:35.000Z,1976,2377,-16
DauT,198035,2022-11-26T15:49:38.000Z,1977,2357,-20
DauT,198035,2022-11-27T12:56:59.000Z,1978,2366,9
DauT,198035,2022-11-27T13:30:18.000Z,1979,2383,17
DauT,198035,2022-11-27T13:55:16.000Z,1980,2398,15
DauT,198035,2022-11-27T14:31:40.000Z,1981,2422,24
DauT,198035,2022-11-27T15:12:19.000Z,1982,2398,-24
DauT,198035,2022-11-27T15:47:44.000Z,1983,2382,-16
DauT,198035,2022-11-29T10:26:23.000Z,1984,2393,11
DauT,198035,2022-11-29T11:01:30.000Z,1985,2381,-12
DauT,198035,2022-11-29T11:33:25.000Z,1986,2399,18
DauT,198035,2022-11-29T12:06:13.000Z,1987,2410,11
DauT,198035,2022-11-30T14:23:55.000Z,1988,2391,-19
DauT,198035,2022-11-30T14:46:12.000Z,1989,2406,15
DauT,198035,2022-11-30T15:07:05.000Z,1990,2391,-15
DauT,198035,2022-11-30T15:42:31.000Z,1991,2375,-16
DauT,198035,2022-11-30T15:56:38.000Z,1992,2388,13
DauT,198035,2022-12-07T18:55:06.000Z,1993,2401,13
DauT,198035,2022-12-07T19:30:05.000Z,1994,2383,-18
DauT,198035,2022-12-07T20:08:57.000Z,1995,2400,17
DauT,198035,2022-12-07T20:47:07.000Z,1996,2395,-5
DauT,198035,2022-12-07T21:16:08.000Z,1997,2404,9
DauT,198035,2022-12-07T21:43:52.000Z,1998,2392,-12
DauT,198035,2022-12-07T22:14:38.000Z,1999,2382,-10
DauT,198035,2022-12-08T22:07:54.000Z,2000,2376,-6
DauT,198035,2022-12-08T22:37:33.000Z,2001,2402,26
DauT,198035,2022-12-08T23:02:35.000Z,2002,2426,24
DauT,198035,2022-12-08T23:35:10.000Z,2003,2417,-9
DauT,198035,2022-12-21T13:00:57.000Z,2004,2426,9
DauT,198035,2022-12-21T13:38:09.000Z,2005,2416,-10
DauT,198035,2022-12-21T14:05:17.000Z,2006,2428,12
DauT,198035,2022-12-21T14:46:12.000Z,2007,2414,-14
DauT,198035,2022-12-21T15:19:09.000Z,2008,2403,-11
DauT,198035,2022-12-23T11:56:25.000Z,2009,2424,21
DauT,198035,2022-12-23T12:20:07.000Z,2010,2438,14
DauT,198035,2022-12-23T12:46:50.000Z,2011,2430,-8
DauT,198035,2022-12-23T13:12:28.000Z,2012,2437,7
DauT,198035,2022-12-23T13:46:43.000Z,2013,2415,-22
DauT,198035,2022-12-23T14:08:32.000Z,2014,2427,12
DauT,198035,2022-12-27T20:52:03.000Z,2015,2429,2
DauT,198035,2022-12-27T21:15:13.000Z,2016,2437,8
DauT,198035,2022-12-28T18:06:17.000Z,2017,2447,10
DauT,198035,2022-12-28T18:30:02.000Z,2018,2456,9
DauT,198035,2023-01-04T23:35:08.000Z,2019,2474,18
DauT,198035,2023-01-04T23:59:27.000Z,2020,2458,-16
DauT,198035,2023-01-05T00:38:44.000Z,2021,2476,18
DauT,198035,2023-01-05T01:06:29.000Z,2022,2460,-16
DauT,198035,2023-01-05T01:36:22.000Z,2023,2446,-14
DauT,198035,2023-01-05T02:08:40.000Z,2024,2456,10
DauT,198035,2023-01-10T00:38:27.000Z,2025,2475,19
DauT,198035,2023-01-10T00:49:55.000Z,2026,2461,-14
DauT,198035,2023-01-16T09:46:14.000Z,2027,2479,18
DauT,198035,2023-01-16T10:13:11.000Z,2028,2464,-15
DauT,198035,2023-01-16T10:34:16.000Z,2029,2449,-15
DauT,198035,2023-01-16T11:07:03.000Z,2030,2468,19
DauT,198035,2023-01-16T11:39:38.000Z,2031,2453,-15
DauT,198035,2023-01-16T12:11:09.000Z,2032,2439,-14
DauT,198035,2023-01-16T12:40:08.000Z,2033,2452,13
DauT,198035,2023-01-16T13:03:12.000Z,2034,2464,12
DauT,198035,2023-01-16T13:33:01.000Z,2035,2471,7
DauT,198035,2023-01-16T13:47:34.000Z,2036,2480,9
DauT,198035,2023-01-19T09:05:34.000Z,2037,2458,-22
DauT,198035,2023-01-19T09:37:26.000Z,2038,2436,-22
DauT,198035,2023-01-19T10:06:26.000Z,2039,2446,10
DauT,198035,2023-01-19T10:30:54.000Z,2040,2455,9
DauT,198035,2023-01-19T11:03:32.000Z,2041,2464,9
DauT,198035,2023-01-19T11:34:38.000Z,2042,2482,18
DauT,198035,2023-01-19T12:06:25.000Z,2043,2467,-15
DauT,198035,2023-01-27T14:36:48.000Z,2044,2469,2
DauT,198035,2023-01-27T14:59:53.000Z,2045,2481,12
DauT,198035,2023-01-27T15:27:20.000Z,2046,2492,11
DauT,198035,2023-01-27T16:51:11.000Z,2047,2476,-16
DauT,198035,2023-01-27T17:36:08.000Z,2048,2463,-13
DauT,198035,2023-01-27T17:54:23.000Z,2049,2483,20
DauT,198035,2023-01-27T18:28:10.000Z,2050,2490,7
DauT,198035,2023-01-29T13:30:03.000Z,2051,2506,16
DauT,198035,2023-01-29T14:01:02.000Z,2052,2517,11
DauT,198035,2023-01-29T14:18:35.000Z,2053,2501,-16
DauT,198035,2023-01-29T14:54:00.000Z,2054,2482,-19
DauT,198035,2023-01-29T15:20:35.000Z,2055,2465,-17
DauT,198035,2023-01-29T15:46:38.000Z,2056,2451,-14
DauT,198035,2023-02-08T00:42:35.000Z,2057,2434,-17
DauT,198035,2023-02-08T01:12:44.000Z,2059,2437,
DauT,198035,2023-02-08T01:54:47.000Z,2060,2418,-19
DauT,198035,2023-02-08T02:24:15.000Z,2061,2425,7
DauT,198035,2023-02-08T02:51:04.000Z,2062,2435,10
DauT,198035,2023-02-08T03:08:29.000Z,2063,2413,-22
DauT,198035,2023-02-08T03:35:34.000Z,2064,2397,-16
DauT,198035,2023-02-08T04:07:01.000Z,2065,2383,-14
DauT,198035,2023-02-09T01:14:20.000Z,2066,2409,26
DauT,198035,2023-02-09T01:43:17.000Z,2067,2433,24
DauT,198035,2023-02-09T02:19:51.000Z,2068,2424,-9
DauT,198035,2023-02-09T03:02:42.000Z,2069,2447,23
DauT,198035,2023-02-09T03:33:15.000Z,2070,2436,-11
DauT,198035,2023-02-16T15:13:15.000Z,2071,2427,-9
DauT,198035,2023-02-16T15:32:23.000Z,2072,2442,15
DauT,198035,2023-02-16T16:02:48.000Z,2073,2456,14
DauT,198035,2023-02-16T17:04:34.000Z,2074,2468,12
DauT,198035,2023-02-20T13:07:32.000Z,2075,2441,-27
DauT,198035,2023-03-06T00:20:54.000Z,2076,2425,-16
DauT,198035,2023-03-06T00:46:48.000Z,2077,2417,-8
DauT,198035,2023-03-06T01:19:20.000Z,2078,2427,10
DauT,198035,2023-03-06T01:41:59.000Z,2079,2435,8
DauT,198035,2023-03-06T21:22:09.000Z,2080,2445,10
DauT,198035,2023-03-06T21:39:39.000Z,2081,2460,15
DauT,198035,2023-03-06T22:10:36.000Z,2082,2474,14
DauT,198035,2023-03-06T22:33:03.000Z,2083,2486,12
DauT,198035,2023-03-06T23:05:07.000Z,2084,2499,13
DauT,198035,2023-03-06T23:55:04.000Z,2085,2505,6
DauT,198035,2023-03-07T00:17:47.000Z,2086,2524,19
DauT,198035,2023-03-07T00:32:18.000Z,2087,2541,17
DauT,198035,2023-03-07T01:00:56.000Z,2088,2556,15
DauT,198035,2023-03-08T13:44:39.000Z,2089,2565,9
DauT,198035,2023-03-08T14:05:03.000Z,2090,2576,11
DauT,198035,2023-03-08T14:32:37.000Z,2091,2552,-24
DauT,198035,2023-03-08T14:54:17.000Z,2092,2530,-22
DauT,198035,2023-03-08T15:45:47.000Z,2093,2542,12
DauT,198035,2023-03-08T16:18:20.000Z,2094,2553,11
DauT,198035,2023-03-08T16:56:03.000Z,2095,2529,-24
DauT,198035,2023-03-08T17:27:07.000Z,2096,2543,14
DauT,198035,2023-03-08T18:03:54.000Z,2097,2524,-19
DauT,198035,2023-03-09T19:01:38.000Z,2098,2499,-25
DauT,198035,2023-03-10T21:41:40.000Z,2099,2514,15
DauT,198035,2023-03-10T21:55:45.000Z,2100,2528,14
DauT,198035,2023-03-14T22:25:14.000Z,2101,2547,19
DauT,198035,2023-03-14T23:22:32.000Z,2102,2533,-14
DauT,198035,2023-03-14T23:51:11.000Z,2103,2552,19
DauT,198035,2023-03-15T00:22:18.000Z,2104,2569,17
DauT,198035,2023-03-15T00:49:51.000Z,2105,2553,-16
DauT,198035,2023-03-15T01:12:11.000Z,2106,2533,-20
DauT,198035,2023-03-15T01:36:27.000Z,2107,2515,-18
DauT,198035,2023-03-15T02:01:38.000Z,2108,2499,-16
DauT,198035,2023-03-17T00:07:55.000Z,2109,2520,21
DauT,198035,2023-03-17T00:48:49.000Z,2110,2503,-17
DauT,198035,2023-03-17T01:16:33.000Z,2111,2490,-13
DauT,198035,2023-03-17T01:46:16.000Z,2112,2475,-15
DauT,198035,2023-03-24T00:36:18.000Z,2113,2451,-24
DauT,198035,2023-03-24T01:19:59.000Z,2114,2429,-22
DauT,198035,2023-03-24T01:49:30.000Z,2115,2441,12
DauT,198035,2023-03-24T02:15:17.000Z,2116,2455,14
DauT,198035,2023-03-24T02:40:02.000Z,2117,2436,-19
DauT,198035,2023-03-24T03:08:24.000Z,2118,2418,-18
DauT,198035,2023-03-24T03:35:39.000Z,2119,2434,16
DauT,198035,2023-03-24T03:56:37.000Z,2120,2445,11
DauT,198035,2023-03-24T22:47:54.000Z,2121,2440,-5
DauT,198035,2023-03-27T21:34:33.000Z,2122,2431,-9
DauT,198035,2023-03-27T22:03:00.000Z,2123,2408,-23
DauT,198035,2023-03-31T00:17:22.000Z,2124,2413,5
DauT,198035,2023-03-31T00:42:44.000Z,2125,2396,-17
DauT,198035,2023-03-31T01:16:03.000Z,2126,2375,-21
DauT,198035,2023-03-31T01:34:10.000Z,2127,2387,12
DauT,198035,2023-03-31T02:00:59.000Z,2128,2410,23
DauT,198035,2023-03-31T02:34:16.000Z,2129,2431,21
DauT,198035,2023-03-31T02:56:57.000Z,2130,2450,19
DauT,198035,2023-03-31T03:27:51.000Z,2131,2435,-15
DauT,198035,2023-04-04T02:04:56.000Z,2132,2416,-19
DauT,198035,2023-04-04T23:35:37.000Z,2133,2440,24
DauT,198035,2023-04-05T00:15:50.000Z,2134,2431,-9
DauT,198035,2023-04-05T00:40:33.000Z,2135,2413,-18
DauT,198035,2023-04-05T02:05:46.000Z,2136,2424,11
DauT,198035,2023-04-05T02:38:45.000Z,2137,2397,-27
DauT,198035,2023-04-09T11:16:39.000Z,2138,2413,16
DauT,198035,2023-04-09T11:50:13.000Z,2139,2421,8
DauT,198035,2023-04-09T12:31:11.000Z,2140,2401,-20
DauT,198035,2023-04-09T12:52:14.000Z,2141,2412,11
DauT,198035,2023-04-09T14:13:19.000Z,2142,2390,-22
DauT,198035,2023-04-09T15:02:19.000Z,2143,2371,-19
DauT,198035,2023-04-12T08:02:04.000Z,2144,2382,11
DauT,198035,2023-04-12T08:23:10.000Z,2145,2392,10
DauT,198035,2023-04-12T08:44:34.000Z,2146,2412,20
DauT,198035,2023-04-12T09:14:52.000Z,2147,2399,-13
DauT,198035,2023-04-12T09:45:07.000Z,2148,2419,20
DauT,198035,2023-04-12T10:14:11.000Z,2150,2421,
DauT,198035,2023-04-12T10:33:40.000Z,2151,2439,18
DauT,198035,2023-04-12T11:17:24.000Z,2152,2426,-13
DauT,198035,2023-04-12T11:46:28.000Z,2153,2435,9
DauT,198035,2023-04-12T12:16:13.000Z,2154,2423,-12
DauT,198035,2023-04-12T12:43:59.000Z,2155,2438,15
DauT,198035,2023-04-13T10:55:52.000Z,2156,2421,-17
DauT,198035,2023-04-13T11:26:12.000Z,2157,2437,16
DauT,198035,2023-04-13T11:50:18.000Z,2158,2452,15
DauT,198035,2023-04-13T12:13:31.000Z,2159,2471,19
DauT,198035,2023-04-13T12:39:36.000Z,2160,2488,17
DauT,198035,2023-04-13T13:02:25.000Z,2161,2479,-9
DauT,198035,2023-04-13T13:24:00.000Z,2162,2495,16
DauT,198035,2023-04-15T10:16:35.000Z,2163,2512,17
DauT,198035,2023-04-15T10:52:42.000Z,2164,2527,15
DauT,198035,2023-04-15T11:36:49.000Z,2165,2549,22
DauT,198035,2023-04-15T12:03:28.000Z,2166,2537,-12
DauT,198035,2023-04-15T12:35:09.000Z,2167,2519,-18
DauT,198035,2023-04-15T12:57:38.000Z,2168,2531,12
DauT,198035,2023-04-15T13:32:40.000Z,2169,2514,-17
DauT,198035,2023-04-15T13:52:27.000Z,2170,2526,12
DauT,198035,2023-04-17T17:42:40.000Z,2171,2514,-12
DauT,198035,2023-04-17T18:05:20.000Z,2172,2494,-20
DauT,198035,2023-04-18T12:16:06.000Z,2173,2478,-16
DauT,198035,2023-04-18T12:46:56.000Z,2174,2493,15
DauT,198035,2023-04-20T09:42:08.000Z,2175,2494,1
DauT,198035,2023-04-20T10:12:45.000Z,2176,2503,9
DauT,198035,2023-04-20T10:36:21.000Z,2177,2476,-27
DauT,198035,2023-04-20T11:10:54.000Z,2178,2462,-14
DauT,198035,2023-04-20T11:32:58.000Z,2179,2472,10
DauT,198035,2023-04-22T11:17:42.000Z,2180,2495,23
DauT,198035,2023-04-22T11:30:27.000Z,2181,2516,21
DauT,198035,2023-04-22T12:00:04.000Z,2182,2502,-14
DauT,198035,2023-04-22T12:43:12.000Z,2183,2486,-16
DauT,198035,2023-04-22T13:05:33.000Z,2184,2475,-11
DauT,198035,2023-04-22T13:34:45.000Z,2185,2460,-15
DauT,198035,2023-04-22T14:10:03.000Z,2186,2450,-10
DauT,198035,2023-04-22T14:47:02.000Z,2187,2433,-17
DauT,198035,2023-04-22T15:15:02.000Z,2188,2444,11
DauT,198035,2023-04-22T15:58:08.000Z,2189,2454,10
DauT,198035,2023-04-24T12:31:23.000Z,2190,2472,18
DauT,198035,2023-04-24T13:07:54.000Z,2191,2488,16
DauT,198035,2023-04-24T13:30:38.000Z,2192,2504,16
DauT,198035,2023-04-24T14:02:13.000Z,2193,2489,-15
DauT,198035,2023-04-24T14:15:05.000Z,2194,2502,13
DauT,198035,2023-04-24T14:28:32.000Z,2195,2512,10
DauT,198035,2023-04-24T14:55:05.000Z,2196,2503,-9
DauT,198035,2023-04-26T09:16:42.000Z,2197,2514,11
DauT,198035,2023-04-26T09:38:50.000Z,2198,2524,10
DauT,198035,2023-04-26T10:23:40.000Z,2199,2537,13
DauT,198035,2023-04-26T10:57:52.000Z,2200,2517,-20
DauT,198035,2023-04-26T11:29:57.000Z,2201,2530,13
DauT,198035,2023-04-26T12:00:58.000Z,2202,2545,15
DauT,198035,2023-04-26T12:27:09.000Z,2203,2559,14
DauT,198035,2023-04-26T12:50:26.000Z,2204,2577,18
DauT,198035,2023-04-28T10:50:41.000Z,2205,2581,4
DauT,198035,2023-04-28T11:22:57.000Z,2206,2593,12
DauT,198035,2023-04-28T11:47:18.000Z,2207,2608,15
DauT,198035,2023-04-28T12:10:26.000Z,2208,2590,-18
DauT,198035,2023-04-28T12:38:18.000Z,2209,2574,-16
DauT,198035,2023-04-28T12:55:19.000Z,2210,2557,-17
DauT,198035,2023-04-28T13:24:01.000Z,2211,2542,-15
DauT,198035,2023-04-28T13:49:37.000Z,2212,2554,12
DauT,198035,2023-05-03T17:55:07.000Z,2213,2566,12
DauT,198035,2023-05-03T18:24:24.000Z,2214,2557,-9
DauT,198035,2023-05-03T18:41:47.000Z,2215,2570,13
DauT,198035,2023-05-03T18:54:08.000Z,2216,2582,12
DauT,198035,2023-05-08T12:42:24.000Z,2217,2559,-23
DauT,198035,2023-05-08T13:26:39.000Z,2218,2538,-21
DauT,198035,2023-05-09T12:05:25.000Z,2219,2555,17
DauT,198035,2023-05-09T12:28:45.000Z,2220,2570,15
DauT,198035,2023-05-09T12:56:21.000Z,2221,2584,14
DauT,198035,2023-05-09T13:38:50.000Z,2222,2597,13
DauT,198035,2023-05-09T14:12:17.000Z,2223,2610,13
DauT,198035,2023-05-10T11:08:23.000Z,2224,2626,16
DauT,198035,2023-05-10T11:41:12.000Z,2225,2609,-17
DauT,198035,2023-05-10T11:53:26.000Z,2226,2625,16
DauT,198035,2023-05-13T11:21:44.000Z,2227,2603,-22
DauT,198035,2023-05-13T11:27:12.000Z,2228,2624,21
DauT,198035,2023-05-13T11:59:28.000Z,2229,2611,-13
DauT,198035,2023-05-13T12:31:20.000Z,2230,2623,12
DauT,198035,2023-05-13T13:02:41.000Z,2231,2602,-21
DauT,198035,2023-05-13T13:47:16.000Z,2232,2623,21
DauT,198035,2023-05-15T10:58:40.000Z,2233,2603,-20
DauT,198035,2023-05-15T11:23:15.000Z,2234,2588,-15
DauT,198035,2023-05-15T11:50:36.000Z,2235,2603,15
DauT,198035,2023-05-15T12:23:01.000Z,2236,2613,10
DauT,198035,2023-05-15T12:49:31.000Z,2237,2594,-19
DauT,198035,2023-05-15T13:27:22.000Z,2238,2580,-14
DauT,198035,2023-05-19T12:47:43.000Z,2239,2569,-11
DauT,198035,2023-05-20T21:41:23.000Z,2240,2581,12
DauT,198035,2023-05-20T22:25:05.000Z,2241,2557,-24
DauT,198035,2023-05-20T22:52:16.000Z,2242,2538,-19
DauT,198035,2023-05-20T23:25:52.000Z,2243,2552,14
DauT,198035,2023-05-20T23:54:53.000Z,2244,2563,11
DauT,198035,2023-05-21T00:31:29.000Z,2245,2556,-7
DauT,198035,2023-05-25T22:54:29.000Z,2246,2566,10
DauT,198035,2023-05-25T23:23:20.000Z,2247,2544,-22
DauT,198035,2023-05-25T23:48:41.000Z,2248,2546,2
DauT,198035,2023-05-26T00:17:00.000Z,2249,2565,19
DauT,198035,2023-05-26T00:42:38.000Z,2250,2544,-21
DauT,198035,2023-05-26T00:56:13.000Z,2251,2556,12
DauT,198035,2023-05-26T01:23:33.000Z,2252,2574,18
DauT,198035,2023-05-26T21:55:39.000Z,2253,2581,7
DauT,198035,2023-05-26T22:31:01.000Z,2254,2588,7
DauT,198035,2023-05-28T21:09:07.000Z,2255,2611,23
DauT,198035,2023-05-28T21:32:01.000Z,2256,2589,-22
DauT,198035,2023-05-28T21:52:07.000Z,2257,2601,12
DauT,198035,2023-05-28T22:21:46.000Z,2258,2612,11
DauT,198035,2023-05-28T22:58:46.000Z,2259,2633,21
DauT,198035,2023-05-28T23:41:39.000Z,2260,2620,-13
DauT,198035,2023-06-01T20:47:43.000Z,2261,2607,-13
DauT,198035,2023-06-01T21:18:13.000Z,2262,2589,-18
DauT,198035,2023-06-01T21:53:37.000Z,2263,2605,16
DauT,198035,2023-06-01T22:27:29.000Z,2264,2619,14
DauT,198035,2023-06-01T22:50:36.000Z,2265,2632,13
DauT,198035,2023-06-01T23:16:53.000Z,2266,2644,12
DauT,198035,2023-06-02T00:02:04.000Z,2267,2622,-22
DauT,198035,2023-06-02T00:38:19.000Z,2268,2644,22
DauT,198035,2023-06-08T12:05:05.000Z,2269,2623,-21
DauT,198035,2023-06-08T12:38:53.000Z,2270,2604,-19
DauT,198035,2023-06-08T13:05:55.000Z,2271,2613,9
DauT,198035,2023-06-08T13:41:52.000Z,2272,2595,-18
DauT,198035,2023-06-08T14:06:09.000Z,2273,2596,1
DauT,198035,2023-06-14T07:23:27.000Z,2274,2566,-30
DauT,198035,2023-06-14T07:49:56.000Z,2275,2545,-21
DauT,198035,2023-06-14T08:13:09.000Z,2276,2558,13
DauT,198035,2023-06-14T08:42:42.000Z,2277,2570,12
DauT,198035,2023-06-14T09:08:29.000Z,2278,2560,-10
DauT,198035,2023-06-14T09:39:19.000Z,2279,2550,-10
DauT,198035,2023-06-14T10:31:14.000Z,2280,2530,-20
DauT,198035,2023-06-16T10:03:41.000Z,2281,2516,-14
DauT,198035,2023-06-16T10:34:15.000Z,2282,2507,-9
DauT,198035,2023-06-16T11:05:31.000Z,2283,2498,-9
DauT,198035,2023-06-16T11:54:29.000Z,2284,2522,24
DauT,198035,2023-06-16T12:38:03.000Z,2285,2504,-18
DauT,198035,2023-06-16T12:59:52.000Z,2286,2528,24
DauT,198035,2023-06-16T13:25:32.000Z,2287,2543,15
DauT,198035,2023-06-16T13:50:16.000Z,2288,2523,-20
DauT,198035,2023-06-19T09:15:02.000Z,2289,2536,13
DauT,198035,2023-06-19T09:55:54.000Z,2290,2542,6
DauT,198035,2023-06-19T10:26:00.000Z,2291,2548,6
DauT,198035,2023-06-19T10:44:27.000Z,2292,2566,18
DauT,198035,2023-06-19T11:13:53.000Z,2293,2571,5
DauT,198035,2023-06-19T11:35:22.000Z,2294,2576,5
DauT,198035,2023-06-19T12:07:32.000Z,2295,2594,18
DauT,198035,2023-06-19T12:52:57.000Z,2296,2580,-14
DauT,198035,2023-06-20T09:46:28.000Z,2297,2601,21
DauT,198035,2023-06-20T10:09:16.000Z,2298,2620,19
DauT,198035,2023-06-20T10:40:59.000Z,2299,2637,17
DauT,198035,2023-06-20T11:01:30.000Z,2300,2653,16
DauT,198035,2023-06-20T11:43:37.000Z,2301,2636,-17
DauT,198035,2023-06-22T09:43:31.000Z,2302,2637,1
DauT,198035,2023-06-22T10:07:00.000Z,2303,2623,-14
DauT,198035,2023-06-22T10:34:01.000Z,2304,2610,-13
DauT,198035,2023-06-22T10:52:03.000Z,2305,2626,16
DauT,198035,2023-06-22T11:20:57.000Z,2306,2609,-17
DauT,198035,2023-06-22T12:17:00.000Z,2307,2626,17
DauT,198035,2023-06-22T12:31:34.000Z,2308,2609,-17
DauT,198035,2023-06-26T13:38:29.000Z,2309,2617,8
DauT,198035,2023-06-26T13:51:46.000Z,2310,2632,15
DauT,198035,2023-06-26T14:12:54.000Z,2311,2646,14
DauT,198035,2023-06-26T14:49:59.000Z,2312,2628,-18
DauT,198035,2023-06-26T15:12:00.000Z,2313,2649,21
DauT,198035,2023-06-26T15:46:49.000Z,2314,2668,19
DauT,198035,2023-06-26T16:19:04.000Z,2315,2685,17
DauT,198035,2023-06-26T16:48:00.000Z,2316,2669,-16
DauT,198035,2023-06-26T17:18:57.000Z,2317,2654,-15
DauT,198035,2023-06-28T10:05:32.000Z,2318,2667,13
DauT,198035,2023-06-28T10:44:35.000Z,2319,2637,-30
DauT,198035,2023-06-28T11:15:41.000Z,2320,2619,-18
DauT,198035,2023-06-28T11:33:48.000Z,2321,2635,16
DauT,198035,2023-06-28T12:03:09.000Z,2322,2636,1
DauT,198035,2023-06-28T12:23:18.000Z,2323,2649,13
DauT,198035,2023-06-28T12:41:56.000Z,2324,2664,15
DauT,198035,2023-06-28T13:13:50.000Z,2325,2677,13
DauT,198035,2023-06-28T17:58:47.000Z,2326,2693,16
DauT,198035,2023-06-28T18:25:37.000Z,2327,2707,14
DauT,198035,2023-06-28T19:16:18.000Z,2328,2720,13
DauT,198035,2023-06-30T10:55:33.000Z,2329,2721,1
DauT,198035,2023-06-30T11:28:01.000Z,2330,2737,16
DauT,198035,2023-06-30T11:45:38.000Z,2331,2752,15
DauT,198035,2023-06-30T12:35:48.000Z,2332,2731,-21
DauT,198035,2023-07-03T16:48:56.000Z,2333,2744,13
DauT,198035,2023-07-03T17:26:53.000Z,2334,2728,-16
DauT,198035,2023-07-03T17:48:45.000Z,2335,2738,10
DauT,198035,2023-07-03T18:16:24.000Z,2336,2716,-22
DauT,198035,2023-07-04T10:15:19.000Z,2337,2718,2
DauT,198035,2023-07-04T10:42:17.000Z,2338,2720,2
DauT,198035,2023-07-05T21:36:32.000Z,2339,2704,-16
DauT,198035,2023-07-05T21:55:44.000Z,2340,2690,-14
DauT,198035,2023-07-05T22:15:35.000Z,2341,2677,-13
DauT,198035,2023-07-05T22:40:09.000Z,2342,2665,-12
DauT,198035,2023-07-05T22:59:09.000Z,2343,2681,16
DauT,198035,2023-07-05T23:16:32.000Z,2344,2664,-17
DauT,198035,2023-07-05T23:44:18.000Z,2345,2636,-28
DauT,198035,2023-07-06T00:17:49.000Z,2346,2654,18
DauT,198035,2023-07-07T16:04:08.000Z,2347,2661,7
DauT,198035,2023-07-07T16:55:18.000Z,2348,2640,-21
DauT,198035,2023-07-07T17:20:39.000Z,2349,2614,-26
DauT,198035,2023-07-07T17:39:51.000Z,2350,2615,1
DauT,198035,2023-07-07T18:09:48.000Z,2351,2621,6
DauT,198035,2023-07-07T18:33:43.000Z,2352,2612,-9
DauT,198035,2023-07-07T19:02:14.000Z,2353,2619,7
DauT,198035,2023-07-07T19:35:24.000Z,2354,2637,18
DauT,198035,2023-07-09T22:11:58.000Z,2355,2626,-11
DauT,198035,2023-07-09T22:43:02.000Z,2356,2634,8
DauT,198035,2023-07-09T23:07:09.000Z,2357,2610,-24
DauT,198035,2023-07-09T23:27:26.000Z,2358,2619,9
DauT,198035,2023-07-09T23:54:19.000Z,2359,2626,7
DauT,198035,2023-07-10T00:18:25.000Z,2360,2633,7
DauT,198035,2023-07-18T22:20:07.000Z,2361,2636,3
DauT,198035,2023-07-18T22:48:07.000Z,2362,2647,11
DauT,198035,2023-07-18T23:23:02.000Z,2363,2625,-22
DauT,198035,2023-07-18T23:45:48.000Z,2364,2626,1
DauT,198035,2023-07-19T00:09:50.000Z,2365,2632,6
DauT,198035,2023-07-19T00:56:10.000Z,2366,2602,-30
DauT,198035,2023-07-19T01:36:04.000Z,2367,2573,-29
DauT,198035,2023-07-19T02:01:39.000Z,2368,2581,8
DauT,198035,2023-07-27T19:05:19.000Z,2369,2560,-21
DauT,198035,2023-07-28T18:29:52.000Z,2370,2538,-22
DauT,198035,2023-07-28T19:03:21.000Z,2371,2549,11
DauT,198035,2023-07-31T11:31:02.000Z,2372,2529,-20
DauT,198035,2023-07-31T12:13:15.000Z,2373,2536,7
DauT,198035,2023-08-01T10:39:27.000Z,2374,2509,-27
DauT,198035,2023-08-03T10:17:01.000Z,2375,2509,0
DauT,198035,2023-08-03T10:44:38.000Z,2376,2515,6
DauT,198035,2023-08-03T11:17:18.000Z,2377,2527,12
DauT,198035,2023-08-03T11:48:36.000Z,2378,2538,11
DauT,198035,2023-08-03T12:10:00.000Z,2379,2556,18
DauT,198035,2023-08-03T12:27:20.000Z,2380,2541,-15
DauT,198035,2023-08-03T12:59:12.000Z,2381,2558,17
DauT,198035,2023-08-03T13:25:15.000Z,2382,2541,-17
DauT,198035,2023-08-03T13:54:51.000Z,2383,2529,-12
DauT,198035,2023-08-04T11:48:47.000Z,2384,2546,17
DauT,198035,2023-08-04T12:16:19.000Z,2385,2565,19
DauT,198035,2023-08-04T12:48:37.000Z,2386,2550,-15
DauT,198035,2023-08-04T13:08:53.000Z,2387,2565,15
DauT,198035,2023-08-04T13:34:36.000Z,2388,2579,14
DauT,198035,2023-08-04T14:02:00.000Z,2389,2592,13
DauT,198035,2023-08-06T11:54:12.000Z,2390,2596,4
DauT,198035,2023-08-06T12:18:21.000Z,2391,2596,0
DauT,198035,2023-08-06T12:39:43.000Z,2392,2601,5
DauT,198035,2023-08-06T13:18:58.000Z,2393,2606,5
DauT,198035,2023-08-06T14:02:18.000Z,2394,2578,-28
DauT,198035,2023-08-10T09:18:26.000Z,2395,2582,4
DauT,198035,2023-08-10T09:48:26.000Z,2396,2595,13
DauT,198035,2023-08-10T10:13:45.000Z,2397,2607,12
DauT,198035,2023-08-10T11:55:03.000Z,2398,2623,16
DauT,198035,2023-08-12T16:37:17.000Z,2399,2643,20
DauT,198035,2023-08-12T17:11:19.000Z,2400,2658,15
DauT,198035,2023-08-12T17:51:12.000Z,2401,2640,-18
DauT,198035,2023-08-12T18:23:10.000Z,2402,2623,-17
DauT,198035,2023-08-12T18:48:23.000Z,2403,2607,-16
DauT,198035,2023-08-13T11:42:35.000Z,2404,2615,8
DauT,198035,2023-08-13T12:37:45.000Z,2405,2625,10
DauT,198035,2023-08-13T13:10:28.000Z,2406,2602,-23
DauT,198035,2023-08-13T13:47:34.000Z,2407,2581,-21
DauT,198035,2023-08-13T14:21:03.000Z,2408,2594,13
DauT,198035,2023-08-13T14:50:51.000Z,2409,2573,-21
DauT,198035,2023-08-13T15:24:13.000Z,2410,2586,13
DauT,198035,2023-08-18T15:01:15.000Z,2411,2594,8
DauT,198035,2023-08-18T15:21:02.000Z,2412,2574,-20
DauT,198035,2023-08-18T15:49:35.000Z,2413,2560,-14
DauT,198035,2023-08-18T16:23:30.000Z,2414,2547,-13
DauT,198035,2023-08-18T20:09:47.000Z,2415,2550,3
DauT,198035,2023-08-18T21:48:06.000Z,2416,2560,10
DauT,198035,2023-08-18T22:18:07.000Z,2417,2569,9
DauT,198035,2023-08-18T22:46:56.000Z,2418,2546,-23
DauT,198035,2023-08-18T23:22:49.000Z,2419,2524,-22
DauT,198035,2023-08-21T01:04:33.000Z,2420,2531,7
DauT,198035,2023-08-21T01:29:06.000Z,2421,2538,7
DauT,198035,2023-08-21T01:57:34.000Z,2422,2533,-5
DauT,198035,2023-08-24T22:18:48.000Z,2423,2556,23
DauT,198035,2023-08-24T22:36:46.000Z,2424,2577,21
DauT,198035,2023-08-24T22:59:40.000Z,2425,2580,3
DauT,198035,2023-08-24T23:22:55.000Z,2426,2562,-18
DauT,198035,2023-08-24T23:48:14.000Z,2427,2582,20
DauT,198035,2023-08-25T00:20:57.000Z,2428,2562,-20
DauT,198035,2023-08-27T13:26:02.000Z,2429,2548,-14
DauT,198035,2023-08-27T13:55:51.000Z,2430,2568,20
DauT,198035,2023-08-27T14:24:49.000Z,2431,2573,5
DauT,198035,2023-08-27T14:53:35.000Z,2433,2602,
DauT,198035,2023-08-27T15:16:58.000Z,2434,2583,-19
DauT,198035,2023-08-27T15:48:55.000Z,2435,2601,18
DauT,198035,2023-08-28T21:58:48.000Z,2436,2584,-17
DauT,198035,2023-08-28T22:14:55.000Z,2437,2600,16
DauT,198035,2023-08-28T22:40:51.000Z,2438,2615,15
DauT,198035,2023-08-28T23:25:01.000Z,2439,2629,14
DauT,198035,2023-08-30T21:52:50.000Z,2440,2641,12
DauT,198035,2023-08-30T22:31:57.000Z,2441,2647,6
DauT,198035,2023-08-30T22:57:26.000Z,2442,2629,-18
DauT,198035,2023-08-30T23:25:50.000Z,2443,2612,-17
DauT,198035,2023-08-30T23:40:24.000Z,2444,2624,12
DauT,198035,2023-08-31T00:22:14.000Z,2445,2603,-21
DauT,198035,2023-08-31T22:23:12.000Z,2446,2606,3
DauT,198035,2023-08-31T22:52:12.000Z,2447,2611,5
DauT,198035,2023-08-31T23:28:40.000Z,2448,2628,17
DauT,198035,2023-09-01T00:00:04.000Z,2449,2634,6
DauT,198035,2023-09-01T00:38:17.000Z,2450,2643,9
DauT,198035,2023-09-03T01:00:43.000Z,2451,2620,-23
DauT,198035,2023-09-03T01:31:31.000Z,2452,2630,10
DauT,198035,2023-09-03T02:06:26.000Z,2453,2630,0
DauT,198035,2023-09-05T21:00:04.000Z,2454,2640,10
DauT,198035,2023-09-05T21:33:53.000Z,2455,2649,9
DauT,198035,2023-09-05T22:01:06.000Z,2456,2650,1
DauT,198035,2023-09-05T23:47:43.000Z,2457,2659,9
DauT,198035,2023-09-07T23:30:53.000Z,2458,2636,-23
DauT,198035,2023-09-08T00:05:13.000Z,2459,2652,16
DauT,198035,2023-09-08T00:19:54.000Z,2460,2634,-18
DauT,198035,2023-09-08T00:50:01.000Z,2461,2610,-24
DauT,198035,2023-09-08T01:12:06.000Z,2462,2587,-23
DauT,198035,2023-09-08T19:54:31.000Z,2463,2596,9
DauT,198035,2023-09-08T20:19:36.000Z,2464,2614,18
DauT,198035,2023-09-08T21:19:17.000Z,2465,2599,-15
DauT,198035,2023-09-11T23:36:18.000Z,2466,2607,8
DauT,198035,2023-09-12T00:04:46.000Z,2467,2595,-12
DauT,198035,2023-09-12T00:42:43.000Z,2468,2584,-11
DauT,198035,2023-09-12T01:06:27.000Z,2469,2599,15
DauT,198035,2023-09-12T01:33:28.000Z,2470,2612,13
DauT,198035,2023-09-12T02:25:41.000Z,2471,2600,-12
DauT,198035,2023-09-12T03:00:14.000Z,2472,2606,6
DauT,198035,2023-09-13T23:25:09.000Z,2473,2596,-10
DauT,198035,2023-09-13T23:38:06.000Z,2474,2610,14
DauT,198035,2023-09-14T00:01:24.000Z,2475,2600,-10
DauT,198035,2023-09-14T00:08:36.000Z,2476,2623,23
DauT,198035,2023-09-14T00:40:12.000Z,2477,2644,21
DauT,198035,2023-09-14T01:04:38.000Z,2478,2631,-13
DauT,198035,2023-09-14T01:21:48.000Z,2479,2619,-12
DauT,198035,2023-09-14T01:57:01.000Z,2480,2608,-11
DauT,198035,2023-09-14T02:37:15.000Z,2481,2598,-10
DauT,198035,2023-09-19T07:35:02.000Z,2482,2611,13
DauT,198035,2023-09-19T08:07:25.000Z,2483,2621,10
DauT,198035,2023-09-19T09:06:39.000Z,2484,2623,2
DauT,198035,2023-09-19T09:39:06.000Z,2485,2629,6
DauT,198035,2023-09-19T10:11:32.000Z,2486,2603,-26
DauT,198035,2023-09-19T10:43:29.000Z,2487,2615,12
DauT,198035,2023-09-19T11:30:03.000Z,2488,2621,6
DauT,198035,2023-09-20T13:56:47.000Z,2489,2602,-19
DauT,198035,2023-09-22T14:14:33.000Z,2490,2586,-16
DauT,198035,2023-09-22T14:39:14.000Z,2491,2603,17
DauT,198035,2023-09-24T13:17:41.000Z,2492,2587,-16
DauT,198035,2023-09-24T13:32:10.000Z,2493,2593,6
DauT,198035,2023-09-24T13:58:07.000Z,2494,2604,11
DauT,198035,2023-09-24T14:35:56.000Z,2495,2594,-10
DauT,198035,2023-09-24T15:14:20.000Z,2496,2617,23
DauT,198035,2023-09-24T15:50:15.000Z,2497,2638,21
DauT,198035,2023-09-30T14:32:12.000Z,2498,2657,19
DauT,198035,2023-09-30T15:15:41.000Z,2499,2638,-19
DauT,198035,2023-09-30T15:48:42.000Z,2500,2653,15
DauT,198035,2023-10-01T13:35:21.000Z,2501,2671,18
DauT,198035,2023-10-01T13:56:00.000Z,2502,2655,-16
DauT,198035,2023-10-01T14:16:17.000Z,2503,2641,-14
DauT,198035,2023-10-01T15:11:08.000Z,2504,2617,-24
DauT,198035,2023-10-01T15:44:12.000Z,2505,2606,-11
DauT,198035,2023-10-01T16:17:35.000Z,2506,2619,13
DauT,198035,2023-10-03T11:28:57.000Z,2507,2629,10
DauT,198035,2023-10-03T12:08:41.000Z,2508,2617,-12
DauT,198035,2023-10-03T12:55:05.000Z,2509,2606,-11
DauT,198035,2023-10-03T13:19:18.000Z,2510,2596,-10
DauT,198035,2023-10-03T13:36:44.000Z,2511,2611,15
DauT,198035,2023-10-03T14:26:32.000Z,2512,2598,-13
DauT,198035,2023-10-03T15:07:30.000Z,2513,2586,-12
DauT,198035,2023-10-03T15:25:16.000Z,2514,2607,21
DauT,198035,2023-10-03T15:52:03.000Z,2515,2584,-23
DauT,198035,2023-10-03T16:15:29.000Z,2516,2569,-15
DauT,198035,2023-10-04T15:21:46.000Z,2517,2578,9
DauT,198035,2023-10-04T15:48:53.000Z,2518,2586,8
DauT,198035,2023-10-04T16:14:52.000Z,2519,2600,14
DauT,198035,2023-10-04T16:33:34.000Z,2520,2609,9
DauT,198035,2023-10-04T17:13:23.000Z,2521,2625,16
DauT,198035,2023-10-04T17:51:34.000Z,2522,2632,7
DauT,198035,2023-10-04T18:38:15.000Z,2523,2616,-16
DauT,198035,2023-10-05T14:35:57.000Z,2524,2636,20
DauT,198035,2023-10-05T14:54:22.000Z,2525,2622,-14
DauT,198035,2023-10-09T16:25:39.000Z,2526,2642,20
DauT,198035,2023-10-09T16:58:30.000Z,2527,2660,18
DauT,198035,2023-10-09T17:28:53.000Z,2528,2643,-17
DauT,198035,2023-10-09T17:57:51.000Z,2529,2660,17
DauT,198035,2023-10-09T19:47:29.000Z,2530,2643,-17
DauT,198035,2023-10-09T21:20:25.000Z,2531,2615,-28
DauT,198035,2023-10-10T14:23:32.000Z,2532,2634,19
DauT,198035,2023-10-10T14:47:18.000Z,2533,2652,18
DauT,198035,2023-10-10T15:15:05.000Z,2534,2636,-16
DauT,198035,2023-10-10T15:36:49.000Z,2535,2653,17
DauT,198035,2023-10-10T16:41:42.000Z,2536,2669,16
DauT,198035,2023-10-12T17:32:28.000Z,2537,2652,-17
DauT,198035,2023-10-12T17:50:32.000Z,2538,2637,-15
DauT,198035,2023-10-12T20:49:34.000Z,2539,2647,10
DauT,198035,2023-10-12T21:31:59.000Z,2540,2656,9
DauT,198035,2023-10-12T22:44:20.000Z,2541,2665,9
DauT,198035,2023-10-20T14:34:02.000Z,2542,2671,6
DauT,198035,2023-10-20T15:04:41.000Z,2543,2680,9
DauT,198035,2023-10-20T15:31:15.000Z,2544,2688,8
DauT,198035,2023-10-20T16:01:15.000Z,2545,2702,14
DauT,198035,2023-11-01T00:50:24.000Z,2546,2718,16
DauT,198035,2023-11-01T01:32:23.000Z,2547,2736,18
DauT,198035,2023-11-01T02:11:15.000Z,2548,2720,-16
DauT,198035,2023-11-01T02:47:37.000Z,2549,2695,-25
DauT,198035,2023-11-02T01:16:46.000Z,2551,2724,
DauT,198035,2023-11-02T01:20:19.000Z,2552,2737,13
DauT,198035,2023-11-02T01:57:55.000Z,2553,2743,6
DauT,198035,2023-11-02T02:23:10.000Z,2554,2716,-27
DauT,198035,2023-11-02T02:43:41.000Z,2555,2723,7
DauT,198035,2023-11-02T03:09:16.000Z,2556,2698,-25
DauT,198035,2023-11-02T03:29:47.000Z,2557,2674,-24
DauT,198035,2023-11-02T04:21:39.000Z,2558,2647,-27
DauT,198035,2023-11-05T01:41:54.000Z,2559,2660,13
DauT,198035,2023-11-05T02:19:17.000Z,2560,2640,-20
DauT,198035,2023-11-05T02:51:55.000Z,2561,2646,6
DauT,198035,2023-11-05T03:18:02.000Z,2562,2651,5
DauT,198035,2023-11-05T03:50:19.000Z,2563,2662,11
DauT,198035,2023-11-05T04:17:27.000Z,2564,2680,18
DauT,198035,2023-11-05T04:55:31.000Z,2565,2696,16
DauT,198035,2023-11-05T05:11:04.000Z,2566,2711,15
DauT,198035,2023-11-09T02:22:32.000Z,2567,2724,13
DauT,198035,2023-11-09T02:52:42.000Z,2568,2704,-20
DauT,198035,2023-11-09T03:27:16.000Z,2569,2688,-16
DauT,198035,2023-11-09T04:17:46.000Z,2570,2689,1
DauT,198035,2023-11-11T02:02:03.000Z,2571,2665,-24
DauT,198035,2023-11-11T02:43:05.000Z,2572,2642,-23
DauT,198035,2023-11-11T03:19:25.000Z,2573,2621,-21
DauT,198035,2023-11-11T03:53:18.000Z,2574,2633,12
DauT,198035,2023-11-11T04:22:38.000Z,2575,2642,9
DauT,198035,2023-11-11T04:55:27.000Z,2576,2618,-24
DauT,198035,2023-11-11T05:13:03.000Z,2577,2596,-22
DauT,198035,2023-11-11T05:57:51.000Z,2578,2572,-24
DauT,198035,2023-11-19T13:11:50.000Z,2579,2580,8
DauT,198035,2023-11-19T13:49:04.000Z,2580,2594,14
DauT,198035,2023-11-19T14:28:11.000Z,2581,2607,13
DauT,198035,2023-11-19T15:00:02.000Z,2582,2587,-20
DauT,198035,2023-11-19T15:25:23.000Z,2583,2574,-13
DauT,198035,2023-11-19T15:52:50.000Z,2584,2590,16
DauT,198035,2023-11-21T12:12:44.000Z,2585,2599,9
DauT,198035,2023-11-21T12:43:51.000Z,2586,2609,10
DauT,198035,2023-11-21T13:03:53.000Z,2587,2600,-9
DauT,198035,2023-11-21T14:02:19.000Z,2588,2588,-12
DauT,198035,2023-11-21T14:25:07.000Z,2589,2577,-11
DauT,198035,2023-11-21T15:06:34.000Z,2590,2566,-11
DauT,198035,2023-11-21T16:14:05.000Z,2591,2548,-18
DauT,198035,2023-11-21T16:34:00.000Z,2592,2564,16
DauT,198035,2023-11-22T14:32:03.000Z,2593,2588,24
DauT,198035,2023-11-30T10:58:19.000Z,2594,2573,-15
DauT,198035,2023-11-30T11:19:16.000Z,2595,2590,17
DauT,198035,2023-11-30T11:40:12.000Z,2596,2603,13
DauT,198035,2023-11-30T11:57:24.000Z,2597,2615,12
DauT,198035,2023-11-30T12:41:15.000Z,2598,2599,-16
DauT,198035,2023-11-30T13:12:03.000Z,2599,2585,-14
DauT,198035,2023-12-04T18:12:12.000Z,2600,2576,-9
DauT,198035,2023-12-04T18:36:35.000Z,2601,2568,-8
DauT,198035,2023-12-05T20:37:20.000Z,2602,2552,-16
DauT,198035,2023-12-11T13:12:51.000Z,2603,2527,-25
DauT,198035,2023-12-11T13:53:56.000Z,2604,2507,-20
DauT,198035,2023-12-11T14:19:45.000Z,2605,2520,13
DauT,198035,2023-12-11T14:48:56.000Z,2606,2532,12
DauT,198035,2023-12-11T15:24:48.000Z,2607,2554,22
DauT,198035,2023-12-11T15:41:49.000Z,2608,2542,-12
DauT,198035,2023-12-11T16:18:09.000Z,2609,2531,-11
DauT,198035,2023-12-11T16:57:24.000Z,2610,2522,-9
DauT,198035,2023-12-18T18:32:35.000Z,2611,2535,13
DauT,198035,2023-12-24T11:10:12.000Z,2612,2517,-18
DauT,198035,2023-12-24T11:47:54.000Z,2613,2537,20
DauT,198035,2023-12-24T12:30:25.000Z,2614,2524,-13
DauT,198035,2023-12-24T12:52:39.000Z,2615,2505,-19
DauT,198035,2023-12-24T13:10:41.000Z,2616,2520,15
DauT,198035,2023-12-24T13:35:04.000Z,2617,2534,14
DauT,198035,2023-12-24T14:22:14.000Z,2618,2521,-13
DauT,198035,2023-12-24T15:11:26.000Z,2619,2502,-19
DauT,198035,2023-12-25T08:28:36.000Z,2620,2505,3
DauT,198035,2023-12-25T08:51:06.000Z,2621,2514,9
DauT,198035,2023-12-25T09:52:08.000Z,2622,2471,-43
DauT,198035,2024-01-18T16:19:20.000Z,2623,2479,8
DauT,198035,2024-01-18T16:37:08.000Z,2624,2479,0
DauT,198035,2024-01-18T17:01:44.000Z,2625,2503,24
DauT,198035,2024-01-18T17:27:55.000Z,2626,2486,-17
DauT,198035,2024-01-22T03:15:36.000Z,2627,2498,12
DauT,198035,2024-01-22T03:35:32.000Z,2628,2509,11
DauT,198035,2024-01-23T04:26:45.000Z,2629,2524,15
DauT,198035,2024-01-23T04:54:25.000Z,2630,2528,4
DauT,198035,2024-01-23T05:27:42.000Z,2631,2548,20
DauT,198035,2024-01-23T05:50:50.000Z,2632,2566,18
DauT,198035,2024-01-23T06:26:46.000Z,2633,2551,-15
DauT,198035,2024-01-23T06:56:59.000Z,2634,2534,-17
DauT,198035,2024-01-24T09:04:01.000Z,2635,2537,3
DauT,198035,2024-01-24T09:40:09.000Z,2636,2526,-11
DauT,198035,2024-01-24T10:23:18.000Z,2637,2505,-21
DauT,198035,2024-01-24T10:48:51.000Z,2638,2518,13
DauT,198035,2024-01-24T11:13:21.000Z,2639,2530,12
DauT,198035,2024-01-24T11:42:24.000Z,2640,2541,11
DauT,198035,2024-01-24T12:18:49.000Z,2641,2554,13
DauT,198035,2024-01-24T12:44:28.000Z,2642,2568,
DauT,198035,2024-01-26T11:07:15.000Z,2643,2542,-26
DauT,198035,2024-01-26T12:12:45.000Z,2644,2526,-16
DauT,198035,2024-01-26T13:07:03.000Z,2645,2538,12
DauT,198035,2024-01-26T13:36:12.000Z,2646,2554,16
DauT,198035,2024-01-28T09:07:27.000Z,2647,2532,-22
DauT,198035,2024-01-28T09:21:28.000Z,2648,2543,11
DauT,198035,2024-01-28T10:00:19.000Z,2649,2521,-22
DauT,198035,2024-01-28T10:46:45.000Z,2650,2536,15
DauT,198035,2024-01-28T11:09:47.000Z,2651,2550,14
DauT,198035,2024-01-28T12:04:51.000Z,2652,2563,13
DauT,198035,2024-01-28T12:33:03.000Z,2653,2554,-9
DauT,198035,2024-01-30T09:54:31.000Z,2654,2536,-18
DauT,198035,2024-01-30T10:25:05.000Z,2655,2550,14
DauT,198035,2024-01-30T10:45:49.000Z,2656,2563,13
DauT,198035,2024-01-30T11:21:28.000Z,2657,2543,-20
DauT,198035,2024-01-30T11:34:34.000Z,2658,2530,-13
DauT,198035,2024-01-30T12:02:49.000Z,2659,2518,-12
DauT,198035,2024-01-30T12:42:56.000Z,2660,2536,18
DauT,198035,2024-02-02T11:04:23.000Z,2661,2548,12
DauT,198035,2024-02-02T12:36:11.000Z,2662,2529,-19
DauT,198035,2024-02-02T14:35:16.000Z,2663,2513,-16
DauT,198035,2024-02-02T15:04:22.000Z,2664,2530,17
DauT,198035,2024-02-02T15:52:14.000Z,2665,2546,16
DauT,198035,2024-02-05T11:00:13.000Z,2666,2554,8
DauT,198035,2024-02-08T10:28:25.000Z,2667,2559,5
DauT,198035,2024-02-08T11:25:18.000Z,2668,2572,13
DauT,198035,2024-02-08T11:50:03.000Z,2669,2583,11
DauT,198035,2024-02-08T12:12:17.000Z,2670,2593,10
DauT,198035,2024-02-08T12:41:59.000Z,2671,2603,10
DauT,198035,2024-02-08T13:06:26.000Z,2672,2580,-23
DauT,198035,2024-02-08T13:38:52.000Z,2673,2559,-21
DauT,198035,2024-02-10T12:10:23.000Z,2674,2570,11
DauT,198035,2024-02-10T13:16:56.000Z,2675,2550,-20
DauT,198035,2024-02-10T13:41:59.000Z,2676,2532,-18
DauT,198035,2024-02-13T10:13:51.000Z,2677,2541,9
DauT,198035,2024-02-13T10:54:41.000Z,2678,2530,-11
DauT,198035,2024-02-14T10:57:01.000Z,2679,2538,8
DauT,198035,2024-02-18T22:23:34.000Z,2680,2554,16
DauT,198035,2024-02-18T23:10:52.000Z,2681,2539,-15
DauT,198035,2024-02-20T17:45:31.000Z,2682,2553,14
DauT,198035,2024-02-24T14:12:18.000Z,2683,2533,-20
DauT,198035,2024-02-24T14:42:57.000Z,2684,2514,-19
DauT,198035,2024-02-24T15:11:08.000Z,2685,2529,15
DauT,198035,2024-02-24T15:39:35.000Z,2686,2536,7
DauT,198035,2024-02-24T16:10:49.000Z,2687,2542,6
DauT,198035,2024-02-24T16:38:57.000Z,2688,2550,8
DauT,198035,2024-02-24T17:11:29.000Z,2689,2555,5
DauT,198035,2024-02-24T17:36:09.000Z,2690,2569,14
DauT,198035,2024-02-24T18:01:34.000Z,2691,2582,13
DauT,198035,2024-02-24T18:37:33.000Z,2692,2599,17
DauT,198035,2024-02-28T10:48:15.000Z,2693,2578,-21
DauT,198035,2024-02-28T12:49:43.000Z,2694,2560,-18
DauT,198035,2024-02-28T13:14:57.000Z,2695,2576,16
DauT,198035,2024-02-28T13:33:04.000Z,2696,2590,14
DauT,198035,2024-02-28T14:01:06.000Z,2697,2567,-23
DauT,198035,2024-03-05T21:28:06.000Z,2698,2575,8
DauT,198035,2024-03-05T21:51:00.000Z,2699,2585,10
DauT,198035,2024-03-05T22:16:43.000Z,2700,2573,-12
DauT,198035,2024-03-05T22:42:09.000Z,2701,2557,-16
DauT,198035,2024-03-05T23:08:12.000Z,2702,2535,-22
DauT,198035,2024-03-05T23:53:40.000Z,2703,2542,7
DauT,198035,2024-03-06T00:28:50.000Z,2704,2520,-22
DauT,198035,2024-03-06T00:57:53.000Z,2705,2500,-20
DauT,198035,2024-03-06T03:16:24.000Z,2706,2482,-18
DauT,198035,2024-03-06T23:34:57.000Z,2707,2500,18
DauT,198035,2024-03-07T00:02:49.000Z,2708,2516,16
DauT,198035,2024-03-07T00:39:53.000Z,2709,2498,-18
DauT,198035,2024-03-07T01:05:33.000Z,2710,2514,16
DauT,198035,2024-03-07T01:29:39.000Z,2711,2529,15
DauT,198035,2024-03-07T01:59:52.000Z,2712,2510,-19
DauT,198035,2024-03-07T02:22:35.000Z,2713,2493,-17
DauT,198035,2024-03-07T02:47:38.000Z,2714,2507,14
DauT,198035,2024-03-07T03:23:40.000Z,2715,2520,13
DauT,198035,2024-03-12T02:36:51.000Z,2716,2525,5
DauT,198035,2024-03-12T03:04:40.000Z,2717,2536,11
DauT,198035,2024-03-14T02:24:42.000Z,2718,2546,10
DauT,198035,2024-03-14T02:58:08.000Z,2719,2555,9
DauT,198035,2024-03-14T03:31:54.000Z,2720,2564,9
DauT,198035,2024-03-14T03:51:49.000Z,2721,2574,10
DauT,198035,2024-03-14T04:51:25.000Z,2722,2581,7
DauT,198035,2024-03-14T05:21:59.000Z,2723,2589,8
DauT,198035,2024-03-14T05:47:17.000Z,2724,2591,2
DauT,198035,2024-03-16T07:29:31.000Z,2725,2598,7
DauT,198035,2024-03-17T11:19:53.000Z,2726,2604,6
DauT,198035,2024-03-17T11:44:47.000Z,2727,2616,12
DauT,198035,2024-03-17T12:55:10.000Z,2728,2595,-21
DauT,198035,2024-03-17T13:19:38.000Z,2729,2605,10
DauT,198035,2024-03-17T14:51:31.000Z,2730,2586,-19
DauT,198035,2024-03-17T15:14:48.000Z,2731,2603,17
DauT,198035,2024-03-17T15:36:40.000Z,2732,2596,-7
DauT,198035,2024-03-18T10:55:01.000Z,2733,2569,-27
DauT,198035,2024-03-18T11:31:41.000Z,2734,2582,13
DauT,198035,2024-03-18T11:59:16.000Z,2735,2587,5
DauT,198035,2024-03-18T12:20:43.000Z,2736,2599,12
DauT,198035,2024-03-18T12:52:23.000Z,2737,2590,-9
DauT,198035,2024-03-18T13:18:30.000Z,2738,2601,11
DauT,198035,2024-03-21T12:08:22.000Z,2739,2607,6
DauT,198035,2024-03-21T12:33:28.000Z,2740,2591,-16
DauT,198035,2024-03-21T13:07:13.000Z,2741,2568,-23
DauT,198035,2024-03-21T13:46:15.000Z,2742,2584,16
DauT,198035,2024-03-21T14:01:58.000Z,2743,2598,14
DauT,198035,2024-03-21T14:37:03.000Z,2744,2577,-21
DauT,198035,2024-03-21T15:10:39.000Z,2745,2551,-26
DauT,198035,2024-03-21T15:34:20.000Z,2746,2563,12
DauT,198035,2024-03-21T15:51:40.000Z,2747,2549,-14
DauT,198035,2024-03-21T16:14:26.000Z,2748,2555,6
DauT,198035,2024-03-26T13:24:54.000Z,2749,2579,24
DauT,198035,2024-03-26T13:50:27.000Z,2750,2601,22
DauT,198035,2024-04-02T20:01:17.000Z,2751,2581,-20
DauT,198035,2024-04-02T20:56:07.000Z,2752,2563,-18
DauT,198035,2024-04-04T21:27:21.000Z,2753,2578,15
DauT,198035,2024-04-04T22:01:27.000Z,2754,2560,-18
DauT,198035,2024-04-04T22:32:42.000Z,2755,2575,15
DauT,198035,2024-04-05T13:24:33.000Z,2756,2563,-12
DauT,198035,2024-04-05T13:43:08.000Z,2757,2579,16
DauT,198035,2024-04-05T14:26:40.000Z,2758,2590,11
DauT,198035,2024-04-05T14:50:22.000Z,2759,2602,12
DauT,198035,2024-04-11T23:57:13.000Z,2760,2610,8
DauT,198035,2024-04-12T00:21:39.000Z,2761,2589,-21
DauT,198035,2024-04-12T01:05:27.000Z,2762,2570,-19
DauT,198035,2024-04-12T01:40:22.000Z,2763,2585,15
DauT,198035,2024-04-12T02:23:03.000Z,2764,2586,1
DauT,198035,2024-04-12T02:39:11.000Z,2765,2595,9
DauT,198035,2024-04-12T03:17:14.000Z,2766,2572,-23
DauT,198035,2024-04-13T15:25:03.000Z,2767,2585,13
DauT,198035,2024-04-13T16:02:30.000Z,2768,2593,8
DauT,198035,2024-04-14T23:16:19.000Z,2769,2607,14
DauT,198035,2024-04-14T23:54:53.000Z,2770,2588,-19
DauT,198035,2024-04-15T23:51:01.000Z,2771,2569,-19
DauT,198035,2024-04-16T00:27:37.000Z,2772,2547,-22
DauT,198035,2024-04-16T00:52:24.000Z,2773,2563,16
DauT,198035,2024-04-16T01:22:48.000Z,2774,2577,14
DauT,198035,2024-04-23T11:07:52.000Z,2775,2589,12
DauT,198035,2024-04-26T07:43:44.000Z,2776,2591,2
DauT,198035,2024-04-26T08:14:50.000Z,2777,2601,10
DauT,198035,2024-04-27T12:59:32.000Z,2778,2607,6
DauT,198035,2024-04-27T14:40:44.000Z,2779,2598,-9
DauT,198035,2024-04-27T16:01:56.000Z,2780,2616,18
DauT,198035,2024-04-29T10:19:33.000Z,2781,2623,7
DauT,198035,2024-04-29T10:52:58.000Z,2782,2635,12
DauT,198035,2024-04-29T11:25:40.000Z,2783,2644,9
DauT,198035,2024-04-29T11:56:21.000Z,2784,2621,-23
DauT,198035,2024-04-29T12:21:52.000Z,2785,2623,2
DauT,198035,2024-04-30T10:49:51.000Z,2786,2629,6
DauT,198035,2024-04-30T11:07:45.000Z,2787,2634,5
DauT,198035,2024-04-30T11:41:17.000Z,2788,2642,8
DauT,198035,2024-04-30T12:27:56.000Z,2789,2651,9
DauT,198035,2024-04-30T12:51:41.000Z,2790,2659,8
DauT,198035,2024-06-14T09:57:19.000Z,2791,2554,-48
DauT,198035,2024-06-14T10:16:34.000Z,2792,2539,-15
DauT,198035,2024-06-14T10:51:54.000Z,2793,2545,6
DauT,198035,2024-06-14T11:26:38.000Z,2794,2564,19
DauT,198035,2024-06-14T16:15:29.000Z,2795,2544,-20
DauT,198035,2024-06-16T12:30:26.000Z,2796,2554,10
DauT,198035,2024-06-16T12:56:06.000Z,2797,2531,-23
DauT,198035,2024-06-23T15:25:06.000Z,2798,2510,-21
DauT,198035,2024-06-23T15:41:54.000Z,2799,2520,10
DauT,198035,2024-07-06T21:58:15.000Z,2800,2506,-14
DauT,198035,2024-07-06T22:37:42.000Z,2801,2493,-13
DauT,198035,2024-07-06T23:04:49.000Z,2802,2481,-12
DauT,198035,2024-07-15T10:54:33.000Z,2803,2459,-22
DauT,198035,2024-08-05T10:05:21.000Z,2804,2392,-20
DauT,198035,2024-08-05T10:33:14.000Z,2805,2377,-15
DauT,198035,2024-08-05T13:13:29.000Z,2806,2359,-18
DauT,198035,2024-08-09T12:27:40.000Z,2807,2344,-15
DauT,198035,2024-08-09T12:47:18.000Z,2808,2333,-11
DauT,198035,2024-08-09T13:31:58.000Z,2809,2355,22
DauT,198035,2024-08-09T14:14:18.000Z,2810,2368,13
DauT,198035,2024-08-09T14:45:55.000Z,2811,2382,14
DauT,198035,2024-08-09T15:13:59.000Z,2812,2400,18
DauT,198035,2024-08-12T11:27:37.000Z,2813,2409,9
DauT,198035,2024-08-12T12:00:18.000Z,2814,2422,13
DauT,198035,2024-08-12T12:54:47.000Z,2815,2405,-17
DauT,198035,2024-08-12T13:19:35.000Z,2816,2421,16
DauT,198035,2024-08-12T13:38:10.000Z,2817,2436,15
DauT,198035,2024-08-12T13:59:22.000Z,2818,2459,23
DauT,198035,2024-09-16T13:51:10.000Z,2819,2381,-31
DauT,198035,2024-09-16T14:15:42.000Z,2820,2362,-19
DauT,198035,2024-09-16T14:19:08.000Z,2821,2346,-16
DauT,198035,2024-09-16T14:39:52.000Z,2822,2335,-11
DauT,198035,2024-09-23T21:40:51.000Z,2823,2316,-19
DauT,198035,2024-10-09T21:10:44.000Z,2824,2262,-14
DauT,198035,2024-10-13T20:51:56.000Z,2825,2273,11
DauT,198035,2024-10-13T21:22:58.000Z,2826,2291,18
DauT,198035,2024-10-13T22:03:29.000Z,2827,2309,18
DauT,198035,2024-10-13T22:33:24.000Z,2828,2294,-15
DauT,198035,2024-10-13T22:53:54.000Z,2829,2312,18
DauT,198035,2024-10-13T23:13:57.000Z,2830,2328,16
DauT,198035,2024-10-13T23:37:10.000Z,2831,2311,-17
DauT,198035,2024-10-14T00:18:56.000Z,2832,2327,16
DauT,198035,2024-10-14T00:44:28.000Z,2833,2310,-17
DauT,198035,2024-10-14T01:13:24.000Z,2834,2295,-15
DauT,198035,2024-10-14T01:34:03.000Z,2835,2313,18
DauT,198035,2024-10-16T08:10:56.000Z,2836,2331,18
DauT,198035,2024-10-16T08:39:15.000Z,2837,2347,16
DauT,198035,2024-10-16T09:13:52.000Z,2838,2360,13
DauT,198035,2024-10-16T09:34:44.000Z,2839,2368,8
DauT,198035,2024-10-16T10:29:38.000Z,2840,2364,-4
DauT,198035,2024-10-16T11:00:09.000Z,2841,2351,-13
DauT,198035,2024-10-16T11:24:42.000Z,2842,2368,17
DauT,198035,2024-10-16T11:55:58.000Z,2843,2383,15
DauT,198035,2024-10-19T08:34:03.000Z,2844,2403,20
DauT,198035,2024-10-19T09:03:53.000Z,2845,2389,-14
DauT,198035,2024-10-19T09:44:22.000Z,2846,2406,17
DauT,198035,2024-10-19T10:18:42.000Z,2847,2422,16
DauT,198035,2024-10-19T10:37:45.000Z,2848,2430,8
DauT,198035,2024-10-19T10:54:04.000Z,2849,2441,11
DauT,198035,2024-10-19T11:18:51.000Z,2850,2457,16
DauT,198035,2024-10-19T11:42:08.000Z,2851,2472,15
DauT,198035,2024-10-19T12:20:41.000Z,2852,2454,-18
DauT,198035,2024-10-21T11:36:24.000Z,2853,2450,-4
DauT,198035,2024-10-21T12:11:48.000Z,2854,2478,28
DauT,198035,2024-10-21T12:40:16.000Z,2855,2492,14
DauT,198035,2024-10-21T13:01:26.000Z,2856,2472,-20
DauT,198035,2024-10-24T10:59:09.000Z,2857,2485,13
DauT,198035,2024-10-24T11:29:03.000Z,2858,2460,-25
DauT,198035,2024-10-24T11:51:47.000Z,2859,2449,-11
DauT,198035,2024-10-24T12:21:58.000Z,2860,2439,-10
DauT,198035,2024-10-24T12:50:23.000Z,2861,2429,-10
DauT,198035,2024-10-24T13:21:02.000Z,2862,2437,8
DauT,198035,2024-10-24T13:46:41.000Z,2863,2461,24
DauT,198035,2024-10-24T14:10:32.000Z,2864,2441,-20
DauT,198035,2024-10-24T14:30:46.000Z,2865,2432,-9
DauT,198035,2024-10-24T15:30:55.000Z,2866,2414,-18
DauT,198035,2024-10-25T12:09:43.000Z,2867,2395,-19
DauT,198035,2024-10-25T12:26:47.000Z,2868,2410,15
DauT,198035,2024-10-25T12:51:00.000Z,2869,2423,13
DauT,198035,2024-10-25T13:20:49.000Z,2870,2436,13
DauT,198035,2024-10-25T13:40:14.000Z,2871,2448,12
DauT,198035,2024-11-04T17:56:38.000Z,2872,2462,14
DauT,198035,2024-11-11T22:17:36.000Z,2873,2474,12
DauT,198035,2024-11-11T22:39:51.000Z,2874,2459,-15
DauT,198035,2024-11-11T23:01:53.000Z,2875,2476,17
DauT,198035,2024-11-11T23:28:54.000Z,2876,2492,16
DauT,198035,2024-11-24T01:30:06.000Z,2877,2499,7
DauT,198035,2024-11-24T02:14:39.000Z,2878,2483,-16
DauT,198035,2024-11-24T03:12:29.000Z,2879,2502,19
DauT,198035,2024-11-24T03:34:34.000Z,2880,2514,12
DauT,198035,2024-11-24T04:00:25.000Z,2881,2499,-15
DauT,198035,2024-11-24T04:27:49.000Z,2882,2510,11
DauT,198035,2024-12-05T13:14:35.000Z,2883,2487,-23
DauT,198035,2024-12-05T13:39:25.000Z,2884,2508,21
DauT,198035,2024-12-05T13:59:14.000Z,2885,2518,10
DauT,198035,2024-12-05T14:20:05.000Z,2886,2528,10
DauT,198035,2024-12-05T15:06:05.000Z,2887,2508,-20
DauT,198035,2024-12-06T13:04:24.000Z,2888,2529,21
DauT,198035,2024-12-06T13:24:13.000Z,2889,2548,19
DauT,198035,2024-12-06T14:06:30.000Z,2890,2537,-11
DauT,198035,2024-12-06T14:32:03.000Z,2891,2547,10
DauT,198035,2024-12-06T15:04:19.000Z,2892,2525,-22
DauT,198035,2024-12-11T12:55:38.000Z,2893,2506,-19
DauT,198035,2024-12-11T13:16:21.000Z,2894,2519,13
DauT,198035,2024-12-11T13:46:24.000Z,2895,2531,12
DauT,198035,2024-12-11T14:26:28.000Z,2896,2510,-21
DauT,198035,2024-12-11T14:59:04.000Z,2897,2530,20
DauT,198035,2024-12-11T15:32:45.000Z,2898,2540,10
DauT,198035,2024-12-11T16:02:04.000Z,2899,2565,25
DauT,198035,2024-12-13T12:33:21.000Z,2900,2556,-9
DauT,198035,2024-12-13T13:02:04.000Z,2901,2575,19
DauT,198035,2024-12-13T13:24:52.000Z,2902,2592,17
DauT,198035,2024-12-13T13:53:26.000Z,2903,2608,16
DauT,198035,2024-12-13T14:29:18.000Z,2904,2622,14
DauT,198035,2024-12-27T11:07:02.000Z,2905,2633,11
DauT,198035,2024-12-27T11:38:25.000Z,2906,2617,-16
DauT,198035,2024-12-27T12:02:17.000Z,2907,2602,-15
DauT,198035,2024-12-27T12:17:34.000Z,2908,2620,18
DauT,198035,2024-12-27T12:23:45.000Z,2909,2637,17
DauT,198035,2024-12-27T12:49:53.000Z,2910,2620,-17
DauT,198035,2024-12-27T13:05:37.000Z,2911,2637,17
DauT,198035,2024-12-27T13:32:50.000Z,2912,2620,-17
DauT,198035,2024-12-27T13:56:49.000Z,2913,2604,-16
DauT,198035,2024-12-27T14:23:30.000Z,2914,2595,-9
DauT,198035,2024-12-27T14:54:07.000Z,2915,2611,16
DauT,198035,2024-12-28T11:21:18.000Z,2916,2595,-16
DauT,198035,2024-12-28T12:08:46.000Z,2917,2572,-23
DauT,198035,2024-12-28T12:40:59.000Z,2918,2550,-22
DauT,198035,2024-12-28T13:15:47.000Z,2919,2571,21
DauT,198035,2024-12-28T13:46:21.000Z,2920,2590,19
DauT,198035,2024-12-31T11:27:54.000Z,2921,2571,-19
DauT,198035,2024-12-31T11:47:43.000Z,2922,2581,10
DauT,198035,2024-12-31T12:38:57.000Z,2923,2567,-14
DauT,198035,2024-12-31T12:52:57.000Z,2924,2586,19
DauT,198035,2024-12-31T13:26:31.000Z,2925,2587,1
DauT,198035,2025-01-06T13:27:00.000Z,2926,2588,1
DauT,198035,2025-01-06T14:00:46.000Z,2927,2571,-17
DauT,198035,2025-01-06T14:22:44.000Z,2928,2583,12
DauT,198035,2025-01-06T14:39:33.000Z,2929,2562,-21
DauT,198035,2025-01-06T15:11:09.000Z,2930,2546,-16
DauT,198035,2025-01-06T15:44:54.000Z,2931,2554,8
DauT,198035,2025-01-06T16:15:30.000Z,2932,2561,7
DauT,198035,2025-01-08T13:09:23.000Z,2933,2579,18
DauT,198035,2025-01-08T13:43:06.000Z,2934,2559,-20
DauT,198035,2025-01-08T15:16:31.000Z,2935,2535,-24
DauT,198035,2025-01-08T15:33:30.000Z,2936,2551,16
DauT,198035,2025-01-08T15:52:06.000Z,2937,2565,14
DauT,198035,2025-01-08T16:17:35.000Z,2938,2570,5
DauT,198035,2025-01-08T16:46:28.000Z,2939,2583,13
DauT,198035,2025-01-08T17:15:15.000Z,2940,2568,-15
DauT,198035,2025-01-09T12:29:27.000Z,2941,2582,14
DauT,198035,2025-01-09T12:52:54.000Z,2942,2558,-24
DauT,198035,2025-01-09T13:20:40.000Z,2943,2567,9
DauT,198035,2025-01-19T02:39:29.000Z,2944,2574,7
DauT,198035,2025-01-21T23:00:59.000Z,2945,2581,7
DauT,198035,2025-01-22T09:00:04.000Z,2946,2589,8
DauT,198035,2025-01-22T09:58:25.000Z,2947,2609,20
DauT,198035,2025-01-22T10:26:00.000Z,2948,2627,18
DauT,198035,2025-01-22T10:59:50.000Z,2949,2612,-15
DauT,198035,2025-01-30T13:44:52.000Z,2950,2598,-14
DauT,198035,2025-01-30T14:32:15.000Z,2951,2605,7
DauT,198035,2025-01-30T15:02:02.000Z,2952,2611,6
DauT,198035,2025-01-30T15:26:30.000Z,2953,2590,-21
DauT,198035,2025-01-30T16:06:50.000Z,2954,2573,-17
DauT,198035,2025-01-31T13:32:12.000Z,2955,2557,-16
DauT,198035,2025-01-31T14:10:47.000Z,2956,2538,-19
DauT,198035,2025-02-05T12:44:24.000Z,2957,2521,-17
DauT,198035,2025-02-05T13:14:12.000Z,2958,2529,8
DauT,198035,2025-02-05T15:04:00.000Z,2959,2510,-19
DauT,198035,2025-02-07T12:42:05.000Z,2960,2496,-14
DauT,198035,2025-02-07T13:12:51.000Z,2961,2514,18
DauT,198035,2025-02-07T13:29:38.000Z,2962,2530,16
DauT,198035,2025-02-10T13:57:02.000Z,2963,2515,-15
DauT,198035,2025-02-10T14:58:58.000Z,2964,2496,-19
DauT,198035,2025-02-12T22:52:40.000Z,2965,2516,20
DauT,198035,2025-02-12T23:16:28.000Z,2966,2534,18
DauT,198035,2025-02-27T04:07:31.000Z,2967,2497,14
DauT,198035,2025-02-27T04:39:53.000Z,2968,2478,-19
DauT,198035,2025-02-27T05:13:22.000Z,2969,2461,-17
DauT,198035,2025-02-27T05:40:38.000Z,2970,2443,-18
DauT,198035,2025-03-10T13:22:59.000Z,2971,2423,-20
DauT,198035,2025-03-10T13:47:38.000Z,2972,2450,27
DauT,198035,2025-03-12T14:05:29.000Z,2973,2464,14
DauT,198035,2025-03-12T14:13:42.000Z,2974,2479,15
DauT,198035,2025-03-12T16:32:03.000Z,2975,2467,-12
DauT,198035,2025-03-17T15:37:03.000Z,2976,2457,-10
DauT,198035,2025-03-17T16:30:56.000Z,2977,2477,20
DauT,198035,2025-03-17T17:02:01.000Z,2978,2490,13
DauT,198035,2025-03-17T17:34:11.000Z,2979,2476,-14
DauT,198035,2025-03-17T18:07:05.000Z,2980,2462,-14
DauT,198035,2025-03-17T18:32:11.000Z,2981,2447,-15
DauT,198035,2025-03-17T18:57:34.000Z,2982,2425,-22
DauT,198035,2025-03-17T19:18:44.000Z,2983,2437,12
DauT,198035,2025-03-17T19:46:28.000Z,2984,2416,-21
DauT,198035,2025-03-17T20:20:57.000Z,2985,2428,12
DauT,198035,2025-03-17T20:54:07.000Z,2986,2416,-12
DauT,198035,2025-03-18T16:03:45.000Z,2987,2395,-21
DauT,198035,2025-03-18T16:26:54.000Z,2988,2408,13
DauT,198035,2025-03-18T22:00:06.000Z,2989,2423,15
DauT,198035,2025-03-18T22:15:42.000Z,2990,2437,14
DauT,198035,2025-03-18T22:35:40.000Z,2991,2450,13
DauT,198035,2025-03-18T23:01:35.000Z,2992,2459,9
DauT,198035,2025-03-20T14:24:17.000Z,2993,2449,-10
DauT,198035,2025-03-20T15:04:37.000Z,2994,2460,11
DauT,198035,2025-03-20T20:57:10.000Z,2995,2474,14
DauT,198035,2025-03-23T22:44:47.000Z,2996,2451,-23
DauT,198035,2025-03-23T23:32:06.000Z,2997,2470,19
DauT,198035,2025-03-24T00:08:32.000Z,2998,2477,7
DauT,198035,2025-03-24T01:03:41.000Z,2999,2479,2
DauT,198035,2025-03-24T01:30:07.000Z,3000,2493,14
DauT,198035,2025-03-24T02:01:49.000Z,3001,2506,13
DauT,198035,2025-03-24T02:30:16.000Z,3002,2518,12
DauT,198035,2025-03-25T18:07:55.000Z,3003,2499,-19
DauT,198035,2025-04-02T01:11:25.000Z,3004,2492,-7
DauT,198035,2025-04-05T05:03:09.000Z,3005,2472,-20
DauT,198035,2025-04-05T05:29:29.000Z,3006,2454,-18
DauT,198035,2025-04-05T05:55:10.000Z,3007,2466,12
DauT,198035,2025-04-05T06:20:12.000Z,3008,2477,11
DauT,198035,2025-04-05T06:44:24.000Z,3009,2487,10
DauT,198035,2025-04-05T07:07:45.000Z,3010,2496,9
DauT,198035,2025-04-05T08:02:22.000Z,3011,2473,-23
DauT,198035,2025-04-05T08:25:38.000Z,3012,2484,11
DauT,198035,2025-04-05T08:49:45.000Z,3013,2494,10
DauT,198035,2025-04-05T09:15:59.000Z,3014,2513,19
DauT,198035,2025-04-05T09:49:20.000Z,3015,2530,17
DauT,198035,2025-04-05T10:11:46.000Z,3016,2545,15
DauT,198035,2025-04-05T10:55:20.000Z,3017,2527,-18
DauT,198035,2025-04-05T11:29:37.000Z,3018,2514,-13
DauT,198035,2025-04-05T11:54:45.000Z,3019,2502,-12
DauT,198035,2025-04-05T12:33:44.000Z,3020,2523,21
DauT,198035,2025-04-08T10:15:05.000Z,3021,2536,13
DauT,198035,2025-04-08T10:59:58.000Z,3022,2545,9
DauT,198035,2025-04-11T12:32:46.000Z,3023,2522,-23
DauT,198035,2025-04-11T12:55:16.000Z,3024,2504,-18
DauT,198035,2025-04-11T13:35:00.000Z,3025,2487,-17
DauT,198035,2025-04-11T14:17:44.000Z,3026,2469,-18
DauT,198035,2025-04-11T14:53:03.000Z,3027,2485,16
DauT,198035,2025-04-11T15:28:26.000Z,3028,2500,15
DauT,198035,2025-04-11T15:51:50.000Z,3029,2484,-16
DauT,198035,2025-04-11T16:12:49.000Z,3030,2476,-8
DauT,198035,2025-04-11T16:36:54.000Z,3031,2460,-16
DauT,198035,2025-04-11T16:57:29.000Z,3032,2474,14
DauT,198035,2025-04-11T17:19:21.000Z,3033,2486,12
DauT,198035,2025-04-11T17:49:03.000Z,3034,2465,-21
DauT,198035,2025-04-11T18:30:18.000Z,3035,2473,8
DauT,198035,2025-04-12T12:26:12.000Z,3036,2455,-18
DauT,198035,2025-04-12T12:45:51.000Z,3037,2477,22
DauT,198035,2025-04-14T12:53:27.000Z,3038,2485,8
DauT,198035,2025-04-14T13:28:04.000Z,3039,2497,12
DauT,198035,2025-04-14T14:00:44.000Z,3040,2481,-16
DauT,198035,2025-04-14T14:39:37.000Z,3041,2464,-17
DauT,198035,2025-04-14T15:08:01.000Z,3042,2482,18
DauT,198035,2025-04-14T15:24:16.000Z,3043,2500,18
DauT,198035,2025-04-14T16:01:24.000Z,3044,2481,-19
DauT,198035,2025-04-14T16:52:41.000Z,3045,2460,-21
DauT,198035,2025-04-14T17:09:15.000Z,3046,2475,15
DauT,198035,2025-04-16T13:23:20.000Z,3047,2461,-14
DauT,198035,2025-04-16T13:43:19.000Z,3048,2475,14
DauT,198035,2025-04-16T14:04:15.000Z,3049,2488,13
DauT,198035,2025-04-16T14:35:00.000Z,3050,2507,19
DauT,198035,2025-04-16T14:51:57.000Z,3051,2525,18
DauT,198035,2025-04-16T15:17:03.000Z,3052,2541,16
DauT,198035,2025-04-16T15:38:31.000Z,3053,2522,-19
DauT,198035,2025-04-17T14:50:49.000Z,3054,2544,22
DauT,198035,2025-04-17T15:35:31.000Z,3055,2559,15
DauT,198035,2025-04-17T16:03:03.000Z,3056,2573,14
DauT,198035,2025-04-22T21:54:44.000Z,3057,2581,8
DauT,198035,2025-04-22T22:20:50.000Z,3058,2555,-26
DauT,198035,2025-04-22T22:54:59.000Z,3059,2564,9
DauT,198035,2025-04-22T23:32:34.000Z,3060,2536,-28
DauT,198035,2025-04-22T23:48:46.000Z,3061,2545,9
DauT,198035,2025-04-23T00:30:32.000Z,3062,2554,9
DauT,198035,2025-04-23T01:09:16.000Z,3063,2562,8
DauT,198035,2025-04-25T22:39:21.000Z,3064,2544,-18
DauT,198035,2025-04-25T23:12:26.000Z,3065,2527,-17
DauT,198035,2025-04-25T23:31:43.000Z,3066,2512,-15
DauT,198035,2025-04-25T23:59:39.000Z,3067,2530,18
DauT,198035,2025-04-26T00:45:40.000Z,3068,2510,-20
DauT,198035,2025-05-12T07:21:49.000Z,3069,2473,13
DauT,198035,2025-05-12T07:48:25.000Z,3070,2453,-20
DauT,198035,2025-05-12T08:02:52.000Z,3071,2465,12
DauT,198035,2025-05-12T08:20:05.000Z,3072,2476,11
DauT,198035,2025-05-12T08:49:55.000Z,3073,2487,11
DauT,198035,2025-05-12T09:16:12.000Z,3074,2497,10
DauT,198035,2025-05-12T09:54:23.000Z,3075,2500,3
DauT,198035,2025-05-12T12:32:40.000Z,3076,2489,-11
DauT,198035,2025-05-12T13:08:17.000Z,3077,2512,23
DauT,198035,2025-05-15T14:15:25.000Z,3078,2530,18
DauT,198035,2025-05-15T14:38:59.000Z,3079,2549,19
DauT,198035,2025-05-15T15:00:05.000Z,3080,2534,-15
DauT,198035,2025-05-15T15:37:52.000Z,3081,2548,14
DauT,198035,2025-05-15T16:25:35.000Z,3082,2572,24
DauT,198035,2025-05-15T16:56:53.000Z,3083,2562,-10
DauT,198035,2025-05-20T21:20:20.000Z,3084,2579,17
DauT,198035,2025-05-20T21:42:17.000Z,3085,2562,-17
DauT,198035,2025-05-20T22:20:01.000Z,3086,2582,20
DauT,198035,2025-05-29T03:40:52.000Z,3087,2566,-16
DauT,198035,2025-05-29T04:11:14.000Z,3088,2542,-24
DauT,198035,2025-05-29T05:30:03.000Z,3089,2521,-21
DauT,198035,2025-05-29T05:53:33.000Z,3090,2526,5
DauT,198035,2025-06-12T12:05:20.000Z,3091,2487,12
DauT,198035,2025-06-12T12:42:43.000Z,3092,2466,-21
DauT,198035,2025-06-12T13:15:53.000Z,3093,2447,-19
DauT,198035,2025-06-12T13:41:35.000Z,3094,2429,-18
DauT,198035,2025-06-14T13:26:29.000Z,3095,2415,-14
DauT,198035,2025-06-14T14:02:39.000Z,3097,2442,
DauT,198035,2025-06-14T14:30:26.000Z,3098,2422,-20
DauT,198035,2025-06-14T14:58:57.000Z,3099,2432,10
DauT,198035,2025-06-14T15:39:14.000Z,3100,2415,-17
DauT,198035,2025-07-14T21:30:48.000Z,3101,2345,-25
DauT,198035,2025-07-16T20:53:26.000Z,3102,2359,14
DauT,198035,2025-07-20T21:43:12.000Z,3103,2342,-17
DauT,198035,2025-07-20T22:31:34.000Z,3104,2327,-15
DauT,198035,2025-07-20T22:54:36.000Z,3105,2342,15
DauT,198035,2025-07-25T01:54:58.000Z,3106,2351,9
DauT,198035,2025-07-25T02:24:42.000Z,3107,2361,10
DauT,198035,2025-07-25T02:51:09.000Z,3108,2349,-12
DauT,198035,2025-07-25T03:25:59.000Z,3109,2360,11
DauT,198035,2025-08-16T15:52:23.000Z,3110,2326,9
DauT,198035,2025-08-17T21:16:31.000Z,3111,2333,7
DauT,198035,2025-08-17T21:40:18.000Z,3112,2321,-12
DauT,198035,2025-08-17T22:06:48.000Z,3113,2336,15
DauT,198035,2025-08-20T18:50:50.000Z,3114,2350,14
DauT,198035,2025-08-20T19:31:15.000Z,3115,2375,25
DauT,198035,2025-08-20T19:58:34.000Z,3116,2387,12
DauT,198035,2025-08-20T20:24:27.000Z,3117,2398,11
DauT,198035,2025-08-20T20:52:30.000Z,3118,2376,-22
DauT,198035,2025-08-20T21:23:25.000Z,3119,2359,-17
DauT,198035,2025-08-20T21:53:51.000Z,3120,2375,16
DauT,198035,2025-08-20T22:16:50.000Z,3121,2390,15
DauT,198035,2025-08-20T22:52:44.000Z,3122,2373,-17
DauT,198035,2025-08-23T18:45:03.000Z,3123,2394,21
DauT,198035,2025-08-24T23:10:32.000Z,3124,2405,11
DauT,198035,2025-08-24T23:42:25.000Z,3125,2385,-20
DauT,198035,2025-08-25T00:11:54.000Z,3126,2362,-23
DauT,198035,2025-08-25T00:45:57.000Z,3127,2373,11
DauT,198035,2025-08-25T01:20:38.000Z,3128,2353,-20
DauT,198035,2025-08-26T22:01:35.000Z,3129,2366,13
DauT,198035,2025-08-26T22:25:12.000Z,3130,2356,-10
DauT,198035,2025-08-26T23:06:01.000Z,3131,2375,19
DauT,198035,2025-08-27T01:35:35.000Z,3132,2357,-18
DauT,198035,2025-08-27T02:01:59.000Z,3133,2334,-23
DauT,198035,2025-08-27T02:21:49.000Z,3134,2350,16
DauT,198035,2025-08-27T02:40:39.000Z,3135,2365,15
DauT,198035,2025-08-27T03:07:39.000Z,3136,2345,-20
DauT,198035,2025-08-28T20:59:57.000Z,3137,2352,7
DauT,198035,2025-08-30T03:15:18.000Z,3138,2362,10
DauT,198035,2025-08-30T03:45:23.000Z,3139,2352,-10
DauT,198035,2025-08-30T04:51:32.000Z,3140,2367,15
DauT,198035,2025-08-31T00:51:13.000Z,3141,2345,-22
DauT,198035,2025-08-31T01:56:20.000Z,3142,2319,-26
DauT,198035,2025-09-04T04:35:31.000Z,3143,2338,19
DauT,198035,2025-09-04T05:02:23.000Z,3144,2355,17
DauT,198035,2025-09-04T06:19:59.000Z,3145,2373,18
DauT,198035,2025-09-04T06:51:31.000Z,3146,2389,16
DauT,198035,2025-09-04T07:15:01.000Z,3147,2402,13
DauT,198035,2025-09-04T07:44:27.000Z,3148,2414,12
DauT,198035,2025-09-04T08:04:27.000Z,3149,2425,11
DauT,198035,2025-09-04T09:09:14.000Z,3150,2432,7
DauT,198035,2025-09-04T09:37:39.000Z,3151,2417,-15
DauT,198035,2025-09-04T10:09:29.000Z,3152,2423,6
DauT,198035,2025-09-04T10:32:10.000Z,3153,2441,18
DauT,198035,2025-09-04T10:58:22.000Z,3154,2457,16
DauT,198035,2025-09-04T11:18:54.000Z,3155,2472,15
DauT,198035,2025-09-04T11:46:56.000Z,3156,2489,17
DauT,198035,2025-09-04T12:04:30.000Z,3157,2484,-5
DauT,198035,2025-09-04T12:49:50.000Z,3158,2467,-17
DauT,198035,2025-09-04T13:25:44.000Z,3159,2487,20
DauT,198035,2025-09-04T14:11:39.000Z,3160,2505,18
DauT,198035,2025-09-08T08:32:59.000Z,3161,2482,-23
DauT,198035,2025-09-08T08:56:54.000Z,3162,2493,11
DauT,198035,2025-09-08T09:23:29.000Z,3163,2506,13
DauT,198035,2025-09-08T10:02:41.000Z,3164,2521,15
DauT,198035,2025-09-08T10:27:34.000Z,3165,2535,14
DauT,198035,2025-09-08T10:53:39.000Z,3166,2551,16
DauT,198035,2025-09-08T11:15:04.000Z,3167,2560,9
DauT,198035,2025-09-08T11:49:04.000Z,3168,2536,-24
DauT,198035,2025-09-08T12:11:33.000Z,3169,2531,-5
DauT,198035,2025-09-08T12:50:14.000Z,3170,2558,27
DauT,198035,2025-09-08T13:17:44.000Z,3171,2552,-6
DauT,198035,2025-09-08T13:46:12.000Z,3172,2538,-14
DauT,198035,2025-09-08T14:20:25.000Z,3173,2550,12
DauT,198035,2025-09-08T14:59:29.000Z,3174,2576,26
DauT,198035,2025-09-08T15:17:34.000Z,3175,2593,17
DauT,198035,2025-09-08T15:46:50.000Z,3176,2618,25
DauT,198035,2025-09-14T10:22:28.000Z,3177,2595,-23
DauT,198035,2025-09-14T10:48:05.000Z,3178,2578,-17
DauT,198035,2025-09-14T11:27:30.000Z,3179,2594,16
DauT,198035,2025-09-14T11:46:08.000Z,3180,2609,15
DauT,198035,2025-09-14T12:08:56.000Z,3181,2623,14
DauT,198035,2025-09-14T12:37:02.000Z,3182,2612,-11
DauT,198035,2025-09-14T13:04:49.000Z,3183,2629,17
DauT,198035,2025-09-14T13:38:10.000Z,3184,2611,-18
DauT,198035,2025-09-14T14:01:42.000Z,3185,2595,-16
DauT,198035,2025-09-14T14:37:57.000Z,3186,2612,17
DauT,198035,2025-09-14T14:58:44.000Z,3187,2627,15
DauT,198035,2025-09-14T15:33:36.000Z,3188,2609,-18
DauT,198035,2025-09-14T16:07:15.000Z,3189,2601,-8
DauT,198035,2025-09-14T16:50:27.000Z,3190,2612,11
DauT,198035,2025-09-14T17:18:58.000Z,3191,2623,11
DauT,198035,2025-09-14T17:51:05.000Z,3192,2633,10
DauT,198035,2025-09-14T18:04:09.000Z,3193,2625,-8
DauT,198035,2025-09-14T18:35:40.000Z,3194,2640,15
DauT,198035,2025-09-14T19:10:29.000Z,3195,2663,23
DauT,198035,2025-09-14T19:38:55.000Z,3196,2652,-11
DauT,198035,2025-09-14T20:13:27.000Z,3197,2670,18
DauT,198035,2025-09-14T20:40:46.000Z,3198,2655,-15
DauT,198035,2025-09-14T21:19:19.000Z,3199,2664,9
DauT,198035,2025-09-15T12:05:51.000Z,3200,2674,10
DauT,198035,2025-09-15T12:38:17.000Z,3201,2654,-20
DauT,198035,2025-09-15T13:03:35.000Z,3202,2668,14
DauT,198035,2025-09-15T13:33:15.000Z,3203,2646,-22
DauT,198035,2025-09-15T14:07:16.000Z,3204,2660,14
DauT,198035,2025-09-15T16:44:07.000Z,3205,2672,12
DauT,198035,2025-09-15T17:11:03.000Z,3206,2683,11
DauT,198035,2025-09-15T17:38:08.000Z,3207,2705,22
DauT,198035,2025-09-25T21:54:27.000Z,3208,2698,-7
DauT,198035,2025-09-25T22:21:59.000Z,3209,2684,-14
DauT,198035,2025-09-25T22:47:42.000Z,3210,2691,7
DauT,198035,2025-09-25T23:11:22.000Z,3211,2684,-7
DauT,198035,2025-09-25T23:41:20.000Z,3212,2670,-14
DauT,198035,2025-09-26T00:19:53.000Z,3213,2663,-7
DauT,198035,2025-09-26T00:45:18.000Z,3214,2672,9
DauT,198035,2025-09-26T01:17:51.000Z,3215,2660,-12
DauT,198035,2025-09-26T01:57:10.000Z,3216,2649,-11
DauT,198035,2025-09-26T02:29:22.000Z,3217,2627,-22
DauT,198035,2025-10-01T00:01:15.000Z,3218,2609,-18
DauT,198035,2025-10-03T08:15:13.000Z,3219,2580,-29
DauT,198035,2025-10-03T08:38:00.000Z,3220,2560,-20
DauT,198035,2025-10-03T08:59:06.000Z,3221,2551,-9
DauT,198035,2025-10-03T09:52:02.000Z,3222,2559,8
DauT,198035,2025-10-03T10:14:45.000Z,3223,2567,8
DauT,198035,2025-10-03T10:41:15.000Z,3224,2573,6
DauT,198035,2025-10-03T11:16:28.000Z,3225,2565,-8
DauT,198035,2025-10-03T11:50:43.000Z,3226,2545,-20
DauT,198035,2025-10-03T12:18:37.000Z,3227,2556,11
DauT,198035,2025-10-06T10:11:57.000Z,3228,2545,-11
DauT,198035,2025-10-06T11:58:29.000Z,3229,2528,-17
DauT,198035,2025-10-06T12:25:18.000Z,3230,2522,-6
DauT,198035,2025-10-06T13:00:10.000Z,3231,2549,27
DauT,198035,2025-10-06T13:22:44.000Z,3232,2555,6
DauT,198035,2025-10-06T13:52:52.000Z,3233,2541,-14
DauT,198035,2025-10-06T14:17:55.000Z,3234,2528,-13
DauT,198035,2025-10-08T12:10:24.000Z,3235,2532,4
DauT,198035,2025-10-08T13:05:38.000Z,3236,2513,-19
DauT,198035,2025-10-09T08:26:20.000Z,3237,2517,4
DauT,198035,2025-10-09T08:53:11.000Z,3238,2526,9
DauT,198035,2025-10-09T09:17:23.000Z,3239,2502,-24
DauT,198035,2025-10-09T09:36:55.000Z,3240,2513,11
DauT,198035,2025-10-09T10:21:15.000Z,3241,2491,-22
DauT,198035,2025-10-09T11:00:35.000Z,3242,2476,-15
DauT,198035,2025-10-09T11:33:40.000Z,3243,2455,-21
DauT,198035,2025-10-09T12:03:43.000Z,3244,2461,6
DauT,198035,2025-10-09T14:25:53.000Z,3245,2453,-8
DauT,198035,2025-10-09T15:03:37.000Z,3246,2442,-11
DauT,198035,2025-10-10T10:27:02.000Z,3247,2458,16
DauT,198035,2025-10-10T10:43:56.000Z,3248,2472,14
DauT,198035,2025-10-10T11:11:16.000Z,3249,2474,2
DauT,198035,2025-10-10T11:49:34.000Z,3250,2468,-6
DauT,198035,2025-10-10T12:04:06.000Z,3251,2471,3
DauT,198035,2025-10-10T12:30:50.000Z,3252,2451,-20
DauT,198035,2025-10-10T12:46:38.000Z,3253,2464,13
DauT,198035,2025-10-13T11:50:46.000Z,3254,2452,-12
DauT,198035,2025-10-13T12:16:22.000Z,3255,2473,21
DauT,198035,2025-10-13T12:21:02.000Z,3256,2476,3
DauT,198035,2025-10-13T12:46:23.000Z,3257,2451,-25
DauT,198035,2025-10-13T13:12:13.000Z,3258,2428,-23
DauT,198035,2025-10-13T13:50:43.000Z,3259,2418,-10
DauT,198035,2025-10-13T14:19:37.000Z,3260,2431,13
DauT,198035,2025-10-13T14:42:30.000Z,3261,2443,12
DauT,198035,2025-10-13T15:12:05.000Z,3262,2433,-10
DauT,198035,2025-10-13T15:39:25.000Z,3263,2444,11
DauT,198035,2025-10-13T15:58:49.000Z,3264,2463,19
DauT,198035,2025-10-13T16:34:51.000Z,3265,2458,-5
DauT,198035,2025-10-13T17:07:37.000Z,3266,2467,9
DauT,198035,2025-10-13T18:11:22.000Z,3267,2488,21
DauT,198035,2025-10-13T18:37:08.000Z,3268,2476,-12
DauT,198035,2025-10-15T08:59:15.000Z,3269,2470,-6
DauT,198035,2025-10-15T12:51:03.000Z,3270,2458,-12
DauT,198035,2025-10-17T20:52:35.000Z,3271,2465,7
DauT,198035,2025-10-17T21:23:58.000Z,3272,2484,19
DauT,198035,2025-10-24T18:18:22.000Z,3273,2495,11
DauT,198035,2025-10-24T18:51:12.000Z,3274,2476,-19
DauT,198035,2025-10-24T19:17:09.000Z,3275,2499,23
DauT,198035,2025-10-24T19:50:32.000Z,3276,2488,-11
DauT,198035,2025-10-24T20:13:06.000Z,3277,2491,3
DauT,198035,2025-10-29T08:25:31.000Z,3278,2509,18
DauT,198035,2025-10-29T09:06:05.000Z,3279,2488,-21
DauT,198035,2025-10-29T09:25:38.000Z,3280,2501,13
DauT,198035,2025-10-30T10:24:41.000Z,3281,2516,15
DauT,198035,2025-10-30T10:43:47.000Z,3282,2521,5
DauT,198035,2025-10-30T11:22:10.000Z,3283,2522,1
DauT,198035,2025-10-30T11:58:09.000Z,3284,2500,-22
DauT,198035,2025-10-30T12:13:56.000Z,3285,2513,13
DauT,198035,2025-10-30T12:34:46.000Z,3286,2493,-20
DauT,198035,2025-10-30T12:56:39.000Z,3287,2488,-5
DauT,198035,2025-10-30T13:11:17.000Z,3288,2489,1
DauT,198035,2025-10-30T13:26:51.000Z,3289,2497,8
DauT,198035,2025-10-31T14:29:42.000Z,3290,2511,14
DauT,198035,2025-10-31T14:57:11.000Z,3291,2535,24
DauT,198035,2025-11-05T15:14:34.000Z,3292,2521,-14
DauT,198035,2025-11-05T15:38:47.000Z,3293,2529,8
DauT,198035,2025-11-05T15:59:22.000Z,3294,2537,8
DauT,198035,2025-11-05T16:26:42.000Z,3295,2512,-25
DauT,198035,2025-11-05T16:40:48.000Z,3296,2498,-14
DauT,198035,2025-11-05T17:06:08.000Z,3297,2517,19
DauT,198035,2025-11-05T17:26:41.000Z,3298,2535,18
DauT,198035,2025-11-06T12:43:15.000Z,3299,2556,21
DauT,198035,2025-11-06T13:15:26.000Z,3300,2533,-23
DauT,198035,2025-11-06T13:42:06.000Z,3301,2506,-27
DauT,198035,2025-11-06T14:02:17.000Z,3302,2483,-23
DauT,198035,2025-11-07T16:01:28.000Z,3303,2490,7
DauT,198035,2025-11-10T19:15:50.000Z,3304,2477,-13
DauT,198035,2025-11-13T22:48:59.000Z,3305,2459,-18
DauT,198035,2025-11-13T23:02:46.000Z,3306,2463,4
DauT,198035,2025-11-26T02:33:44.000Z,3307,2466,3
DauT,198035,2025-11-26T03:10:40.000Z,3308,2478,12
DauT,198035,2025-11-26T03:28:20.000Z,3309,2489,11
DauT,198035,2025-11-26T03:49:53.000Z,3310,2467,-22
DauT,198035,2025-11-26T04:25:54.000Z,3311,2446,-21
DauT,198035,2025-11-26T05:01:26.000Z,3312,2416,-30
DauT,198035,2025-11-26T05:19:51.000Z,3313,2441,25
DauT,198035,2025-11-29T06:55:58.000Z,3314,2415,-26
DauT,198035,2025-11-29T07:18:58.000Z,3315,2419,4
DauT,198035,2025-11-29T07:40:38.000Z,3316,2425,6
DauT,198035,2025-11-29T08:01:03.000Z,3317,2430,5
DauT,198035,2025-12-02T09:11:18.000Z,3318,2431,1
DauT,198035,2025-12-02T09:14:36.000Z,3319,2436,5
DauT,198035,2025-12-02T09:59:49.000Z,3320,2441,5
DauT,198035,2025-12-02T10:18:08.000Z,3321,2445,4
DauT,198035,2025-12-02T10:44:16.000Z,3322,2419,-26
DauT,198035,2025-12-02T11:10:35.000Z,3323,2425,6
DauT,198035,2025-12-02T11:16:05.000Z,3324,2431,6
DauT,198035,2025-12-02T11:28:27.000Z,3325,2444,13
DauT,198035,2025-12-02T11:55:16.000Z,3326,2454,10
DauT,198035,2025-12-02T12:26:24.000Z,3327,2442,-12
DauT,198035,2025-12-02T12:57:23.000Z,3328,2431,-11
DauT,198035,2025-12-02T13:27:57.000Z,3329,2421,-10
DauT,198035,2025-12-02T13:46:22.000Z,3330,2427,6
DauT,198035,2025-12-02T14:16:35.000Z,3331,2429,2
DauT,198035,2025-12-02T14:49:44.000Z,3332,2453,24
DauT,198035,2025-12-06T09:16:29.000Z,3333,2455,2
DauT,198035,2025-12-06T09:55:03.000Z,3334,2436,-19
DauT,198035,2025-12-06T10:29:13.000Z,3335,2449,13
DauT,198035,2025-12-06T10:42:01.000Z,3336,2470,21
DauT,198035,2025-12-06T10:53:44.000Z,3337,2473,3
DauT,198035,2025-12-10T10:21:24.000Z,3338,2477,4
DauT,198035,2025-12-10T10:43:03.000Z,3339,2483,6
DauT,198035,2025-12-15T14:27:00.000Z,3340,2455,-28
DauT,198035,2025-12-15T14:44:49.000Z,3341,2457,2
DauT,198035,2025-12-15T15:09:13.000Z,3342,2440,-17
DauT,198035,2025-12-15T15:25:04.000Z,3343,2445,5
DauT,198035,2025-12-15T15:53:13.000Z,3344,2454,9
DauT,198035,2026-02-10T13:31:26.000Z,3345,2367,-40
DauT,198035,2026-02-10T14:01:14.000Z,3346,2346,-21
DauT,198035,2026-02-11T09:29:36.000Z,3347,2352,6
DauT,198035,2026-02-11T09:51:06.000Z,3348,2366,14
DauT,198035,2026-02-11T10:25:57.000Z,3349,2373,7
DauT,198035,2026-02-11T10:53:42.000Z,3350,2374,1
DauT,198035,2026-02-11T11:19:49.000Z,3351,2364,-10
DauT,198035,2026-02-11T11:51:32.000Z,3352,2379,15
DauT,198035,2026-02-11T12:12:27.000Z,3353,2393,14
DauT,198035,2026-02-11T12:18:13.000Z,3354,2398,5
DauT,198035,2026-02-11T12:40:28.000Z,3355,2402,4
DauT,198035,2026-02-11T13:05:37.000Z,3356,2412,10
DauT,198035,2026-02-13T11:40:31.000Z,3357,2402,-10
DauT,198035,2026-02-15T11:21:37.000Z,3358,2407,5
DauT,198035,2026-02-15T11:48:20.000Z,3359,2409,2
DauT,198035,2026-02-17T18:11:23.000Z,3360,2422,13
DauT,198035,2026-02-17T18:30:13.000Z,3361,2424,2
DauT,198035,2026-02-17T18:53:11.000Z,3362,2415,-9
DauT,198035,2026-02-18T10:56:46.000Z,3363,2436,21
DauT,198035,2026-02-18T11:17:26.000Z,3364,2453,17
DauT,198035,2026-02-18T11:53:30.000Z,3365,2432,-21
DauT,198035,2026-02-18T12:16:22.000Z,3366,2438,6
DauT,198035,2026-02-18T12:42:02.000Z,3367,2450,12
DauT,198035,2026-02-18T13:14:26.000Z,3368,2455,5
DauT,198035,2026-02-18T13:46:38.000Z,3369,2457,2
DauT,198035,2026-02-18T13:53:27.000Z,3370,2464,7
DauT,198035,2026-02-18T13:57:28.000Z,3371,2470,6
DauT,198035,2026-02-18T14:15:23.000Z,3372,2493,23
DauT,198035,2026-02-18T14:35:00.000Z,3373,2498,5
DauT,198035,2026-02-19T09:31:16.000Z,3374,2499,1
DauT,198035,2026-02-19T09:43:44.000Z,3375,2501,2
DauT,198035,2026-02-19T10:13:22.000Z,3376,2518,17
DauT,198035,2026-02-19T10:38:33.000Z,3377,2507,-11
DauT,198035,2026-02-19T11:00:32.000Z,3378,2496,-11
DauT,198035,2026-02-19T11:18:59.000Z,3379,2518,22
DauT,198035,2026-02-19T11:37:32.000Z,3380,2538,20
DauT,198035,2026-02-19T11:55:26.000Z,3381,2556,18
DauT,198035,2026-02-19T12:30:53.000Z,3382,2572,16
DauT,198035,2026-02-19T13:29:56.000Z,3383,2575,3
DauT,198035,2026-02-19T14:29:44.000Z,3384,2548,-27
DauT,198035,2026-02-20T15:24:12.000Z,3385,2534,-14
DauT,198035,2026-02-20T15:53:20.000Z,3386,2521,-13
DauT,198035,2026-02-20T16:42:42.000Z,3387,2525,4
DauT,198035,2026-02-22T23:01:59.000Z,3388,2519,-6
DauT,198035,2026-02-22T23:27:12.000Z,3389,2498,-21
DauT,198035,2026-02-22T23:51:10.000Z,3390,2502,4
DauT,198035,2026-02-23T00:17:42.000Z,3391,2508,6
DauT,198035,2026-02-23T00:47:33.000Z,3392,2519,11
DauT,198035,2026-02-24T10:42:36.000Z,3393,2537,18
DauT,198035,2026-02-24T11:16:23.000Z,3394,2549,12
DauT,198035,2026-02-24T11:39:40.000Z,3395,2541,-8
DauT,198035,2026-02-24T12:18:01.000Z,3396,2558,17
DauT,198035,2026-02-24T12:47:32.000Z,3397,2563,5
DauT,198035,2026-02-25T12:28:47.000Z,3398,2543,-20
DauT,198035,2026-02-25T12:51:37.000Z,3399,2557,14
DauT,198035,2026-02-25T13:54:50.000Z,3400,2527,-30
DauT,198035,2026-02-25T14:39:30.000Z,3401,2540,13
DauT,198035,2026-02-25T15:04:49.000Z,3402,2545,5
DauT,198035,2026-02-25T15:22:46.000Z,3403,2549,4
DauT,198035,2026-02-25T16:50:23.000Z,3404,2556,7
DauT,198035,2026-02-28T12:31:57.000Z,3405,2542,-14
DauT,198035,2026-02-28T12:51:52.000Z,3406,2524,-18
DauT,198035,2026-02-28T13:15:30.000Z,3407,2538,14
DauT,198035,2026-02-28T13:37:17.000Z,3408,2519,-19
DauT,198035,2026-02-28T13:41:10.000Z,3409,2492,-27
DauT,198035,2026-02-28T15:44:37.000Z,3410,2496,4
DauT,198035,2026-02-28T16:07:20.000Z,3411,2466,-30
DauT,198035,2026-02-28T16:44:37.000Z,3412,2474,8
DauT,198035,2026-02-28T17:12:16.000Z,3413,2483,9
DauT,198035,2026-02-28T17:38:39.000Z,3414,2499,16
DauT,198035,2026-02-28T18:02:51.000Z,3415,2517,18
DauT,198035,2026-02-28T22:49:28.000Z,3416,2499,-18
DauT,198035,2026-03-07T22:35:01.000Z,3417,2470,-29
DauT,198035,2026-03-20T01:36:18.000Z,3418,2476,6
DauT,198035,2026-03-20T02:03:26.000Z,3419,2482,6
DauT,198035,2026-03-21T10:08:18.000Z,3420,2486,4
DauT,198035,2026-03-21T10:47:59.000Z,3421,2467,-19
DauT,198035,2026-03-21T11:11:25.000Z,3422,2472,5
DauT,198035,2026-03-24T11:09:59.000Z,3423,2478,6
DauT,198035,2026-03-24T13:41:24.000Z,3424,2486,8
DauT,198035,2026-03-24T14:10:59.000Z,3425,2475,-11
DauT,198035,2026-03-24T14:25:28.000Z,3426,2487,12
DauT,198035,2026-03-24T14:41:08.000Z,3427,2489,2
DauT,198035,2026-03-25T11:38:39.000Z,3428,2494,5
DauT,198035,2026-03-25T11:54:38.000Z,3429,2501,7
DauT,198035,2026-03-25T12:38:06.000Z,3430,2474,-27
DauT,198035,2026-03-25T13:01:45.000Z,3431,2472,-2
DauT,198035,2026-03-28T09:36:18.000Z,3432,2485,13
DauT,198035,2026-03-28T09:57:33.000Z,3433,2497,12
DauT,198035,2026-03-28T10:29:56.000Z,3434,2509,12
DauT,198035,2026-03-28T10:44:51.000Z,3435,2511,2
DauT,198035,2026-03-29T11:30:25.000Z,3436,2496,-15
DauT,198035,2026-03-29T11:44:44.000Z,3437,2503,7
DauT,198035,2026-03-29T12:13:04.000Z,3438,2510,7
DauT,198035,2026-03-29T12:45:47.000Z,3439,2486,-24
DauT,198035,2026-03-29T13:20:26.000Z,3440,2509,23
DauT,198035,2026-03-29T16:29:52.000Z,3441,2514,5
DauT,198035,2026-03-29T17:00:15.000Z,3442,2518,4
DauT,198035,2026-03-29T17:21:53.000Z,3443,2497,-21
DauT,198035,2026-03-30T11:52:11.000Z,3444,2502,5
DauT,198035,2026-04-16T21:01:21.000Z,3445,2467,15
DauT,198035,2026-04-23T20:48:57.000Z,3446,2470,3
DauT,198035,2026-04-23T21:13:57.000Z,3447,2490,20
DauT,198035,2026-04-23T21:36:03.000Z,3448,2493,3
DauT,198035,2026-04-27T23:44:56.000Z,3449,2505,12
DauT,198035,2026-04-29T00:01:27.000Z,3450,2534,29
DauT,198035,2026-04-29T00:11:56.000Z,3451,2540,6
DauT,198035,2026-04-29T00:34:28.000Z,3452,2541,1
DauT,198035,2026-04-30T04:04:39.000Z,3453,2558,17
DauT,198035,2026-04-30T04:55:25.000Z,3454,2563,5
DauT,198035,2026-05-02T02:42:40.000Z,3455,2577,14
DauT,198035,2026-05-03T02:02:57.000Z,3456,2587,10
DauT,198035,2026-05-03T02:33:34.000Z,3457,2601,14
DauT,198035,2026-05-03T03:03:30.000Z,3458,2582,-19
DauT,198035,2026-05-03T03:54:46.000Z,3459,2565,-17
DauT,198035,2026-05-07T06:07:32.000Z,3460,2587,22
DauT,198035,2026-05-07T06:38:25.000Z,3461,2556,-31
DauT,198035,2026-05-07T06:51:17.000Z,3462,2556,0
DauT,198035,2026-05-07T07:06:41.000Z,3463,2569,13
DauT,198035,2026-05-07T07:25:00.000Z,3464,2576,7
DauT,198035,2026-05-07T07:39:32.000Z,3465,2583,7
DauT,198035,2026-05-07T08:08:11.000Z,3466,2590,7
DauT,198035,2026-05-07T11:14:41.000Z,3467,2598,8
DauT,198035,2026-05-08T08:53:26.000Z,3468,2605,7
DauT,198035,2026-05-08T09:05:06.000Z,3469,2612,7
DauT,198035,2026-05-08T12:01:32.000Z,3470,2612,0
DauT,198035,2026-05-08T12:23:41.000Z,3471,2619,7
DauT,198035,2026-05-09T07:33:48.000Z,3472,2622,3
DauT,198035,2026-05-09T07:48:59.000Z,3473,2600,-22
DauT,198035,2026-05-09T08:16:34.000Z,3474,2612,12
DauT,198035,2026-05-09T08:42:28.000Z,3475,2613,1
DauT,198035,2026-05-18T13:00:49.000Z,3476,2615,2
DauT,198035,2026-05-18T13:28:00.000Z,3477,2628,13
DauT,198035,2026-05-18T13:44:59.000Z,3478,2632,4
DauT,198035,2026-05-18T13:57:39.000Z,3479,2636,4
DauT,198035,2026-05-19T11:40:53.000Z,3480,2637,1
DauT,198035,2026-05-19T12:27:52.000Z,3481,2616,-21
DauT,198035,2026-05-19T13:00:23.000Z,3482,2595,-21
DauT,198035,2026-05-20T14:14:22.000Z,3483,2603,8
DauT,198035,2026-05-20T14:38:23.000Z,3484,2605,2
DauT,198035,2026-05-29T13:50:18.000Z,3485,2607,2
DauT,198035,2026-05-29T14:25:42.000Z,3486,2623,16
DauT,198035,2026-05-29T17:12:12.000Z,3487,2628,5
DauT,198035,2026-05-29T17:35:19.000Z,3488,2608,-20
DauT,198035,2026-05-29T18:05:06.000Z,3489,2598,-10
DauT,198035,2026-05-29T18:40:09.000Z,3490,2588,-10
DauT,198035,2026-05-29T19:11:51.000Z,3491,2574,-14
DauT,198035,2026-05-31T11:03:05.000Z,3492,2575,1
DauT,198035,2026-05-31T11:21:17.000Z,3493,2578,3
DauT,198035,2026-06-09T00:05:38.000Z,3494,2583,5
DauT,198035,2026-06-12T21:48:42.000Z,3495,2590,7
DauT,198035,2026-06-13T02:19:27.000Z,3496,2593,3
DauT,198035,2026-06-13T02:53:55.000Z,3497,2567,-26
DauT,198035,2026-06-13T03:17:17.000Z,3498,2575,8
DauT,198035,2026-06-13T03:35:18.000Z,3499,2585,10
DauT,198035,2026-06-13T04:17:49.000Z,3500,2586,1
DauT,198035,2026-06-16T09:13:58.000Z,3501,2566,-20
DauT,198035,2026-06-16T09:41:18.000Z,3502,2576,10
DauT,198035,2026-06-17T04:28:36.000Z,3503,2581,5
DauT,198035,2026-06-17T04:55:34.000Z,3504,2582,1
DauT,198035,2026-06-17T05:23:26.000Z,3505,2601,19
DauT,198035,2026-06-17T05:28:47.000Z,3506,2609,8
DauT,198035,2026-06-17T05:53:49.000Z,3507,2611,2
DauT,198035,2026-06-18T09:58:58.000Z,3508,2622,11
DauT,198035,2026-06-18T10:18:44.000Z,3509,2631,9
DauT,198035,2026-06-18T11:38:13.000Z,3510,2640,9
DauT,198035,2026-06-20T09:48:14.000Z,3511,2648,8
DauT,198035,2026-07-23T09:15:48.000Z,3512,2631,-17
DauT,198035,2026-07-23T09:43:24.000Z,3513,2604,-27
DauT,198035,2026-07-23T10:05:36.000Z,3514,2596,-8
DauT,198035,2026-07-23T10:29:18.000Z,3515,2620,24
DauT,198035,2026-07-23T11:02:41.000Z,3516,2592,-28
DauT,198035,2026-07-23T11:47:45.000Z,3517,2579,-13
DauT,198035,2026-07-24T14:11:04.000Z,3518,2560,-19
DauT,198035,2026-07-24T14:50:36.000Z,3519,2587,27
DauT,198035,2026-07-24T15:07:50.000Z,3520,2604,17
DauT,198035,2026-07-28T16:14:40.000Z,3521,2627,
DauT,198035,2026-08-06T20:52:17.000Z,3522,2607,-20
DauT,198035,2026-08-06T21:21:47.000Z,3523,2621,14
DauT,198035,2026-08-06T21:40:43.000Z,3524,2599,-22
DauT,198035,2026-08-16T23:39:05.000Z,3525,2588,-11
DauT,198035,2026-08-21T00:11:09.000Z,3526,2569,-19
DauT,198035,2026-08-21T00:33:46.000Z,3527,2552,-17
DauT,198035,2026-08-21T00:52:14.000Z,3528,2564,12
DauT,198035,2026-08-21T01:12:41.000Z,3529,2567,3
DauT,198035,2026-08-22T00:15:31.000Z,3530,2538,-29
DauT,198035,2026-08-22T00:40:07.000Z,3531,2544,6
DauT,198035,2026-08-22T01:05:55.000Z,3532,2518,-26
DauT,198035,2026-08-22T01:20:21.000Z,3533,2538,20
DauT,198035,2026-08-22T01:38:38.000Z,3534,2547,9
DauT,198035,2026-08-22T01:55:55.000Z,3535,2556,9
DauT,198035,2026-08-22T02:13:46.000Z,3536,2564,8
DauT,198035,2026-08-25T23:41:51.000Z,3537,2579,15
DauT,198035,2026-08-26T00:08:18.000Z,3538,2560,-19
DauT,198035,2026-08-26T00:43:18.000Z,3539,2581,21
DauT,198035,2026-08-26T01:05:14.000Z,3540,2583,2
DauT,198035,2026-08-26T01:27:10.000Z,3541,2587,4
DauT,198035,2026-08-26T01:45:41.000Z,3542,2589,2
DauT,198035,2026-08-26T02:07:41.000Z,3543,2590,1
DauT,198035,2026-08-29T06:40:34.000Z,3544,2602,12
DauT,198035,2026-09-03T10:21:44.000Z,3545,2591,-11
DauT,198035,2026-09-03T10:48:39.000Z,3546,2581,-10
DauT,198035,2026-09-03T11:04:57.000Z,3547,2592,11
DauT,198035,2026-09-03T11:41:26.000Z,3548,2602,10
DauT,198035,2026-09-03T12:16:22.000Z,3549,2616,14
DauT,198035,2026-09-03T12:51:32.000Z,3550,2589,-27
DauT,198035,2026-09-03T12:58:37.000Z,3551,2596,7
DauT,198035,2026-09-03T13:21:22.000Z,3552,2583,-13
DauT,198035,2026-09-03T13:46:08.000Z,3553,2603,20
DauT,198035,2026-09-03T14:29:24.000Z,3554,2610,7
DauT,198035,2026-09-04T07:42:15.000Z,3555,2613,3
DauT,198035,2026-09-04T07:53:46.000Z,3556,2620,7
DauT,198035,2026-09-04T08:13:36.000Z,3557,2625,5
DauT,198035,2026-09-04T08:37:20.000Z,3558,2629,4
DauT,198035,2026-09-04T09:10:09.000Z,3559,2642,13
DauT,198035,2026-09-04T09:45:45.000Z,3560,2654,12
DauT,198035,2026-09-04T10:14:33.000Z,3561,2633,-21
DauT,198035,2026-09-05T09:06:47.000Z,3562,2618,-15
DauT,198035,2026-09-05T09:35:48.000Z,3563,2604,-14
DauT,198035,2026-09-05T09:56:34.000Z,3564,2612,8
DauT,198035,2026-09-05T10:14:59.000Z,3565,2619,7
DauT,198035,2026-09-05T10:19:09.000Z,3566,2628,9
DauT,198035,2026-09-05T10:40:53.000Z,3567,2636,8
DauT,198035,2026-09-05T11:07:23.000Z,3568,2646,10
DauT,198035,2026-09-05T11:34:03.000Z,3569,2655,9
DauT,198035,2026-09-05T11:52:04.000Z,3570,2663,8
DauT,198035,2026-09-05T13:32:14.000Z,3571,2640,-23
DauT,198035,2026-09-05T13:59:59.000Z,3572,2664,24
DauT,198035,2026-09-06T16:30:26.000Z,3573,2674,10
DauT,198035,2026-09-07T13:07:02.000Z,3574,2678,4
DauT,198035,2026-09-07T17:01:43.000Z,3575,2692,14
DauT,198035,2026-09-10T12:26:35.000Z,3576,2698,6
DauT,198035,2026-09-10T12:30:59.000Z,3577,2700,2
DauT,198035,2026-09-10T13:59:10.000Z,3578,2681,-19
DauT,198035,2026-09-10T14:48:53.000Z,3579,2683,2
DauT,198035,2026-09-16T17:34:40.000Z,3580,2686,3
DauT,198035,2026-09-17T10:48:18.000Z,3581,2688,2
DauT,198035,2026-09-17T11:08:21.000Z,3582,2691,3
DauT,198035,2026-09-19T09:13:14.000Z,3583,2696,5
DauT,198035,2026-09-19T09:27:16.000Z,3584,2700,4
DauT,198035,2026-09-19T09:57:11.000Z,3585,2707,7
DauT,198035,2026-09-19T10:19:27.000Z,3586,2714,7
DauT,198035,2026-09-22T21:07:44.000Z,3587,2689,-25
DauT,198035,2026-09-22T21:30:54.000Z,3588,2683,-6
DauT,198035,2026-09-22T21:52:27.000Z,3589,2680,-3
DauT,198035,2026-09-22T22:22:06.000Z,3590,2665,-15
DauT,198035,2026-09-22T22:39:40.000Z,3591,2673,8
DauT,198035,2026-09-22T23:12:06.000Z,3592,2689,16
DauT,198035,2026-09-22T23:42:09.000Z,3593,2693,4
DauT,198035,2026-09-23T21:04:21.000Z,3594,2676,-17
DauT,198035,2026-09-23T21:27:13.000Z,3595,2687,11
DauT,198035,2026-09-23T22:05:49.000Z,3596,2668,-19
DauT,198035,2026-09-23T22:26:19.000Z,3597,2670,2
DauT,198035,2026-09-23T22:48:57.000Z,3598,2663,-7
DauT,198035,2026-09-23T23:09:48.000Z,3599,2657,-6
DauT,198035,2026-09-23T23:40:07.000Z,3600,2651,-6
DauT,198035,2026-09-24T00:05:19.000Z,3601,2645,-6
DauT,198035,2026-09-24T00:24:32.000Z,3602,2646,1
DauT,198035,2026-09-24T22:20:56.000Z,3603,2658,12
DauT,198035,2026-09-24T22:47:26.000Z,3604,2642,-16
DauT,198035,2026-09-24T23:06:28.000Z,3605,2640,-2
DauT,198035,2026-09-24T23:23:43.000Z,3606,2644,4
DauT,198035,2026-09-24T23:44:42.000Z,3607,2665,21
DauT,198035,2026-09-25T00:07:06.000Z,3608,2653,-12
DauT,198035,2026-09-25T00:23:08.000Z,3609,2674,21
DauT,198035,2026-09-25T00:54:59.000Z,3610,2684,10
TheViper,196240,2022-09-30T16:38:44.000Z,1387,2602,
TheViper,196240,2022-11-01T12:35:06.000Z,1388,2560,-42
TheViper,196240,2022-11-01T13:00:19.000Z,1389,2572,12
TheViper,196240,2022-11-01T13:30:09.000Z,1390,2551,-21
TheViper,196240,2022-11-01T14:01:56.000Z,1391,2532,-19
TheViper,196240,2022-11-01T14:43:47.000Z,1392,2547,15
TheViper,196240,2022-11-01T15:12:01.000Z,1393,2529,-18
TheViper,196240,2022-11-01T15:49:59.000Z,1394,2534,5
TheViper,196240,2022-11-01T16:15:14.000Z,1395,2517,-17
TheViper,196240,2022-11-01T16:40:34.000Z,1396,2533,16
TheViper,196240,2022-11-02T12:15:33.000Z,1397,2551,18
TheViper,196240,2022-11-02T12:33:43.000Z,1398,2526,-25
TheViper,196240,2022-11-02T13:06:04.000Z,1399,2542,16
TheViper,196240,2022-11-02T13:34:45.000Z,1400,2525,-17
TheViper,196240,2022-11-02T13:57:36.000Z,1401,2542,17
TheViper,196240,2022-11-02T14:38:55.000Z,1402,2525,-17
TheViper,196240,2022-11-02T14:58:43.000Z,1403,2509,-16
TheViper,196240,2022-11-02T15:38:04.000Z,1404,2495,-14
TheViper,196240,2022-11-02T16:34:59.000Z,1405,2514,19
TheViper,196240,2022-11-03T15:33:29.000Z,1406,2495,-19
TheViper,196240,2022-11-03T15:52:27.000Z,1407,2477,-18
TheViper,196240,2022-11-03T16:33:07.000Z,1408,2461,-16
TheViper,196240,2022-11-03T16:56:32.000Z,1409,2472,11
TheViper,196240,2022-11-03T17:36:09.000Z,1410,2488,16
TheViper,196240,2022-11-08T15:55:34.000Z,1411,2498,10
TheViper,196240,2022-11-08T16:40:43.000Z,1412,2507,9
TheViper,196240,2022-11-08T17:16:03.000Z,1413,2517,10
TheViper,196240,2022-11-09T11:28:59.000Z,1414,2523,6
TheViper,196240,2022-11-09T13:46:24.000Z,1415,2538,15
TheViper,196240,2022-11-09T14:20:57.000Z,1416,2544,6
TheViper,196240,2022-11-09T14:39:46.000Z,1417,2531,-13
TheViper,196240,2022-11-09T15:07:19.000Z,1418,2551,20
TheViper,196240,2022-11-09T15:32:12.000Z,1419,2558,7
TheViper,196240,2022-11-09T16:16:28.000Z,1420,2574,16
TheViper,196240,2022-11-11T14:42:39.000Z,1421,2587,13
TheViper,196240,2022-11-12T14:54:08.000Z,1422,2605,18
TheViper,196240,2022-11-12T15:18:05.000Z,1423,2621,16
TheViper,196240,2022-11-13T14:52:18.000Z,1424,2634,13
TheViper,196240,2022-11-13T15:34:49.000Z,1425,2612,-22
TheViper,196240,2022-11-13T16:01:46.000Z,1426,2631,19
TheViper,196240,2022-11-15T12:01:47.000Z,1427,2600,-31
TheViper,196240,2022-11-15T14:44:34.000Z,1428,2608,8
TheViper,196240,2022-11-15T15:24:04.000Z,1429,2591,-17
TheViper,196240,2022-11-15T15:54:51.000Z,1430,2575,-16
TheViper,196240,2022-11-15T16:23:47.000Z,1431,2593,18
TheViper,196240,2022-11-15T17:07:32.000Z,1432,2608,15
TheViper,196240,2022-11-16T13:43:10.000Z,1433,2621,13
TheViper,196240,2022-11-16T14:41:27.000Z,1434,2634,13
TheViper,196240,2022-11-16T15:09:47.000Z,1435,2642,8
TheViper,196240,2022-11-16T15:40:50.000Z,1436,2622,-20
TheViper,196240,2022-11-16T16:03:44.000Z,1437,2636,14
TheViper,196240,2022-11-16T16:55:19.000Z,1438,2648,12
TheViper,196240,2022-11-16T17:36:14.000Z,1439,2659,11
TheViper,196240,2022-11-16T18:32:21.000Z,1440,2669,10
TheViper,196240,2022-11-16T19:02:29.000Z,1441,2683,14
TheViper,196240,2022-11-17T13:27:42.000Z,1442,2663,-20
TheViper,196240,2022-11-17T14:02:20.000Z,1443,2677,14
TheViper,196240,2022-11-17T14:31:23.000Z,1444,2658,-19
TheViper,196240,2022-11-17T15:20:29.000Z,1445,2639,-19
TheViper,196240,2022-11-18T20:29:41.000Z,1446,2645,6
TheViper,196240,2022-11-19T15:09:31.000Z,1447,2650,5
TheViper,196240,2022-11-19T15:53:29.000Z,1448,2651,1
TheViper,196240,2022-11-19T16:22:03.000Z,1449,2664,13
TheViper,196240,2022-11-28T16:18:51.000Z,1450,2640,-24
TheViper,196240,2022-11-28T16:59:02.000Z,1451,2623,-17
TheViper,196240,2022-11-28T18:40:15.000Z,1452,2640,17
TheViper,196240,2022-11-28T19:15:45.000Z,1453,2655,15
TheViper,196240,2022-11-29T16:52:51.000Z,1454,2630,-25
TheViper,196240,2022-11-29T17:10:34.000Z,1455,2610,-20
TheViper,196240,2022-11-29T17:30:46.000Z,1456,2624,14
TheViper,196240,2022-11-29T18:16:11.000Z,1457,2636,12
TheViper,196240,2022-12-02T13:09:11.000Z,1458,2620,-16
TheViper,196240,2022-12-02T16:17:33.000Z,1459,2595,-25
TheViper,196240,2022-12-02T17:06:40.000Z,1460,2605,10
TheViper,196240,2022-12-02T17:30:15.000Z,1461,2609,4
TheViper,196240,2022-12-02T17:59:59.000Z,1462,2594,-15
TheViper,196240,2022-12-02T19:23:30.000Z,1463,2572,-22
TheViper,196240,2022-12-02T19:47:42.000Z,1464,2559,-13
TheViper,196240,2022-12-06T19:19:57.000Z,1465,2537,-22
TheViper,196240,2022-12-06T19:57:07.000Z,1466,2548,11
TheViper,196240,2022-12-06T20:28:54.000Z,1467,2558,10
TheViper,196240,2022-12-07T15:38:32.000Z,1468,2582,24
TheViper,196240,2022-12-07T16:06:09.000Z,1469,2604,22
TheViper,196240,2022-12-07T16:34:42.000Z,1470,2593,-11
TheViper,196240,2022-12-07T17:02:52.000Z,1471,2615,22
TheViper,196240,2022-12-07T17:36:12.000Z,1472,2621,6
TheViper,196240,2022-12-07T20:17:28.000Z,1473,2631,10
TheViper,196240,2022-12-08T14:55:27.000Z,1474,2646,15
TheViper,196240,2022-12-08T18:46:31.000Z,1475,2627,-19
TheViper,196240,2022-12-08T19:18:31.000Z,1476,2643,16
TheViper,196240,2022-12-09T13:16:56.000Z,1477,2622,-21
TheViper,196240,2022-12-09T13:38:27.000Z,1478,2634,12
TheViper,196240,2022-12-10T18:48:15.000Z,1479,2634,0
TheViper,196240,2022-12-18T13:42:22.000Z,1480,2604,-30
TheViper,196240,2022-12-18T21:57:57.000Z,1481,2617,13
TheViper,196240,2022-12-18T22:36:30.000Z,1482,2628,11
TheViper,196240,2022-12-19T12:37:18.000Z,1483,2600,-28
TheViper,196240,2022-12-19T13:52:20.000Z,1484,2572,-28
TheViper,196240,2022-12-19T14:24:49.000Z,1485,2585,13
TheViper,196240,2022-12-19T15:05:34.000Z,1486,2602,17
TheViper,196240,2022-12-19T15:36:07.000Z,1487,2585,-17
TheViper,196240,2022-12-19T16:05:48.000Z,1488,2570,-15
TheViper,196240,2022-12-19T16:32:23.000Z,1489,2556,-14
TheViper,196240,2022-12-19T17:08:17.000Z,1490,2537,-19
TheViper,196240,2022-12-20T16:43:58.000Z,1491,2523,-14
TheViper,196240,2022-12-20T17:08:56.000Z,1492,2511,-12
TheViper,196240,2022-12-24T11:39:31.000Z,1493,2500,-11
TheViper,196240,2022-12-24T11:55:36.000Z,1494,2515,15
TheViper,196240,2022-12-24T12:23:38.000Z,1495,2528,13
TheViper,196240,2022-12-24T12:57:39.000Z,1496,2531,3
TheViper,196240,2022-12-24T13:27:18.000Z,1497,2553,22
TheViper,196240,2022-12-25T13:55:41.000Z,1498,2572,19
TheViper,196240,2023-01-03T14:53:03.000Z,1499,2587,15
TheViper,196240,2023-01-03T15:14:15.000Z,1500,2597,10
TheViper,196240,2023-01-03T15:20:18.000Z,1501,2580,-17
TheViper,196240,2023-01-05T12:38:35.000Z,1502,2567,-13
TheViper,196240,2023-01-05T13:09:31.000Z,1503,2555,-12
TheViper,196240,2023-01-05T14:22:40.000Z,1504,2531,-24
TheViper,196240,2023-01-07T14:08:52.000Z,1505,2531,0
TheViper,196240,2023-01-07T14:45:16.000Z,1506,2512,-19
TheViper,196240,2023-01-07T15:34:55.000Z,1507,2520,8
TheViper,196240,2023-01-09T16:30:50.000Z,1508,2541,21
TheViper,196240,2023-01-09T17:03:38.000Z,1509,2550,9
TheViper,196240,2023-01-09T17:35:54.000Z,1510,2557,7
TheViper,196240,2023-01-10T18:47:59.000Z,1511,2564,7
TheViper,196240,2023-01-10T19:09:44.000Z,1512,2577,13
TheViper,196240,2023-01-10T19:55:22.000Z,1513,2594,17
TheViper,196240,2023-01-13T15:52:55.000Z,1514,2608,14
TheViper,196240,2023-01-13T16:03:21.000Z,1515,2620,12
TheViper,196240,2023-01-13T16:18:05.000Z,1516,2631,11
TheViper,196240,2023-01-16T14:34:02.000Z,1517,2609,-22
TheViper,196240,2023-01-16T14:57:35.000Z,1518,2621,12
TheViper,196240,2023-01-16T15:13:37.000Z,1519,2636,15
TheViper,196240,2023-01-16T15:26:50.000Z,1520,2647,11
TheViper,196240,2023-01-16T15:56:43.000Z,1521,2657,10
TheViper,196240,2023-01-17T23:00:18.000Z,1522,2657,0
TheViper,196240,2023-01-17T23:31:51.000Z,1523,2671,14
TheViper,196240,2023-01-17T23:58:10.000Z,1524,2684,13
TheViper,196240,2023-01-18T15:30:34.000Z,1525,2693,9
TheViper,196240,2023-01-18T15:51:48.000Z,1526,2701,8
TheViper,196240,2023-01-18T16:12:52.000Z,1527,2708,7
TheViper,196240,2023-01-19T13:02:17.000Z,1528,2726,18
TheViper,196240,2023-01-19T13:25:51.000Z,1529,2742,16
TheViper,196240,2023-01-19T14:20:36.000Z,1530,2724,-18
TheViper,196240,2023-01-19T14:45:44.000Z,1531,2708,-16
TheViper,196240,2023-01-19T15:20:17.000Z,1532,2693,-15
TheViper,196240,2023-01-19T15:35:11.000Z,1533,2710,17
TheViper,196240,2023-01-19T16:37:22.000Z,1534,2695,-15
TheViper,196240,2023-01-20T12:42:22.000Z,1535,2681,-14
TheViper,196240,2023-01-20T13:15:27.000Z,1536,2701,20
TheViper,196240,2023-01-20T13:39:56.000Z,1537,2705,4
TheViper,196240,2023-01-20T14:04:15.000Z,1538,2716,11
TheViper,196240,2023-01-20T14:37:08.000Z,1539,2700,-16
TheViper,196240,2023-01-20T14:59:05.000Z,1540,2685,-15
TheViper,196240,2023-01-20T15:35:39.000Z,1541,2703,18
TheViper,196240,2023-01-20T16:03:20.000Z,1542,2688,-15
TheViper,196240,2023-01-23T12:16:19.000Z,1543,2671,-17
TheViper,196240,2023-01-23T12:35:41.000Z,1544,2687,16
TheViper,196240,2023-01-23T13:15:36.000Z,1545,2701,14
TheViper,196240,2023-01-23T13:35:19.000Z,1546,2682,-19
TheViper,196240,2023-01-23T13:54:31.000Z,1547,2697,15
TheViper,196240,2023-01-23T14:17:59.000Z,1548,2718,21
TheViper,196240,2023-02-02T21:14:16.000Z,1549,2726,8
TheViper,196240,2023-02-02T21:50:03.000Z,1550,2734,8
TheViper,196240,2023-02-02T22:27:35.000Z,1551,2711,-23
TheViper,196240,2023-02-03T18:22:29.000Z,1552,2714,3
TheViper,196240,2023-02-05T19:05:25.000Z,1553,2726,12
TheViper,196240,2023-02-05T19:27:54.000Z,1554,2737,11
TheViper,196240,2023-02-05T20:03:53.000Z,1555,2715,-22
TheViper,196240,2023-02-05T23:04:25.000Z,1556,2716,1
TheViper,196240,2023-02-05T23:24:55.000Z,1557,2694,-22
TheViper,196240,2023-02-05T23:44:45.000Z,1558,2706,12
TheViper,196240,2023-02-09T15:02:34.000Z,1559,2710,4
TheViper,196240,2023-02-09T15:52:34.000Z,1560,2690,-20
TheViper,196240,2023-02-11T17:38:32.000Z,1561,2690,0
TheViper,196240,2023-02-11T18:03:45.000Z,1562,2670,-20
TheViper,196240,2023-02-11T18:25:14.000Z,1563,2652,-18
TheViper,196240,2023-02-12T20:07:29.000Z,1564,2635,-17
TheViper,196240,2023-02-12T20:28:22.000Z,1565,2649,14
TheViper,196240,2023-02-12T20:58:08.000Z,1566,2661,12
TheViper,196240,2023-02-12T21:34:55.000Z,1567,2640,-21
TheViper,196240,2023-02-12T22:05:22.000Z,1568,2653,13
TheViper,196240,2023-02-16T16:05:33.000Z,1569,2597,-56
TheViper,196240,2023-03-22T23:49:45.000Z,1570,2554,-43
TheViper,196240,2023-03-25T12:55:37.000Z,1571,2544,-10
TheViper,196240,2023-03-25T13:26:39.000Z,1572,2566,22
TheViper,196240,2023-03-28T13:25:00.000Z,1573,2580,14
TheViper,196240,2023-03-28T14:04:21.000Z,1574,2592,12
TheViper,196240,2023-03-28T14:44:22.000Z,1575,2603,11
TheViper,196240,2023-03-28T19:14:08.000Z,1576,2615,12
TheViper,196240,2023-03-28T19:46:34.000Z,1577,2626,11
TheViper,196240,2023-03-28T20:52:08.000Z,1578,2640,14
TheViper,196240,2023-03-29T19:55:13.000Z,1579,2662,22
TheViper,196240,2023-03-29T20:12:33.000Z,1580,2676,14
TheViper,196240,2023-03-29T20:44:46.000Z,1581,2689,13
TheViper,196240,2023-03-31T16:40:04.000Z,1582,2696,7
TheViper,196240,2023-03-31T19:17:50.000Z,1583,2710,14
TheViper,196240,2023-04-13T14:15:55.000Z,1584,2686,-24
TheViper,196240,2023-04-13T14:46:47.000Z,1585,2696,10
TheViper,196240,2023-04-13T15:21:12.000Z,1586,2703,7
TheViper,196240,2023-04-13T16:04:54.000Z,1587,2712,9
TheViper,196240,2023-04-13T17:02:46.000Z,1588,2719,7
TheViper,196240,2023-04-13T17:35:03.000Z,1589,2726,7
TheViper,196240,2023-04-14T16:41:53.000Z,1590,2733,7
TheViper,196240,2023-04-14T17:12:53.000Z,1591,2739,6
TheViper,196240,2023-04-15T19:17:56.000Z,1592,2742,3
TheViper,196240,2023-04-15T19:52:41.000Z,1593,2752,10
TheViper,196240,2023-04-15T20:46:39.000Z,1594,2758,6
TheViper,196240,2023-04-15T21:22:57.000Z,1595,2770,12
TheViper,196240,2023-04-17T19:15:18.000Z,1596,2775,5
TheViper,196240,2023-04-17T19:46:07.000Z,1597,2777,2
TheViper,196240,2023-04-18T11:41:40.000Z,1598,2782,5
TheViper,196240,2023-04-18T12:33:53.000Z,1599,2785,3
TheViper,196240,2023-04-18T16:20:35.000Z,1600,2785,0
TheViper,196240,2023-04-18T22:18:45.000Z,1601,2785,0
TheViper,196240,2023-04-19T17:58:50.000Z,1602,2763,-22
TheViper,196240,2023-04-19T18:27:16.000Z,1603,2775,12
TheViper,196240,2023-04-20T15:07:24.000Z,1604,2779,4
TheViper,196240,2023-04-20T15:35:07.000Z,1605,2785,6
TheViper,196240,2023-04-20T16:09:53.000Z,1606,2791,6
TheViper,196240,2023-04-20T16:55:49.000Z,1607,2764,-27
TheViper,196240,2023-04-20T17:33:11.000Z,1608,2778,14
TheViper,196240,2023-04-20T17:53:48.000Z,1609,2790,12
TheViper,196240,2023-04-20T18:41:39.000Z,1610,2801,11
TheViper,196240,2023-04-20T22:55:25.000Z,1611,2813,12
TheViper,196240,2023-04-21T21:46:48.000Z,1612,2789,-24
TheViper,196240,2023-04-21T22:19:50.000Z,1613,2765,-24
TheViper,196240,2023-04-21T22:36:50.000Z,1614,2771,6
TheViper,196240,2023-04-22T19:20:17.000Z,1615,2771,0
TheViper,196240,2023-04-22T20:29:28.000Z,1616,2772,1
TheViper,196240,2023-04-22T21:03:23.000Z,1617,2779,7
TheViper,196240,2023-04-22T22:30:59.000Z,1618,2780,1
TheViper,196240,2023-04-24T12:24:12.000Z,1619,2785,5
TheViper,196240,2023-04-24T14:29:28.000Z,1620,2764,-21
TheViper,196240,2023-04-25T14:54:23.000Z,1621,2764,0
TheViper,196240,2023-04-25T15:29:10.000Z,1622,2744,-20
TheViper,196240,2023-04-25T16:00:08.000Z,1623,2758,14
TheViper,196240,2023-04-25T16:25:19.000Z,1624,2739,-19
TheViper,196240,2023-04-25T16:49:01.000Z,1625,2739,0
TheViper,196240,2023-04-25T17:33:24.000Z,1626,2714,-25
TheViper,196240,2023-04-25T18:30:36.000Z,1627,2717,3
TheViper,196240,2023-05-03T11:29:56.000Z,1628,2724,7
TheViper,196240,2023-05-03T18:24:24.000Z,1629,2733,9
TheViper,196240,2023-05-03T18:56:13.000Z,1630,2745,12
TheViper,196240,2023-05-07T12:06:06.000Z,1631,2750,5
TheViper,196240,2023-05-07T12:37:55.000Z,1632,2759,9
TheViper,196240,2023-05-09T11:32:11.000Z,1633,2741,-18
TheViper,196240,2023-05-09T12:08:26.000Z,1634,2757,16
TheViper,196240,2023-05-09T13:05:10.000Z,1635,2738,-19
TheViper,196240,2023-05-09T13:43:15.000Z,1636,2753,15
TheViper,196240,2023-05-09T14:25:01.000Z,1637,2735,-18
TheViper,196240,2023-05-11T12:46:03.000Z,1638,2741,6
TheViper,196240,2023-05-11T13:14:07.000Z,1639,2720,-21
TheViper,196240,2023-05-11T13:44:30.000Z,1640,2699,-21
TheViper,196240,2023-05-11T14:08:51.000Z,1641,2680,-19
TheViper,196240,2023-05-11T14:41:20.000Z,1642,2696,16
TheViper,196240,2023-05-12T12:49:20.000Z,1643,2703,7
TheViper,196240,2023-05-12T13:13:17.000Z,1644,2688,-15
TheViper,196240,2023-05-12T13:31:30.000Z,1645,2674,-14
TheViper,196240,2023-05-12T14:10:50.000Z,1646,2694,20
TheViper,196240,2023-05-12T14:35:19.000Z,1647,2707,13
TheViper,196240,2023-05-12T15:05:49.000Z,1648,2719,12
TheViper,196240,2023-05-13T11:27:12.000Z,1649,2698,-21
TheViper,196240,2023-05-13T11:59:28.000Z,1650,2711,13
TheViper,196240,2023-05-13T16:23:56.000Z,1651,2712,1
TheViper,196240,2023-05-15T12:51:58.000Z,1652,2690,-22
TheViper,196240,2023-05-15T13:24:56.000Z,1653,2697,7
TheViper,196240,2023-05-15T13:53:29.000Z,1654,2680,-17
TheViper,196240,2023-05-15T14:19:35.000Z,1655,2697,17
TheViper,196240,2023-05-17T11:47:43.000Z,1656,2699,2
TheViper,196240,2023-05-23T14:46:51.000Z,1657,2704,5
TheViper,196240,2023-05-27T11:27:23.000Z,1658,2706,2
TheViper,196240,2023-05-27T12:13:07.000Z,1659,2722,16
TheViper,196240,2023-05-31T17:05:22.000Z,1660,2700,-22
TheViper,196240,2023-06-02T13:58:40.000Z,1661,2709,9
TheViper,196240,2023-06-02T14:53:50.000Z,1662,2685,-24
TheViper,196240,2023-06-08T17:43:19.000Z,1663,2691,6
TheViper,196240,2023-06-08T18:12:59.000Z,1664,2675,-16
TheViper,196240,2023-06-08T18:35:59.000Z,1665,2692,17
TheViper,196240,2023-06-08T19:06:48.000Z,1666,2676,-16
TheViper,196240,2023-06-08T19:38:32.000Z,1667,2693,17
TheViper,196240,2023-06-08T20:15:55.000Z,1668,2709,16
TheViper,196240,2023-06-10T14:01:25.000Z,1669,2716,7
TheViper,196240,2023-06-11T17:24:59.000Z,1670,2697,-19
TheViper,196240,2023-06-11T17:56:49.000Z,1671,2680,-17
TheViper,196240,2023-06-12T18:04:28.000Z,1672,2654,-26
TheViper,196240,2023-06-13T12:33:58.000Z,1673,2662,8
TheViper,196240,2023-06-13T12:51:59.000Z,1674,2669,7
TheViper,196240,2023-06-14T15:12:22.000Z,1675,2679,10
TheViper,196240,2023-06-16T16:16:12.000Z,1676,2661,-18
TheViper,196240,2023-06-16T16:45:48.000Z,1677,2647,-14
TheViper,196240,2023-06-16T17:10:10.000Z,1678,2663,16
TheViper,196240,2023-06-16T17:52:51.000Z,1679,2667,4
TheViper,196240,2023-06-16T18:36:02.000Z,1680,2646,-21
TheViper,196240,2023-06-16T18:53:24.000Z,1681,2662,16
TheViper,196240,2023-06-16T19:23:34.000Z,1682,2677,15
TheViper,196240,2023-06-19T12:41:57.000Z,1683,2695,18
TheViper,196240,2023-06-24T13:56:39.000Z,1684,2663,-32
TheViper,196240,2023-06-28T18:32:38.000Z,1685,2666,3
TheViper,196240,2023-06-28T19:00:18.000Z,1686,2672,6
TheViper,196240,2023-06-28T20:11:13.000Z,1687,2655,-17
TheViper,196240,2023-06-28T21:25:35.000Z,1688,2661,6
TheViper,196240,2023-06-30T20:14:35.000Z,1689,2645,-16
TheViper,196240,2023-06-30T20:40:02.000Z,1690,2631,-14
TheViper,196240,2023-06-30T21:02:56.000Z,1691,2639,8
TheViper,196240,2023-07-12T19:01:11.000Z,1692,2619,-20
TheViper,196240,2023-07-12T19:29:49.000Z,1693,2601,-18
TheViper,196240,2023-07-12T19:58:03.000Z,1694,2585,-16
TheViper,196240,2023-07-12T20:40:05.000Z,1695,2602,17
TheViper,196240,2023-07-16T13:37:47.000Z,1696,2589,-13
TheViper,196240,2023-07-16T14:05:59.000Z,1697,2609,20
TheViper,196240,2023-07-17T17:13:20.000Z,1698,2597,-12
TheViper,196240,2023-07-17T17:36:58.000Z,1699,2605,8
TheViper,196240,2023-07-17T18:12:00.000Z,1700,2592,-13
TheViper,196240,2023-07-17T18:37:25.000Z,1701,2612,20
TheViper,196240,2023-07-20T17:00:38.000Z,1702,2622,10
TheViper,196240,2023-07-23T13:27:12.000Z,1703,2631,9
TheViper,196240,2023-07-23T13:54:32.000Z,1704,2616,-15
TheViper,196240,2023-07-23T15:12:23.000Z,1705,2625,9
TheViper,196240,2023-07-23T16:17:52.000Z,1706,2603,-22
TheViper,196240,2023-07-26T12:44:06.000Z,1707,2593,-10
TheViper,196240,2023-07-26T13:19:02.000Z,1708,2602,9
TheViper,196240,2023-07-28T14:04:11.000Z,1709,2589,-13
TheViper,196240,2023-07-28T14:30:48.000Z,1710,2599,10
TheViper,196240,2023-07-28T14:58:52.000Z,1711,2577,-22
TheViper,196240,2023-07-28T15:19:23.000Z,1712,2590,13
TheViper,196240,2023-07-28T15:49:43.000Z,1713,2570,-20
TheViper,196240,2023-07-28T16:16:06.000Z,1714,2529,-41
TheViper,196240,2023-08-16T12:34:55.000Z,1715,2539,10
TheViper,196240,2023-08-16T13:28:12.000Z,1716,2557,18
TheViper,196240,2023-08-17T12:39:37.000Z,1717,2574,17
TheViper,196240,2023-08-17T13:10:01.000Z,1718,2589,15
TheViper,196240,2023-08-17T13:40:08.000Z,1719,2595,6
TheViper,196240,2023-08-19T12:57:40.000Z,1720,2610,15
TheViper,196240,2023-08-19T13:21:28.000Z,1721,2623,13
TheViper,196240,2023-08-20T11:37:57.000Z,1722,2636,13
TheViper,196240,2023-08-23T14:29:26.000Z,1723,2641,5
TheViper,196240,2023-08-27T20:12:02.000Z,1724,2654,13
TheViper,196240,2023-08-28T17:31:04.000Z,1725,2667,13
TheViper,196240,2023-08-30T12:27:08.000Z,1726,2645,-22
TheViper,196240,2023-08-30T13:22:29.000Z,1727,2652,7
TheViper,196240,2023-08-30T15:11:41.000Z,1728,2626,-26
TheViper,196240,2023-08-31T14:10:47.000Z,1729,2639,13
TheViper,196240,2023-08-31T14:51:17.000Z,1730,2619,-20
TheViper,196240,2023-08-31T15:17:03.000Z,1731,2638,19
TheViper,196240,2023-09-04T12:20:06.000Z,1732,2653,15
TheViper,196240,2023-09-04T12:55:08.000Z,1733,2667,14
TheViper,196240,2023-09-04T13:42:35.000Z,1734,2653,-14
TheViper,196240,2023-09-06T14:13:45.000Z,1735,2631,-22
TheViper,196240,2023-09-06T14:40:55.000Z,1736,2645,14
TheViper,196240,2023-09-06T15:39:52.000Z,1737,2656,11
TheViper,196240,2023-09-07T11:35:27.000Z,1738,2663,7
TheViper,196240,2023-09-07T12:21:53.000Z,1739,2669,6
TheViper,196240,2023-09-07T12:55:59.000Z,1740,2675,6
TheViper,196240,2023-09-07T14:32:27.000Z,1741,2658,-17
TheViper,196240,2023-09-08T13:04:15.000Z,1742,2670,12
TheViper,196240,2023-09-08T13:34:12.000Z,1743,2644,-26
TheViper,196240,2023-09-08T14:03:45.000Z,1744,2652,8
TheViper,196240,2023-09-09T14:24:58.000Z,1745,2660,8
TheViper,196240,2023-09-10T13:15:02.000Z,1746,2669,9
TheViper,196240,2023-09-10T14:31:40.000Z,1747,2675,6
TheViper,196240,2023-09-10T14:54:26.000Z,1748,2681,6
TheViper,196240,2023-09-18T14:02:43.000Z,1749,2696,15
TheViper,196240,2023-09-18T14:40:06.000Z,1750,2709,13
TheViper,196240,2023-09-18T15:33:42.000Z,1751,2720,11
TheViper,196240,2023-09-18T16:03:09.000Z,1752,2710,-10
TheViper,196240,2023-09-18T16:53:26.000Z,1753,2717,7
TheViper,196240,2023-09-19T14:07:03.000Z,1754,2688,-29
TheViper,196240,2023-09-19T14:49:04.000Z,1755,2706,18
TheViper,196240,2023-09-19T15:54:47.000Z,1756,2689,-17
TheViper,196240,2023-09-21T13:44:11.000Z,1757,2675,-14
TheViper,196240,2023-09-21T14:09:04.000Z,1758,2688,13
TheViper,196240,2023-09-22T13:26:37.000Z,1759,2702,14
TheViper,196240,2023-09-22T13:45:25.000Z,1760,2714,12
TheViper,196240,2023-09-22T14:16:31.000Z,1761,2720,6
TheViper,196240,2023-09-22T17:42:59.000Z,1762,2704,-16
TheViper,196240,2023-09-22T18:11:38.000Z,1763,2722,18
TheViper,196240,2023-09-22T18:34:35.000Z,1764,2706,-16
TheViper,196240,2023-09-22T19:10:12.000Z,1765,2692,-14
TheViper,196240,2023-09-22T19:44:58.000Z,1766,2698,6
TheViper,196240,2023-09-23T18:02:18.000Z,1767,2709,11
TheViper,196240,2023-09-24T11:25:15.000Z,1768,2717,8
TheViper,196240,2023-09-24T11:51:59.000Z,1769,2730,13
TheViper,196240,2023-09-24T12:06:15.000Z,1770,2742,12
TheViper,196240,2023-09-24T12:35:11.000Z,1771,2752,10
TheViper,196240,2023-09-24T13:09:28.000Z,1772,2761,9
TheViper,196240,2023-09-25T14:42:56.000Z,1773,2777,16
TheViper,196240,2023-09-25T15:27:07.000Z,1774,2792,15
TheViper,196240,2023-09-25T18:22:10.000Z,1775,2799,7
TheViper,196240,2023-09-26T14:48:42.000Z,1776,2806,7
TheViper,196240,2023-09-26T15:31:53.000Z,1777,2782,-24
TheViper,196240,2023-09-26T15:56:07.000Z,1778,2792,10
TheViper,196240,2023-09-28T14:43:11.000Z,1779,2802,10
TheViper,196240,2023-09-28T16:16:43.000Z,1780,2810,8
TheViper,196240,2023-09-29T13:39:28.000Z,1781,2789,-21
TheViper,196240,2023-09-29T14:11:32.000Z,1782,2770,-19
TheViper,196240,2023-09-29T14:44:18.000Z,1783,2785,15
TheViper,196240,2023-09-29T15:07:53.000Z,1784,2799,14
TheViper,196240,2023-09-29T15:44:20.000Z,1785,2779,-20
TheViper,196240,2023-09-29T16:15:04.000Z,1786,2780,1
TheViper,196240,2023-09-29T22:15:01.000Z,1787,2756,-24
TheViper,196240,2023-09-29T22:40:44.000Z,1788,2734,-22
TheViper,196240,2023-09-29T23:23:27.000Z,1789,2748,14
TheViper,196240,2023-09-30T10:49:58.000Z,1790,2729,-19
TheViper,196240,2023-09-30T11:00:34.000Z,1791,2711,-18
TheViper,196240,2023-09-30T11:21:20.000Z,1792,2727,16
TheViper,196240,2023-09-30T11:58:04.000Z,1793,2710,-17
TheViper,196240,2023-09-30T12:29:53.000Z,1794,2726,16
TheViper,196240,2023-09-30T13:03:48.000Z,1795,2709,-17
TheViper,196240,2023-09-30T13:32:58.000Z,1796,2693,-16
TheViper,196240,2023-09-30T14:01:17.000Z,1797,2711,18
TheViper,196240,2023-10-03T14:45:25.000Z,1798,2718,7
TheViper,196240,2023-10-03T15:16:07.000Z,1799,2693,-25
TheViper,196240,2023-10-03T15:44:25.000Z,1800,2703,10
TheViper,196240,2023-10-03T16:59:13.000Z,1801,2680,-23
TheViper,196240,2023-10-04T14:55:59.000Z,1802,2686,6
TheViper,196240,2023-10-04T15:44:47.000Z,1803,2696,10
TheViper,196240,2023-10-04T16:33:16.000Z,1804,2715,19
TheViper,196240,2023-10-05T11:37:35.000Z,1805,2722,7
TheViper,196240,2023-10-05T13:34:55.000Z,1806,2727,5
TheViper,196240,2023-10-05T14:02:12.000Z,1807,2706,-21
TheViper,196240,2023-10-05T14:18:00.000Z,1808,2687,-19
TheViper,196240,2023-10-05T14:54:22.000Z,1809,2701,14
TheViper,196240,2023-10-05T19:39:20.000Z,1810,2716,15
TheViper,196240,2023-10-05T20:21:37.000Z,1811,2730,14
TheViper,196240,2023-10-05T20:46:29.000Z,1812,2742,12
TheViper,196240,2023-10-05T21:33:47.000Z,1813,2753,11
TheViper,196240,2023-10-06T11:13:27.000Z,1814,2765,12
TheViper,196240,2023-10-06T13:44:20.000Z,1815,2775,10
TheViper,196240,2023-10-06T14:24:36.000Z,1816,2756,-19
TheViper,196240,2023-10-06T14:58:19.000Z,1817,2771,15
TheViper,196240,2023-10-06T15:34:28.000Z,1818,2752,-19
TheViper,196240,2023-10-06T18:24:23.000Z,1819,2729,-23
TheViper,196240,2023-10-06T18:53:04.000Z,1820,2705,-24
TheViper,196240,2023-10-06T19:27:27.000Z,1821,2715,10
TheViper,196240,2023-10-06T21:07:17.000Z,1822,2729,14
TheViper,196240,2023-10-07T10:53:24.000Z,1823,2735,6
TheViper,196240,2023-10-07T12:16:41.000Z,1824,2712,-23
TheViper,196240,2023-10-07T12:42:45.000Z,1825,2691,-21
TheViper,196240,2023-10-07T19:04:55.000Z,1826,2706,15
TheViper,196240,2023-10-07T19:38:41.000Z,1827,2688,-18
TheViper,196240,2023-10-07T19:56:19.000Z,1828,2704,16
TheViper,196240,2023-10-07T20:30:54.000Z,1829,2686,-18
TheViper,196240,2023-10-07T21:10:02.000Z,1830,2702,16
TheViper,196240,2023-10-09T16:09:36.000Z,1831,2707,5
TheViper,196240,2023-10-09T16:25:39.000Z,1832,2687,-20
TheViper,196240,2023-10-09T16:58:30.000Z,1833,2669,-18
TheViper,196240,2023-10-09T17:34:37.000Z,1834,2658,-11
TheViper,196240,2023-10-09T18:29:02.000Z,1835,2648,-10
TheViper,196240,2023-10-09T18:55:00.000Z,1836,2659,11
TheViper,196240,2023-10-09T19:28:12.000Z,1837,2670,11
TheViper,196240,2023-10-09T19:57:42.000Z,1838,2680,10
TheViper,196240,2023-10-09T21:23:42.000Z,1839,2696,16
TheViper,196240,2023-10-09T21:57:02.000Z,1840,2710,14
TheViper,196240,2023-10-10T15:02:44.000Z,1841,2689,-21
TheViper,196240,2023-10-11T16:06:06.000Z,1842,2678,-11
TheViper,196240,2023-10-11T16:39:12.000Z,1843,2700,22
TheViper,196240,2023-10-11T17:08:52.000Z,1844,2720,20
TheViper,196240,2023-10-11T17:46:06.000Z,1845,2737,17
TheViper,196240,2023-10-11T18:16:50.000Z,1846,2752,15
TheViper,196240,2023-10-12T13:43:21.000Z,1847,2763,11
TheViper,196240,2023-10-17T14:11:15.000Z,1848,2770,7
TheViper,196240,2023-10-17T14:35:02.000Z,1849,2785,15
TheViper,196240,2023-10-17T15:30:59.000Z,1850,2788,3
TheViper,196240,2023-10-19T15:12:35.000Z,1851,2768,-20
TheViper,196240,2023-10-19T15:43:51.000Z,1852,2717,-51
TheViper,196240,2023-11-03T17:08:42.000Z,1853,2703,-14
TheViper,196240,2023-11-03T17:38:36.000Z,1854,2690,-13
TheViper,196240,2023-11-03T18:02:00.000Z,1855,2702,12
TheViper,196240,2023-11-03T21:07:38.000Z,1856,2711,9
TheViper,196240,2023-11-03T21:49:39.000Z,1857,2698,-13
TheViper,196240,2023-11-03T22:10:58.000Z,1858,2709,11
TheViper,196240,2023-11-06T16:05:40.000Z,1859,2721,12
TheViper,196240,2023-11-06T19:46:35.000Z,1860,2706,-15
TheViper,196240,2023-11-07T14:50:26.000Z,1861,2685,-21
TheViper,196240,2023-11-07T15:17:44.000Z,1862,2666,-19
TheViper,196240,2023-11-07T16:00:37.000Z,1863,2677,11
TheViper,196240,2023-11-07T16:59:06.000Z,1864,2696,19
TheViper,196240,2023-11-09T14:06:56.000Z,1865,2702,6
TheViper,196240,2023-11-09T14:48:42.000Z,1866,2688,-14
TheViper,196240,2023-11-09T15:15:00.000Z,1867,2663,-25
TheViper,196240,2023-11-09T15:39:32.000Z,1868,2645,-18
TheViper,196240,2023-11-09T16:06:59.000Z,1869,2661,16
TheViper,196240,2023-11-09T16:38:28.000Z,1870,2635,-26
TheViper,196240,2023-11-09T17:19:44.000Z,1871,2643,8
TheViper,196240,2023-11-10T20:31:56.000Z,1872,2659,16
TheViper,196240,2023-11-10T21:02:49.000Z,1873,2638,-21
TheViper,196240,2023-11-10T21:41:47.000Z,1874,2649,11
TheViper,196240,2023-11-17T18:30:01.000Z,1875,2638,-11
TheViper,196240,2023-11-17T19:02:52.000Z,1876,2628,-10
TheViper,196240,2023-11-18T19:09:03.000Z,1877,2605,-23
TheViper,196240,2023-11-21T17:57:54.000Z,1878,2620,15
TheViper,196240,2023-11-21T18:33:08.000Z,1879,2604,-16
TheViper,196240,2023-11-30T16:18:44.000Z,1880,2590,-14
TheViper,196240,2023-12-01T13:35:04.000Z,1881,2605,15
TheViper,196240,2023-12-05T14:01:35.000Z,1882,2581,-24
TheViper,196240,2023-12-05T14:29:10.000Z,1883,2573,-8
TheViper,196240,2023-12-06T15:55:59.000Z,1884,2583,10
TheViper,196240,2023-12-06T16:26:24.000Z,1885,2559,-24
TheViper,196240,2023-12-06T17:00:09.000Z,1886,2549,-10
TheViper,196240,2023-12-18T15:50:48.000Z,1887,2540,-9
TheViper,196240,2023-12-18T16:27:14.000Z,1888,2546,6
TheViper,196240,2023-12-18T16:48:58.000Z,1889,2567,21
TheViper,196240,2023-12-18T17:34:09.000Z,1890,2559,-8
TheViper,196240,2023-12-18T17:56:02.000Z,1891,2548,-11
TheViper,196240,2023-12-18T18:32:43.000Z,1892,2570,22
TheViper,196240,2023-12-19T14:30:54.000Z,1893,2578,8
TheViper,196240,2023-12-19T14:51:34.000Z,1894,2592,14
TheViper,196240,2023-12-19T15:41:15.000Z,1895,2570,-22
TheViper,196240,2023-12-19T18:25:35.000Z,1896,2563,-7
TheViper,196240,2023-12-19T19:00:15.000Z,1897,2570,7
TheViper,196240,2023-12-19T19:41:51.000Z,1898,2583,13
TheViper,196240,2023-12-19T20:00:43.000Z,1899,2595,12
TheViper,196240,2023-12-19T20:22:27.000Z,1900,2617,22
TheViper,196240,2023-12-20T17:55:09.000Z,1901,2634,17
TheViper,196240,2023-12-20T18:46:21.000Z,1902,2640,6
TheViper,196240,2023-12-20T19:23:17.000Z,1903,2622,-18
TheViper,196240,2023-12-20T19:55:01.000Z,1904,2638,16
TheViper,196240,2023-12-20T20:39:01.000Z,1905,2628,-10
TheViper,196240,2023-12-20T21:16:47.000Z,1906,2647,19
TheViper,196240,2023-12-21T17:41:11.000Z,1907,2654,7
TheViper,196240,2023-12-21T18:04:19.000Z,1908,2664,10
TheViper,196240,2023-12-21T20:24:08.000Z,1909,2686,22
TheViper,196240,2023-12-21T20:48:12.000Z,1910,2706,20
TheViper,196240,2023-12-26T18:48:41.000Z,1911,2715,9
TheViper,196240,2023-12-26T19:16:37.000Z,1912,2736,21
TheViper,196240,2023-12-26T19:55:56.000Z,1913,2741,5
TheViper,196240,2023-12-27T16:02:29.000Z,1914,2716,-25
TheViper,196240,2023-12-27T16:25:24.000Z,1915,2726,10
TheViper,196240,2023-12-27T16:53:24.000Z,1916,2674,-52
TheViper,196240,2024-01-17T15:07:58.000Z,1917,2683,9
TheViper,196240,2024-01-17T16:03:59.000Z,1918,2660,-23
TheViper,196240,2024-01-17T16:43:23.000Z,1919,2643,-17
TheViper,196240,2024-01-17T18:18:39.000Z,1920,2623,-20
TheViper,196240,2024-01-17T18:47:17.000Z,1921,2637,14
TheViper,196240,2024-01-18T13:37:29.000Z,1922,2647,10
TheViper,196240,2024-01-18T14:09:38.000Z,1923,2629,-18
TheViper,196240,2024-01-18T14:26:51.000Z,1924,2613,-16
TheViper,196240,2024-01-18T14:46:56.000Z,1925,2632,19
TheViper,196240,2024-01-18T19:30:32.000Z,1926,2645,13
TheViper,196240,2024-01-18T20:04:11.000Z,1927,2657,12
TheViper,196240,2024-01-18T20:34:24.000Z,1928,2634,-23
TheViper,196240,2024-01-18T21:06:19.000Z,1929,2615,-19
TheViper,196240,2024-01-18T21:58:14.000Z,1930,2630,15
TheViper,196240,2024-01-19T15:30:24.000Z,1931,2643,13
TheViper,196240,2024-01-19T16:15:00.000Z,1932,2653,10
TheViper,196240,2024-01-22T18:06:32.000Z,1933,2625,-28
TheViper,196240,2024-01-22T18:45:15.000Z,1934,2613,-12
TheViper,196240,2024-01-22T19:11:22.000Z,1935,2625,12
TheViper,196240,2024-01-22T19:54:47.000Z,1936,2612,-13
TheViper,196240,2024-01-22T20:16:38.000Z,1937,2619,7
TheViper,196240,2024-01-22T20:43:16.000Z,1938,2638,19
TheViper,196240,2024-01-22T21:21:30.000Z,1939,2656,18
TheViper,196240,2024-01-22T21:51:07.000Z,1940,2672,16
TheViper,196240,2024-01-23T19:06:57.000Z,1941,2682,
TheViper,196240,2024-01-28T14:44:04.000Z,1942,2701,19
TheViper,196240,2024-01-29T19:40:29.000Z,1943,2687,-14
TheViper,196240,2024-01-29T20:09:45.000Z,1944,2670,-17
TheViper,196240,2024-02-09T14:12:55.000Z,1945,2680,10
TheViper,196240,2024-02-14T19:38:06.000Z,1946,2684,4
TheViper,196240,2024-02-14T20:14:50.000Z,1947,2638,
TheViper,196240,2024-02-23T13:11:41.000Z,1948,2670,32
TheViper,196240,2024-03-05T17:11:13.000Z,1949,2652,-18
TheViper,196240,2024-03-05T17:45:26.000Z,1950,2667,15
TheViper,196240,2024-03-05T18:23:14.000Z,1951,2648,-19
TheViper,196240,2024-03-05T18:54:44.000Z,1952,2658,10
TheViper,196240,2024-03-07T21:35:15.000Z,1953,2666,8
TheViper,196240,2024-03-07T22:19:12.000Z,1954,2676,10
TheViper,196240,2024-03-10T14:33:49.000Z,1955,2652,-24
TheViper,196240,2024-03-12T12:43:46.000Z,1956,2631,-21
TheViper,196240,2024-03-12T13:06:38.000Z,1957,2644,13
TheViper,196240,2024-03-12T14:26:23.000Z,1958,2657,13
TheViper,196240,2024-03-15T18:02:29.000Z,1959,2640,-17
TheViper,196240,2024-03-15T20:20:37.000Z,1960,2623,-17
TheViper,196240,2024-03-15T20:36:46.000Z,1961,2635,12
TheViper,196240,2024-03-16T13:50:21.000Z,1962,2612,-23
TheViper,196240,2024-03-19T16:53:16.000Z,1963,2633,21
TheViper,196240,2024-03-19T17:16:40.000Z,1964,2621,-12
TheViper,196240,2024-03-19T17:48:50.000Z,1965,2631,10
TheViper,196240,2024-03-19T18:19:19.000Z,1966,2612,-19
TheViper,196240,2024-03-22T16:39:31.000Z,1967,2622,10
TheViper,196240,2024-04-05T13:29:31.000Z,1968,2599,-23
TheViper,196240,2024-04-05T14:05:44.000Z,1969,2610,11
TheViper,196240,2024-04-05T14:38:17.000Z,1970,2592,-18
TheViper,196240,2024-04-05T15:01:31.000Z,1971,2607,15
TheViper,196240,2024-04-05T15:43:11.000Z,1972,2619,12
TheViper,196240,2024-04-05T16:41:52.000Z,1973,2601,-18
TheViper,196240,2024-04-05T17:17:44.000Z,1974,2616,15
TheViper,196240,2024-04-18T12:00:25.000Z,1975,2596,-20
TheViper,196240,2024-04-18T12:18:51.000Z,1976,2610,14
TheViper,196240,2024-04-18T12:38:54.000Z,1977,2623,13
TheViper,196240,2024-04-19T15:47:41.000Z,1978,2607,-16
TheViper,196240,2024-04-22T17:49:30.000Z,1979,2618,11
TheViper,196240,2024-04-22T18:20:33.000Z,1980,2637,19
TheViper,196240,2024-04-23T15:32:04.000Z,1981,2646,9
TheViper,196240,2024-04-23T15:53:28.000Z,1982,2655,9
TheViper,196240,2024-04-25T16:31:04.000Z,1983,2629,-26
TheViper,196240,2024-04-25T17:00:30.000Z,1984,2618,-11
TheViper,196240,2024-04-25T17:35:30.000Z,1985,2640,22
TheViper,196240,2024-04-27T18:02:15.000Z,1986,2655,15
TheViper,196240,2024-04-27T18:35:04.000Z,1987,2666,11
TheViper,196240,2024-04-30T14:14:24.000Z,1988,2650,-16
TheViper,196240,2024-04-30T16:30:21.000Z,1989,2672,22
TheViper,196240,2024-05-18T12:52:33.000Z,1990,2591,-23
TheViper,196240,2024-05-21T15:56:14.000Z,1991,2575,-16
TheViper,196240,2024-05-21T16:38:10.000Z,1992,2592,17
TheViper,196240,2024-05-24T15:06:11.000Z,1993,2572,-20
TheViper,196240,2024-05-24T15:36:55.000Z,1994,2554,-18
TheViper,196240,2024-05-24T16:21:20.000Z,1995,2534,-20
TheViper,196240,2024-06-04T11:17:28.000Z,1996,2518,-16
TheViper,196240,2024-06-04T11:31:48.000Z,1997,2527,9
TheViper,196240,2024-06-14T11:22:30.000Z,1998,2546,19
TheViper,196240,2024-06-14T14:43:09.000Z,1999,2557,11
TheViper,196240,2024-06-26T15:30:37.000Z,2000,2570,13
TheViper,196240,2024-06-26T15:52:56.000Z,2001,2582,12
TheViper,196240,2024-06-26T16:10:53.000Z,2002,2594,12
TheViper,196240,2024-06-26T16:31:24.000Z,2003,2611,17
TheViper,196240,2024-06-26T17:07:27.000Z,2004,2630,19
TheViper,196240,2024-06-26T17:36:25.000Z,2005,2639,9
TheViper,196240,2024-06-30T15:56:24.000Z,2006,2626,-13
TheViper,196240,2024-07-03T20:34:21.000Z,2007,2632,6
TheViper,196240,2024-07-05T11:49:14.000Z,2008,2642,10
TheViper,196240,2024-07-05T12:22:09.000Z,2009,2652,10
TheViper,196240,2024-07-05T13:40:26.000Z,2010,2632,-20
TheViper,196240,2024-07-05T14:06:39.000Z,2011,2643,11
TheViper,196240,2024-07-26T17:40:35.000Z,2012,2560,-26
TheViper,196240,2024-08-02T12:50:05.000Z,2013,2543,-17
TheViper,196240,2024-08-02T13:14:52.000Z,2014,2527,-16
TheViper,196240,2024-08-02T13:38:11.000Z,2015,2545,18
TheViper,196240,2024-08-02T14:04:21.000Z,2016,2529,-16
TheViper,196240,2024-08-02T14:32:37.000Z,2017,2540,11
TheViper,196240,2024-08-02T15:14:55.000Z,2018,2525,-15
TheViper,196240,2024-08-02T15:42:44.000Z,2019,2511,-14
TheViper,196240,2024-08-02T16:00:49.000Z,2020,2528,17
TheViper,196240,2024-08-02T16:30:48.000Z,2021,2511,-17
TheViper,196240,2024-08-03T10:05:01.000Z,2022,2528,17
TheViper,196240,2024-08-03T10:37:54.000Z,2023,2544,16
TheViper,196240,2024-08-03T10:46:57.000Z,2024,2552,8
TheViper,196240,2024-08-03T11:41:56.000Z,2025,2569,17
TheViper,196240,2024-08-03T12:08:23.000Z,2026,2582,13
TheViper,196240,2024-08-03T12:40:37.000Z,2027,2594,12
TheViper,196240,2024-08-03T13:11:09.000Z,2028,2606,12
TheViper,196240,2024-08-03T14:02:51.000Z,2029,2590,-16
TheViper,196240,2024-08-03T14:22:20.000Z,2030,2603,13
TheViper,196240,2024-08-05T13:59:48.000Z,2031,2620,17
TheViper,196240,2024-08-05T14:29:50.000Z,2032,2635,15
TheViper,196240,2024-08-05T15:04:50.000Z,2033,2649,14
TheViper,196240,2024-08-05T15:43:56.000Z,2034,2624,-25
TheViper,196240,2024-08-05T16:11:03.000Z,2035,2633,9
TheViper,196240,2024-08-06T16:27:46.000Z,2036,2645,12
TheViper,196240,2024-08-06T16:53:43.000Z,2037,2635,-10
TheViper,196240,2024-08-06T17:20:06.000Z,2038,2618,-17
TheViper,196240,2024-08-06T17:50:16.000Z,2040,2587,
TheViper,196240,2024-08-06T18:24:12.000Z,2041,2568,-19
TheViper,196240,2024-08-06T18:49:30.000Z,2042,2551,-17
TheViper,196240,2024-08-08T16:04:24.000Z,2043,2570,19
TheViper,196240,2024-08-08T16:38:49.000Z,2044,2583,13
TheViper,196240,2024-08-08T17:11:46.000Z,2045,2593,10
TheViper,196240,2024-08-08T17:55:42.000Z,2046,2605,12
TheViper,196240,2024-08-09T15:21:17.000Z,2047,2617,12
TheViper,196240,2024-08-09T15:41:59.000Z,2048,2628,11
TheViper,196240,2024-08-09T16:28:33.000Z,2049,2647,19
TheViper,196240,2024-08-09T17:03:44.000Z,2050,2633,-14
TheViper,196240,2024-08-09T17:41:25.000Z,2051,2624,-9
TheViper,196240,2024-08-13T14:44:03.000Z,2052,2607,-17
TheViper,196240,2024-08-13T15:13:48.000Z,2053,2624,17
TheViper,196240,2024-08-13T15:29:15.000Z,2054,2639,15
TheViper,196240,2024-08-13T16:01:39.000Z,2055,2651,12
TheViper,196240,2024-08-13T16:16:38.000Z,2056,2662,11
TheViper,196240,2024-08-13T16:51:35.000Z,2057,2672,10
TheViper,196240,2024-08-13T17:29:35.000Z,2058,2688,16
TheViper,196240,2024-08-16T12:14:27.000Z,2059,2693,5
TheViper,196240,2024-08-16T12:40:29.000Z,2060,2669,-24
TheViper,196240,2024-08-16T13:18:35.000Z,2061,2657,-12
TheViper,196240,2024-08-16T13:48:00.000Z,2062,2678,21
TheViper,196240,2024-08-16T14:23:40.000Z,2063,2686,8
TheViper,196240,2024-08-16T14:52:15.000Z,2064,2673,-13
TheViper,196240,2024-08-16T15:24:58.000Z,2065,2693,20
TheViper,196240,2024-08-16T15:51:49.000Z,2066,2679,-14
TheViper,196240,2024-08-16T16:22:05.000Z,2067,2658,-21
TheViper,196240,2024-08-16T16:44:40.000Z,2068,2671,13
TheViper,196240,2024-08-25T17:18:52.000Z,2069,2657,-14
TheViper,196240,2024-08-25T17:53:13.000Z,2070,2676,19
TheViper,196240,2024-08-25T18:25:43.000Z,2071,2693,17
TheViper,196240,2024-09-13T11:29:37.000Z,2072,2641,7
TheViper,196240,2024-09-13T12:08:39.000Z,2073,2616,-25
TheViper,196240,2024-09-13T12:34:21.000Z,2074,2599,-17
TheViper,196240,2024-09-13T13:01:07.000Z,2075,2583,-16
TheViper,196240,2024-09-13T13:22:25.000Z,2076,2601,18
TheViper,196240,2024-09-13T13:43:59.000Z,2077,2617,16
TheViper,196240,2024-09-13T14:13:39.000Z,2078,2631,14
TheViper,196240,2024-09-13T14:38:12.000Z,2079,2612,-19
TheViper,196240,2024-09-13T15:18:00.000Z,2080,2595,-17
TheViper,196240,2024-09-13T15:52:05.000Z,2081,2579,-16
TheViper,196240,2024-09-13T16:24:44.000Z,2082,2595,16
TheViper,196240,2024-09-13T16:39:41.000Z,2083,2584,-11
TheViper,196240,2024-09-16T16:04:22.000Z,2084,2600,16
TheViper,196240,2024-09-16T16:21:24.000Z,2085,2611,11
TheViper,196240,2024-09-16T16:39:29.000Z,2086,2621,10
TheViper,196240,2024-09-17T14:09:29.000Z,2087,2602,-19
TheViper,196240,2024-09-17T14:36:41.000Z,2088,2587,-15
TheViper,196240,2024-09-17T14:56:47.000Z,2089,2569,-18
TheViper,196240,2024-09-17T15:14:00.000Z,2090,2553,-16
TheViper,196240,2024-09-17T15:57:40.000Z,2091,2550,-3
TheViper,196240,2024-09-17T16:27:26.000Z,2092,2556,6
TheViper,196240,2024-09-18T14:00:49.000Z,2093,2541,-15
TheViper,196240,2024-09-18T14:33:14.000Z,2094,2520,-21
TheViper,196240,2024-09-18T14:54:55.000Z,2095,2536,16
TheViper,196240,2024-09-18T15:24:43.000Z,2096,2551,15
TheViper,196240,2024-09-18T15:43:56.000Z,2097,2564,13
TheViper,196240,2024-09-18T16:11:12.000Z,2098,2576,12
TheViper,196240,2024-09-18T16:36:30.000Z,2099,2587,11
TheViper,196240,2024-09-18T17:01:05.000Z,2100,2597,10
TheViper,196240,2024-09-18T19:49:36.000Z,2101,2618,21
TheViper,196240,2024-09-18T20:20:34.000Z,2102,2638,20
TheViper,196240,2024-09-18T20:38:04.000Z,2103,2656,18
TheViper,196240,2024-09-20T09:39:13.000Z,2104,2673,17
TheViper,196240,2024-09-20T10:02:06.000Z,2105,2688,15
TheViper,196240,2024-09-20T10:34:00.000Z,2106,2670,-18
TheViper,196240,2024-09-20T10:53:50.000Z,2107,2685,15
TheViper,196240,2024-09-20T11:19:17.000Z,2108,2691,6
TheViper,196240,2024-09-20T11:48:51.000Z,2109,2704,13
TheViper,196240,2024-09-20T12:13:26.000Z,2110,2717,13
TheViper,196240,2024-09-20T12:33:50.000Z,2111,2729,12
TheViper,196240,2024-09-20T13:07:27.000Z,2112,2740,11
TheViper,196240,2024-09-20T13:56:57.000Z,2113,2719,-21
TheViper,196240,2024-09-20T14:17:24.000Z,2114,2732,13
TheViper,196240,2024-09-20T14:43:09.000Z,2115,2742,10
TheViper,196240,2024-09-22T14:47:32.000Z,2116,2749,7
TheViper,196240,2024-09-22T15:23:03.000Z,2117,2764,15
TheViper,196240,2024-09-22T15:56:25.000Z,2118,2778,14
TheViper,196240,2024-10-17T16:05:51.000Z,2119,2726,11
TheViper,196240,2024-10-18T13:26:41.000Z,2120,2713,-13
TheViper,196240,2024-10-18T14:09:27.000Z,2121,2701,-12
TheViper,196240,2024-10-18T15:05:27.000Z,2122,2681,-20
TheViper,196240,2024-10-18T16:03:32.000Z,2123,2663,-18
TheViper,196240,2024-10-18T18:31:24.000Z,2124,2640,-23
TheViper,196240,2024-10-18T19:12:42.000Z,2125,2662,22
TheViper,196240,2024-10-19T11:58:22.000Z,2126,2674,12
TheViper,196240,2024-10-19T12:50:49.000Z,2127,2650,-24
TheViper,196240,2024-10-19T13:11:38.000Z,2128,2638,-12
TheViper,196240,2024-10-19T13:42:04.000Z,2129,2627,-11
TheViper,196240,2024-10-19T14:04:56.000Z,2130,2604,-23
TheViper,196240,2024-10-19T18:08:44.000Z,2131,2614,10
TheViper,196240,2024-10-19T19:06:43.000Z,2132,2634,20
TheViper,196240,2024-10-19T19:42:21.000Z,2133,2652,18
TheViper,196240,2024-10-20T12:52:42.000Z,2134,2665,13
TheViper,196240,2024-10-20T13:26:22.000Z,2135,2644,-21
TheViper,196240,2024-10-20T14:08:24.000Z,2136,2657,13
TheViper,196240,2024-10-21T13:06:35.000Z,2137,2665,8
TheViper,196240,2024-10-21T19:15:25.000Z,2138,2646,-19
TheViper,196240,2024-10-21T19:40:53.000Z,2139,2656,10
TheViper,196240,2024-10-22T18:21:22.000Z,2140,2668,12
TheViper,196240,2024-10-22T18:44:47.000Z,2141,2679,11
TheViper,196240,2024-10-22T19:28:30.000Z,2142,2688,9
TheViper,196240,2024-10-22T20:11:24.000Z,2143,2702,14
TheViper,196240,2024-10-22T20:44:19.000Z,2144,2715,13
TheViper,196240,2024-10-26T12:17:56.000Z,2145,2691,-24
TheViper,196240,2024-10-26T12:38:55.000Z,2146,2677,-14
TheViper,196240,2024-10-26T12:57:49.000Z,2147,2686,9
TheViper,196240,2024-10-26T13:26:37.000Z,2148,2694,8
TheViper,196240,2024-10-26T14:15:34.000Z,2149,2684,-10
TheViper,196240,2024-10-26T14:50:44.000Z,2150,2674,-10
TheViper,196240,2024-10-26T15:16:48.000Z,2151,2685,11
TheViper,196240,2024-10-26T15:50:21.000Z,2152,2676,-9
TheViper,196240,2024-10-26T16:22:21.000Z,2153,2687,11
TheViper,196240,2024-10-27T19:26:24.000Z,2154,2700,13
TheViper,196240,2024-10-27T20:15:52.000Z,2155,2712,12
TheViper,196240,2024-10-27T20:59:05.000Z,2156,2722,10
TheViper,196240,2024-10-27T21:36:26.000Z,2157,2731,9
TheViper,196240,2024-10-30T14:09:39.000Z,2158,2744,13
TheViper,196240,2024-10-30T14:37:47.000Z,2159,2756,12
TheViper,196240,2024-10-30T15:08:39.000Z,2160,2778,22
TheViper,196240,2024-10-30T15:45:54.000Z,2161,2798,20
TheViper,196240,2024-10-31T18:07:38.000Z,2162,2815,17
TheViper,196240,2024-10-31T18:38:13.000Z,2163,2831,16
TheViper,196240,2024-10-31T19:08:00.000Z,2164,2813,-18
TheViper,196240,2024-10-31T21:25:22.000Z,2165,2797,-16
TheViper,196240,2024-10-31T21:58:43.000Z,2166,2782,-15
TheViper,196240,2024-11-01T15:20:01.000Z,2167,2791,9
TheViper,196240,2024-11-01T15:52:42.000Z,2168,2800,9
TheViper,196240,2024-11-01T16:27:21.000Z,2169,2808,8
TheViper,196240,2024-11-01T21:17:26.000Z,2170,2794,-14
TheViper,196240,2024-11-01T21:42:19.000Z,2171,2782,-12
TheViper,196240,2024-11-01T22:15:51.000Z,2172,2803,21
TheViper,196240,2024-11-01T22:37:01.000Z,2173,2822,19
TheViper,196240,2024-11-01T23:19:14.000Z,2174,2799,-23
TheViper,196240,2024-11-01T23:47:39.000Z,2175,2817,18
TheViper,196240,2024-11-02T22:34:26.000Z,2176,2827,10
TheViper,196240,2024-11-02T23:01:01.000Z,2177,2837,10
TheViper,196240,2024-11-05T15:38:39.000Z,2178,2849,12
TheViper,196240,2024-11-05T16:17:09.000Z,2179,2860,11
TheViper,196240,2024-11-05T16:44:15.000Z,2180,2877,17
TheViper,196240,2024-11-05T16:57:59.000Z,2181,2892,15
TheViper,196240,2024-11-05T17:56:20.000Z,2182,2892,0
TheViper,196240,2024-11-05T18:44:36.000Z,2183,2898,6
TheViper,196240,2024-11-05T19:05:41.000Z,2184,2905,7
TheViper,196240,2024-11-06T21:36:10.000Z,2185,2906,1
TheViper,196240,2024-11-07T17:28:39.000Z,2186,2911,5
TheViper,196240,2024-11-07T18:10:15.000Z,2187,2884,-27
TheViper,196240,2024-11-07T18:46:14.000Z,2188,2858,-26
TheViper,196240,2024-11-07T19:20:21.000Z,2189,2866,8
TheViper,196240,2024-11-07T20:06:53.000Z,2190,2873,7
TheViper,196240,2024-11-10T12:46:48.000Z,2191,2883,10
TheViper,196240,2024-11-10T13:10:29.000Z,2192,2860,-23
TheViper,196240,2024-11-11T21:34:24.000Z,2193,2869,9
TheViper,196240,2024-11-11T22:09:14.000Z,2194,2846,-23
TheViper,196240,2024-11-11T22:28:58.000Z,2195,2857,11
TheViper,196240,2024-11-11T23:11:19.000Z,2196,2835,-22
TheViper,196240,2024-11-12T20:09:23.000Z,2197,2851,16
TheViper,196240,2024-11-12T20:45:58.000Z,2198,2833,-18
TheViper,196240,2024-11-12T21:12:56.000Z,2199,2817,-16
TheViper,196240,2024-11-12T21:36:19.000Z,2200,2829,12
TheViper,196240,2024-11-12T22:16:00.000Z,2201,2846,17
TheViper,196240,2024-11-12T22:50:23.000Z,2202,2861,15
TheViper,196240,2024-11-13T20:18:53.000Z,2203,2874,13
TheViper,196240,2024-11-13T20:45:29.000Z,2204,2854,-20
TheViper,196240,2024-11-13T21:12:11.000Z,2205,2836,-18
TheViper,196240,2024-11-13T21:32:14.000Z,2206,2819,-17
TheViper,196240,2024-11-13T21:45:18.000Z,2207,2803,-16
TheViper,196240,2024-11-13T22:28:42.000Z,2208,2816,13
TheViper,196240,2024-11-13T23:05:33.000Z,2209,2827,11
TheViper,196240,2024-11-14T16:47:10.000Z,2210,2809,-18
TheViper,196240,2024-11-14T17:40:16.000Z,2211,2815,6
TheViper,196240,2024-11-14T18:18:24.000Z,2212,2798,-17
TheViper,196240,2024-11-14T18:54:42.000Z,2213,2782,-16
TheViper,196240,2024-11-14T19:18:39.000Z,2214,2800,18
TheViper,196240,2024-11-14T19:39:49.000Z,2215,2784,-16
TheViper,196240,2024-11-15T16:50:21.000Z,2216,2792,8
TheViper,196240,2024-11-16T18:39:17.000Z,2217,2803,11
TheViper,196240,2024-11-16T20:23:10.000Z,2218,2782,-21
TheViper,196240,2024-11-16T21:03:11.000Z,2219,2765,-17
TheViper,196240,2024-11-16T21:15:05.000Z,2220,2781,16
TheViper,196240,2024-11-16T21:39:45.000Z,2221,2764,-17
TheViper,196240,2024-11-16T22:15:11.000Z,2222,2780,16
TheViper,196240,2024-11-16T22:33:39.000Z,2223,2763,-17
TheViper,196240,2024-11-19T19:13:08.000Z,2224,2776,13
TheViper,196240,2024-11-19T19:40:49.000Z,2225,2756,-20
TheViper,196240,2024-11-19T20:25:39.000Z,2226,2770,14
TheViper,196240,2024-11-19T20:52:42.000Z,2227,2783,13
TheViper,196240,2024-11-19T21:27:56.000Z,2228,2803,20
TheViper,196240,2024-11-19T21:44:13.000Z,2229,2821,18
TheViper,196240,2024-11-19T22:12:38.000Z,2230,2837,16
TheViper,196240,2024-11-19T22:34:55.000Z,2231,2820,-17
TheViper,196240,2024-11-20T18:06:55.000Z,2232,2827,7
TheViper,196240,2024-11-21T20:43:32.000Z,2233,2812,-15
TheViper,196240,2024-11-21T21:04:23.000Z,2234,2830,18
TheViper,196240,2024-11-21T21:27:33.000Z,2235,2847,17
TheViper,196240,2024-11-21T21:58:23.000Z,2236,2862,15
TheViper,196240,2024-11-21T22:21:19.000Z,2237,2844,-18
TheViper,196240,2024-11-21T22:52:01.000Z,2238,2827,-17
TheViper,196240,2024-11-21T23:34:00.000Z,2239,2812,-15
TheViper,196240,2024-11-22T15:44:27.000Z,2240,2794,-18
TheViper,196240,2024-11-22T16:47:47.000Z,2241,2803,9
TheViper,196240,2024-11-22T17:19:47.000Z,2242,2811,8
TheViper,196240,2024-11-22T17:57:26.000Z,2243,2819,8
TheViper,196240,2024-11-28T14:57:34.000Z,2244,2798,-21
TheViper,196240,2024-11-28T15:26:53.000Z,2245,2774,-24
TheViper,196240,2024-11-28T18:10:40.000Z,2246,2782,8
TheViper,196240,2024-11-30T18:16:29.000Z,2247,2787,5
TheViper,196240,2024-11-30T18:55:12.000Z,2248,2766,-21
TheViper,196240,2024-11-30T19:32:41.000Z,2249,2771,5
TheViper,196240,2024-11-30T20:03:55.000Z,2250,2747,-24
TheViper,196240,2024-11-30T20:34:19.000Z,2251,2757,10
TheViper,196240,2024-12-02T20:13:32.000Z,2252,2778,21
TheViper,196240,2024-12-02T20:37:04.000Z,2253,2792,14
TheViper,196240,2024-12-02T20:55:23.000Z,2254,2772,-20
TheViper,196240,2024-12-02T21:18:06.000Z,2255,2786,14
TheViper,196240,2024-12-02T21:47:50.000Z,2256,2770,-16
TheViper,196240,2024-12-02T22:14:23.000Z,2257,2784,14
TheViper,196240,2024-12-02T22:35:49.000Z,2258,2768,-16
TheViper,196240,2025-01-06T18:03:57.000Z,2259,2635,-70
TheViper,196240,2025-01-06T18:48:02.000Z,2260,2619,-16
TheViper,196240,2025-01-06T19:10:04.000Z,2261,2629,10
TheViper,196240,2025-01-06T19:32:55.000Z,2262,2644,15
TheViper,196240,2025-01-06T20:06:50.000Z,2263,2625,-19
TheViper,196240,2025-01-07T17:43:13.000Z,2264,2601,-24
TheViper,196240,2025-01-07T18:23:46.000Z,2265,2611,10
TheViper,196240,2025-01-07T18:55:27.000Z,2266,2590,-21
TheViper,196240,2025-01-07T19:26:17.000Z,2267,2574,-16
TheViper,196240,2025-01-07T19:54:51.000Z,2268,2591,17
TheViper,196240,2025-01-07T20:16:01.000Z,2269,2606,15
TheViper,196240,2025-01-10T18:51:15.000Z,2270,2580,-26
TheViper,196240,2025-01-10T19:15:05.000Z,2271,2556,-24
TheViper,196240,2025-01-10T19:47:11.000Z,2272,2566,10
TheViper,196240,2025-01-11T15:17:32.000Z,2273,2575,9
TheViper,196240,2025-01-11T15:46:10.000Z,2274,2561,-14
TheViper,196240,2025-01-11T17:53:57.000Z,2275,2581,20
TheViper,196240,2025-01-11T18:14:00.000Z,2276,2597,16
TheViper,196240,2025-01-15T13:30:00.000Z,2277,2583,-14
TheViper,196240,2025-01-15T14:00:53.000Z,2278,2598,15
TheViper,196240,2025-01-18T15:26:45.000Z,2279,2609,11
TheViper,196240,2025-01-18T15:57:46.000Z,2280,2587,-22
TheViper,196240,2025-01-21T13:20:53.000Z,2281,2604,17
TheViper,196240,2025-01-21T13:47:20.000Z,2282,2588,-16
TheViper,196240,2025-01-21T14:24:53.000Z,2283,2610,22
TheViper,196240,2025-01-27T13:12:56.000Z,2284,2623,13
TheViper,196240,2025-01-27T13:37:40.000Z,2285,2635,12
TheViper,196240,2025-01-27T14:06:39.000Z,2286,2653,18
TheViper,196240,2025-01-27T14:28:18.000Z,2287,2638,-15
TheViper,196240,2025-02-22T13:07:50.000Z,2288,2566,-16
TheViper,196240,2025-02-22T13:50:31.000Z,2289,2552,-14
TheViper,196240,2025-02-22T14:28:22.000Z,2290,2571,19
TheViper,196240,2025-02-22T15:04:21.000Z,2291,2588,17
TheViper,196240,2025-02-22T15:32:20.000Z,2292,2572,-16
TheViper,196240,2025-02-22T15:58:49.000Z,2293,2557,-15
TheViper,196240,2025-02-23T20:44:04.000Z,2294,2568,11
TheViper,196240,2025-02-23T21:32:20.000Z,2295,2581,13
TheViper,196240,2025-02-26T15:00:25.000Z,2296,2555,-26
TheViper,196240,2025-02-27T16:11:42.000Z,2297,2565,10
TheViper,196240,2025-03-04T18:34:06.000Z,2298,2553,-12
TheViper,196240,2025-03-04T18:54:20.000Z,2299,2570,17
TheViper,196240,2025-03-04T19:24:03.000Z,2300,2585,15
TheViper,196240,2025-03-04T19:45:27.000Z,2301,2599,14
TheViper,196240,2025-03-04T20:19:34.000Z,2302,2579,-20
TheViper,196240,2025-03-05T12:49:49.000Z,2303,2595,16
TheViper,196240,2025-03-05T13:26:04.000Z,2304,2574,-21
TheViper,196240,2025-03-05T13:50:47.000Z,2305,2556,-18
TheViper,196240,2025-03-05T14:13:54.000Z,2306,2572,16
TheViper,196240,2025-03-05T14:39:56.000Z,2307,2552,-20
TheViper,196240,2025-03-05T15:01:08.000Z,2308,2561,9
TheViper,196240,2025-03-05T15:35:07.000Z,2309,2576,15
TheViper,196240,2025-03-05T15:48:38.000Z,2310,2595,19
TheViper,196240,2025-03-05T16:28:07.000Z,2311,2612,17
TheViper,196240,2025-03-05T16:59:48.000Z,2312,2628,16
TheViper,196240,2025-03-20T19:40:03.000Z,2313,2563,-9
TheViper,196240,2025-03-20T20:09:27.000Z,2314,2554,-9
TheViper,196240,2025-03-22T13:19:30.000Z,2315,2567,13
TheViper,196240,2025-03-24T16:54:26.000Z,2316,2553,-14
TheViper,196240,2025-03-24T17:46:05.000Z,2317,2550,-3
TheViper,196240,2025-03-24T18:02:56.000Z,2318,2575,25
TheViper,196240,2025-03-24T18:32:45.000Z,2319,2566,-9
TheViper,196240,2025-03-25T14:12:23.000Z,2320,2581,15
TheViper,196240,2025-03-25T14:48:00.000Z,2321,2562,-19
TheViper,196240,2025-04-20T13:03:21.000Z,2322,2528,19
TheViper,196240,2025-04-20T13:30:27.000Z,2323,2513,-15
TheViper,196240,2025-04-22T16:21:15.000Z,2324,2506,-7
TheViper,196240,2025-04-22T16:54:59.000Z,2325,2504,-2
TheViper,196240,2025-04-22T17:39:39.000Z,2326,2484,-20
TheViper,196240,2025-04-22T18:20:36.000Z,2327,2498,14
TheViper,196240,2025-04-22T19:09:53.000Z,2328,2511,13
TheViper,196240,2025-04-24T12:57:48.000Z,2329,2493,-18
TheViper,196240,2025-04-24T13:24:32.000Z,2330,2506,13
TheViper,196240,2025-04-24T14:00:14.000Z,2331,2529,23
TheViper,196240,2025-04-24T15:15:17.000Z,2332,2538,9
TheViper,196240,2025-04-24T15:43:11.000Z,2333,2547,9
TheViper,196240,2025-04-24T16:13:19.000Z,2334,2558,11
TheViper,196240,2025-04-28T13:21:32.000Z,2335,2535,-23
TheViper,196240,2025-04-28T13:38:28.000Z,2336,2523,-12
TheViper,196240,2025-04-28T14:23:20.000Z,2337,2507,-16
TheViper,196240,2025-04-28T15:05:17.000Z,2338,2493,-14
TheViper,196240,2025-04-28T15:28:05.000Z,2339,2509,16
TheViper,196240,2025-04-28T15:44:31.000Z,2340,2524,15
TheViper,196240,2025-04-28T16:55:15.000Z,2341,2548,24
TheViper,196240,2025-04-28T17:04:54.000Z,2342,2565,17
TheViper,196240,2025-04-28T17:38:29.000Z,2343,2549,-16
TheViper,196240,2025-04-29T17:23:27.000Z,2344,2529,-20
TheViper,196240,2025-04-29T17:50:48.000Z,2345,2511,-18
TheViper,196240,2025-04-29T18:29:28.000Z,2346,2498,-13
TheViper,196240,2025-04-29T18:49:34.000Z,2347,2477,-21
TheViper,196240,2025-04-30T13:52:06.000Z,2348,2464,-13
TheViper,196240,2025-04-30T14:17:23.000Z,2349,2477,13
TheViper,196240,2025-04-30T15:45:28.000Z,2350,2495,18
TheViper,196240,2025-04-30T15:59:53.000Z,2351,2511,16
TheViper,196240,2025-04-30T17:02:22.000Z,2352,2525,14
TheViper,196240,2025-04-30T17:26:27.000Z,2353,2538,13
TheViper,196240,2025-05-06T17:30:18.000Z,2354,2525,-13
TheViper,196240,2025-05-06T18:21:12.000Z,2355,2537,12
TheViper,196240,2025-05-06T18:53:36.000Z,2356,2522,-15
TheViper,196240,2025-05-06T19:23:47.000Z,2357,2543,21
TheViper,196240,2025-05-06T19:48:48.000Z,2358,2562,19
TheViper,196240,2025-05-07T17:03:21.000Z,2359,2539,-23
TheViper,196240,2025-05-07T17:31:34.000Z,2360,2527,-12
TheViper,196240,2025-05-07T17:55:03.000Z,2361,2535,8
TheViper,196240,2025-05-07T18:26:44.000Z,2362,2521,-14
TheViper,196240,2025-05-07T18:42:49.000Z,2363,2506,-15
TheViper,196240,2025-05-08T15:17:32.000Z,2364,2500,-6
TheViper,196240,2025-05-08T15:49:05.000Z,2365,2511,11
TheViper,196240,2025-05-08T16:28:58.000Z,2366,2499,-12
TheViper,196240,2025-05-08T16:52:24.000Z,2367,2518,19
TheViper,196240,2025-05-08T17:14:35.000Z,2368,2533,15
TheViper,196240,2025-05-15T16:46:02.000Z,2369,2526,-7
TheViper,196240,2025-05-15T17:26:04.000Z,2370,2510,-16
TheViper,196240,2025-05-15T17:55:42.000Z,2371,2519,9
TheViper,196240,2025-05-15T18:35:35.000Z,2372,2535,16
TheViper,196240,2025-05-15T19:03:02.000Z,2373,2550,15
TheViper,196240,2025-05-26T12:54:57.000Z,2374,2539,-11
TheViper,196240,2025-05-26T13:31:24.000Z,2375,2526,-13
TheViper,196240,2025-05-26T13:55:09.000Z,2376,2507,-19
TheViper,196240,2025-05-26T14:18:14.000Z,2377,2490,-17
TheViper,196240,2025-05-26T14:37:12.000Z,2378,2507,17
TheViper,196240,2025-05-29T13:42:18.000Z,2379,2521,14
TheViper,196240,2025-05-29T14:30:14.000Z,2380,2527,6
TheViper,196240,2025-06-01T14:39:41.000Z,2381,2543,16
TheViper,196240,2025-06-01T15:22:31.000Z,2382,2526,-17
TheViper,196240,2025-06-01T15:50:00.000Z,2383,2505,-21
TheViper,196240,2025-06-04T16:48:00.000Z,2384,2529,24
TheViper,196240,2025-06-04T17:15:37.000Z,2385,2519,-10
TheViper,196240,2025-06-04T17:43:30.000Z,2386,2496,-23
TheViper,196240,2025-06-04T18:07:29.000Z,2387,2510,14
TheViper,196240,2025-06-04T18:43:43.000Z,2388,2500,-10
TheViper,196240,2025-06-04T18:51:00.000Z,2389,2523,23
TheViper,196240,2025-06-11T16:17:52.000Z,2390,2536,13
TheViper,196240,2025-06-11T18:34:40.000Z,2391,2517,-19
TheViper,196240,2025-06-11T19:07:25.000Z,2392,2500,-17
TheViper,196240,2025-06-11T19:45:03.000Z,2393,2478,-22
TheViper,196240,2025-06-12T18:47:12.000Z,2394,2492,14
TheViper,196240,2025-06-12T19:33:21.000Z,2395,2502,10
TheViper,196240,2025-06-13T12:17:29.000Z,2396,2523,21
TheViper,196240,2025-06-13T12:51:15.000Z,2397,2543,20
TheViper,196240,2025-06-13T13:17:29.000Z,2398,2529,-14
TheViper,196240,2025-06-13T13:54:06.000Z,2399,2538,9
TheViper,196240,2025-06-17T15:48:38.000Z,2400,2548,10
TheViper,196240,2025-07-30T15:31:53.000Z,2401,2460,-36
TheViper,196240,2025-07-30T16:10:34.000Z,2402,2446,-14
TheViper,196240,2025-07-30T16:44:57.000Z,2403,2462,16
TheViper,196240,2025-07-31T11:01:49.000Z,2404,2474,12
TheViper,196240,2025-08-01T11:59:49.000Z,2405,2490,16
TheViper,196240,2025-08-01T12:30:57.000Z,2406,2505,15
TheViper,196240,2025-08-01T12:47:52.000Z,2407,2518,13
TheViper,196240,2025-08-01T13:11:51.000Z,2408,2543,25
TheViper,196240,2025-08-01T13:39:37.000Z,2409,2566,23
TheViper,196240,2025-08-01T14:06:41.000Z,2410,2588,22
TheViper,196240,2025-08-03T17:22:19.000Z,2411,2595,7
TheViper,196240,2025-08-03T18:21:43.000Z,2412,2602,7
TheViper,196240,2025-08-03T19:34:50.000Z,2413,2613,11
TheViper,196240,2025-08-03T20:07:21.000Z,2414,2632,19
TheViper,196240,2025-08-04T13:33:41.000Z,2415,2641,9
TheViper,196240,2025-08-04T13:58:27.000Z,2416,2651,10
TheViper,196240,2025-08-04T15:08:28.000Z,2417,2660,9
TheViper,196240,2025-08-08T13:44:31.000Z,2418,2682,22
TheViper,196240,2025-08-12T12:23:47.000Z,2419,2696,14
TheViper,196240,2025-08-12T12:44:47.000Z,2420,2703,7
TheViper,196240,2025-08-13T14:47:39.000Z,2421,2719,16
TheViper,196240,2025-08-13T15:22:22.000Z,2422,2732,13
TheViper,196240,2025-08-13T15:52:05.000Z,2423,2744,12
TheViper,196240,2025-08-15T13:29:00.000Z,2424,2717,-27
TheViper,196240,2025-08-15T13:53:06.000Z,2425,2689,-28
TheViper,196240,2025-08-15T14:30:45.000Z,2426,2704,15
TheViper,196240,2025-08-17T14:13:22.000Z,2427,2720,16
TheViper,196240,2025-08-20T16:10:38.000Z,2428,2737,17
TheViper,196240,2025-08-22T14:46:47.000Z,2429,2745,8
TheViper,196240,2025-08-22T15:32:04.000Z,2430,2729,-16
TheViper,196240,2025-08-22T16:07:37.000Z,2431,2740,11
TheViper,196240,2025-08-22T17:22:32.000Z,2432,2750,10
TheViper,196240,2025-08-22T18:10:32.000Z,2433,2763,13
TheViper,196240,2025-08-25T14:58:01.000Z,2434,2774,11
TheViper,196240,2025-08-26T17:47:04.000Z,2435,2796,22
TheViper,196240,2025-08-26T18:13:52.000Z,2436,2784,-12
TheViper,196240,2025-08-28T13:09:21.000Z,2437,2787,3
TheViper,196240,2025-08-28T13:39:46.000Z,2438,2780,-7
TheViper,196240,2025-08-28T13:55:43.000Z,2439,2795,15
TheViper,196240,2025-09-03T16:20:33.000Z,2440,2776,-19
TheViper,196240,2025-09-03T17:37:04.000Z,2441,2791,15
TheViper,196240,2025-09-03T18:00:27.000Z,2442,2773,-18
TheViper,196240,2025-09-03T18:24:36.000Z,2443,2756,-17
TheViper,196240,2025-09-03T18:45:23.000Z,2444,2773,17
TheViper,196240,2025-09-06T17:33:13.000Z,2445,2757,-16
TheViper,196240,2025-09-06T17:59:55.000Z,2446,2765,8
TheViper,196240,2025-09-10T17:42:46.000Z,2447,2745,-20
TheViper,196240,2025-09-10T18:00:40.000Z,2448,2727,-18
TheViper,196240,2025-09-11T14:26:47.000Z,2449,2744,17
TheViper,196240,2025-09-18T15:50:02.000Z,2450,2735,-9
TheViper,196240,2025-09-28T13:36:54.000Z,2451,2713,-22
TheViper,196240,2025-09-28T13:53:19.000Z,2452,2725,12
TheViper,196240,2025-09-28T14:17:35.000Z,2453,2736,11
TheViper,196240,2025-09-28T14:42:21.000Z,2454,2744,8
TheViper,196240,2025-09-30T14:25:40.000Z,2455,2722,-22
TheViper,196240,2025-10-04T10:36:43.000Z,2456,2729,7
TheViper,196240,2025-10-04T11:18:34.000Z,2457,2704,-25
TheViper,196240,2025-10-04T12:00:00.000Z,2458,2713,9
TheViper,196240,2025-10-04T12:27:56.000Z,2459,2697,-16
TheViper,196240,2025-10-04T13:00:19.000Z,2460,2682,-15
TheViper,196240,2025-10-09T13:33:47.000Z,2461,2683,1
TheViper,196240,2025-10-09T14:01:51.000Z,2462,2701,18
TheViper,196240,2025-10-09T14:28:18.000Z,2463,2717,16
TheViper,196240,2025-10-09T14:42:06.000Z,2464,2735,18
TheViper,196240,2025-10-09T15:36:00.000Z,2465,2713,-22
TheViper,196240,2025-10-09T16:31:02.000Z,2466,2714,1
TheViper,196240,2025-10-09T17:36:13.000Z,2467,2740,26
TheViper,196240,2025-10-09T18:09:58.000Z,2468,2765,25
TheViper,196240,2025-10-13T19:54:11.000Z,2469,2778,13
TheViper,196240,2025-10-14T11:27:24.000Z,2470,2755,-23
TheViper,196240,2025-10-14T11:51:25.000Z,2471,2761,6
TheViper,196240,2025-10-14T12:22:54.000Z,2472,2738,-23
TheViper,196240,2025-10-14T12:52:23.000Z,2473,2740,2
TheViper,196240,2025-10-14T13:11:08.000Z,2474,2747,7
TheViper,196240,2025-10-16T20:06:48.000Z,2475,2735,-12
TheViper,196240,2025-10-16T20:17:05.000Z,2476,2724,-11
TheViper,196240,2025-10-16T20:41:40.000Z,2477,2745,21
TheViper,196240,2025-10-17T14:53:09.000Z,2478,2757,12
TheViper,196240,2025-10-17T15:22:08.000Z,2479,2736,-21
TheViper,196240,2025-10-17T15:50:42.000Z,2480,2717,-19
TheViper,196240,2025-10-17T16:17:23.000Z,2481,2732,15
TheViper,196240,2025-10-17T16:36:35.000Z,2482,2735,3
TheViper,196240,2025-10-17T17:10:39.000Z,2483,2738,3
TheViper,196240,2025-10-17T18:35:27.000Z,2484,2722,-16
TheViper,196240,2025-10-17T18:58:50.000Z,2485,2729,7
TheViper,196240,2025-11-02T12:57:12.000Z,2486,2658,-10
TheViper,196240,2025-11-02T13:55:35.000Z,2487,2666,8
TheViper,196240,2025-11-02T15:12:14.000Z,2488,2671,5
TheViper,196240,2025-11-02T15:34:56.000Z,2489,2644,-27
TheViper,196240,2025-11-02T16:09:09.000Z,2490,2660,16
TheViper,196240,2025-11-03T13:58:25.000Z,2491,2674,14
TheViper,196240,2025-11-03T14:34:24.000Z,2492,2654,-20
TheViper,196240,2025-11-03T15:27:50.000Z,2493,2669,15
TheViper,196240,2025-11-05T15:23:32.000Z,2494,2684,15
TheViper,196240,2025-11-06T14:13:25.000Z,2495,2664,-20
TheViper,196240,2025-11-06T14:50:16.000Z,2496,2677,13
TheViper,196240,2025-11-06T15:14:14.000Z,2497,2657,-20
TheViper,196240,2025-11-06T15:59:08.000Z,2498,2646,-11
TheViper,196240,2025-11-06T16:08:23.000Z,2499,2627,-19
TheViper,196240,2025-11-06T16:29:50.000Z,2500,2634,7
TheViper,196240,2025-11-06T16:42:20.000Z,2501,2646,12
TheViper,196240,2025-11-06T17:01:12.000Z,2502,2660,14
TheViper,196240,2025-11-06T17:40:05.000Z,2503,2641,-19
TheViper,196240,2025-11-08T15:11:51.000Z,2504,2645,4
TheViper,196240,2025-11-08T15:40:23.000Z,2505,2627,-18
TheViper,196240,2025-11-08T16:02:08.000Z,2506,2652,25
TheViper,196240,2025-11-08T16:35:59.000Z,2507,2675,23
TheViper,196240,2025-11-08T17:05:45.000Z,2508,2689,14
TheViper,196240,2025-11-08T17:31:13.000Z,2509,2701,12
TheViper,196240,2025-11-08T17:45:57.000Z,2510,2714,13
TheViper,196240,2025-11-08T18:11:22.000Z,2511,2720,6
TheViper,196240,2025-11-08T18:31:41.000Z,2512,2726,6
TheViper,196240,2025-11-10T14:47:25.000Z,2513,2734,8
TheViper,196240,2025-11-10T15:12:59.000Z,2514,2740,6
TheViper,196240,2025-11-10T15:45:09.000Z,2515,2718,-22
TheViper,196240,2025-11-10T16:00:18.000Z,2516,2730,12
TheViper,196240,2025-11-10T16:34:56.000Z,2517,2714,-16
TheViper,196240,2025-11-10T17:02:18.000Z,2518,2700,-14
TheViper,196240,2025-11-10T17:27:22.000Z,2519,2708,8
TheViper,196240,2025-11-11T14:08:53.000Z,2520,2721,13
TheViper,196240,2025-11-11T14:39:01.000Z,2521,2701,-20
TheViper,196240,2025-11-11T15:07:33.000Z,2522,2705,4
TheViper,196240,2025-11-11T15:24:07.000Z,2523,2724,19
TheViper,196240,2025-11-11T15:38:38.000Z,2524,2734,10
TheViper,196240,2025-11-11T16:05:41.000Z,2525,2741,7
TheViper,196240,2025-11-11T17:16:20.000Z,2526,2717,-24
TheViper,196240,2025-11-11T17:46:10.000Z,2527,2727,10
TheViper,196240,2025-11-11T18:08:22.000Z,2528,2733,6
TheViper,196240,2025-11-15T13:14:09.000Z,2529,2741,8
TheViper,196240,2025-11-15T13:53:44.000Z,2530,2748,7
TheViper,196240,2025-11-15T14:18:46.000Z,2531,2726,-22
TheViper,196240,2025-11-15T14:49:22.000Z,2532,2737,11
TheViper,196240,2025-11-15T15:14:22.000Z,2533,2716,-21
TheViper,196240,2025-11-15T16:01:40.000Z,2534,2696,-20
TheViper,196240,2025-11-15T16:35:44.000Z,2535,2702,6
TheViper,196240,2025-11-15T17:06:40.000Z,2536,2719,17
TheViper,196240,2025-11-17T13:21:13.000Z,2537,2739,20
TheViper,196240,2025-11-17T13:34:58.000Z,2538,2758,19
TheViper,196240,2025-11-17T13:53:40.000Z,2539,2775,17
TheViper,196240,2025-11-17T14:31:51.000Z,2540,2780,5
TheViper,196240,2025-11-19T13:57:25.000Z,2541,2783,3
TheViper,196240,2025-11-19T14:20:01.000Z,2542,2786,3
TheViper,196240,2025-11-19T14:40:20.000Z,2543,2789,3
TheViper,196240,2025-11-19T15:14:26.000Z,2544,2792,3
TheViper,196240,2025-11-19T15:32:00.000Z,2545,2799,7
TheViper,196240,2025-11-19T16:23:28.000Z,2546,2805,6
TheViper,196240,2025-11-19T17:10:59.000Z,2547,2792,-13
TheViper,196240,2025-11-19T17:30:40.000Z,2548,2812,20
TheViper,196240,2025-11-23T14:39:10.000Z,2549,2816,4
TheViper,196240,2025-11-23T14:54:55.000Z,2550,2820,4
TheViper,196240,2025-11-23T15:31:43.000Z,2551,2830,10
TheViper,196240,2025-11-23T16:03:15.000Z,2552,2838,8
TheViper,196240,2025-11-23T16:47:28.000Z,2553,2845,7
TheViper,196240,2025-11-23T17:26:06.000Z,2554,2851,6
TheViper,196240,2025-11-30T11:32:02.000Z,2555,2854,3
TheViper,196240,2025-11-30T12:16:18.000Z,2556,2836,-18
TheViper,196240,2025-11-30T12:39:17.000Z,2557,2812,-24
TheViper,196240,2025-11-30T13:11:49.000Z,2558,2789,-23
TheViper,196240,2025-11-30T13:30:24.000Z,2559,2771,-18
TheViper,196240,2025-11-30T13:50:33.000Z,2560,2749,-22
TheViper,196240,2025-11-30T14:00:20.000Z,2561,2729,-20
TheViper,196240,2025-11-30T14:26:27.000Z,2562,2743,14
TheViper,196240,2025-11-30T14:54:06.000Z,2563,2737,-6
TheViper,196240,2025-12-03T14:09:25.000Z,2564,2715,-22
TheViper,196240,2025-12-03T14:32:28.000Z,2565,2726,11
TheViper,196240,2025-12-03T15:00:43.000Z,2566,2709,-17
TheViper,196240,2025-12-03T15:29:27.000Z,2567,2718,9
TheViper,196240,2025-12-03T15:56:14.000Z,2568,2724,6
TheViper,196240,2025-12-03T16:28:40.000Z,2569,2734,10
TheViper,196240,2025-12-03T17:02:04.000Z,2570,2714,-20
TheViper,196240,2025-12-03T17:20:14.000Z,2571,2727,13
TheViper,196240,2025-12-05T13:36:07.000Z,2572,2707,-20
TheViper,196240,2025-12-05T14:00:14.000Z,2573,2711,4
TheViper,196240,2025-12-05T14:50:54.000Z,2574,2697,-14
TheViper,196240,2025-12-05T15:22:54.000Z,2575,2716,19
TheViper,196240,2025-12-05T15:36:13.000Z,2576,2721,5
TheViper,196240,2025-12-05T16:06:11.000Z,2577,2726,5
TheViper,196240,2025-12-07T13:26:21.000Z,2578,2735,9
TheViper,196240,2025-12-07T13:55:11.000Z,2579,2708,-27
TheViper,196240,2025-12-07T14:23:08.000Z,2580,2717,9
TheViper,196240,2025-12-07T15:10:31.000Z,2581,2705,-12
TheViper,196240,2025-12-07T15:47:11.000Z,2582,2723,18
TheViper,196240,2025-12-07T16:25:55.000Z,2583,2740,17
TheViper,196240,2025-12-10T12:13:37.000Z,2584,2748,8
TheViper,196240,2025-12-10T12:34:37.000Z,2585,2723,-25
TheViper,196240,2025-12-10T14:19:12.000Z,2586,2727,4
TheViper,196240,2025-12-10T14:45:39.000Z,2587,2731,4
TheViper,196240,2025-12-12T11:44:01.000Z,2588,2738,7
TheViper,196240,2025-12-12T12:04:10.000Z,2589,2742,4
TheViper,196240,2025-12-12T12:29:17.000Z,2590,2748,6
TheViper,196240,2025-12-12T13:06:32.000Z,2591,2765,17
TheViper,196240,2025-12-12T13:40:46.000Z,2592,2744,-21
TheViper,196240,2025-12-12T14:19:10.000Z,2593,2718,-26
TheViper,196240,2025-12-12T14:43:29.000Z,2594,2726,8
TheViper,196240,2025-12-23T13:17:21.000Z,2595,2737,11
TheViper,196240,2025-12-23T13:38:39.000Z,2596,2715,-22
TheViper,196240,2025-12-23T13:52:46.000Z,2597,2722,7
TheViper,196240,2025-12-23T15:34:03.000Z,2598,2698,-24
TheViper,196240,2025-12-23T15:56:08.000Z,2599,2708,10
TheViper,196240,2025-12-26T13:24:47.000Z,2600,2699,-9
TheViper,196240,2025-12-26T13:47:42.000Z,2601,2690,-9
TheViper,196240,2025-12-26T14:12:53.000Z,2602,2682,-8
TheViper,196240,2025-12-26T14:38:37.000Z,2603,2660,-22
TheViper,196240,2025-12-27T12:11:28.000Z,2604,2653,-7
TheViper,196240,2025-12-27T12:34:36.000Z,2605,2632,-21
TheViper,196240,2025-12-27T13:01:06.000Z,2606,2647,15
TheViper,196240,2025-12-27T13:20:16.000Z,2607,2629,-18
TheViper,196240,2025-12-27T14:57:49.000Z,2608,2635,6
TheViper,196240,2025-12-27T15:09:59.000Z,2609,2648,13
TheViper,196240,2025-12-27T15:51:08.000Z,2610,2626,-22
TheViper,196240,2025-12-27T16:08:05.000Z,2611,2632,6
TheViper,196240,2025-12-28T14:22:43.000Z,2612,2621,-11
TheViper,196240,2025-12-28T14:43:39.000Z,2613,2643,22
TheViper,196240,2025-12-28T14:54:13.000Z,2614,2654,11
TheViper,196240,2025-12-28T15:16:23.000Z,2615,2632,-22
TheViper,196240,2025-12-28T15:54:46.000Z,2616,2653,21
TheViper,196240,2025-12-28T16:13:05.000Z,2617,2666,13
TheViper,196240,2025-12-30T13:55:41.000Z,2618,2660,-6
TheViper,196240,2025-12-30T14:22:20.000Z,2619,2686,26
TheViper,196240,2025-12-30T14:50:24.000Z,2620,2679,-7
TheViper,196240,2025-12-30T15:20:57.000Z,2621,2672,-7
TheViper,196240,2025-12-30T15:32:53.000Z,2622,2666,-6
TheViper,196240,2025-12-30T15:48:04.000Z,2623,2682,16
TheViper,196240,2025-12-30T16:31:42.000Z,2624,2663,-19
TheViper,196240,2026-02-13T13:05:29.000Z,2625,2558,-47
TheViper,196240,2026-02-15T13:22:41.000Z,2626,2558,0
TheViper,196240,2026-02-15T13:48:24.000Z,2627,2544,-14
TheViper,196240,2026-02-15T14:05:57.000Z,2628,2549,5
TheViper,196240,2026-02-16T13:45:10.000Z,2629,2556,7
TheViper,196240,2026-02-16T14:08:56.000Z,2630,2561,5
TheViper,196240,2026-02-16T14:28:28.000Z,2631,2570,9
TheViper,196240,2026-02-16T14:52:43.000Z,2632,2575,5
TheViper,196240,2026-02-17T18:53:11.000Z,2633,2584,9
TheViper,196240,2026-02-17T19:55:15.000Z,2634,2575,-9
TheViper,196240,2026-02-17T20:32:50.000Z,2635,2595,20
TheViper,196240,2026-02-17T21:03:44.000Z,2636,2619,24
TheViper,196240,2026-02-22T12:22:48.000Z,2637,2633,14
TheViper,196240,2026-02-22T12:40:22.000Z,2638,2638,5
TheViper,196240,2026-02-22T13:11:09.000Z,2639,2648,10
TheViper,196240,2026-02-22T13:33:56.000Z,2640,2658,10
TheViper,196240,2026-02-22T14:08:31.000Z,2641,2667,9
TheViper,196240,2026-02-22T14:52:56.000Z,2642,2645,-22
TheViper,196240,2026-02-24T12:10:40.000Z,2643,2665,20
TheViper,196240,2026-02-24T12:35:22.000Z,2644,2675,10
TheViper,196240,2026-02-24T14:08:52.000Z,2645,2688,13
TheViper,196240,2026-02-24T14:43:37.000Z,2646,2706,18
TheViper,196240,2026-02-26T12:51:48.000Z,2647,2694,-12
TheViper,196240,2026-02-26T13:14:32.000Z,2648,2709,15
TheViper,196240,2026-02-26T14:09:45.000Z,2649,2729,20
TheViper,196240,2026-03-01T10:14:11.000Z,2650,2704,-25
TheViper,196240,2026-03-01T10:47:55.000Z,2651,2708,4
TheViper,196240,2026-03-01T11:27:39.000Z,2652,2709,1
TheViper,196240,2026-03-01T12:15:39.000Z,2653,2721,12
TheViper,196240,2026-03-16T13:03:36.000Z,2654,2676,16
TheViper,196240,2026-03-16T13:46:07.000Z,2655,2691,15
TheViper,196240,2026-03-19T15:26:53.000Z,2656,2704,13
TheViper,196240,2026-03-19T15:45:29.000Z,2657,2711,7
TheViper,196240,2026-03-19T16:14:06.000Z,2658,2717,6
TheViper,196240,2026-03-19T16:31:01.000Z,2659,2725,8
TheViper,196240,2026-03-27T11:35:46.000Z,2660,2700,-25
TheViper,196240,2026-03-27T12:05:28.000Z,2661,2670,-30
TheViper,196240,2026-03-27T12:10:24.000Z,2662,2676,6
TheViper,196240,2026-03-27T12:26:21.000Z,2663,2682,6
TheViper,196240,2026-03-27T12:51:03.000Z,2664,2651,-31
TheViper,196240,2026-04-13T11:14:47.000Z,2665,2603,9
TheViper,196240,2026-04-16T11:56:57.000Z,2666,2607,4
TheViper,196240,2026-04-16T15:01:04.000Z,2667,2598,-9
TheViper,196240,2026-04-20T12:53:34.000Z,2668,2613,15
TheViper,196240,2026-04-24T09:17:58.000Z,2669,2594,-19
TheViper,196240,2026-04-26T11:34:44.000Z,2670,2608,14
TheViper,196240,2026-04-26T11:47:38.000Z,2671,2621,13
TheViper,196240,2026-04-27T13:18:40.000Z,2672,2608,-13
TheViper,196240,2026-04-30T09:41:16.000Z,2673,2614,6
TheViper,196240,2026-04-30T10:30:54.000Z,2674,2620,6
TheViper,196240,2026-05-01T14:25:55.000Z,2675,2611,-9
TheViper,196240,2026-05-01T15:10:29.000Z,2676,2620,9
TheViper,196240,2026-05-04T14:10:47.000Z,2677,2630,10
TheViper,196240,2026-05-10T12:22:34.000Z,2678,2633,3
TheViper,196240,2026-05-13T12:21:09.000Z,2679,2605,-28
TheViper,196240,2026-06-01T12:25:47.000Z,2680,2609,4
TheViper,196240,2026-06-01T12:52:03.000Z,2681,2626,17
TheViper,196240,2026-06-01T13:41:33.000Z,2682,2615,-11
TheViper,196240,2026-06-01T14:01:09.000Z,2683,2617,2
TheViper,196240,2026-06-01T14:17:14.000Z,2684,2594,-23
TheViper,196240,2026-06-01T14:46:00.000Z,2685,2605,11
TheViper,196240,2026-06-02T12:00:09.000Z,2686,2629,24
TheViper,196240,2026-06-02T12:30:02.000Z,2687,2638,9
TheViper,196240,2026-06-03T10:31:30.000Z,2688,2623,-15
TheViper,196240,2026-06-03T10:45:14.000Z,2689,2626,3
TheViper,196240,2026-06-03T11:17:04.000Z,2690,2632,6
TheViper,196240,2026-06-03T12:00:42.000Z,2691,2639,7
TheViper,196240,2026-06-03T12:30:20.000Z,2692,2651,12
TheViper,196240,2026-06-03T13:16:22.000Z,2693,2660,9
TheViper,196240,2026-06-09T13:03:47.000Z,2694,2669,9
TheViper,196240,2026-06-12T13:30:58.000Z,2695,2678,9
TheViper,196240,2026-06-12T14:03:13.000Z,2696,2686,8
TheViper,196240,2026-06-14T11:29:00.000Z,2697,2702,16
TheViper,196240,2026-06-17T11:03:15.000Z,2698,2710,8
TheViper,196240,2026-07-14T09:44:09.000Z,2699,2710,0
TheViper,196240,2026-07-19T11:11:55.000Z,2700,2716,6
TheViper,196240,2026-07-19T11:44:25.000Z,2701,2723,7
TheViper,196240,2026-07-19T12:30:27.000Z,2702,2729,6
TheViper,196240,2026-07-20T12:20:06.000Z,2703,2703,-26
TheViper,196240,2026-07-20T12:51:36.000Z,2704,2715,12
TheViper,196240,2026-07-20T13:31:46.000Z,2705,2724,9
TheViper,196240,2026-07-20T14:10:30.000Z,2706,2730,6
TheViper,196240,2026-07-22T12:04:04.000Z,2707,2734,4
TheViper,196240,2026-07-24T11:54:12.000Z,2708,2746,12
TheViper,196240,2026-07-24T12:12:25.000Z,2709,2748,2
TheViper,196240,2026-07-28T12:27:30.000Z,2710,2761,13
TheViper,196240,2026-07-31T19:00:03.000Z,2711,2738,
TheViper,196240,2026-08-03T10:57:57.000Z,2712,2710,-28
TheViper,196240,2026-08-03T11:21:47.000Z,2713,2714,4
TheViper,196240,2026-08-03T12:34:21.000Z,2714,2700,-14
TheViper,196240,2026-08-04T17:32:39.000Z,2715,2709,9
TheViper,196240,2026-08-14T10:49:41.000Z,2716,2699,-10
TheViper,196240,2026-08-14T11:08:31.000Z,2717,2685,-14
TheViper,196240,2026-08-14T11:43:06.000Z,2718,2673,-12
TheViper,196240,2026-08-14T12:03:37.000Z,2719,2676,3
TheViper,196240,2026-08-14T12:56:34.000Z,2720,2681,5
TheViper,196240,2026-08-16T12:56:03.000Z,2721,2688,7
TheViper,196240,2026-08-19T13:09:03.000Z,2722,2704,16
TheViper,196240,2026-08-25T11:49:42.000Z,2723,2719,15
TheViper,196240,2026-08-25T12:16:28.000Z,2724,2708,-11
TheViper,196240,2026-08-25T12:39:38.000Z,2725,2730,22
TheViper,196240,2026-08-28T12:35:02.000Z,2726,2750,20
TheViper,196240,2026-08-28T13:05:05.000Z,2727,2762,12
TheViper,196240,2026-08-28T15:24:30.000Z,2728,2741,-21
TheViper,196240,2026-09-08T12:26:45.000Z,2729,2749,8
TheViper,196240,2026-09-08T13:15:13.000Z,2730,2740,-9
TheViper,196240,2026-09-08T13:39:10.000Z,2731,2716,-24
TheViper,196240,2026-09-08T13:55:41.000Z,2732,2700,-16
TheViper,196240,2026-09-10T10:36:02.000Z,2733,2688,-12
TheViper,196240,2026-09-10T10:48:08.000Z,2734,2695,7
TheViper,196240,2026-09-10T11:17:53.000Z,2735,2716,21
TheViper,196240,2026-09-10T11:58:58.000Z,2736,2726,10
TheViper,196240,2026-09-10T12:16:32.000Z,2737,2736,10
TheViper,196240,2026-09-14T11:11:18.000Z,2738,2744,8
TheViper,196240,2026-09-14T11:43:59.000Z,2739,2752,8
TheViper,196240,2026-09-14T12:16:25.000Z,2740,2731,-21
TheViper,196240,2026-09-14T12:53:30.000Z,2741,2742,11
TheViper,196240,2026-09-14T13:18:55.000Z,2742,2715,-27
TheViper,196240,2026-09-14T13:41:55.000Z,2743,2733,18
TheViper,196240,2026-09-14T14:10:53.000Z,2744,2738,5
TheViper,196240,2026-09-15T13:38:58.000Z,2745,2752,14
TheViper,196240,2026-09-15T14:03:27.000Z,2746,2733,-19
TheViper,196240,2026-09-21T11:21:24.000Z,2747,2742,9
TheViper,196240,2026-09-21T11:56:57.000Z,2748,2751,9
TheViper,196240,2026-09-21T12:25:13.000Z,2749,2728,-23
TheViper,196240,2026-09-21T12:54:50.000Z,2750,2706,-22
TheViper,196240,2026-09-21T13:32:16.000Z,2751,2718,12
TheViper,196240,2026-09-22T18:21:38.000Z,2752,2702,-16
TheViper,196240,2026-09-22T18:31:27.000Z,2753,2696,-6
TheViper,196240,2026-09-22T18:56:47.000Z,2754,2690,-6
TheViper,196240,2026-09-22T19:31:34.000Z,2755,2717,27
TheViper,196240,2026-09-22T20:08:25.000Z,2756,2732,15
TheViper,196240,2026-09-23T13:23:28.000Z,2757,2736,4
TheViper,196240,2026-09-23T14:03:07.000Z,2758,2717,-19
TheViper,196240,2026-09-23T14:39:50.000Z,2759,2723,6
TheViper,196240,2026-09-23T14:58:56.000Z,2760,2734,11
TheViper,196240,2026-09-24T09:20:23.000Z,2761,2747,13
TheViper,196240,2026-09-24T09:34:35.000Z,2762,2759,12
TheViper,196240,2026-09-24T10:01:27.000Z,2763,2770,11
TheViper,196240,2026-09-24T10:23:47.000Z,2764,2780,10
TheViper,196240,2026-09-24T10:57:21.000Z,2765,2793,13
TheViper,196240,2026-09-28T11:07:50.000Z,2766,2810,17
TheViper,196240,2026-09-28T11:38:50.000Z,2767,2826,16
TheViper,196240,2026-09-28T11:53:31.000Z,2768,2808,-18
TheViper,196240,2026-09-28T12:22:43.000Z,2769,2789,-19
TheViper,196240,2026-09-28T13:36:07.000Z,2770,2772,-17
TheViper,196240,2026-09-28T14:03:54.000Z,2771,2747,-25
TheViper,196240,2026-09-28T14:29:04.000Z,2772,2756,9
TheViper,196240,2026-09-28T14:52:05.000Z,2773,2740,-16
TheViper,196240,2026-09-29T10:38:48.000Z,2774,2726,-14
TheViper,196240,2026-09-29T11:06:56.000Z,2775,2746,20
TheViper,196240,2026-09-30T13:24:11.000Z,2776,2737,-9
TheViper,196240,2026-09-30T13:52:11.000Z,2777,2729,-8
TheViper,196240,2026-09-30T14:40:54.000Z,2778,2753,24
TheViper,196240,2026-09-30T15:07:37.000Z,2779,2770,17
TheViper,196240,2026-09-30T15:30:08.000Z,2780,2781,11
TheViper,196240,2026-09-30T15:45:45.000Z,2781,2793,12
TheViper,196240,2026-09-30T15:57:45.000Z,2782,2781,-12
