game_id,player,year,context,cluster,window,actor_group_change_fraction,actor_group_ge10_fraction,actor_group_size_median,actor_group_size_p90,actor_overlap_jaccard_median,actor_pair_count,all_recorded_cpm,build_commands_nominal_min,castle_request_game_s,command_silence_ge10s_time_fraction,command_silence_ge5s_time_fraction,commanded_actor_ids,coordinate_coverage,core_category_entropy_bits,core_category_switch_fraction,core_count_5s_cv,core_cpm,core_gap_burstiness,core_gap_cv,core_gap_max_s,core_gap_p10_s,core_gap_p50_s,core_gap_p90_s,core_gap_p99_s,core_same_type_triplet_fraction,core_type_entropy_bits,core_type_switch_fraction,core_type_transition_entropy_bits,dedup_core_cpm,destination_cell_switch_fraction,destination_entropy_4x4_bits,destination_jump_diagonal_p50,destination_jump_diagonal_p90,destination_jump_ge_quarter_fraction,distinct_building_type_ids,distinct_order_target_ids,distinct_research_type_ids,empty_5s_bin_fraction,explicit_actor_commands,explicit_actor_coverage,explicitly_commanded_production_building_ids,feudal_request_game_s,first_core_command_nominal_s,imperial_request_game_s,legacy_command_class_entropy_bits,legacy_core_silence_over5s_fraction,legacy_duration_game_min,legacy_move_share,legacy_peak_10s_nominal_cpm,legacy_planning_command_share,legacy_queue_batch_gt1_fraction,legacy_queue_batch_mean,legacy_switches_per_100_commands,market_commands_nominal_min,move_order_commands,noncore_action_fraction,peak_5s_nominal_cpm,positive_de_queue_commands,positive_queue_amount_mean,production_command_revisit_nominal_median_s,rapid_destination_repeat_fraction,requested_queue_unit_type_ids,research_commands_nominal_min,same_actor_gap_nominal_median_s,same_actor_pair_count,same_actor_recommand_under1s_fraction,simultaneous_core_gap_fraction,tatoh_cpm_0_5,tatoh_cpm_10_15,tatoh_cpm_10_20,tatoh_cpm_15_20,tatoh_cpm_5_10,tatoh_dedup_open_cpm,tatoh_dedup_whole_cpm,tatoh_gap_p50_open,tatoh_gap_p90_open,tatoh_gap_p99_10_20,tatoh_gap_p99_open,tatoh_reclick_open,tatoh_reclick_whole,valid_target_order_fraction,wall_commands_nominal_min
511243727,MembTV,2026,8-player unranked Rage Forest 2026 (Custom),2026-10-04,whole available replay,0.7622377622377622,0.01529051987767584,1.0,4.400000000000034,0.0,143.0,70.48580134866549,4.313078252316356,1449.305,0.17269786380890795,0.39198374615553716,142.0,1.0,1.7580319083067093,0.35564853556485354,1.0721052570612268,46.472446754687944,0.26531442588596044,1.722252988854189,23.56035423187319,0.12426035082228282,0.4792899246004936,3.479289823025738,10.803940462599698,0.4556113902847571,1.8621347188726292,0.36150627615062764,1.4315295627660007,28.209863163798868,0.16684378320935175,1.9574648135788855,0.004545454545454545,0.13994685969632095,0.019128586609989374,20.0,130.0,38.0,0.15857605177993528,327.0,0.3471337579617834,21.0,679.014,2.973964396348161,2041.996,1.7580319083067093,0.391983746155538,43.4933,0.5677257525083612,264,0.17224080267558528,0,1,35.56485355648535,0.5828484124751833,942.0,0.340683572216097,396.0,264.0,1.0,0.2485207016447362,0.49946865037194477,13.0,1.7485452374255497,0.2485207016447362,34.0,0.8529411764705882,0.02594142259414226,58.13600196838378,27.716000938415522,34.9830011844635,42.25000143051147,56.784001922607416,33.12400112152099,28.19905726294251,0.3710059045981211,2.2092306944300892,10.631922716944644,10.181301430426757,0.4235294117647059,0.39297658862876256,1.0,1.359979629108761
511243727,MembTV,2026,8-player unranked Rage Forest 2026 (Custom),2026-10-04,first 10 game minutes,0.7608695652173914,0.0,1.0,3.0,0.0,46.0,70.64200239181518,1.521000051498413,,0.1572116666666664,0.26789999999999947,28.0,1.0,1.3148651090190717,0.3185840707964602,0.9883753402168577,57.460001945495605,0.24769936768107406,1.6585116562179514,12.706508445519376,0.12307691890970318,0.3710059045981211,2.2092306944300892,10.181301430426757,0.5532544378698225,1.384180049405505,0.3185840707964602,1.152640611554462,33.12400112152099,0.2052980132450331,1.7839030051888387,0.004545454545454545,0.1732711025880612,0.019867549668874173,4.0,35.0,1.0,0.125,103.0,0.33993399339933994,1.0,,2.973964396348161,,,,,,,,,,,0.0,303.0,0.18660287081339713,300.0,27.0,1.0,7.9242600867279185,0.4768211920529801,1.0,0.16900000572204588,0.6071005711606052,11.0,0.9090909090909091,0.0,,,,,,,,,,,,,,1.0,2.704000091552734
511239187,MembTV,2026,8-player unranked Rage Forest 2026 (Custom),2026-10-04,whole available replay,0.8448275862068966,0.10526315789473684,2.0,10.0,0.0,174.0,71.93131889363339,5.30164261935957,764.973,0.11192918460219806,0.35672629229431846,261.0,1.0,1.7029229935160246,0.32192846034214617,0.8678281294222787,44.020735813650106,0.21125931883631127,1.5356876445744487,16.927810077741356,0.12390532124832135,0.4846153682071872,3.852070875492734,10.453171243706954,0.5035019455252918,1.7758457754053496,0.3273716951788491,1.34188697923274,28.1842162474341,0.2143569292123629,2.4514379869258094,0.00591044045804763,0.13990328356080625,0.036889332003988036,16.0,119.0,39.0,0.11965811965811966,361.0,0.3595617529880478,34.0,502.471,3.2118342107795104,1837.704,1.7029229935160246,0.3567262922943197,49.409216666666666,0.6083916083916084,198,0.19036519036519037,0,1,32.19284603421462,1.060328523871914,1004.0,0.3880171184022825,228.0,400.0,1.0,0.1242603508223681,0.46161515453639085,10.0,1.4707782750481386,0.37278105246710425,27.0,0.7037037037037037,0.02177293934681182,52.39000177383422,62.19200210571288,46.81300158500671,31.434001064300535,54.418001842498775,29.744001007080076,28.17471238213564,0.4846153682071872,2.7661537524967033,11.474999611476534,7.270106262722596,0.4430379746835443,0.35975135975135974,1.0,0.547266334901633
511239187,MembTV,2026,8-player unranked Rage Forest 2026 (Custom),2026-10-04,first 10 game minutes,0.9387755102040817,0.0,1.0,3.0,0.0,49.0,65.23400220870971,1.8590000629425047,,0.06059499999999994,0.16992166666666647,28.0,1.0,0.7743802531113843,0.23492063492063492,0.7150498350632202,53.404001808166505,0.1450952032505512,1.3394417806573027,11.059171223188827,0.12307691890974581,0.4846153682071872,2.7661537524967033,7.270106262722596,0.6560509554140127,0.7743802531113843,0.23492063492063492,0.7032785121121435,29.744001007080076,0.1986754966887417,1.9442092829383273,0.004803190076236074,0.13977026406992377,0.033112582781456956,5.0,21.0,1.0,0.05555555555555555,90.0,0.297029702970297,2.0,502.471,3.2118342107795104,,,,,,,,,,,0.0,303.0,0.18134715025906736,192.0,25.0,1.0,14.176922596917152,0.46357615894039733,2.0,0.16900000572204588,1.5615384086674944,3.0,0.3333333333333333,0.0,,,,,,,,,,,,,,1.0,0.0
511234303,MembTV,2026,8-player unranked Rage Forest 2026 (Custom),2026-10-04,whole available replay,0.8641975308641975,0.014925373134328358,1.0,4.0,0.0,81.0,53.94590925661422,3.02399491328368,785.249,0.24996312136505822,0.4403378242723731,51.0,1.0,1.516734416572715,0.31629834254143646,1.170245459378585,39.1499341451905,0.2655273614842311,1.7230422143997415,22.905324668252547,0.12426035082228282,0.4881656639449332,3.876922945657242,13.32165635368562,0.5283540802213001,1.5510922728964933,0.31767955801104975,1.2135805047030919,22.84196157712494,0.1926751592356688,2.261138643169047,0.004905596422081403,0.12383006648682258,0.054140127388535034,14.0,62.0,22.0,0.21524663677130046,201.0,0.3195548489666137,10.0,559.175,3.7047336023748185,1449.92,1.516734416572715,0.44033782427237267,31.29635,0.6068965517241379,228,0.1296551724137931,0,1,31.629834254143645,0.64799890998936,629.0,0.27427427427427425,276.0,100.0,1.0,16.210058622753262,0.48089171974522293,7.0,1.24199791081294,0.36213016525374303,11.0,0.6363636363636364,0.004143646408839779,59.48800201416015,55.77000188827514,39.54600133895874,23.32200078964233,34.81400117874145,27.209000921249388,22.829803714352682,0.489940811813824,3.405976216040519,11.213632756420534,10.444792545765802,0.4229390681003584,0.416551724137931,1.0,0.16199972749734
511234303,MembTV,2026,8-player unranked Rage Forest 2026 (Custom),2026-10-04,first 10 game minutes,0.9166666666666666,0.0,1.0,2.0,0.0,36.0,60.33300204277039,1.8590000629425047,,0.12864333333333353,0.3109733333333333,28.0,1.0,0.9688853905749184,0.25539568345323743,1.1124226275154365,47.151001596450804,0.20702854509413962,1.5221588843162521,12.842603115467682,0.11798816168559086,0.489940811813824,3.405976216040519,10.444792545765802,0.6245487364620939,0.9688853905749184,0.25539568345323743,0.857036237465135,27.209000921249388,0.2593984962406015,2.1672770691468735,0.006594429800611753,0.15754234959315455,0.06390977443609022,5.0,17.0,1.0,0.1388888888888889,85.0,0.31835205992509363,2.0,559.175,3.7047336023748185,,,,,,,,,,,0.0,267.0,0.2184873949579832,252.0,30.0,1.0,14.294082356263921,0.44360902255639095,2.0,0.16900000572204588,0.3621301652536926,3.0,0.6666666666666666,0.0,,,,,,,,,,,,,,1.0,0.0
511121619,MembTV,2026,8-player unranked Rage Forest 2026 (Custom),2026-10-03,whole available replay,0.7510373443983402,0.1596153846153846,1.0,13.0,0.0,241.0,86.51606394388078,5.659929416889396,848.908,0.08400556811457023,0.31425274432979033,363.0,1.0,1.56144628935457,0.2763792179967863,0.8711677677305721,53.94259260586425,0.2555659862277176,1.6866048071411566,19.09704077352577,0.12307691890974723,0.24852070164467932,3.230769121381047,8.448940542336068,0.5627009646302251,1.6047371639520085,0.2785216925549009,1.1912730859108145,29.772383820474325,0.16932907348242812,2.4338864811583383,0.0039764670111917,0.07980701318555508,0.038338658146964855,20.0,158.0,44.0,0.09615384615384616,520.0,0.33205619412515963,47.0,560.419,3.713017625762975,1097.492,1.56144628935457,0.31425274432979006,58.5237,0.610813704496788,234,0.15524625267665954,0,1,27.63792179967863,0.8085613452699137,1566.0,0.376502002670227,288.0,544.0,1.0,0.1242603508223681,0.5348242811501598,11.0,1.6459998814423242,0.1242603508223681,60.0,0.8166666666666667,0.008034279592929834,73.684002494812,84.83800287246703,64.55800218582152,44.27800149917602,46.98200159072876,31.60300107002258,29.763907508738303,0.2502958495135914,2.5352070147540138,6.369230553579663,8.204171319854183,0.47619047619047616,0.4480728051391863,1.0,0.2598947181224723
511121619,MembTV,2026,8-player unranked Rage Forest 2026 (Custom),2026-10-03,first 10 game minutes,0.8536585365853658,0.0,1.0,3.0,0.0,41.0,73.17700247764587,1.8590000629425047,,0.05378999999999998,0.2323349999999997,29.0,1.0,1.1907904428588234,0.28651685393258425,0.9195827154722392,60.33300204277039,0.2638465342239702,1.7168248102882502,19.09704077352577,0.11834319125938464,0.2502958495135914,2.5352070147540138,8.204171319854183,0.5521126760563381,1.2201863353003715,0.28651685393258425,0.9853347284001643,31.60300107002258,0.22551928783382788,2.231684365270571,0.005204314659812976,0.2069387162877645,0.09198813056379822,5.0,21.0,2.0,0.08333333333333333,96.0,0.28402366863905326,2.0,560.419,3.713017625762975,,,,,,,,,,,0.0,338.0,0.17551963048498845,276.0,28.0,1.0,11.07781027581219,0.5044510385756676,2.0,0.33800001144409175,0.11715975934677153,6.0,0.8333333333333334,0.0,,,,,,,,,,,,,,1.0,0.5070000171661376
511107222,MembTV,2026,8-player unranked Rage Forest 2026 (Custom),2026-10-03,whole available replay,0.5763688760806917,0.31763122476446837,5.0,18.800000000000068,0.4666666666666667,347.0,92.44850996974303,3.6724778854505966,782.466,0.09814883941493398,0.34407929461384423,506.0,1.0,1.5605290966144953,0.28393470790378006,0.8896476523023518,57.02133996809627,0.29449136414708676,1.8348341868021678,24.22307610292569,0.12307691890964634,0.24852070164467932,3.0519525593881145,8.975289636940746,0.5418994413407822,1.595766727321634,0.2860824742268041,1.1658285381236089,29.012575295059715,0.11646191646191646,1.6408695365729054,0.003367067792595869,0.049627146901223745,0.0068796068796068794,17.0,302.0,53.0,0.1364562118126273,743.0,0.3649312377210216,37.0,560.276,3.350295744552982,1747.659,1.5605290966144953,0.34407929461384396,69.02696666666667,0.5809360240446544,246,0.10863031343924431,0.002680965147453083,1.0107238605898123,28.393470790378007,0.6855292052841114,2036.0,0.3832097457627119,300.0,746.0,1.0107238605898123,0.15384614863705107,0.5621621621621622,11.0,1.5669238977922546,0.13313609016681335,147.0,0.8979591836734694,0.01675257731958763,56.784001922607416,26.364000892639158,33.29300112724304,40.22200136184692,44.27800149917602,29.237000989913938,29.005571855376143,0.4881656639449261,2.8698815596355085,14.536656312547901,8.06143759687615,0.4214046822742475,0.49119793902962644,1.0,0.26931504493304376
511107222,MembTV,2026,8-player unranked Rage Forest 2026 (Custom),2026-10-03,first 10 game minutes,0.7592592592592593,0.0,1.0,3.0,0.0,54.0,65.74100222587586,1.1830000400543212,,0.06562499999999995,0.25060333333333323,27.0,1.0,0.9890245235161965,0.2550335570469799,0.7330978564955387,50.531001710891715,0.17669762128617902,1.4292411290301856,12.913017314266938,0.11834319125938464,0.4881656639449261,2.8698815596355085,8.06143759687615,0.6026936026936027,1.0323170214329322,0.2550335570469799,0.8791422898784679,29.237000989913938,0.127208480565371,0.9653427373004035,0.004731290043642659,0.07519687913499774,0.0,3.0,30.0,2.0,0.09722222222222222,96.0,0.3380281690140845,2.0,560.276,3.350295744552982,,,,,,,,,,,0.0,284.0,0.23136246786632392,168.0,32.0,1.0,15.17573913114629,0.4452296819787986,2.0,0.33800001144409175,0.5964496839472861,13.0,0.5384615384615384,0.0,,,,,,,,,,,,,,1.0,1.0140000343322753
511098379,MembTV,2026,8-player unranked Rage Forest 2026 (Custom),2026-10-03,whole available replay,0.7651515151515151,0.0,1.0,4.0,0.0,132.0,66.3289078351789,4.155809559335199,827.032,0.15778960810367743,0.39873207475538874,78.0,1.0,1.3074151761382484,0.25216450216450215,1.199286371687275,50.58057687348761,0.315708636092833,1.9227316103777776,23.472188554384957,0.12307691890976002,0.248520701644793,3.0501774115190314,11.076076548060247,0.6218851570964247,1.327878589169459,0.2554112554112554,1.0242973414335015,25.59103781274833,0.14285714285714285,2.51951465220168,0.002790750384146094,0.12985418277917388,0.054945054945054944,19.0,73.0,17.0,0.17272727272727273,240.0,0.2926829268292683,10.0,616.016,4.033135958119591,1741.22,1.3074151761382484,0.39873207475538863,30.906133333333333,0.6908108108108109,288,0.11243243243243244,0,1,25.216450216450216,0.3280902283685683,820.0,0.23742786479802144,348.0,109.0,1.0,7.493195012565646,0.557997557997558,6.0,1.0936340945618945,0.24852070164460163,31.0,0.8064516129032258,0.0,48.672001647949216,70.30400238037109,52.55900177955627,34.81400117874145,41.2360013961792,25.01200084686279,25.577244841320155,0.48402365225086896,3.0769229727438123,12.456106087133717,11.225703761929042,0.44360902255639095,0.49405405405405406,1.0,0.10936340945618944
511098379,MembTV,2026,8-player unranked Rage Forest 2026 (Custom),2026-10-03,first 10 game minutes,0.9523809523809523,0.0,1.0,2.0,0.0,42.0,56.78400192260742,1.6900000572204588,,0.2107433333333333,0.36465000000000003,29.0,1.0,1.061111216880533,0.24528301886792453,1.1932641145151623,44.9540015220642,0.31795928092639003,1.932376240991189,23.472188554384957,0.1230769189097547,0.48402365225086896,3.0769229727438123,11.225703761929042,0.6439393939393939,1.061111216880533,0.24528301886792453,0.8461900107154264,25.012000846862794,0.17254901960784313,1.85250827060117,0.003126120020347061,0.14247017231759207,0.058823529411764705,4.0,17.0,0.0,0.19444444444444445,76.0,0.296875,2.0,,4.033135958119591,,,,,,,,,,,0.0,256.0,0.20833333333333334,276.0,27.0,1.0,15.261537944809346,0.4627450980392157,2.0,0.0,1.1041419744499852,2.0,0.5,0.0,,,,,,,,,,,,,,1.0,0.0
510975120,MembTV,2026,8-player unranked Rage Forest 2026 (Custom),2026-10-03,whole available replay,0.7180616740088106,0.1320754716981132,2.0,15.0,0.0,227.0,65.02965639339243,4.296544610194333,774.001,0.11636307333136205,0.3242817109971556,221.0,1.0,1.8251776069104002,0.3134948096885813,0.8848946999272341,46.71280831835343,0.2359750609300266,1.6177155976538478,23.537277309577576,0.117159759346805,0.4721893331249021,3.4846152666323746,10.139833976209554,0.49653739612188363,1.9087748319043116,0.3197231833910035,1.384333267267556,29.23588625733738,0.17586206896551723,1.8648460917063339,0.004687933513314896,0.07714510955844915,0.0017241379310344827,16.0,157.0,42.0,0.11827956989247312,477.0,0.4108527131782946,25.0,510.01,3.5810649675087682,2309.156,1.8251776069104002,0.3242817109971554,52.31413333333333,0.475103734439834,198,0.17427385892116182,0,1,31.34948096885813,1.1306696342616667,1161.0,0.2816691505216095,216.0,262.0,1.0,0.2485207016447362,0.4663793103448276,11.0,1.7767665681254763,0.23431951869361034,64.0,0.796875,0.011072664359861591,56.108001899719234,34.47600116729736,25.85700087547302,17.23800058364868,51.03800172805786,33.29300112724304,29.22657501480037,0.5999999796850375,2.761538368037577,15.863425498395094,7.627692049431966,0.3785488958990536,0.37413554633471646,1.0,0.9368405541025238
510975120,MembTV,2026,8-player unranked Rage Forest 2026 (Custom),2026-10-03,first 10 game minutes,0.8771929824561403,0.009708737864077669,1.0,2.0,0.0,57.0,67.26200227737426,1.0140000343322753,,0.0,0.21560499999999996,24.0,1.0,1.196022833797582,0.22468354430379747,0.8018267215633254,53.573001813888546,0.15013695064634408,1.3533203396959719,9.61538428982442,0.12307691890974581,0.5999999796850375,2.761538368037577,7.627692049431966,0.653968253968254,1.2462542075891232,0.22784810126582278,0.8903465577865597,33.293001127243045,0.08783783783783784,0.5522254953900427,0.005595275528098895,0.08346167542713281,0.0,3.0,25.0,2.0,0.08333333333333333,103.0,0.3468013468013468,1.0,510.01,3.5810649675087682,,,,,,,,,,,0.0,297.0,0.20351758793969849,192.0,23.0,1.0,11.419230382595494,0.40540540540540543,1.0,0.33800001144409175,1.1999999593700679,7.0,0.42857142857142855,0.0,,,,,,,,,,,,,,1.0,1.8590000629425047
510971234,MembTV,2026,8-player unranked Rage Forest 2026 (Custom),2026-10-03,whole available replay,0.768361581920904,0.023880597014925373,1.0,6.0,0.0,177.0,54.710449671460424,4.955063181322389,939.128,0.15036383329819786,0.37134420027349124,111.0,1.0,1.853106965548501,0.40303358613217766,0.9018652236020079,37.83866429373461,0.19319566464885046,1.4789157821388377,20.993490413457323,0.117159759346805,0.6071005711606006,3.9898223501186516,10.824887207452806,0.37635574837310193,1.957121181745138,0.41170097508125675,1.5977088773769483,25.47148180812005,0.1879382889200561,2.0351554279995745,0.005475662164962057,0.21050610979879086,0.06451612903225806,17.0,109.0,28.0,0.15306122448979592,335.0,0.469187675070028,18.0,657.609,3.1846152767898532,1789.101,1.853106965548501,0.371344200273491,41.2689,0.4653679653679654,168,0.21428571428571427,0,1,40.30335861321777,1.1466261907192306,714.0,0.3083832335329341,216.0,191.0,1.0,4.276331216157665,0.423562412342216,7.0,1.3923318030162084,0.24319525803802194,41.0,0.8780487804878049,0.0010834236186348862,52.39000177383422,30.082001018524167,28.054000949859617,26.026000881195067,57.4600019454956,32.617001104354856,25.46119916624112,0.489940811813824,2.7725442848246926,14.976827895277456,6.469786763192788,0.40615384615384614,0.3268398268398268,1.0,0.614264030742445
510971234,MembTV,2026,8-player unranked Rage Forest 2026 (Custom),2026-10-03,first 10 game minutes,0.7536231884057971,0.0,1.0,3.0,0.0,69.0,66.07900223731994,1.6900000572204588,,0.0,0.1272116666666664,26.0,1.0,1.4340128202549818,0.3395061728395062,0.7384551281773056,54.92500185966492,0.10473921085533774,1.2339859225944794,7.594674299070505,0.117159759346805,0.489940811813824,2.7725442848246926,6.469786763192788,0.4674922600619195,1.4955512817934433,0.3395061728395062,1.238336205828245,32.617001104354856,0.17966101694915254,1.400360883323794,0.004545454545454545,0.22649015434779296,0.07457627118644068,4.0,34.0,1.0,0.041666666666666664,141.0,0.47635135135135137,1.0,,3.1846152767898532,,,,,,,,,,,0.0,296.0,0.16879795396419436,216.0,25.0,1.0,9.76686357463645,0.44745762711864406,1.0,0.16900000572204588,0.23846153038764104,17.0,1.0,0.0,,,,,,,,,,,,,,1.0,1.6900000572204588
510966979,MembTV,2026,8-player unranked Rage Forest 2026 (Custom),2026-10-03,whole available replay,0.6987179487179487,0.060790273556231005,1.0,6.0,0.0,156.0,70.7410980179059,5.808886563900034,1049.846,0.1564299778150795,0.365511277269128,169.0,1.0,1.7127077741037853,0.30200803212851407,1.0510653514728219,49.574470264516734,0.2652626183356738,1.7220610382850028,19.00295793647456,0.1230769189097316,0.25384614525137295,3.230769121381081,10.758177150539751,0.522508038585209,1.7561938500771714,0.3076305220883534,1.282342832259551,26.17977643182344,0.10816125860373647,1.1755460511816815,0.0028550490572668307,0.07394606188334236,0.05703048180924287,18.0,128.0,39.0,0.1291390728476821,329.0,0.3231827111984283,28.0,616.037,3.710650761937787,1677.822,1.7127077741037853,0.36551127726912797,42.4763,0.5128410914927769,282,0.1653290529695024,0,1,30.200803212851405,0.39786894273287904,1018.0,0.2992125984251969,264.0,268.0,1.0,0.2485207016447362,0.5781710914454278,8.0,1.671049559478092,0.2485207016447362,47.0,0.8297872340425532,0.008032128514056224,89.9080030441284,24.6740008354187,33.29300112724304,41.91200141906738,43.60200147628784,28.054000949859617,26.169508153531183,0.24615383781950584,2.2510650125402396,14.238904843339206,7.348124011560331,0.579746835443038,0.47191011235955055,1.0,0.3182951541863032
510966979,MembTV,2026,8-player unranked Rage Forest 2026 (Custom),2026-10-03,first 10 game minutes,0.8604651162790697,0.0,1.0,2.0,0.0,43.0,79.59900269508361,1.6900000572204588,,0.07836666666666671,0.1917566666666667,31.0,1.0,1.0145466423519651,0.21065989847715735,0.9427482351605084,66.75500226020813,0.27083330568008546,1.7428570388357865,17.10414143271788,0.11715975934677658,0.24615383781950584,2.2510650125402396,7.348124011560331,0.6539440203562341,1.0451382574404027,0.21573604060913706,0.8198038011210874,28.05400094985962,0.10554089709762533,1.4321843940903176,0.002458469198860302,0.05749044461426958,0.047493403693931395,6.0,21.0,1.0,0.08333333333333333,94.0,0.24736842105263157,2.0,,3.710650761937787,,,,,,,,,,,0.0,380.0,0.1613588110403397,264.0,29.0,1.0,13.596449243789907,0.604221635883905,2.0,0.16900000572204588,0.12307691890975185,6.0,0.6666666666666666,0.0,,,,,,,,,,,,,,1.0,0.6760000228881835
510962960,MembTV,2026,8-player unranked Rage Forest 2026 (Custom),2026-10-03,whole available replay,0.8027210884353742,0.009287925696594427,1.0,5.0,0.0,147.0,63.21666800295195,4.126525434916783,876.86,0.10293280415178188,0.3272578144829888,95.0,1.0,1.6283855874113184,0.32304900181488205,0.939685281103588,46.92327375993001,0.24808529202508783,1.6598761518929226,28.527809684985527,0.11834319125938464,0.37278105246696214,3.4319525465220124,9.81650854336972,0.4904632152588556,1.681701072024666,0.32849364791288566,1.3177207999335847,27.396725567901115,0.17167381974248927,2.1485361317779303,0.004428337381615287,0.13072758915143987,0.05150214592274678,19.0,129.0,28.0,0.12014134275618374,323.0,0.3461950696677385,15.0,598.883,3.9485205763691362,1946.309,1.6283855874113184,0.3272578144829885,39.72591666666666,0.5593834995466909,204,0.13780598368087035,0,1,32.3049001814882,0.46795649261942895,933.0,0.25773889636608344,228.0,167.0,1.0,4.876627053820857,0.4924892703862661,8.0,1.403869477858287,0.23431951869354306,29.0,0.7586206896551724,0.0054446460980036296,50.02400169372558,33.462001132965085,43.0950014591217,52.728001785278316,56.108001899719234,29.57500100135803,27.3852363275322,0.4769230607752917,2.9475738646973246,9.233431640034851,9.723904996209278,0.4426751592356688,0.4161378059836809,1.0,0.46795649261942895
510962960,MembTV,2026,8-player unranked Rage Forest 2026 (Custom),2026-10-03,first 10 game minutes,0.9615384615384616,0.0,1.0,2.0,0.0,52.0,66.24800224304198,1.6900000572204588,,0.12288166666666667,0.2432583333333334,28.0,1.0,0.7510723943678651,0.1853035143769968,0.8907865909057833,53.06600179672241,0.20159193160310362,1.5049847053972665,11.730768833585813,0.11834319125938464,0.4769230607752917,2.9475738646973246,9.723904996209278,0.7307692307692307,0.7510723943678651,0.1853035143769968,0.6700487988009899,29.57500100135803,0.1357615894039735,1.2775536534387788,0.00445862672721509,0.16434954600608148,0.059602649006622516,5.0,19.0,1.0,0.08333333333333333,83.0,0.2739273927392739,2.0,598.883,3.9485205763691362,,,,,,,,,,,0.0,303.0,0.1989795918367347,204.0,28.0,1.0,14.008875265328848,0.4602649006622517,2.0,0.16900000572204588,0.12573964071309215,2.0,1.0,0.0,,,,,,,,,,,,,,1.0,0.0
510959259,MembTV,2026,8-player unranked Rage Forest 2026 (Custom),2026-10-03,whole available replay,0.677570093457944,0.03818615751789976,1.0,6.0,0.0,214.0,70.32867617570261,3.6799888696588576,867.484,0.15871346009178672,0.35540785937061126,90.0,1.0,1.6530450602627471,0.29657477025898077,1.111267624487343,54.42748970186804,0.3137306639585074,1.9143076849918848,28.323075964106806,0.11715975934703238,0.25473371918593557,2.9319525634510484,10.501153490603075,0.5183946488294314,1.7132022561507785,0.29908103592314117,1.2424214511661793,29.076455266440355,0.07894736842105263,1.5011688726641883,0.003214121732666125,0.04465863578971818,0.007797270955165692,15.0,140.0,10.0,0.1660377358490566,419.0,0.4079844206426485,6.0,589.673,3.471005799637547,1424.255,1.6530450602627471,0.3554078593706107,37.198483333333336,0.4724540901502504,276,0.1010016694490818,0,1,29.65747702589808,0.36345569083050444,1027.0,0.22609819121447028,348.0,127.0,1.0,10.081064747430108,0.543859649122807,6.0,0.6360474589533828,0.23846153038765786,69.0,0.8985507246376812,0.034252297410192145,82.81000280380248,19.942000675201413,17.407000589370725,14.872000503540038,34.13800115585327,29.744001007080076,29.063433483973427,0.361538449297397,2.716922984932805,20.24684546832316,7.4283074407981315,0.4913294797687861,0.4657762938230384,1.0,0.817775304368635
510959259,MembTV,2026,8-player unranked Rage Forest 2026 (Custom),2026-10-03,first 10 game minutes,0.631578947368421,0.0,1.0,2.0,0.0,76.0,70.81100239753722,1.352000045776367,,0.09580999999999991,0.2383866666666665,23.0,1.0,1.3810228765034938,0.27246376811594203,1.0309617618671199,58.474001979827875,0.2296422179689376,1.5961962696436498,12.976922637547034,0.11715975934678795,0.361538449297397,2.716922984932805,7.4283074407981315,0.563953488372093,1.4371471883216826,0.2753623188405797,1.0905749345005147,29.744001007080076,0.11285266457680251,1.5088698455371947,0.003214121732666125,0.05820983746665246,0.006269592476489028,3.0,42.0,2.0,0.09722222222222222,137.0,0.428125,1.0,589.673,3.471005799637547,,,,,,,,,,,0.0,320.0,0.17422434367541767,276.0,25.0,1.0,8.783431655271007,0.5329153605015674,1.0,0.33800001144409175,0.24230768410357237,28.0,0.8928571428571429,0.0,,,,,,,,,,,,,,1.0,2.0280000686645505
510953127,MembTV,2026,8-player unranked Rage Forest 2026 (Custom),2026-10-03,whole available replay,0.6626016260162602,0.2485207100591716,2.0,18.800000000000068,0.0,246.0,73.04798541666888,3.01559535756121,982.608,0.15854464530625217,0.3677193746205424,233.0,1.0,1.4843801678776036,0.2926988265971317,0.9328480687775242,49.244030572941035,0.2800730428435521,1.7780596074628976,26.84023577762673,0.12307691890971739,0.37278105246684845,3.0659762275521985,11.27014754740631,0.5459882583170255,1.5238692330434003,0.2953063885267275,1.1982777001219307,26.594984589555782,0.1278471711976488,2.0734418393955782,0.0037727841710266928,0.08714208470152823,0.048493754592211606,18.0,220.0,33.0,0.16,507.0,0.3722466960352423,14.0,588.882,2.3999999187401793,1234.967,1.4843801678776036,0.367719374620543,52.67948333333333,0.5915309446254071,228,0.11140065146579804,0,1,29.26988265971317,0.8982624469331265,1362.0,0.3258673693456302,216.0,362.0,1.0,0.2343195186936776,0.5187362233651727,7.0,1.2832320670473236,0.23550295060624338,83.0,0.891566265060241,0.011734028683181226,34.13800115585327,64.22000217437743,55.263001871109005,46.30600156784057,49.686001682281486,27.88500094413757,26.586573163993204,0.6088757190294913,3.612070883618711,8.236390253674543,12.583040994078475,0.3346774193548387,0.45993485342019547,1.0,0.2887272150856478
510953127,MembTV,2026,8-player unranked Rage Forest 2026 (Custom),2026-10-03,first 10 game minutes,0.9210526315789473,0.023809523809523808,1.0,3.0,0.0,38.0,55.6010018825531,1.8590000629425047,,0.15451666666666658,0.3499749999999998,26.0,1.0,1.0515766186355573,0.31983805668016196,0.9627559729627992,41.91200141906739,0.21604048802723927,1.551152157038298,14.920709553982306,0.12118342784957577,0.6088757190294913,3.612070883618711,12.583040994078475,0.516260162601626,1.0515766186355573,0.31983805668016196,0.9363239979438596,27.88500094413757,0.20512820512820512,1.5828301885018268,0.0092068478158451,0.15619199157471716,0.07692307692307693,4.0,22.0,2.0,0.1527777777777778,84.0,0.3574468085106383,2.0,588.882,2.3999999187401793,,,,,,,,,,,0.0,235.0,0.24620060790273557,204.0,29.0,1.0,9.526626896379916,0.3547008547008547,2.0,0.33800001144409175,0.11715975934677153,3.0,0.6666666666666666,0.0,,,,,,,,,,,,,,1.0,0.0
510947511,MembTV,2026,8-player unranked Rage Forest 2026 (Custom),2026-10-03,whole available replay,0.8062015503875969,0.0,1.0,4.0,0.0,129.0,55.18878922204736,3.3920019953750042,1592.51,0.09488030847887466,0.4120873631701356,70.0,1.0,1.5752342232481424,0.3143483023001095,1.1244390815372487,41.89580842936154,0.23021079079494766,1.5981138421846217,19.633135429930917,0.11739644572946872,0.4769230607752917,4.145798676198677,9.792993751266476,0.5285087719298246,1.6961967639101483,0.3231106243154436,1.3291422522596776,24.385744074858138,0.18396846254927726,2.0358134918228203,0.004160284969261022,0.0991731698654608,0.013140604467805518,16.0,99.0,17.0,0.14885496183206107,267.0,0.35039370078740156,9.0,410.197,3.5940827185473,,1.5752342232481424,0.4120873631701359,36.869083333333336,0.587527352297593,240,0.15426695842450766,0,1,31.434830230010952,0.2750271888141895,762.0,0.24086378737541528,288.0,117.0,1.0,9.363017434463794,0.5019710906701709,6.0,1.0084330256520282,0.1301775103853316,25.0,0.76,0.0,34.13800115585327,58.474001979827875,51.88300175666809,45.2920015335083,46.98200159072876,28.561000967025752,24.374725481826566,0.7207100347696382,3.8938460220073052,8.368490840917916,7.980662451682143,0.29583333333333334,0.4179431072210066,1.0,1.7876767272922318
510947511,MembTV,2026,8-player unranked Rage Forest 2026 (Custom),2026-10-03,first 10 game minutes,0.8214285714285714,0.0,1.0,3.0,0.0,56.0,50.19300169944763,1.0140000343322753,,0.0,0.28127500000000005,24.0,1.0,1.337736880921709,0.29707112970711297,0.8558621384311844,40.560001373291016,0.09646584726729668,1.2135300519090275,9.253845840527049,0.12307691890976002,0.7207100347696382,3.8938460220073052,7.980662451682143,0.5462184873949579,1.3952085221903734,0.29707112970711297,1.0684809521361973,28.561000967025755,0.26146788990825687,1.7690353966884877,0.009577213486600556,0.12058690823647414,0.009174311926605505,3.0,31.0,3.0,0.08333333333333333,96.0,0.4383561643835616,1.0,410.197,3.5940827185473,,,,,,,,,,,0.0,219.0,0.1919191919191919,228.0,18.0,1.0,10.092307350599736,0.3256880733944954,1.0,0.5070000171661376,0.8999999695275762,10.0,0.6,0.0,,,,,,,,,,,,,,1.0,1.352000045776367
510872211,MembTV,2026,8-player unranked Rage Forest 2026 (Custom),2026-10-02,whole available replay,0.7675276752767528,0.2743682310469314,2.0,40.0,0.0,271.0,81.33850785814086,4.382319607050855,690.916,0.10045238261281833,0.26867179194525204,220.0,1.0,1.5388676231327125,0.2874015748031496,0.944451298216171,59.061716522299015,0.2513215565168657,1.671373828656327,18.192307076347817,0.117159759346805,0.2538461452514298,2.5653845285251577,7.916715708285196,0.53404614518852,1.5985077630598226,0.29190101237345334,1.2234009073935368,31.506222023418644,0.15319426336375488,1.7798215733907703,0.0034001404756472797,0.04895335406028492,0.01108213820078227,16.0,153.0,39.0,0.09392265193370165,554.0,0.36091205211726385,24.0,493.275,3.574556091989503,1596.536,1.5388676231327125,0.268671791945252,50.90455,0.6104553119730185,282,0.1259134345137718,0,1,28.74015748031496,0.8963835559876747,1535.0,0.27387755102040817,300.0,314.0,1.0,0.2343195186936776,0.5410691003911343,10.0,1.5271719842752978,0.13668638590444346,63.0,0.8888888888888888,0.0011248593925759281,114.24400386810301,37.518001270294185,45.79900155067443,54.08000183105468,30.75800104141235,27.716000938415522,31.495909942624746,0.23846153038766715,1.684615327577236,10.927804363731338,10.225171251426701,0.6177156177156177,0.46655424395727935,1.0,0.6307884282876229
510872211,MembTV,2026,8-player unranked Rage Forest 2026 (Custom),2026-10-02,first 10 game minutes,0.813953488372093,0.0,1.0,2.0,0.0,43.0,82.97900280952453,1.352000045776367,,0.2039383333333335,0.35354333333333365,24.0,1.0,1.0004468969795242,0.2219626168224299,1.10460738043556,72.5010024547577,0.3914755410017678,2.2866386394598646,18.192307076347817,0.1230769189097316,0.23846153038766715,1.684615327577236,10.225171251426701,0.6510538641686182,1.0295752789408235,0.2219626168224299,0.8065221446523115,27.716000938415526,0.1089588377723971,1.5227120616692693,0.0026092951696832945,0.03961739241293065,0.01937046004842615,4.0,24.0,2.0,0.16666666666666666,105.0,0.2536231884057971,1.0,493.275,3.574556091989503,,,,,,,,,,,0.0,414.0,0.12627291242362526,300.0,19.0,1.0,16.661833755385935,0.6416464891041163,1.0,0.33800001144409175,0.3653846030133326,8.0,0.875,0.0,,,,,,,,,,,,,,1.0,0.8450000286102294
510867517,MembTV,2026,8-player unranked Rage Forest 2026 (Custom),2026-10-02,whole available replay,0.643312101910828,0.03359173126614987,1.0,6.0,0.0,157.0,84.71839216250139,5.0895811785227485,1319.772,0.05058689430609414,0.24049023150886023,106.0,1.0,1.4583574366885868,0.269571136827774,0.851134323006597,68.01531211298582,0.2435223498172862,1.643832239481147,12.53905282988734,0.1183431912593278,0.24852070164467932,2.3999999187401557,7.387431702537192,0.5783378746594006,1.5012607054582832,0.269571136827774,1.1238419805378663,31.324058707817276,0.10939907550077041,1.5734388830044843,0.002588616231347705,0.05919926596721295,0.023112480739599383,18.0,108.0,22.0,0.06538461538461539,387.0,0.2979214780600462,12.0,481.733,3.936686257243198,1997.455,1.4583574366885868,0.24049023150885968,36.525600000000004,0.6027210884353742,258,0.10408163265306122,0,1,26.9571136827774,0.23134459902376128,1299.0,0.1971600218459858,312.0,163.0,1.0,7.47633110781118,0.610939907550077,7.0,1.1104540753140542,0.24497040590690428,56.0,0.8392857142857143,0.0,112.21600379943847,63.54400215148925,64.72700219154358,65.91000223159789,80.78200273513794,35.49000120162963,31.30977202850719,0.23846153038766715,1.5799999465039345,7.794360682842124,4.446520559507736,0.6322241681260946,0.5394557823129251,1.0,0.6477648772665315
510867517,MembTV,2026,8-player unranked Rage Forest 2026 (Custom),2026-10-02,first 10 game minutes,0.851063829787234,0.0,1.0,2.0,0.0,47.0,109.17400369644164,1.6900000572204588,,0.0,0.05082333333333336,25.0,1.0,0.9027133913705901,0.1824561403508772,0.7380472218300258,96.4990032672882,0.1936218332013577,1.4802258820326077,6.743786753915643,0.11538461147796397,0.23846153038766715,1.5799999465039345,4.446520559507736,0.7082601054481547,0.9268367495331423,0.1824561403508772,0.7191072702370025,35.49000120162964,0.10326086956521739,1.5309210437883625,0.0025832614272076806,0.05734364242020044,0.028985507246376812,6.0,22.0,2.0,0.013888888888888888,109.0,0.19710669077757687,2.0,481.733,3.936686257243198,,,,,,,,,,,0.0,553.0,0.11609907120743033,312.0,26.0,1.0,14.848520207314118,0.6539855072463768,2.0,0.33800001144409175,0.36153844929739287,7.0,0.5714285714285714,0.0,,,,,,,,,,,,,,1.0,0.8450000286102294
510860186,MembTV,2026,8-player unranked Rage Forest 2026 (Custom),2026-10-02,whole available replay,0.714859437751004,0.01675977653631285,1.0,5.0,0.0,249.0,84.07817544501688,5.496793675128764,743.744,0.0710683312574592,0.26358184261232176,216.0,1.0,1.4965863385402194,0.27298050139275765,0.8616793816087854,58.415629825628756,0.24862232909888468,1.6617772625601606,20.13195198108906,0.117159759346805,0.248520701644793,2.884615286947335,7.59817725753184,0.5663322185061316,1.5289009864476,0.2763231197771588,1.156209937623414,31.452067951772275,0.14790996784565916,1.855799945628484,0.0038828608978425973,0.05142606626157093,0.0019292604501607716,16.0,187.0,34.0,0.10840108401084012,537.0,0.34511568123393316,24.0,550.099,3.8218933617216018,2420.087,1.4965863385402194,0.26358184261232187,51.959383333333335,0.5991091314031181,258,0.12750556792873052,0,1,27.298050139275766,0.3903048763405039,1556.0,0.30522243713733077,276.0,353.0,1.0,0.37278105246710425,0.5331189710610933,11.0,1.3010162544683463,0.136686385904578,71.0,0.8309859154929577,0.0,54.75600185394286,63.54400215148925,67.09300227165221,70.64200239181518,88.21800298690795,34.307001161575315,31.44198251564295,0.24615383781949163,2.0288756709507734,5.93159743230255,6.942076688030323,0.5200945626477541,0.4615812917594655,1.0,0.2602032508936693
510860186,MembTV,2026,8-player unranked Rage Forest 2026 (Custom),2026-10-02,first 10 game minutes,0.723404255319149,0.0,1.0,2.0,0.0,47.0,85.00700287818908,1.8590000629425047,,0.028426666666666656,0.22669000000000006,26.0,1.0,0.9222085759626321,0.17772511848341233,0.9417147223970522,71.48700242042541,0.24325580377346465,1.6429010093144996,10.092307350599725,0.11834319125938464,0.24615383781949163,2.0288756709507734,6.942076688030323,0.7244655581947743,0.9339480610776287,0.17772511848341233,0.6998376640845253,34.307001161575315,0.12039312039312039,1.5243887646417416,0.0038437667976519343,0.0524036678390551,0.0,5.0,30.0,2.0,0.08333333333333333,105.0,0.25735294117647056,1.0,550.099,3.8218933617216018,,,,,,,,,,,0.0,408.0,0.15904572564612326,276.0,24.0,1.0,13.223076475366554,0.5405405405405406,1.0,0.33800001144409175,0.3615384492974013,13.0,0.6923076923076923,0.0,,,,,,,,,,,,,,1.0,0.16900000572204588
510732730,MembTV,2026,8-player unranked Rage Forest 2026 (Custom),2026-10-02,whole available replay,0.7857142857142857,0.03137254901960784,1.0,6.0,0.0,126.0,63.45386362858146,5.29997788162098,822.784,0.16270077035395977,0.3896116102148025,123.0,1.0,1.7784088043450752,0.38118214716525933,0.9833436461254941,40.35762974078361,0.2738343689440166,1.7541925897699377,34.71005799637544,0.12426035082228282,0.497041403289586,3.673135970308546,11.73031912945905,0.4323671497584541,1.8506186896880799,0.3848009650180941,1.5063729964789094,25.430169101722687,0.19817073170731708,2.0761574958005484,0.00515123483298479,0.14409036316628576,0.05945121951219512,16.0,107.0,26.0,0.1659919028340081,255.0,0.3881278538812785,18.0,602.268,3.0881655759134605,1479.765,1.7784088043450752,0.3896116102148023,34.756750000000004,0.4903614457831325,252,0.19156626506024096,0,1,38.118214716525934,0.5348601531911081,657.0,0.36398467432950193,228.0,243.0,1.0,0.2485207016447362,0.4679878048780488,9.0,1.4100858584129212,0.3668638929040735,27.0,0.8148148148148148,0.0,56.44600191116332,16.224000549316404,26.364000892639158,36.50400123596191,39.54600133895874,27.04000091552734,25.417980591293638,0.4852070841634486,2.5917158885803757,20.176449021002604,13.114153402131457,0.43661971830985913,0.36987951807228914,1.0,0.48623650290100734
510732730,MembTV,2026,8-player unranked Rage Forest 2026 (Custom),2026-10-02,first 10 game minutes,0.8947368421052632,0.012345679012345678,1.0,2.0,0.0,38.0,60.33300204277039,1.8590000629425047,,0.22119666666666654,0.40680666666666665,30.0,1.0,1.4018672317559322,0.2756183745583039,1.084598496235406,47.996001625061034,0.322329384879792,1.9512862965811673,20.83550225312601,0.11834319125938464,0.4852070841634486,2.5917158885803757,13.114153402131457,0.5780141843971631,1.4523482589409777,0.2756183745583039,1.0555191395214552,27.040000915527344,0.16015625,1.837722900958143,0.004326477958400146,0.11263333748121845,0.03515625,3.0,23.0,1.0,0.2361111111111111,81.0,0.3151750972762646,2.0,,3.0881655759134605,,,,,,,,,,,0.0,257.0,0.20448179271708683,228.0,28.0,1.0,12.683727381201937,0.484375,2.0,0.16900000572204588,0.24260354208173063,4.0,0.75,0.0,,,,,,,,,,,,,,1.0,0.8450000286102294
510729249,MembTV,2026,8-player unranked Rage Forest 2026 (Custom),2026-10-02,whole available replay,0.7133333333333334,0.0,1.0,4.0,0.0,150.0,81.15047286963771,3.2614972066135053,,0.06183139064204456,0.2236850784845097,91.0,1.0,1.4969678626485672,0.27768166089965396,0.8016704829282532,63.958513017827556,0.22721819732337245,1.5880526599782072,13.04733683634629,0.11893490721570288,0.248520701644793,2.360946665624624,7.105538220957253,0.5627705627705628,1.5509651058667855,0.28460207612456745,1.1463354661171317,34.2180808626061,0.1072463768115942,1.4792866399166045,0.0037313978286018256,0.06444322701741813,0.001932367149758454,12.0,122.0,12.0,0.09174311926605505,336.0,0.32432432432432434,4.0,420.555,4.198224709926423,,1.4969678626485672,0.22368507848450978,30.571849999999998,0.5445116681071738,264,0.08383751080380294,0,1,27.768166089965398,0.27639806835707675,1036.0,0.21185286103542234,264.0,107.0,1.0,15.035502449503982,0.5198067632850242,4.0,0.7739145913998149,0.23609466656239173,43.0,0.7906976744186046,0.01643598615916955,62.530002117156975,43.94000148773193,52.55900177955627,61.17800207138061,76.38800258636473,37.518001270294185,34.19943656697304,0.24852070164470774,2.09467448529098,7.595390275377689,6.378242387594105,0.45985401459854014,0.46499567847882456,1.0,1.0503126597568917
510729249,MembTV,2026,8-player unranked Rage Forest 2026 (Custom),2026-10-02,first 10 game minutes,0.8518518518518519,0.0,1.0,3.0,0.0,54.0,83.48600282669067,1.521000051498413,,0.06338000000000005,0.20590500000000028,27.0,1.0,0.9570161329310846,0.2073170731707317,0.8187881169751797,69.45900235176086,0.22488843616101176,1.5802737222682623,11.687573568776145,0.11834319125938464,0.24852070164470774,2.09467448529098,6.379147713007243,0.6723716381418093,0.9851825351764701,0.2097560975609756,0.7810193109405027,37.518001270294185,0.1272264631043257,1.3032770111735674,0.0046595111177757985,0.062095617311164295,0.0,5.0,24.0,3.0,0.06944444444444445,107.0,0.2715736040609137,2.0,420.555,4.198224709926423,,,,,,,,,,,0.0,394.0,0.1680161943319838,264.0,23.0,1.0,13.492307235481661,0.48091603053435117,2.0,0.5070000171661376,1.2307691890975185,8.0,0.375,0.0024390243902439024,,,,,,,,,,,,,,1.0,0.6760000228881835
510725857,MembTV,2026,8-player unranked Rage Forest 2026 (Custom),2026-10-02,whole available replay,0.6442307692307693,0.007751937984496124,2.0,4.0,0.0,104.0,67.85789275966566,3.6574032671234615,,0.1669353597277303,0.3281634340841068,59.0,1.0,1.5925678524994877,0.30927835051546393,0.8302734478678138,50.74647033133803,0.2797680891843307,1.7768833482190223,20.43964427836343,0.11834319125937753,0.25207099738247507,3.220414092145859,10.676656443240724,0.512258064516129,1.643588286652702,0.3131443298969072,1.2317199099151923,25.667133642491436,0.12076583210603829,1.6330948377081567,0.002994963549290094,0.04663906715344182,0.0014727540500736377,10.0,89.0,11.0,0.125,258.0,0.37941176470588234,3.0,477.204,3.471597515593844,,1.5925678524994877,0.32816343408410675,25.876283333333333,0.46846846846846846,192,0.10553410553410554,0,1,30.927835051546392,0.32655386313602336,680.0,0.2521655437921078,228.0,83.0,1.0,9.753254107641581,0.5655375552282769,3.0,0.8490400441536607,0.24674555377582022,37.0,0.8918918918918919,0.01288659793814433,66.92400226593017,49.3480016708374,53.74200181961059,58.13600196838378,22.308000755310054,24.16700081825256,25.65061232836121,0.3698224726855557,3.153135987914882,8.393230485050545,12.725289509972281,0.4583333333333333,0.4942084942084942,1.0,0.5224861810176373
510725857,MembTV,2026,8-player unranked Rage Forest 2026 (Custom),2026-10-02,first 10 game minutes,0.8461538461538461,0.010526315789473684,1.0,3.0,0.0,39.0,59.99500203132629,1.1830000400543212,,0.31780666666666685,0.4208933333333335,32.0,1.0,1.2832025411590458,0.3155893536121673,0.9812287793146774,44.616001510620116,0.31474259043864034,1.9186112723395734,20.43964427836343,0.11834319125937753,0.3698224726855557,3.203431844200114,12.74121850351579,0.5114503816793893,1.322605053850739,0.3155893536121673,1.0763574418051138,24.16700081825256,0.07755102040816327,0.9999523196862128,0.003829446514711615,0.038092183637646104,0.0,3.0,25.0,2.0,0.19444444444444445,95.0,0.3861788617886179,2.0,477.204,3.471597515593844,,,,,,,,,,,0.0,246.0,0.2563380281690141,168.0,22.0,1.0,13.228697776951392,0.49387755102040815,2.0,0.33800001144409175,0.3106508770558698,6.0,1.0,0.015209125475285171,,,,,,,,,,,,,,1.0,0.6760000228881835
510718973,MembTV,2026,8-player unranked Rage Forest 2026 (Custom),2026-10-02,whole available replay,0.7136150234741784,0.1565040650406504,2.0,15.900000000000034,0.0,213.0,68.45054699234328,4.221719092205868,1663.953,0.16885807108913567,0.4578146485084674,379.0,1.0,1.8609680399328294,0.30563002680965146,1.0433636315514732,42.126886770353735,0.27571266994243765,1.7613350627589346,24.772780226325267,0.12307691890970318,0.36153844929739876,4.094792760765426,12.053254029767686,0.5171673819742489,1.9392913123691013,0.31045576407506703,1.3654063772859086,24.65303341544817,0.13415468856947296,2.4163424538121947,0.0033847407212036175,0.0891682230654791,0.043121149897330596,20.0,213.0,50.0,0.18796992481203006,492.0,0.33652530779753764,53.0,449.089,3.5834318313339564,2339.955,1.8609680399328294,0.4578146485084682,74.85813333333334,0.49732047159699894,234,0.16988210075026794,0,1,30.56300268096515,0.6772811377870376,1462.0,0.3845646437994723,384.0,537.0,1.0,0.1242603508223681,0.5297741273100616,15.0,1.648050768615125,0.2461538378193355,61.0,0.8688524590163934,0.02520107238605898,67.93800230026244,29.744001007080076,38.363001298904415,46.98200159072876,46.64400157928466,28.22300095558166,24.64754580292356,0.24615383781950761,2.646153756559687,10.999999627559149,8.389153562111662,0.5073746312684366,0.41479099678456594,1.0,0.6095530240083339
510718973,MembTV,2026,8-player unranked Rage Forest 2026 (Custom),2026-10-02,first 10 game minutes,0.9090909090909091,0.0,1.0,4.700000000000003,0.0,44.0,70.98000240325928,1.352000045776367,,0.06197666666666675,0.22490166666666636,26.0,1.0,0.9665236603115193,0.20118343195266272,0.766138655328564,57.29100193977355,0.21060743763457776,1.5335936710715659,11.061538087014071,0.11538461147796397,0.24615383781950761,2.646153756559687,8.389153562111662,0.7002967359050445,0.999029707534687,0.20118343195266272,0.784497765023957,28.223000955581664,0.09287925696594428,0.8437582063121658,0.0026282509857911323,0.05827298413740903,0.0,5.0,22.0,3.0,0.08333333333333333,84.0,0.25925925925925924,2.0,449.089,3.5834318313339564,,,,,,,,,,,0.0,324.0,0.19285714285714287,252.0,25.0,1.0,14.899999495511945,0.5325077399380805,3.0,0.5070000171661376,0.12307691890975184,4.0,1.0,0.0,,,,,,,,,,,,,,1.0,0.6760000228881835
510617671,MembTV,2026,8-player unranked Rage Forest 2026 (Custom),2026-10-01,whole available replay,0.6774193548387096,0.06438631790744467,2.0,7.0,0.0,186.0,77.30038427235702,4.930546770796745,1215.999,0.06941195091187652,0.2637479868876429,217.0,1.0,1.6047777500093834,0.3094405594405594,0.8853209374472141,56.81710607689941,0.22600607589958202,1.583999612560938,16.166271641987237,0.12307691890987371,0.248520701644793,2.7461537531738998,8.195680195881197,0.5142857142857142,1.6569429447932968,0.31585081585081587,1.2969237800493076,28.82218951250983,0.21224489795918366,2.7448836121407467,0.0030456906038612507,0.18829787145130714,0.08231292517006802,22.0,158.0,38.0,0.10192837465564739,497.0,0.33786539768864715,28.0,478.722,3.4491123092545624,2102.969,1.6047777500093834,0.2637479868876424,51.071416666666664,0.5451368666278392,246,0.13570180547466512,0.0034129692832764505,1.0136518771331058,30.944055944055943,0.8272729481202592,1471.0,0.2649828767123288,288.0,293.0,1.0136518771331058,0.23284022880282582,0.5755102040816327,13.0,1.522182224541277,0.1242603508223681,60.0,0.9,0.0,95.99200325012205,47.65800161361694,56.95300192832946,66.24800224304198,54.08000183105468,29.57500100135803,28.812786736091816,0.24852070164469353,2.045680404109606,7.922751211039372,6.457739426322556,0.6058558558558559,0.49271986022131625,1.0,0.4301819330225348
510617671,MembTV,2026,8-player unranked Rage Forest 2026 (Custom),2026-10-01,first 10 game minutes,0.7435897435897436,0.008771929824561403,1.0,3.0,0.0,39.0,88.21800298690796,1.8590000629425047,,0.033613333333333065,0.19606166666666627,29.0,1.0,1.0607774321219203,0.21670428893905191,0.8533866704782131,75.03600254058837,0.24645690580522323,1.654128231560752,11.933727406595551,0.11834319125938464,0.24852070164469353,2.045680404109606,6.457739426322556,0.6493212669683258,1.0607774321219203,0.21670428893905191,0.8189547051419663,29.57500100135803,0.22093023255813954,2.293688365019312,0.0025734494417051935,0.13507448451508364,0.07906976744186046,5.0,22.0,2.0,0.08333333333333333,114.0,0.26450116009280744,3.0,478.722,3.4491123092545624,,,,,,,,,,,0.0,431.0,0.14942528735632185,288.0,28.0,1.0,13.417159309031943,0.6255813953488372,3.0,0.33800001144409175,0.12426035082234287,10.0,0.9,0.0,,,,,,,,,,,,,,1.0,0.0
510612190,MembTV,2026,8-player unranked Rage Forest 2026 (Custom),2026-10-01,whole available replay,0.6625766871165644,0.03667481662591687,2.0,7.0,0.0,163.0,88.66411394175842,3.6562521213096253,1080.37,0.09984462404098816,0.24605700724268395,99.0,1.0,1.3516933300926117,0.2397590361445783,0.8385392528333421,69.01175878971918,0.3090574804691355,1.8945967912901904,24.541419287413532,0.117159759346805,0.25147928142616394,2.3372780273726903,6.907218701044799,0.6100060277275468,1.3812148628369227,0.2421686746987952,1.0148859700361461,33.19710732870899,0.128391793514229,2.2931962147211324,0.0028987123949759416,0.04528112845063354,0.004632693580410324,15.0,143.0,25.0,0.10726643598615918,409.0,0.2705026455026455,11.0,487.408,3.9757395103587934,2117.759,1.3516933300926117,0.24605700724268387,40.675533333333334,0.6508127633955448,252,0.08428657435279951,0,1,23.97590361445783,0.6647731129653864,1512.0,0.22164948453608246,276.0,182.0,1.0,1.9526626557798394,0.5704831237590999,7.0,1.2049012672497628,0.136686385904578,55.0,0.9454545454545454,0.0024096385542168677,76.72600259780883,75.03600254058837,56.44600191116332,37.85600128173828,67.60000228881835,34.307001161575315,33.18351049388204,0.25147928142618525,2.3843194458983206,8.998011529662488,5.266272011042339,0.5245901639344263,0.5189644792293799,1.0,0.29083823692235655
510612190,MembTV,2026,8-player unranked Rage Forest 2026 (Custom),2026-10-01,first 10 game minutes,0.7727272727272727,0.0,1.0,4.0,0.0,44.0,84.83800287246703,1.8590000629425047,,0.030416666666666693,0.11583333333333362,26.0,1.0,0.9843058817702467,0.20892018779342722,0.7718502009441252,72.16300244331359,0.19596559622138982,1.4874557489093432,10.798816202418223,0.11834319125938464,0.25147928142618525,2.3843194458983206,5.266272011042339,0.6729411764705883,1.003162950929085,0.20892018779342722,0.8005239817683208,34.307001161575315,0.1975609756097561,1.8524096884262948,0.0033528233587963143,0.050246921494234,0.0,5.0,25.0,2.0,0.06944444444444445,114.0,0.2773722627737226,2.0,487.408,3.9757395103587934,,,,,,,,,,,0.0,411.0,0.14940239043824702,252.0,23.0,1.0,11.164496663409688,0.5463414634146342,2.0,0.33800001144409175,0.11834319125940458,10.0,0.9,0.0,,,,,,,,,,,,,,1.0,0.33800001144409175
510514824,MembTV,2026,8-player unranked Rage Forest 2026 (Custom),2026-10-01,whole available replay,0.773972602739726,0.07871720116618076,1.0,8.0,0.0,146.0,76.53502370492487,5.425847911182892,823.766,0.06703213801492383,0.2854056649063853,206.0,1.0,1.5231439473289687,0.2741151977793199,0.8366632454353055,55.09910343609669,0.22599521586939808,1.5839633565656739,17.320117756766194,0.117159759346805,0.2538461452514582,2.8420117380940066,8.091360672786198,0.5659722222222222,1.5573944574263903,0.2761970853573907,1.1652325563054147,30.18605528052454,0.1680194805194805,2.9863375539839985,0.0032226349006066277,0.15199954430734822,0.052759740259740256,17.0,146.0,31.0,0.09206349206349207,343.0,0.2781832927818329,24.0,635.775,3.7082838981125996,1521.453,1.5231439473289687,0.2854056649063852,44.229033333333334,0.6081830790568654,240,0.13730929264909847,0,1,27.411519777931993,0.534942751806764,1233.0,0.2800798801797304,264.0,292.0,1.0,0.136686385904578,0.5292207792207793,11.0,1.375567076074536,0.2485207016447362,33.0,0.8787878787878788,0.0006939625260235947,58.81200199127196,95.31600322723388,73.34600248336791,51.376001739501945,52.39000177383422,32.617001104354856,30.174684663236484,0.4272189204463359,2.9699998994409853,4.463171446517996,7.1750175085456975,0.4133738601823708,0.4521497919556172,1.0,0.229261179345756
510514824,MembTV,2026,8-player unranked Rage Forest 2026 (Custom),2026-10-01,first 10 game minutes,0.8372093023255814,0.009523809523809525,1.0,4.0,0.0,43.0,67.60000228881835,1.6900000572204588,,0.0,0.20540166666666687,31.0,1.0,1.1151264599610524,0.22560975609756098,0.8347934535707795,55.6010018825531,0.16975314582870935,1.4089221054577752,9.924851734967746,0.117159759346805,0.4272189204463359,2.9699998994409853,7.1750175085456975,0.6452599388379205,1.1388354844588648,0.22560975609756098,0.8590535005592859,32.617001104354856,0.25732899022801303,2.6264445825815317,0.005641279387020053,0.2075038382464304,0.08143322475570032,4.0,24.0,1.0,0.05555555555555555,105.0,0.3409090909090909,1.0,,3.7082838981125996,,,,,,,,,,,0.0,308.0,0.1775,252.0,30.0,1.0,12.720117912514219,0.44299674267100975,1.0,0.16900000572204588,0.2538461452513495,7.0,1.0,0.0,,,,,,,,,,,,,,1.0,0.33800001144409175
510508710,MembTV,2026,8-player unranked Rage Forest 2026 (Custom),2026-10-01,whole available replay,0.6711111111111111,0.08266129032258064,2.0,8.0,0.0,225.0,70.56682290571986,5.532793014561369,1277.158,0.14180038232237596,0.3558369950995264,188.0,1.0,1.8089624208991484,0.3204247345409119,0.9933601359936057,50.64876805329893,0.28008490233389904,1.7781053717081605,24.331951838884265,0.12307691890974581,0.27692306754693163,3.2307691213811722,10.61136058746328,0.4975,1.9222396103108872,0.325421611492817,1.4071073138655505,28.86537155596874,0.1326530612244898,1.6970645982269235,0.003214121732666125,0.07503442736008717,0.01020408163265306,20.0,188.0,39.0,0.16052631578947368,496.0,0.38901960784313727,23.0,586.775,3.2118342107795104,1683.075,1.8089624208991484,0.35583699509952627,53.45401666666667,0.43757802746566793,252,0.182896379525593,0,1,32.042473454091194,0.7271670819137799,1275.0,0.28225806451612906,312.0,251.0,1.0,0.2461538378196046,0.5408163265306123,8.0,1.6124139642435988,0.23846153038765786,74.0,0.8243243243243243,0.012492192379762648,105.45600357055663,30.420001029968258,37.68700127601623,44.9540015220642,27.37800092697143,29.91300101280212,28.856374298108133,0.24615383781950584,2.0461537768746587,14.067614908310377,8.053845881156919,0.549618320610687,0.43008739076154806,1.0,1.3911022436611442
510508710,MembTV,2026,8-player unranked Rage Forest 2026 (Custom),2026-10-01,first 10 game minutes,0.673469387755102,0.007751937984496124,1.0,4.0,0.0,49.0,83.31700282096863,1.521000051498413,,0.12185333333333329,0.2701616666666665,33.0,1.0,1.373842684250337,0.28061224489795916,0.9703668348539577,66.41700224876404,0.3130485250054935,1.9114137938432898,18.26923015066643,0.11538461147789292,0.24615383781950584,2.0461537768746587,8.053845881156919,0.5549872122762148,1.4354081787985096,0.28316326530612246,1.1170071047541044,29.913001012802123,0.07756232686980609,0.7718942044222288,0.002657946974534024,0.041744675714512236,0.0,4.0,43.0,2.0,0.1111111111111111,129.0,0.356353591160221,1.0,586.775,3.2118342107795104,,,,,,,,,,,0.0,362.0,0.2028397565922921,312.0,32.0,1.0,11.053845779582161,0.5983379501385041,1.0,0.33800001144409175,0.12307691890976866,16.0,0.9375,0.0,,,,,,,,,,,,,,1.0,2.87300009727478
510382409,MembTV,2026,8-player unranked Rage Forest 2026 (Custom),2026-09-30,whole available replay,0.5563380281690141,0.16734972677595628,3.0,15.0,0.4642857142857143,710.0,90.66242992479228,3.8601513939499887,1251.927,0.11732425469777907,0.3743900995543074,1078.0,1.0,1.7313177996729725,0.3366683341670835,0.9042014371923689,51.11505107419207,0.28033300718138504,1.779063122190572,26.234318638378852,0.12248520295361232,0.2538461452516003,3.4173963339971576,10.07435468848576,0.45609206905178884,1.7896618124980017,0.33991995997998997,1.3633576255754485,29.53910553449809,0.15480797856504913,2.7248550434196863,0.00484025185531628,0.09402269004524388,0.024114319738017267,24.0,654.0,54.0,0.14376996805111822,1464.0,0.4357142857142857,93.0,621.545,3.092899303563836,1910.469,1.7313177996729725,0.3743900995543072,132.21761666666666,0.46986746686671665,264,0.11827956989247312,0.004839685420447671,1.0193587416817906,33.66683341670836,0.7541355372286402,3360.0,0.4362047088678979,300.0,1653.0,1.0193587416817906,0.124260350822099,0.5025305150342364,15.0,0.9330829528422159,0.1242603508223681,315.0,0.9301587301587302,0.029514757378689346,91.26000308990477,35.152001190185544,28.7300009727478,22.308000755310054,35.152001190185544,26.70200090408325,29.53538245744754,0.24852070164469353,2.453964413954452,15.61457935297431,7.589632879122902,0.5775401069518716,0.4221055263815954,1.0,0.4984963720663893
510382409,MembTV,2026,8-player unranked Rage Forest 2026 (Custom),2026-09-30,first 10 game minutes,0.5892857142857143,0.0,2.0,3.0,0.3333333333333333,56.0,78.24700264930725,1.1830000400543212,,0.0877000000000002,0.2650183333333337,28.0,1.0,1.3281987720041752,0.3002680965147453,0.9618387026105636,63.20600214004516,0.2525408870290046,1.6757316424311341,12.975739205634483,0.12307691890974581,0.24852070164469353,2.453964413954452,7.589632879122902,0.5026881720430108,1.3704960728935227,0.3002680965147453,1.116833609045514,26.702000904083253,0.1742857142857143,1.740835331200042,0.0026629015446321125,0.0859627682047508,0.014285714285714285,3.0,37.0,1.0,0.125,134.0,0.3817663817663818,1.0,,3.092899303563836,,,,,,,,,,,0.0,351.0,0.19222462203023757,252.0,35.0,1.0,8.152958303836677,0.6171428571428571,1.0,0.16900000572204588,0.12721893060384984,23.0,0.9130434782608695,0.0,,,,,,,,,,,,,,1.0,1.521000051498413
510376686,MembTV,2026,8-player unranked Rage Forest 2026 (Custom),2026-09-30,whole available replay,0.7844827586206896,0.08362369337979095,1.0,7.400000000000034,0.0,116.0,68.94690263371245,5.617570679258558,878.814,0.11430556186741615,0.350732428320706,181.0,1.0,1.6245047917084348,0.32800751879699247,0.9278197447343688,46.73994354226847,0.2434505857638449,1.6435814533268607,18.06923015743814,0.117159759346805,0.3656804609914559,3.4111241448602194,10.155117999360565,0.4967074317968015,1.716838100371491,0.33270676691729323,1.3654042713051184,27.517318874180592,0.22923976608187135,2.3748489258729175,0.0044399146613885755,0.16998081907995716,0.03508771929824561,18.0,99.0,28.0,0.12043795620437957,287.0,0.3352803738317757,19.0,651.386,3.9461537125439485,1544.445,1.6245047917084348,0.3507324283207058,38.50775,0.5934272300469483,234,0.18967136150234742,0,1,32.80075187969925,0.6583090639756123,856.0,0.3220878421387651,264.0,228.0,1.0,0.23431951869354306,0.512280701754386,6.0,1.7116035663365918,0.13668638590444346,25.0,0.92,0.0,54.75600185394286,24.6740008354187,30.589001035690305,36.50400123596191,73.34600248336791,34.47600116729736,27.505414164884026,0.357692295581451,2.411183350314189,12.516484783314185,6.551638831427362,0.46174142480211083,0.4112676056338028,1.0,0.8777454186341497
510376686,MembTV,2026,8-player unranked Rage Forest 2026 (Custom),2026-09-30,first 10 game minutes,0.7804878048780488,0.009615384615384616,1.0,2.0,0.0,41.0,78.92300267219542,2.1970000743865965,,0.0,0.11050999999999996,31.0,1.0,1.1525040347939577,0.25132275132275134,0.777496050091516,64.05100216865539,0.16146959267563898,1.3851251934700066,9.47041388053168,0.11834319125938464,0.357692295581451,2.411183350314189,6.551638831427362,0.6021220159151194,1.205625273692427,0.25396825396825395,0.9603345521948942,34.47600116729736,0.20113314447592068,2.1543129592372514,0.0037879644008908735,0.09978832165542348,0.025495750708215296,5.0,35.0,1.0,0.041666666666666664,104.0,0.2937853107344633,2.0,,3.9461537125439485,,,,,,,,,,,0.0,354.0,0.18843683083511778,264.0,32.0,1.0,10.835206733730494,0.49575070821529743,2.0,0.16900000572204588,0.23846153038765786,9.0,0.8888888888888888,0.0,,,,,,,,,,,,,,1.0,1.352000045776367
510365141,MembTV,2026,8-player unranked Rage Forest 2026 (Custom),2026-09-30,whole available replay,0.6301020408163265,0.16747572815533981,3.0,15.0,0.0,392.0,89.94400485753226,5.872065340725101,1053.067,0.07209086414148443,0.2553675977061165,509.0,1.0,1.7741142027047538,0.35875,0.861576815467901,56.62180274329705,0.2536859042983093,1.6798368294512558,25.721892620225844,0.11715975934703238,0.25384614525137295,2.8579880689139827,7.911940560517751,0.43184660275114634,1.860438940608812,0.36291666666666667,1.4656067064176512,33.32220211423521,0.15794871794871795,2.1473331117284795,0.004728354507646593,0.09267185153697999,0.017948717948717947,23.0,314.0,63.0,0.10216110019646366,824.0,0.4223475140953357,53.0,702.973,3.808283894726774,1697.981,1.7741142027047538,0.25536759770611644,71.66303333333333,0.45106205747605166,294,0.16909620991253643,0,1,35.875,0.7782255270840495,1951.0,0.37047718930256945,336.0,781.0,1.0,0.1242603508223681,0.5066666666666667,13.0,1.9101899301153942,0.1242603508223681,145.0,0.8896551724137931,0.010416666666666666,93.96400318145751,44.27800149917602,40.56000137329101,36.842001247406,37.85600128173828,31.772001075744626,33.31445417395034,0.35384614186553165,2.39999991874015,10.57364461240906,6.442153628033743,0.517948717948718,0.4114952103290296,1.0,1.0140514443822464
510365141,MembTV,2026,8-player unranked Rage Forest 2026 (Custom),2026-09-30,first 10 game minutes,0.654320987654321,0.0,1.0,3.0,0.0,81.0,81.28900275230407,1.6900000572204588,,0.0,0.22788166666666682,29.0,1.0,1.389156863987897,0.30848329048843187,0.9157400731958848,65.9100022315979,0.1978872881745499,1.493415165367963,8.528402078107035,0.11538461147790713,0.3538461418655352,2.39999991874015,6.448230550904905,0.5180412371134021,1.4513972867093503,0.30848329048843187,1.163920306425632,31.772001075744626,0.1400560224089636,0.8366854527752362,0.0033698197371694826,0.1635711744203897,0.008403361344537815,3.0,43.0,1.0,0.09722222222222222,152.0,0.4245810055865922,1.0,,3.808283894726774,,,,,,,,,,,0.0,358.0,0.1891891891891892,240.0,36.0,1.0,5.046153675299876,0.5658263305322129,1.0,0.16900000572204588,0.12307691890976866,28.0,0.9285714285714286,0.002570694087403599,,,,,,,,,,,,,,1.0,2.535000085830688
510357263,MembTV,2026,8-player unranked Rage Forest 2026 (Custom),2026-09-30,whole available replay,0.7684729064039408,0.14285714285714285,2.0,15.199999999999989,0.0,203.0,70.38089534136735,6.220186551165767,721.393,0.10283571006626056,0.3228556448663822,194.0,1.0,1.805077019604978,0.3130434782608696,0.9085494124869897,47.4589924152482,0.21741233117925185,1.5556242190906542,19.70059104894858,0.12307691890975292,0.3727810524670758,3.476922959200465,10.173017407038516,0.5068890500362582,1.8689613652787662,0.3159420289855073,1.373500422481296,28.557873060877082,0.1900369003690037,2.6111018611612433,0.004226203191956686,0.11539758516047383,0.04981549815498155,17.0,152.0,47.0,0.12,399.0,0.36774193548387096,42.0,529.962,3.3337276977766694,1535.743,1.805077019604978,0.3228556448663822,49.17698333333333,0.47646632874728456,234,0.20202751629254165,0,1,31.304347826086957,0.6873134310680405,1085.0,0.32568359375,252.0,337.0,1.0,0.2461538378193355,0.507380073800738,7.0,2.2337686509711316,0.23964496230022367,47.0,0.8085106382978723,0.013768115942028985,59.15000200271606,56.44600191116332,39.54600133895874,22.64600076675415,49.3480016708374,28.054000949859617,28.54819773589074,0.36153844929739876,2.7738460599285544,10.205396104167237,6.808538231013214,0.48286604361370716,0.39826212889210716,1.0,0.4467537301942264
510357263,MembTV,2026,8-player unranked Rage Forest 2026 (Custom),2026-09-30,first 10 game minutes,0.9069767441860465,0.0,1.0,3.0,0.0,43.0,67.09300227165222,1.6900000572204588,,0.055489999999999935,0.3036133333333332,24.0,1.0,1.0286980697496169,0.190625,0.8597622902509852,54.24900183677673,0.2357758365277253,1.6170331894675272,19.70059104894858,0.11538461147790713,0.36153844929739876,2.7738460599285544,6.808538231013214,0.7115987460815048,1.0529979733626396,0.19375,0.7682635576497195,28.05400094985962,0.0858085808580858,0.8831796145764862,0.0038235314419763746,0.058065748881917456,0.0165016501650165,5.0,20.0,1.0,0.08333333333333333,92.0,0.3026315789473684,1.0,529.962,3.3337276977766694,,,,,,,,,,,0.0,304.0,0.19143576826196473,252.0,25.0,1.0,12.113904915288062,0.5115511551155115,1.0,0.16900000572204588,1.623076868122362,4.0,0.25,0.0,,,,,,,,,,,,,,1.0,0.33800001144409175
510350959,MembTV,2026,8-player unranked Rage Forest 2026 (Custom),2026-09-30,whole available replay,0.5965665236051502,0.24946695095948826,2.0,26.19999999999999,0.0,233.0,77.18991906106388,4.967493650209952,908.888,0.06294229154969483,0.3022939400846084,260.0,1.0,1.6890626459541611,0.35302293259207784,0.822226914401026,50.73185004469739,0.21412186190860905,1.5449238285941693,18.648520078652666,0.12426035082216913,0.37278105246696214,3.231005807763677,8.633834027199905,0.45479833101529904,1.7825949580952392,0.35719249478804727,1.4329759978199923,30.227727318298857,0.12973883740522324,1.8358706400504072,0.00468399166443566,0.10513698773558434,0.007582139848357203,19.0,186.0,35.0,0.093841642228739,469.0,0.3947811447811448,21.0,548.537,2.973964396348161,2135.888,1.6890626459541611,0.3022939400846086,47.96986666666667,0.5194444444444445,234,0.16527777777777777,0,1,35.30229325920779,0.7046090283985748,1188.0,0.3427658603377453,252.0,349.0,1.0,0.2461538378193355,0.4903117101937658,9.0,1.620600765316722,0.2428994000598132,94.0,0.8085106382978723,0.0,57.4600019454956,42.25000143051147,40.8980013847351,39.54600133895874,44.9540015220642,31.434001064300535,30.21722863418252,0.4970414032894155,3.0876922031484346,10.238697878187592,7.207112182015246,0.38613861386138615,0.4041666666666667,1.0,1.0921439940177908
510350959,MembTV,2026,8-player unranked Rage Forest 2026 (Custom),2026-09-30,first 10 game minutes,0.6533333333333333,0.01652892561983471,1.0,2.0,0.0,75.0,65.40300221443175,1.0140000343322753,,0.08239166666666649,0.26191999999999993,25.0,1.0,1.277482620991282,0.2980132450331126,0.8721305548682664,51.207001733779904,0.21920589712697264,1.5614947559680017,18.648520078652666,0.12307691890976002,0.4970414032894155,3.0876922031484346,7.207112182015246,0.53156146179402,1.3356536374421528,0.2980132450331126,1.0442575695764253,31.434001064300535,0.12544802867383512,1.476332539601243,0.0060449438077967155,0.1107515583550641,0.0035842293906810036,3.0,43.0,2.0,0.1111111111111111,121.0,0.43214285714285716,1.0,548.537,2.973964396348161,,,,,,,,,,,0.0,280.0,0.21705426356589147,228.0,26.0,1.0,13.346153394276321,0.41935483870967744,1.0,0.5070000171661376,0.657692285423989,26.0,0.6923076923076923,0.0,,,,,,,,,,,,,,1.0,2.3660000801086425
510181138,MembTV,2026,8-player unranked Rage Forest 2026 (Custom),2026-09-29,whole available replay,0.7591036414565826,0.16826265389876882,2.0,13.0,0.0,357.0,75.55667118242856,5.343799007367334,780.025,0.07547514372829965,0.28995206803548124,362.0,1.0,1.645265343994847,0.35058823529411764,0.8374620538879132,49.395289955056306,0.20725427737492813,1.5228770624927075,18.4455615056429,0.11834319125944148,0.4881656639447556,3.2215383524629946,8.906555911457593,0.4599811676082863,1.7688269224653292,0.3548235294117647,1.4377576069309623,31.435478508556535,0.1753774680603949,2.107260536851092,0.006001420961234719,0.10225252730090632,0.019744483159117306,20.0,228.0,40.0,0.10251450676982592,731.0,0.4242600116076611,44.0,552.055,3.7142010576755684,1997.32,1.645265343994847,0.28995206803548174,72.73851666666665,0.5587958607714016,204,0.17779868297271872,0,1,35.05882352941177,0.48791208328136526,1723.0,0.3462484624846248,276.0,563.0,1.0,0.2343195186936776,0.44889663182346107,14.0,1.231397162567255,0.13668638590471252,86.0,0.8604651162790697,0.0037647058823529413,43.60200147628784,53.74200181961059,49.686001682281486,45.630001544952385,57.79800195693969,33.63100113868713,31.428277308342263,0.6017751275538785,2.761538368037583,9.643526300705833,6.4950530345266735,0.33666666666666667,0.3635936030103481,1.0,1.7193092458486203
510181138,MembTV,2026,8-player unranked Rage Forest 2026 (Custom),2026-09-29,first 10 game minutes,0.9193548387096774,0.009259259259259259,1.0,4.0,0.0,62.0,62.53000211715698,2.0280000686645505,,0.0825933333333333,0.21642999999999998,28.0,1.0,1.0793838912630371,0.27424749163879597,0.7683749084919418,50.70000171661377,0.17390374512947337,1.4210253807692885,15.138461025899574,0.12307691890976002,0.6017751275539069,2.7615383680375856,6.4964258155452805,0.5939597315436241,1.1226520579008576,0.27424749163879597,0.9488298409684316,33.63100113868713,0.16487455197132617,1.482344960151015,0.009043479033493564,0.12154681753123925,0.0,5.0,23.0,1.0,0.1111111111111111,108.0,0.38571428571428573,2.0,552.055,3.7142010576755684,,,,,,,,,,,0.0,280.0,0.1891891891891892,156.0,28.0,1.0,13.352958127773725,0.36200716845878134,2.0,0.16900000572204588,1.6958579307468735,5.0,0.4,0.0033444816053511705,,,,,,,,,,,,,,1.0,0.6760000228881835
510175846,MembTV,2026,8-player unranked Rage Forest 2026 (Custom),2026-09-29,whole available replay,0.76,0.0,1.0,6.0,0.0,150.0,56.940277061592255,2.7010689960357457,1171.363,0.19548764931646218,0.4174369061014654,69.0,1.0,1.6140666678294628,0.301,0.9760413586910727,43.609194597286795,0.28717638342653495,1.8057431789563554,25.05621216939153,0.117159759346805,0.3668638929041208,3.6651478048986412,12.1452836124504,0.5225225225225225,1.6615533907440174,0.306,1.2269912321962149,24.266055335353393,0.22674418604651161,2.3794749675890157,0.0035296222882158943,0.05862677244160768,0.03953488372093023,15.0,92.0,25.0,0.2028985507246377,319.0,0.3704994192799071,9.0,462.664,3.4479288773419685,1448.009,1.6140666678294628,0.4174369061014651,38.79205,0.5824175824175825,222,0.11588411588411589,0,1,30.1,0.7406156924614141,861.0,0.234123947972456,252.0,100.0,1.0,7.810650623118954,0.5162790697674419,6.0,1.3069688690495542,0.12603549869124622,36.0,0.9166666666666666,0.0,63.54400215148925,42.92600145339965,31.265001058578488,19.604000663757322,50.362001705169675,26.871000909805296,24.255634113258807,0.24852070164470064,2.8109466503883738,11.581928601938937,8.37171569287962,0.5281899109792285,0.4435564435564436,1.0,0.3049594027782293
510175846,MembTV,2026,8-player unranked Rage Forest 2026 (Custom),2026-09-29,first 10 game minutes,0.9361702127659575,0.0,1.0,3.0,0.0,47.0,69.966002368927,1.6900000572204588,,0.06811333333333341,0.23898500000000034,28.0,1.0,0.890949247653826,0.22916666666666666,0.8559532221029631,56.95300192832946,0.23599794751610262,1.6177940144240035,12.58639010639115,0.11775147530309482,0.24852070164470064,2.8109466503883738,8.37171569287962,0.6298507462686567,0.890949247653826,0.22916666666666666,0.7898532717183387,26.871000909805296,0.21296296296296297,1.963159557157764,0.0027466235306144297,0.07461051998286346,0.046296296296296294,5.0,24.0,2.0,0.1111111111111111,90.0,0.27692307692307694,2.0,462.664,3.4479288773419685,,,,,,,,,,,0.0,325.0,0.1859903381642512,216.0,24.0,1.0,6.126331153519832,0.5493827160493827,2.0,0.33800001144409175,0.12781064656012434,3.0,1.0,0.0,,,,,,,,,,,,,,1.0,0.0
510168423,MembTV,2026,8-player unranked Rage Forest 2026 (Custom),2026-09-29,whole available replay,0.46779661016949153,0.127208480565371,2.0,12.0,1.0,295.0,68.14916160538681,4.453989995233234,1199.623,0.16091920481712316,0.4124998118599206,184.0,1.0,1.7936624257615221,0.31898907103825136,0.9578037230582043,45.630037363753054,0.28387130905975694,1.7927941238802967,27.337277180916317,0.12307691890987371,0.36153844929737033,3.727218808714042,11.139052877288798,0.507177033492823,1.83852562451512,0.32172131147540983,1.3571087801198511,26.007563958180068,0.0895397489539749,0.6616315804001475,0.003061551394886709,0.05792795832244233,0.017573221757322177,19.0,235.0,44.0,0.17616580310880828,566.0,0.47324414715719065,19.0,486.124,3.099999895039398,1490.66,1.7936624257615221,0.4124998118599206,54.25921666666667,0.3597269624573379,210,0.1583617747440273,0,1,31.898907103825138,0.6540824468524329,1196.0,0.3304387568555759,240.0,296.0,1.0,0.2461538378193355,0.5271966527196653,8.0,1.8065134246400527,0.2461538378196046,157.0,0.8789808917197452,0.015710382513661202,47.320001602172844,58.13600196838378,61.85400209426879,65.5720022201538,29.40600099563598,27.04000091552734,25.999577733494586,0.7242603305073771,4.05562116445887,8.008567776181097,10.953993711957054,0.29515418502202645,0.4300341296928328,1.0,0.31146783183449184
510168423,MembTV,2026,8-player unranked Rage Forest 2026 (Custom),2026-09-29,first 10 game minutes,0.7884615384615384,0.0,1.0,5.0,0.0,52.0,56.27700190544128,1.6900000572204588,,0.14997166666666661,0.40841500000000003,26.0,1.0,1.4116770705596933,0.39823008849557523,0.9211895105267788,38.363001298904415,0.20094707139044515,1.502963105936215,16.137277560128723,0.12307691890975292,0.7242603305073771,4.05562116445887,10.953993711957054,0.39111111111111113,1.4902645995336492,0.39823008849557523,1.3058977476584732,27.040000915527344,0.2097560975609756,1.2856655972401574,0.008752824618826338,0.08314817157635265,0.01951219512195122,5.0,31.0,2.0,0.16666666666666666,105.0,0.5097087378640777,1.0,486.124,3.099999895039398,,,,,,,,,,,0.0,206.0,0.3183183183183183,144.0,26.0,1.0,2.9112425049806836,0.32682926829268294,1.0,0.33800001144409175,0.12781064656012434,11.0,0.7272727272727273,0.0,,,,,,,,,,,,,,1.0,1.352000045776367
510162506,MembTV,2026,8-player unranked Rage Forest 2026 (Custom),2026-09-29,whole available replay,0.6988636363636364,0.021739130434782608,1.0,5.0,0.0,176.0,58.17870658392218,3.4847727829668504,1019.722,0.1422701566362311,0.34818808417971564,98.0,1.0,1.731069734694347,0.4365234375,0.9508577173122582,43.55965978708563,0.24279561007341874,1.6412947766902415,24.947928149389384,0.117159759346805,0.49467453946419937,3.627100468908681,10.63143159270093,0.3519061583577713,1.8641786500051984,0.443359375,1.6427157779987653,26.518270933796522,0.1568862275449102,1.623522539854545,0.004502102598980712,0.07500314185883854,0.008383233532934131,18.0,130.0,19.0,0.13780918727915195,368.0,0.44019138755980863,12.0,736.344,3.222485097992854,,1.731069734694347,0.3481880841797157,39.7673,0.48585365853658535,204,0.16682926829268294,0,1,43.65234375,0.6799556649691416,836.0,0.2512783053323594,252.0,106.0,1.0,10.317159413992634,0.4802395209580838,6.0,0.9349390393325696,0.23846153038764104,53.0,0.7547169811320755,0.0009765625,81.12000274658202,20.280000686645504,35.65900120735168,51.03800172805786,43.94000148773193,30.420001029968258,26.507161654876878,0.24852070164469353,2.286390455131182,13.896342724760293,7.2894198715361025,0.5135135135135135,0.39121951219512197,1.0,2.1673586820891386
510162506,MembTV,2026,8-player unranked Rage Forest 2026 (Custom),2026-09-29,first 10 game minutes,0.5757575757575758,0.0,1.0,2.0,0.0,66.0,79.09200267791748,1.521000051498413,,0.13800166666666674,0.29212499999999986,24.0,1.0,1.3874686419289517,0.3062330623306233,0.9908124327259987,62.53000211715698,0.3246951293368749,1.9616253145576632,19.62899341823669,0.11715975934678938,0.24852070164469353,2.286390455131182,7.2894198715361025,0.5163043478260869,1.447494671841179,0.3089430894308943,1.168403562396717,30.420001029968258,0.09734513274336283,1.5079029334646488,0.002922195462374488,0.03688884197321231,0.0,5.0,39.0,1.0,0.1111111111111111,128.0,0.3764705882352941,2.0,,3.222485097992854,,,,,,,,,,,0.0,340.0,0.2094017094017094,252.0,29.0,1.0,9.082839929157217,0.56047197640118,2.0,0.16900000572204588,0.1831360884738869,28.0,0.7857142857142857,0.0,,,,,,,,,,,,,,1.0,2.3660000801086425
510156210,MembTV,2026,8-player unranked Rage Forest 2026 (Custom),2026-09-29,whole available replay,0.8175182481751825,0.13559322033898305,2.0,12.0,0.0,137.0,70.91803766945765,5.7458565481358574,687.326,0.11627243565486245,0.3737985317490354,237.0,1.0,1.658277608156449,0.3310875842155919,0.9073836258048181,40.92938911000885,0.22348395939431076,1.5756068070918183,24.34851988566072,0.11715975934703238,0.4970414032894155,3.7881655522127176,10.171904981040901,0.49710982658959535,1.67297444711472,0.3310875842155919,1.320369929164197,26.249906284976827,0.14993954050785974,1.9642742375499833,0.0049679866678407885,0.0881704670504982,0.008464328899637243,16.0,118.0,34.0,0.15081967213114755,295.0,0.35628019323671495,27.0,494.878,3.471005799637547,1482.085,1.658277608156449,0.37379853174903516,42.942249999999994,0.5740384615384615,216,0.19807692307692307,0,1,33.108758421559195,0.47226218203856357,828.0,0.42286348501664817,216.0,368.0,1.0,0.2343195186936776,0.45102781136638453,8.0,1.8103383644811604,0.1301775103853316,25.0,0.88,0.0019249278152069298,34.47600116729736,50.02400169372558,34.307001161575315,18.590000629425045,63.20600214004516,28.7300009727478,26.239722172526378,0.4952662554204892,2.759289847403672,12.260094259450831,9.126307383306795,0.4117647058823529,0.35865384615384616,1.0,0.07871036367309393
510156210,MembTV,2026,8-player unranked Rage Forest 2026 (Custom),2026-09-29,first 10 game minutes,0.9166666666666666,0.0,1.0,1.0,0.0,36.0,61.68500208854675,1.521000051498413,,0.11633333333333334,0.2916099999999998,23.0,1.0,0.9221308286631839,0.2604166666666667,0.8910353741722965,48.84100165367126,0.23413472524795437,1.611425358915136,18.335502337771686,0.11834319125940454,0.4952662554204892,2.759289847403672,9.126307383306795,0.5993031358885017,0.9221308286631839,0.2604166666666667,0.8375296239673419,28.730000972747803,0.17028985507246377,1.563330031844636,0.005368585119837693,0.12601099961720386,0.007246376811594203,4.0,22.0,2.0,0.1388888888888889,85.0,0.30685920577617326,1.0,494.878,3.471005799637547,,,,,,,,,,,0.0,277.0,0.20821917808219179,216.0,29.0,1.0,6.667455395553339,0.4311594202898551,1.0,0.33800001144409175,0.3668638929040735,3.0,1.0,0.0,,,,,,,,,,,,,,1.0,0.0
510148611,MembTV,2026,8-player unranked Rage Forest 2026 (Custom),2026-09-29,whole available replay,0.7373271889400922,0.2,2.5,18.0,0.0,217.0,83.34944143720473,4.108097229095959,800.122,0.10050075662645526,0.3022090453972697,240.0,1.0,1.3788505455066724,0.2783925451368666,0.9030841853068182,55.13836749677233,0.2586286234178907,1.697703287683502,18.731360312534207,0.12307691890975718,0.24911241760094072,2.9339643977025402,9.033301469296081,0.5646853146853147,1.4173218527284805,0.2789749563191613,1.1402928818740372,29.27019275730871,0.11502659574468085,1.9385048805169105,0.003606343765439236,0.06783973861180125,0.00997340425531915,17.0,124.0,44.0,0.10962566844919786,490.0,0.32558139534883723,33.0,612.568,2.972780964435567,1662.035,1.3788505455066724,0.30220904539727017,52.65698333333333,0.6792782305005821,270,0.12048894062863795,0,1,27.83925451368666,0.5135121536369949,1505.0,0.3384674624566808,276.0,385.0,1.0,0.23431951869354306,0.535904255319149,11.0,1.7010090089225456,0.1242603508223681,57.0,0.8596491228070176,0.005824111822947,56.44600191116332,41.91200141906738,64.05100216865539,86.1900029182434,95.31600322723388,38.87000131607055,29.260931266108553,0.24852070164467932,1.9949703466549416,7.268484961002405,6.213615174233163,0.48775055679287305,0.4691501746216531,1.0,0.3209450960231218
510148611,MembTV,2026,8-player unranked Rage Forest 2026 (Custom),2026-09-29,first 10 game minutes,0.9230769230769231,0.0,1.0,3.0,0.0,39.0,91.93600311279297,0.8450000286102294,,0.0627349999999999,0.17121833333333333,26.0,1.0,0.6056493734031425,0.15848214285714285,0.8394250422849389,75.8810025691986,0.23262819840533416,1.606298532007333,11.80650847599179,0.11834319125938464,0.24852070164467932,1.9949703466549416,6.213615174233163,0.7606263982102909,0.6191055960756735,0.16071428571428573,0.5522512692150295,38.87000131607056,0.09772727272727273,1.3640897630001023,0.004311135064076361,0.05387766837163556,0.013636363636363636,5.0,20.0,1.0,0.06944444444444445,90.0,0.20408163265306123,2.0,,2.972780964435567,,,,,,,,,,,0.0,441.0,0.17463235294117646,276.0,38.0,1.0,11.851774746648534,0.49772727272727274,2.0,0.16900000572204588,0.1301775103853316,3.0,0.6666666666666666,0.0,,,,,,,,,,,,,,1.0,0.33800001144409175
510141944,MembTV,2026,8-player unranked Rage Forest 2026 (Custom),2026-09-29,whole available replay,0.647887323943662,0.0784313725490196,2.0,8.0,0.0,213.0,71.61853476656992,4.0959637663780075,1180.093,0.0880463804470067,0.31427864102986575,138.0,1.0,1.6061571245268713,0.3273761169780666,0.9168212609281026,49.962647130472334,0.22961495020333872,1.5961043773213,21.113017036629344,0.11834319125937043,0.378698212029974,3.312544266541366,9.422331041923032,0.4975609756097561,1.644420944889813,0.3281884646628757,1.292634159083489,27.455123463741696,0.14299242424242425,2.092955014773808,0.003230676539376107,0.10355086611008531,0.04924242424242424,18.0,136.0,34.0,0.09797297297297297,408.0,0.3859981078524125,18.0,495.108,2.852662625307299,1772.044,1.6061571245268713,0.31427864102986575,41.67273333333333,0.5543831168831169,246,0.1314935064935065,0.005050505050505051,1.02020202020202,32.73761169780666,0.5677573537553674,1057.0,0.3023782559456399,276.0,198.0,1.02020202020202,0.37100590459812105,0.5255681818181818,10.0,1.6627179645692904,0.2485207016446689,75.0,0.8533333333333334,0.012997562956945572,65.91000223159789,50.02400169372558,46.475001573562615,42.92600145339965,36.16600122451782,30.082001018524167,27.444147402895,0.4881656639449261,2.7958578935027845,8.106277832044341,11.131360569857065,0.4105960264900662,0.450487012987013,1.0,0.24332458018087175
510141944,MembTV,2026,8-player unranked Rage Forest 2026 (Custom),2026-09-29,first 10 game minutes,0.8103448275862069,0.0,1.0,2.0,0.0,58.0,66.24800224304198,1.8590000629425047,,0.13474166666666657,0.302585,29.0,1.0,1.2205236102879173,0.3023255813953488,1.0220798230070114,51.03800172805786,0.23679689154256348,1.6205344001314939,13.19585754137691,0.11834319125938464,0.4881656639449261,2.7958578935027845,11.131360569857065,0.53,1.267995834528159,0.3023255813953488,1.0247119595888634,30.08200101852417,0.19081272084805653,1.7832810853434093,0.004784323029382424,0.12409217111554341,0.06007067137809187,5.0,26.0,2.0,0.1111111111111111,111.0,0.3908450704225352,3.0,495.108,2.852662625307299,,,,,,,,,,,0.0,284.0,0.22959183673469388,276.0,26.0,1.0,10.015975992237442,0.4381625441696113,3.0,0.33800001144409175,0.9792899076713678,11.0,0.5454545454545454,0.0,,,,,,,,,,,,,,1.0,0.8450000286102294
510136293,MembTV,2026,8-player unranked Rage Forest 2026 (Custom),2026-09-29,whole available replay,0.7341772151898734,0.17615176151761516,1.0,20.19999999999999,0.0,158.0,76.41385872644851,6.3311827713513145,769.429,0.054795150151823104,0.21699007804278583,191.0,1.0,1.4943572931502611,0.3281505728314239,0.7671172664262045,53.7710870094629,0.18549336805714817,1.4554741748748903,14.296449220089116,0.11715975934690732,0.48520708416339176,2.906035404565273,7.762899145445684,0.4914004914004914,1.5068226941222886,0.3281505728314239,1.249142402388973,32.66714443829186,0.137524557956778,2.045258108657348,0.004587466418314543,0.1056622313215578,0.0412573673870334,18.0,111.0,36.0,0.08791208791208792,369.0,0.3621197252208047,33.0,570.16,4.066272051672217,1481.171,1.4943572931502611,0.21699007804278614,38.438316666666665,0.6385936222403925,198,0.16107931316434995,0,1,32.81505728314239,0.2637992821396381,1019.0,0.2963176064441887,228.0,245.0,1.0,0.23431951869354306,0.4715127701375246,8.0,1.9784946160472858,0.2485207016447362,42.0,0.7619047619047619,0.0024549918166939444,43.264001464843744,62.19200210571288,52.89700179100036,43.60200147628784,63.54400215148925,33.63100113868713,32.65298626267686,0.6035502754228048,2.775621207797434,11.431390145497378,5.415976147985422,0.370253164556962,0.39247751430907607,1.0,0.08793309404654603
510136293,MembTV,2026,8-player unranked Rage Forest 2026 (Custom),2026-09-29,first 10 game minutes,0.8958333333333334,0.0,1.0,4.0,0.0,48.0,68.1070023059845,2.0280000686645505,,0.040268333333333316,0.10555666666666634,27.0,1.0,0.7909156960615834,0.20952380952380953,0.6234739420772025,53.404001808166505,0.12227457722586087,1.278616920629688,14.296449220089116,0.117159759346805,0.6053254232916885,2.7766862965187653,5.417455437876163,0.6719745222929936,0.8070111591222806,0.20952380952380953,0.7252185299132574,33.63100113868713,0.10963455149501661,1.157387954461428,0.006625638436594208,0.06895708780944494,0.026578073089700997,6.0,20.0,1.0,0.05555555555555555,97.0,0.3211920529801324,2.0,570.16,4.066272051672217,,,,,,,,,,,0.0,302.0,0.21588089330024815,156.0,31.0,1.0,16.37633080647271,0.38870431893687707,2.0,0.16900000572204588,0.724260330507402,5.0,0.6,0.0031746031746031746,,,,,,,,,,,,,,1.0,0.16900000572204588
510129467,MembTV,2026,8-player unranked Rage Forest 2026 (Custom),2026-09-29,whole available replay,0.6418439716312057,0.40605095541401276,7.0,24.0,0.07417582417582418,282.0,100.55345648593202,3.9814259340961473,712.302,0.08173256469278145,0.30941826758291835,437.0,1.0,1.2720474753866076,0.22719665271966527,0.8796874085179331,71.57586021371344,0.3258502753777211,1.9667000177454426,22.45621225742326,0.11715975934703238,0.248520701644793,2.173136021096016,7.892260087811394,0.6299706990372541,1.3043295679457858,0.23138075313807532,0.9753846600369729,32.71953793960217,0.0676937441643324,1.6747224069676026,0.0028787724329810424,0.033842072161149,0.021942110177404293,13.0,175.0,34.0,0.10972568578553615,628.0,0.29304713019132056,27.0,494.846,3.334319413732966,1984.551,1.2720474753866076,0.3094182675829186,56.45465,0.7277289836888331,282,0.09912170639899624,0,1,22.719665271966527,1.5566477336315765,2143.0,0.28818100625186066,288.0,481.0,1.0,0.2485207016447362,0.6059757236227824,6.0,1.4369056002753013,0.23431951869354306,101.0,0.9405940594059405,0.0,69.6280023574829,46.30600156784057,34.307001161575315,22.308000755310054,84.83800287246703,34.6450011730194,32.709881256094235,0.24615383781949163,1.8218934294381057,18.21101713488602,6.323550081753585,0.5514223194748359,0.5428690924299456,1.0,0.11974213335627511
510129467,MembTV,2026,8-player unranked Rage Forest 2026 (Custom),2026-09-29,first 10 game minutes,0.8444444444444444,0.0,1.0,2.5,0.0,45.0,88.04900298118591,0.6760000228881835,,0.0,0.2141983333333336,28.0,1.0,0.720558601732891,0.14692982456140352,0.7066139854343508,77.23300261497496,0.21934237984250568,1.5619425832242675,8.617751187507878,0.117159759346805,0.24615383781949163,1.8218934294381057,6.323550081753585,0.7648351648351648,0.720558601732891,0.14692982456140352,0.5406385926249608,34.64500117301941,0.082039911308204,1.5714750507042012,0.002878626129886167,0.047698103224423194,0.019955654101995565,2.0,22.0,1.0,0.05555555555555555,106.0,0.2345132743362832,1.0,494.846,3.334319413732966,,,,,,,,,,,0.0,452.0,0.12284069097888675,216.0,23.0,1.0,11.438757009153298,0.5587583148558758,1.0,0.16900000572204588,0.1260354986912336,7.0,1.0,0.0,,,,,,,,,,,,,,1.0,0.0
510080509,MembTV,2026,8-player unranked Rage Forest 2026 (Custom),2026-09-29,whole available replay,0.7162162162162162,0.08210526315789474,2.0,9.0,0.0,222.0,70.04828974930236,4.048016744306417,894.542,0.10688659235525053,0.3666539381463337,197.0,1.0,1.67119494660449,0.3248546511627907,0.8812719199819232,48.47060049486901,0.277022692272997,1.7663385539552814,33.77218820564485,0.11834319125938464,0.37100590459817795,3.176922969357931,9.441064769099373,0.4850909090909091,1.7066017970221976,0.32630813953488375,1.3123358112719947,28.617718374966234,0.11578044596912522,1.483902087279814,0.004443132979101741,0.060139684240913094,0.004288164665523156,15.0,189.0,35.0,0.15249266862170088,475.0,0.4070265638389032,21.0,581.903,4.291124115065035,1143.035,1.67119494660449,0.3666539381463336,48.01116666666667,0.5286855482933914,222,0.13725490196078433,0,1,32.48546511627907,0.8800036400666125,1167.0,0.3080402010050251,216.0,264.0,1.0,0.9763313278899197,0.483704974271012,10.0,1.4432059697092443,0.13668638590471252,63.0,0.8095238095238095,0.007994186046511628,40.22200136184692,46.98200159072876,30.420001029968258,13.858000469207761,51.03800172805786,26.871000909805296,28.607787425768386,0.6088757190294984,2.9585797814844454,15.6769225461298,9.999833980949651,0.4111111111111111,0.4095860566448802,1.0,0.281601164821316
510080509,MembTV,2026,8-player unranked Rage Forest 2026 (Custom),2026-09-29,first 10 game minutes,0.7692307692307693,0.0,1.0,4.0,0.0,52.0,61.17800207138062,1.352000045776367,,0.11273666666666676,0.38576500000000014,23.0,1.0,1.1561978671005007,0.3048327137546468,0.9865765724632495,45.63000154495239,0.23710476551153514,1.6215919428845778,17.598815972182052,0.11834319125938464,0.6088757190294984,2.9585797814844454,9.999833980949651,0.5111940298507462,1.207283770450425,0.3048327137546468,1.0549679295505425,26.871000909805296,0.0873015873015873,1.1551112307261322,0.005326822604031287,0.05828787353495368,0.0,4.0,26.0,2.0,0.16666666666666666,99.0,0.391304347826087,1.0,581.903,4.291124115065035,,,,,,,,,,,0.0,253.0,0.2541436464088398,192.0,26.0,1.0,13.703549831879638,0.44047619047619047,1.0,0.33800001144409175,1.235207058769758,12.0,0.4166666666666667,0.0,,,,,,,,,,,,,,1.0,1.0140000343322753
510076929,MembTV,2026,8-player unranked Rage Forest 2026 (Custom),2026-09-29,whole available replay,0.7548387096774194,0.010638297872340425,2.0,4.0,0.0,155.0,75.43379494816351,3.1257097354211396,1383.392,0.11244026267469086,0.26692604644997653,95.0,1.0,1.561822451799055,0.3129707112970711,0.8866204335068834,62.30581405939471,0.2907158753811535,1.8197444868440493,22.6426027836568,0.11715975934689596,0.25384614525148663,2.3372780273726903,8.173277829775856,0.5108877721943048,1.6510122129517049,0.3188284518828452,1.2548746908171107,32.142715112580724,0.10486177311725453,0.9607723948875448,0.002717076026058791,0.059703387274194386,0.0019065776930409914,15.0,101.0,8.0,0.10822510822510822,376.0,0.3580952380952381,6.0,878.557,3.348520596684091,,1.561822451799055,0.2669260464499767,32.44063333333334,0.49498327759197325,276,0.09866220735785954,0,1,31.297071129707113,0.4688564603131709,1050.0,0.17403314917127072,264.0,95.0,1.0,15.85562076493145,0.551954242135367,4.0,0.4167612980561519,0.13313609016681335,38.0,0.8947368421052632,0.00502092050209205,102.41400346755981,46.64400157928466,44.9540015220642,43.264001464843744,57.122001934051504,35.49000120162963,32.12620998373318,0.25147928142618525,1.5887573426571464,14.227999518264658,5.733905131303746,0.5550847457627118,0.48411371237458195,1.0,2.1359016525377785
510076929,MembTV,2026,8-player unranked Rage Forest 2026 (Custom),2026-09-29,first 10 game minutes,0.765625,0.0064516129032258064,2.0,3.5999999999999943,0.0,64.0,94.80900321006774,1.0140000343322753,,0.08812333333333343,0.17791833333333334,32.0,1.0,1.240889018741717,0.25690021231422505,0.7468212826057046,79.76800270080565,0.29956667654997077,1.8553752841867543,18.120709445635953,0.11834319125937043,0.25147928142618525,1.5887573426571464,5.733905131303746,0.5808510638297872,1.274624920207646,0.25690021231422505,0.9526789004937243,35.49000120162964,0.10222222222222223,0.7604593361561892,0.002574750957229817,0.058062587143867646,0.0044444444444444444,3.0,20.0,1.0,0.09722222222222222,155.0,0.3436807095343681,1.0,,3.348520596684091,,,,,,,,,,,0.0,451.0,0.1586452762923351,204.0,32.0,1.0,7.311834071960666,0.5822222222222222,1.0,0.16900000572204588,0.1331360901667797,15.0,1.0,0.0,,,,,,,,,,,,,,1.0,1.8590000629425047
510073579,MembTV,2026,8-player unranked Rage Forest 2026 (Custom),2026-09-29,whole available replay,0.6783216783216783,0.0,2.0,4.0,0.0,143.0,88.14154242965417,4.412034463576615,1209.865,0.00828570325077454,0.20935382954663725,95.0,1.0,1.3373510588204836,0.25862068965517243,0.870969182374909,69.05577536811488,0.22185602255813844,1.570218440262141,10.028402027319686,0.117159759346805,0.2514792814262137,2.448816485134524,6.844863673570262,0.5945363048166786,1.3704643767361073,0.2607758620689655,1.0823103050877718,33.75949965950197,0.13248204309656825,2.3185488054616745,0.003214121732666125,0.05240160383594829,0.03750997605746209,18.0,122.0,19.0,0.05761316872427984,361.0,0.2878787878787879,14.0,428.863,3.5816566834650656,,1.3373510588204836,0.2093538295466378,34.09085,0.6661880832735104,270,0.0890165111270639,0,1,25.862068965517242,0.14872026281718925,1254.0,0.21653543307086615,336.0,156.0,1.0,10.3822481691852,0.5682362330407024,11.0,1.140188681598451,0.136686385904578,46.0,0.782608695652174,0.0,70.30400238037109,71.99400243759155,69.45900235176086,66.92400226593017,100.04800338745116,34.307001161575315,33.743003051638155,0.23846153038766715,1.7995265662900977,6.711786754999052,6.300366650585849,0.5972222222222222,0.511127063890883,1.0,0.44616078845156776
510073579,MembTV,2026,8-player unranked Rage Forest 2026 (Custom),2026-09-29,first 10 game minutes,0.9444444444444444,0.0,1.0,3.5,0.0,36.0,97.34400329589843,1.521000051498413,,0.028246666666666725,0.20826999999999987,24.0,1.0,0.5638041128859883,0.12127236580516898,0.870595490418201,85.17600288391114,0.2695375859698466,1.737991663343051,10.028402027319686,0.11834319125938464,0.23846153038766715,1.7995265662900977,6.300366650585849,0.8107569721115537,0.5638041128859883,0.12127236580516898,0.4705790333482241,34.307001161575315,0.15447154471544716,2.3374841243858144,0.0028957732699874407,0.047019741530149255,0.032520325203252036,5.0,14.0,2.0,0.08333333333333333,86.0,0.1744421906693712,3.0,428.863,3.5816566834650656,,,,,,,,,,,0.0,493.0,0.125,336.0,26.0,1.0,13.012425594924864,0.6117886178861789,3.0,0.33800001144409175,0.6005916956413421,2.0,0.5,0.0,,,,,,,,,,,,,,1.0,0.0
510069029,MembTV,2026,8-player unranked Rage Forest 2026 (Custom),2026-09-29,whole available replay,0.7080745341614907,0.03367875647668394,2.0,5.0,0.0,161.0,69.36263377134028,4.722232879522051,1411.751,0.12399811733664957,0.3026961556182342,158.0,1.0,1.6922397545097623,0.32819722650231126,0.8548848229038792,50.28016811884544,0.24144816863013568,1.636602954854399,18.32781003033989,0.12307691890964634,0.36982247268554147,3.1198815511710336,10.440088403913164,0.48419429452582885,1.8433180943515346,0.3389830508474576,1.4040299221955679,30.036497659910744,0.1359691417550627,2.224654109054988,0.004545454545454545,0.08930745633495972,0.05400192864030858,19.0,133.0,30.0,0.11254019292604502,386.0,0.371868978805395,20.0,565.04,3.704141886418521,2124.123,1.6922397545097623,0.3026961556182345,43.661550000000005,0.5411855273287144,240,0.19091608929946113,0,1,32.81972265023113,0.6193092301012525,1038.0,0.27511160714285715,216.0,227.0,1.0,0.2461538378193355,0.5043394406943105,12.0,1.5869799021344595,0.236094666562459,47.0,0.7446808510638298,0.0,70.64200239181518,39.208001327514644,57.79800195693969,76.38800258636473,30.420001029968258,25.181000852584837,30.025036379379255,0.3011834217551197,3.121124154679208,7.034674318031206,12.649390104258016,0.5016722408026756,0.40261739799846036,1.0,2.6707710548116514
510069029,MembTV,2026,8-player unranked Rage Forest 2026 (Custom),2026-09-29,first 10 game minutes,0.6923076923076923,0.0,1.0,3.0,0.0,39.0,63.7130021572113,1.521000051498413,,0.2017433333333337,0.33321833333333367,36.0,1.0,1.082855085615491,0.24496644295302014,1.126365595738508,50.531001710891715,0.3015733934267614,1.8635793384401593,18.32781003033989,0.11834319125938464,0.3011834217551197,3.121124154679208,12.649390104258016,0.6296296296296297,1.1080203792343186,0.24496644295302014,0.8865188194578849,25.181000852584837,0.1166077738515901,1.7601989962556956,0.004422708982717978,0.0880292696127581,0.053003533568904596,5.0,21.0,2.0,0.1527777777777778,88.0,0.30985915492957744,2.0,565.04,3.704141886418521,,,,,,,,,,,0.0,284.0,0.20689655172413793,216.0,31.0,1.0,8.663905032099038,0.5300353356890459,2.0,0.5070000171661376,0.12307691890976866,12.0,0.75,0.0,,,,,,,,,,,,,,1.0,0.33800001144409175
510063832,MembTV,2026,8-player unranked Rage Forest 2026 (Custom),2026-09-29,whole available replay,0.5679012345679012,0.018115942028985508,1.0,5.0,0.38461538461538464,243.0,75.89946009848882,3.5214614370019586,1706.054,0.09584098566660536,0.28440380582972097,107.0,1.0,1.621170947897086,0.2804532577903683,0.8648970908178693,60.377678618887956,0.2802080883047073,1.7785808196836947,20.020117665349062,0.1183431912593278,0.2514792814262137,2.6889939917955874,9.347112109558594,0.5521541950113379,1.7275405665747252,0.28725212464589234,1.2390100658292726,29.881138795531182,0.13451443569553806,1.9887208661787479,0.002456017113277669,0.057318531922317145,0.0013123359580052493,19.0,167.0,19.0,0.10541310541310542,552.0,0.3619672131147541,18.0,878.57,3.3408282892522316,2756.642,1.621170947897086,0.28440380582972113,49.43118333333334,0.4082672706681767,240,0.12231030577576443,0,1,28.045325779036826,0.8547236497577569,1525.0,0.2045045045045045,276.0,175.0,1.0,3.5343194069612887,0.5853018372703412,7.0,0.752156811786826,0.13668638590444346,105.0,0.8761904761904762,0.006232294617563739,59.48800201416015,96.33000326156615,71.31800241470336,46.30600156784057,98.3580033302307,37.85600128173828,29.871067195250777,0.25147928142618525,2.159763240483638,7.119526386164181,4.622958423356332,0.5203426124197003,0.5050962627406569,1.0,2.256470435360478
510063832,MembTV,2026,8-player unranked Rage Forest 2026 (Custom),2026-09-29,first 10 game minutes,0.5735294117647058,0.0,1.0,3.0,0.0,68.0,89.73900303840637,1.1830000400543212,,0.04234833333333336,0.08321166666666689,28.0,1.0,1.3387841576367001,0.24892703862660945,0.6904478405665335,78.92300267219542,0.2251007809996962,1.5809807920315067,15.034910733547648,0.11834319125938464,0.25147928142618525,2.218934836113327,4.644733570548049,0.6,1.374364677760852,0.24892703862660945,0.9382721516135771,37.85600128173827,0.15102974828375287,1.8189520436259357,0.0030786199173120535,0.07607046214809042,0.0,4.0,34.0,1.0,0.041666666666666664,171.0,0.3904109589041096,1.0,,3.3408282892522316,,,,,,,,,,,0.0,438.0,0.12052730696798493,240.0,24.0,1.0,9.35739613287899,0.5560640732265446,1.0,0.16900000572204588,0.13313609016679653,29.0,0.896551724137931,0.02145922746781116,,,,,,,,,,,,,,1.0,1.6900000572204588
509960927,MembTV,2026,8-player unranked Rage Forest 2026 (Custom),2026-09-28,whole available replay,0.7368421052631579,0.0,1.0,5.0,0.0,133.0,59.28287322778284,3.7408999758110117,1062.371,0.12121288204236916,0.33200947317505086,67.0,1.0,1.7169813850161766,0.37334933973589435,0.9456988915024095,43.33209138647755,0.22628764772596888,1.5849399898059866,17.897040814155616,0.12307691890976002,0.49704140328935864,3.7301773884955995,11.605869429530655,0.4362980769230769,1.8328220691682475,0.3793517406962785,1.4414581375028481,27.329352601063782,0.2005856515373353,2.227635540442072,0.005086864741465248,0.1121149043938083,0.017569546120058566,16.0,99.0,13.0,0.1341991341991342,279.0,0.40789473684210525,8.0,643.252,3.937277973199495,,1.7169813850161766,0.332009473175051,32.52693333333333,0.4724220623501199,252,0.1474820143884892,0,1,37.334933973589436,0.2078277764339451,684.0,0.26906222611744085,264.0,108.0,1.0,5.482840051046878,0.45095168374816985,3.0,0.7793541616272941,0.23846153038764104,35.0,0.8285714285714286,0.0,81.7960027694702,40.56000137329101,34.307001161575315,28.054000949859617,49.3480016708374,34.6450011730194,27.315356324990518,0.36153844929739876,2.477633052206309,11.841147528073495,5.0667808935363805,0.47164948453608246,0.36930455635491605,1.0,1.6626222114715608
509960927,MembTV,2026,8-player unranked Rage Forest 2026 (Custom),2026-09-28,first 10 game minutes,0.7424242424242424,0.0,1.0,2.0,0.0,66.0,80.27500271797179,1.352000045776367,,0.04105833333333336,0.11138500000000008,30.0,1.0,1.3362095311790863,0.32041343669250644,0.7870241106800954,65.5720022201538,0.18903145450720657,1.4661868960462325,14.576922583373857,0.12307691890974581,0.36153844929739876,2.477633052206309,5.0667808935363805,0.5103626943005182,1.389829445357473,0.32041343669250644,1.1651383772641695,34.64500117301941,0.15512465373961218,1.5342621238227658,0.004545454545454545,0.09033951823548497,0.0,3.0,43.0,1.0,0.05555555555555555,143.0,0.39502762430939226,1.0,,3.937277973199495,,,,,,,,,,,0.0,362.0,0.1831578947368421,264.0,26.0,1.0,10.712425672798858,0.5069252077562327,1.0,0.16900000572204588,0.23846153038764104,17.0,0.9411764705882353,0.0,,,,,,,,,,,,,,1.0,2.3660000801086425
509952488,MembTV,2026,8-player unranked Rage Forest 2026 (Custom),2026-09-28,whole available replay,0.663003663003663,0.09444444444444444,1.0,9.0,0.0,273.0,63.13608749257363,5.716142589182052,1379.54,0.08888481598863265,0.31924377384487973,183.0,1.0,1.8299846057606415,0.3740506329113924,0.8806101142190143,45.413173032647364,0.2001872458762462,1.5005852803524349,16.254437319475528,0.1183431912593278,0.48816566394486927,3.5343194069612536,9.732023339129677,0.4046865104496517,1.9412195642261993,0.380379746835443,1.5563011407175962,29.241372642147386,0.20241935483870968,2.4834363140972884,0.004859485298690338,0.11838231999228582,0.017741935483870968,19.0,213.0,34.0,0.11244019138755981,540.0,0.43513295729250606,23.0,535.32,3.0869821440008667,2815.299,1.8299846057606415,0.31924377384487923,58.83513333333334,0.3883617963314358,228,0.19987349778621125,0,1,37.40506329113924,1.0340760462841905,1241.0,0.2807097361237489,312.0,256.0,1.0,1.1502958190409927,0.45403225806451614,10.0,1.2925950578552379,0.23846153038764945,92.0,0.7934782608695652,0.0006329113924050633,73.00800247192382,38.53200130462646,43.94000148773193,49.3480016708374,37.18000125885009,32.7860011100769,29.233091566450426,0.4911242437264036,2.473846070086033,10.389810299106566,9.638958253523315,0.4049079754601227,0.35610373181530675,1.0,1.0340760462841905
509952488,MembTV,2026,8-player unranked Rage Forest 2026 (Custom),2026-09-28,first 10 game minutes,0.609375,0.0,1.0,2.0,0.0,64.0,69.12100234031676,2.3660000801086425,,0.10112000000000014,0.22665166666666675,23.0,1.0,1.4552795698854801,0.3507692307692308,0.9485027651923598,55.09400186538696,0.21866312425847279,1.5597153572227105,12.387573545075384,0.12307691890974581,0.4911242437264036,2.473846070086033,9.638958253523315,0.45987654320987653,1.534693415757284,0.3507692307692308,1.2864078089625197,32.7860011100769,0.2568493150684932,1.4995562643207154,0.004542745193879598,0.07343283749097011,0.0,4.0,37.0,2.0,0.1111111111111111,115.0,0.3924914675767918,1.0,535.32,3.0869821440008667,,,,,,,,,,,0.0,293.0,0.20293398533007334,252.0,23.0,1.0,6.655916934405544,0.4520547945205479,1.0,0.33800001144409175,0.23846153038764945,25.0,0.76,0.0,,,,,,,,,,,,,,1.0,2.0280000686645505
509944286,MembTV,2026,8-player unranked Rage Forest 2026 (Custom),2026-09-28,whole available replay,0.7535545023696683,0.08785529715762273,1.0,7.0,0.0,211.0,61.59004487789722,4.616134356142196,761.978,0.11194681155604363,0.3353892958707684,138.0,1.0,1.8026108389873154,0.37245392822502427,0.9116502363715778,42.91757347332204,0.2027345865594553,1.5085748939856,23.167454836892063,0.11715975934703238,0.5964496839472986,3.747810523993203,9.98139611175141,0.4242718446601942,1.9071327127606907,0.3792434529582929,1.5431869006925087,28.403781668874952,0.1821515892420538,1.9817035057087562,0.005541039024468357,0.14262469909857858,0.034229828850855744,15.0,123.0,33.0,0.13494809688581316,387.0,0.4725274725274725,16.0,550.736,3.224851961818042,1754.834,1.8026108389873154,0.3353892958707684,40.637899999999995,0.48643410852713176,228,0.19670542635658914,0,1,37.245392822502424,1.2060170840371502,819.0,0.30317353139770425,216.0,202.0,1.0,1.2106508465834627,0.42665036674816625,8.0,1.6634718400512418,0.18550295229899325,52.0,0.8269230769230769,0.011639185257032008,47.320001602172844,28.054000949859617,40.22200136184692,52.39000177383422,43.60200147628784,25.35000085830688,28.392137310074396,0.48461536820713036,3.4071004763574764,10.734224488628836,11.670236291256561,0.4423791821561338,0.3381782945736434,1.0,0.9564963080294641
509944286,MembTV,2026,8-player unranked Rage Forest 2026 (Custom),2026-09-28,first 10 game minutes,0.7719298245614035,0.009433962264150943,1.0,3.0,0.0,57.0,58.13600196838379,1.0140000343322753,,0.1791249999999999,0.33473,33.0,1.0,1.219933288694958,0.2835820895522388,1.1187985410120584,45.461001539230345,0.2884541065602639,1.8107814526644985,23.167454836892063,0.12307691890974955,0.48461536820713036,3.4071004763574764,11.670236291256561,0.5692883895131086,1.2506569411354431,0.2873134328358209,1.0043886989454232,25.350000858306885,0.17120622568093385,1.978646142085962,0.004180096298171069,0.09515456403132623,0.038910505836575876,3.0,30.0,2.0,0.18055555555555555,106.0,0.4108527131782946,1.0,550.736,3.224851961818042,,,,,,,,,,,0.0,258.0,0.2180232558139535,204.0,28.0,1.0,7.687573704209152,0.46303501945525294,1.0,0.33800001144409175,0.1301775103853316,13.0,0.9230769230769231,0.0,,,,,,,,,,,,,,1.0,0.5070000171661376
509938938,MembTV,2026,8-player unranked Rage Forest 2026 (Custom),2026-09-28,whole available replay,0.7410071942446043,0.013888888888888888,1.0,4.0,0.0,139.0,64.12750484183893,3.5915566835120827,1004.297,0.13812806425234395,0.33450509196542855,88.0,1.0,1.604673664750696,0.31194690265486724,0.8439674554753455,47.10664925475993,0.2420356722137683,1.638646604704145,18.315975711213696,0.1183431912593278,0.48520708416339176,3.207100483129113,10.863123892548586,0.49723145071982283,1.6827469365364132,0.32079646017699115,1.2824157331743107,27.899628729890964,0.1461836998706339,1.93288888155781,0.004545454545454545,0.07412438484024594,0.007761966364812419,15.0,106.0,18.0,0.11688311688311688,288.0,0.37209302325581395,11.0,401.987,3.104141906733477,,1.604673664750696,0.3345050919654286,32.467816666666664,0.5613259668508287,216,0.13370165745856355,0,1,31.194690265486727,0.7287216459299878,774.0,0.26542207792207795,264.0,116.0,1.0,10.876330992693156,0.47736093143596375,6.0,1.1971855611706943,0.23520709262800105,36.0,0.7777777777777778,0.007743362831858407,63.88200216293334,54.08000183105468,45.79900155067443,37.518001270294185,38.87000131607055,29.06800098419189,27.8853143938003,0.4970414032894155,2.9107691322156484,9.541390209489517,7.77440210363621,0.4342105263157895,0.40773480662983425,1.0,0.7807731920678441
509938938,MembTV,2026,8-player unranked Rage Forest 2026 (Custom),2026-09-28,first 10 game minutes,0.7735849056603774,0.0,1.0,4.0,0.0,53.0,66.75500226020813,2.3660000801086425,,0.10118666666666677,0.19417500000000018,28.0,1.0,1.160636427295143,0.22112211221122113,0.6500852277387171,51.37600173950195,0.19090218447314303,1.4718890122051165,12.934910804649974,0.11834319125938464,0.4970414032894155,2.9107691322156484,7.77440210363621,0.6423841059602649,1.160636427295143,0.22112211221122113,0.8830571929062937,29.068000984191894,0.07420494699646643,1.1124564358088174,0.00438326806373491,0.05709432004053492,0.0,6.0,29.0,4.0,0.09722222222222222,104.0,0.36619718309859156,2.0,401.987,3.104141906733477,,,,,,,,,,,0.0,284.0,0.23037974683544304,132.0,26.0,1.0,7.844674290605997,0.4664310954063604,2.0,1.0140000343322753,0.3011834217551416,12.0,0.75,0.0,,,,,,,,,,,,,,1.0,0.0
509931662,MembTV,2026,8-player unranked Rage Forest 2026 (Custom),2026-09-28,whole available replay,0.7967032967032966,0.03189066059225513,2.0,6.0,0.0,182.0,69.12810349191511,4.262302754164714,1365.039,0.09636683792504738,0.30208530186276583,128.0,1.0,1.7906951292553188,0.3136456211812627,0.9104214730688462,52.79524587931755,0.24972927330430755,1.6657044301972266,19.01183367581916,0.12307691890974581,0.36982247268554147,2.9907691295069454,9.465703821519673,0.5067934782608695,1.909054855069134,0.32179226069246436,1.3623930831739708,32.16426784235221,0.1264855687606112,1.8910367624721132,0.004491176887919047,0.07622561380086819,0.004244482173174873,20.0,160.0,30.0,0.12202380952380952,439.0,0.37234944868532655,18.0,608.605,3.2159762224735884,1982.439,1.7906951292553188,0.3020853018627659,47.183416666666666,0.5251017639077341,228,0.16078697421981003,0.005917159763313609,1.0059171597633136,31.364562118126273,1.03871243588888,1179.0,0.23626943005181347,348.0,169.0,1.0059171597633136,11.661538066699126,0.48896434634974534,12.0,1.3610714677164633,0.12426035082230082,37.0,0.8648648648648649,0.031228784792939578,73.00800247192382,71.65600242614745,70.30400238037109,68.95200233459472,55.09400186538696,36.33500123023986,32.15291042319428,0.36686389290406396,2.277810573764892,5.863206902073608,6.868070773376261,0.43271767810026385,0.39077340569877883,1.0,1.826701180356306
509931662,MembTV,2026,8-player unranked Rage Forest 2026 (Custom),2026-09-28,first 10 game minutes,0.8115942028985508,0.0,1.0,3.0,0.0,69.0,78.24700264930725,1.1830000400543212,,0.07020833333333328,0.18516333333333304,29.0,1.0,1.2908678245267067,0.22486772486772486,0.7800705769695272,64.05100216865539,0.21521764585590855,1.5484772809160108,13.76272142750932,0.11834319125936617,0.37869821203001663,2.284674478857963,6.96558556297395,0.6445623342175066,1.3384656828179229,0.22486772486772486,0.9077633400485094,36.33500123023987,0.09329446064139942,1.2117100255915454,0.004572227530665057,0.06104282875766585,0.0,3.0,32.0,1.0,0.08333333333333333,135.0,0.39244186046511625,2.0,,3.2159762224735884,,,,,,,,,,,0.0,344.0,0.18142548596112312,240.0,31.0,1.0,9.662129850371878,0.478134110787172,2.0,0.16900000572204588,0.12307691890975185,13.0,0.8461538461538461,0.026455026455026454,,,,,,,,,,,,,,1.0,2.0280000686645505
509915433,MembTV,2026,8-player unranked Rage Forest 2026 (Custom),2026-09-28,whole available replay,0.5851703406813628,0.19838420107719928,2.0,15.0,0.08108108108108109,499.0,99.6385517859822,3.823847930383089,1232.925,0.13171749610080832,0.3712846469347728,985.0,1.0,1.70063111711749,0.28255245760275943,0.9139907976708399,54.31424815401286,0.2961698690250556,1.8415947427962527,20.48757327082376,0.12307691890964634,0.24852070164467932,3.14378687580529,10.32984580409533,0.5356526739505463,1.7554735820060285,0.2848519689565967,1.24993872364602,29.13928198377644,0.1354272205336035,2.314638536997865,0.003623969505405973,0.06732151575581388,0.028706518068220197,19.0,561.0,52.0,0.14434330299089726,1114.0,0.3760972316002701,62.0,581.543,3.091124155694945,1834.658,1.70063111711749,0.37128464693477287,108.28098333333334,0.4862068965517241,252,0.11666666666666667,0.02024035420619861,1.0771663504111322,28.25524576027594,0.8740223840875633,2962.0,0.4548872180451128,300.0,1581.0,1.0771663504111322,0.12307691891007137,0.5447483958122256,10.0,1.170565692974415,0.12307691891007137,207.0,0.9033816425120773,0.018396090830698476,106.13200359344481,60.164002037048334,52.39000177383422,44.61600151062011,62.530002117156975,33.80000114440917,29.134797540210677,0.24881655962285265,1.5888756858484108,11.527005526875332,6.108804526894338,0.5991983967935872,0.4635057471264368,1.0,0.468226277189766
509915433,MembTV,2026,8-player unranked Rage Forest 2026 (Custom),2026-09-28,first 10 game minutes,0.75,0.0,1.0,3.0,0.0,52.0,98.69600334167481,1.0140000343322753,,0.06448333333333332,0.21240999999999988,30.0,1.0,1.0703086772117005,0.23493975903614459,0.8604805316066804,84.3310028553009,0.2853969520638177,1.7987566044898962,11.895265869436344,0.1183431912593818,0.24911241760096914,1.5891123722309288,6.11824831355688,0.6197183098591549,1.1009117714938637,0.23493975903614459,0.8834524763427735,33.80000114440917,0.125,1.4899620677237506,0.0026431543671537622,0.04963711288145808,0.020833333333333332,3.0,34.0,2.0,0.09722222222222222,128.0,0.2661122661122661,1.0,581.543,3.091124155694945,,,,,,,,,,,0.0,481.0,0.14554794520547945,288.0,27.0,1.0,9.565680149495495,0.6229166666666667,1.0,0.33800001144409175,0.12307691890975185,13.0,0.9230769230769231,0.002008032128514056,,,,,,,,,,,,,,1.0,1.6900000572204588
509908280,MembTV,2026,8-player unranked Rage Forest 2026 (Custom),2026-09-28,whole available replay,0.6420454545454546,0.05458515283842795,2.0,6.0,0.0,176.0,83.98784136791863,5.314800952507757,1005.082,0.04284827086559653,0.27535666662183866,196.0,1.0,1.589876166313157,0.26417299824663937,0.862064048645551,59.861442307192625,0.24300141623197025,1.642012868828389,15.29644918623086,0.117159759346805,0.25384614525125926,2.8337277147057875,8.103668364677162,0.5660818713450292,1.6357075458214911,0.2682641729982466,1.1694980862529931,30.24541331525796,0.17699115044247787,2.7741115379292527,0.0027021775087013545,0.07088645267703574,0.04084411164057182,17.0,176.0,42.0,0.09593023255813954,458.0,0.3115646258503401,29.0,439.797,3.446745445429375,2124.328,1.589876166313157,0.275356666621839,48.33295,0.5379672897196262,264,0.1366822429906542,0,1,26.41729982466394,0.629384323323287,1470.0,0.28726061615320564,276.0,302.0,1.0,2.0893490416842826,0.5765827093260721,10.0,1.8182213784894958,0.136686385904578,63.0,0.8888888888888888,0.0,39.54600133895874,58.474001979827875,66.92400226593017,75.37400255203247,55.432001876831045,26.026000881195067,30.234987374853997,0.3668638929040924,3.3045561011312152,8.023431681003386,9.24339021957927,0.45195729537366547,0.4947429906542056,1.0,0.41958954888219135
509908280,MembTV,2026,8-player unranked Rage Forest 2026 (Custom),2026-09-28,first 10 game minutes,0.7804878048780488,0.011111111111111112,1.0,3.0,0.0,41.0,59.15000200271606,1.521000051498413,,0.07121000000000006,0.31880166666666665,29.0,1.0,1.1950008494596336,0.2785714285714286,0.9269557540806228,47.4890016078949,0.21479984527877663,1.5471212505174274,13.155029140392429,0.12307691890970318,0.3668638929040924,3.3045561011312152,9.24339021957927,0.5555555555555556,1.1950008494596336,0.2785714285714286,0.9633202028407799,26.026000881195067,0.22014925373134328,1.8442250435154155,0.004852801133798121,0.17640359952478493,0.07835820895522388,5.0,23.0,2.0,0.1527777777777778,90.0,0.3345724907063197,2.0,439.797,3.446745445429375,,,,,,,,,,,0.0,269.0,0.19714285714285715,192.0,21.0,1.0,11.013017378597691,0.47388059701492535,2.0,0.5070000171661376,0.2485207016446689,9.0,0.7777777777777778,0.0,,,,,,,,,,,,,,1.0,0.0
509857983,MembTV,2026,8-player rm_team Nomad,2026-09-28,whole available replay,0.5,0.042704626334519574,1.0,6.0,0.9444444444444444,148.0,66.30450455258408,1.9594276845854208,1074.574,0.070964267281037,0.3231104495326145,54.0,1.0,1.5098099506738,0.2796092796092796,0.9324604286092092,51.83002262451758,0.24814854784520105,1.6600999363212234,20.003549618572606,0.11834319125938464,0.36153844929739876,3.2092306605717758,9.423632817026853,0.5562347188264058,1.5897562778966223,0.29181929181929184,1.1796107144137027,29.391415268781312,0.14285714285714285,1.800573227955406,0.004545454545454545,0.07710760090229035,0.024489795918367346,13.0,92.0,6.0,0.1368421052631579,281.0,0.38179347826086957,4.0,816.846,1.2923076485524043,,1.5098099506738,0.32311044953261464,26.737399999999997,0.5317073170731708,300,0.09268292682926829,0,1,27.96092796092796,0.9481101699606875,736.0,0.21830314585319352,312.0,59.0,1.0,14.89230718808009,0.48299319727891155,3.0,0.5688661019764125,0.23668638251870827,74.0,0.8918918918918919,0.0,57.122001934051504,37.85600128173828,38.363001298904415,38.87000131607055,55.432001876831045,36.16600122451782,29.373105644033433,0.36360945514445575,3.1115383561871783,9.922336942153407,7.544461283019206,0.35735735735735735,0.4329268292682927,1.0,1.3273542379449625
509857983,MembTV,2026,8-player rm_team Nomad,2026-09-28,first 10 game minutes,0.6428571428571429,0.0,1.0,2.0,0.0,42.0,74.0220025062561,1.352000045776367,,0.02859000000000004,0.21238666666666658,18.0,1.0,0.8692716949393033,0.23493975903614459,0.7614078434493752,56.27700190544128,0.1764106614957015,1.428394718698221,10.150295514316838,0.12307691890973302,0.36360945514445575,3.1115383561871783,7.544461283019206,0.6435045317220544,0.8909512173082933,0.23493975903614459,0.7866827240985113,36.16600122451782,0.2,1.8576648113497423,0.008999941877635087,0.10756174906185523,0.03125,3.0,22.0,1.0,0.06944444444444445,103.0,0.32087227414330216,2.0,,1.2923076485524043,,,,,,,,,,,0.0,321.0,0.23972602739726026,2028.8243094965098,32.0,1.0,0.2514792814261675,0.371875,2.0,0.16900000572204588,0.13313609016681335,15.0,0.9333333333333333,0.0,,,,,,,,,,,,,,1.0,0.33800001144409175
509855601,MembTV,2026,6-player rm_team Oasis,2026-09-28,whole available replay,0.7835051546391752,0.0,1.0,3.700000000000017,0.0,97.0,65.73150274173229,3.566283659391858,711.111,0.08183956620354288,0.299750151888067,46.0,1.0,1.2142434687483876,0.24293785310734464,0.7510243872383402,49.57833557860446,0.20590091338005165,1.5185773837279195,17.304141425946227,0.12307691890970318,0.4846153682071801,3.0522484173662248,8.608437578355785,0.5968882602545968,1.253272048949399,0.25,0.9804232499009525,33.91465832951081,0.19175911251980982,2.2855170330022463,0.012232005702294964,0.16026097389416172,0.04595879556259905,13.0,46.0,9.0,0.09883720930232558,234.0,0.370253164556962,6.0,505.525,1.8662721261603858,,1.2142434687483876,0.29975015188806714,24.168016666666666,0.7320169252468265,186,0.10437235543018336,0,1,24.293785310734464,0.06992713057631093,632.0,0.24574468085106382,240.0,84.0,1.0,8.191715698974154,0.3549920760697306,5.0,1.118834089220975,0.12603549869121677,21.0,0.9047619047619048,0.0,74.69800252914428,45.630001544952385,49.3480016708374,53.066001796722404,36.16600122451782,42.08100142478942,33.89128633419868,0.5999999796850091,2.4538460707632153,7.559230513288356,6.515692087082298,0.24085365853658536,0.3159379407616361,1.0,0.41956278345786563
509855601,MembTV,2026,6-player rm_team Oasis,2026-09-28,first 10 game minutes,0.9,0.0,1.0,1.2000000000000028,0.0,50.0,68.27600231170653,1.8590000629425047,,0.036551666666666593,0.20824500000000004,28.0,1.0,0.6818684644169469,0.1712538226299694,0.6131612239012945,55.43200187683105,0.15936732988635824,1.3791604479631134,12.976922637547034,0.12307691890974581,0.5999999796850091,2.4538460707632153,6.515692087082298,0.7361963190184049,0.6970081052817141,0.1743119266055046,0.6076454106991483,42.08100142478943,0.2229299363057325,1.5706565420753564,0.02115950910099254,0.16060575602628926,0.028662420382165606,5.0,17.0,1.0,0.09722222222222222,129.0,0.4095238095238095,1.0,505.525,1.8662721261603858,,,,,,,,,,,0.0,315.0,0.18811881188118812,120.0,30.0,1.0,0.8461538175045544,0.2515923566878981,1.0,0.16900000572204588,0.23846153038765786,5.0,1.0,0.0,,,,,,,,,,,,,,1.0,0.16900000572204588
509843237,MembTV,2026,8-player unranked Rage Forest 2026 (Custom),2026-09-28,whole available replay,0.6489151873767258,0.26686507936507936,3.0,23.0,0.0,507.0,90.7720125482804,3.386261047179725,806.163,0.200353356479501,0.408455035687045,739.0,1.0,1.7250713677113951,0.30374479889042993,0.9753656818099946,48.60379662245526,0.3310233591344778,1.9896410096059547,40.09348976676438,0.12248520295315757,0.25384614525125926,3.5735501748638066,12.673171168541277,0.5053763440860215,1.785616879838995,0.3096393897364771,1.2872788384973692,26.769994049594946,0.14279852277390234,2.114308237024996,0.004110123947792695,0.058215731555766585,0.03857201477226098,22.0,421.0,57.0,0.17952314165497896,1008.0,0.41345365053322397,46.0,577.561,3.4461537294730777,1654.467,1.7250713677113951,0.4084550356870446,100.31418333333333,0.49636048526863086,276,0.12478336221837089,0,1,30.374479889042995,1.1624478221661743,2438.0,0.464550853749072,360.0,1126.0,1.0,0.12307691891007137,0.5318013951579811,15.0,1.1287536823932418,0.13668638590464527,178.0,0.9325842696629213,0.03536754507628294,65.91000223159789,41.2360013961792,34.47600116729736,27.716000938415522,39.54600133895874,30.75800104141235,26.76554709666378,0.4899408118138524,2.9585797814844454,12.874946309638892,8.325798534670984,0.4166666666666667,0.44922010398613516,1.0,0.38748260738872475
509843237,MembTV,2026,8-player unranked Rage Forest 2026 (Custom),2026-09-28,first 10 game minutes,0.8928571428571429,0.0,1.0,2.0,0.0,56.0,67.43100228309632,2.3660000801086425,,0.034920000000000014,0.2828716666666665,21.0,1.0,1.1958319505943602,0.2540192926045016,0.8417718703168958,52.72800178527832,0.19507305236661024,1.4846975317205005,12.39763271633241,0.11834319125938464,0.4899408118138524,2.9585797814844454,8.325798534670984,0.5967741935483871,1.2576403240403355,0.2604501607717042,0.9700051380433484,30.758001041412353,0.15034965034965034,1.8859804093224124,0.004834283098921853,0.07344228528054689,0.027972027972027972,6.0,21.0,1.0,0.09722222222222222,105.0,0.36585365853658536,2.0,577.561,3.4461537294730777,,,,,,,,,,,0.0,287.0,0.21804511278195488,216.0,25.0,1.0,12.78639009961945,0.45454545454545453,2.0,0.16900000572204588,0.4955621133986306,6.0,0.8333333333333334,0.0,,,,,,,,,,,,,,1.0,1.1830000400543212
509719483,MembTV,2026,8-player unranked Rage Forest 2026 (Custom),2026-09-27,whole available replay,0.754601226993865,0.013623978201634877,2.0,6.0,0.0,163.0,83.4826302981807,4.9107429587165115,982.474,0.05174019447818571,0.26328813493655046,178.0,1.0,1.4025657147017854,0.2365911799761621,1.0022160295451998,61.0750920569261,0.26228398504086714,1.7110703298352468,24.678105673317987,0.117159759346805,0.2514792814262137,2.811834224322797,7.800094410458616,0.616577221228384,1.4935948381822013,0.24433849821215733,1.0799660085752463,29.93734411128659,0.1505226480836237,2.548381035595651,0.003362087243508154,0.06751483839820775,0.023693379790940768,18.0,141.0,28.0,0.09090909090909091,367.0,0.25557103064066855,24.0,427.08,3.5810649675087682,2108.826,1.4025657147017854,0.26328813493655034,46.45936666666667,0.6783799880881477,354,0.14175104228707563,0,1,23.65911799761621,0.8366450966702206,1436.0,0.2684095860566449,336.0,275.0,1.0,0.7224851826385029,0.5965156794425087,8.0,1.5277866982673591,0.23431951869361034,40.0,0.85,0.0005959475566150178,63.20600214004516,57.79800195693969,63.54400215148925,69.2900023460388,71.31800241470336,35.32100119590759,29.926608347078627,0.36153844929737033,2.411479208292349,7.885644703419946,5.658461346875859,0.4748743718592965,0.509827278141751,1.0,1.3822832031942773
509719483,MembTV,2026,8-player unranked Rage Forest 2026 (Custom),2026-09-27,first 10 game minutes,0.8571428571428571,0.0,1.0,5.400000000000006,0.0,56.0,79.59900269508361,1.352000045776367,,0.0,0.1290249999999998,27.0,1.0,0.8355946190502664,0.20151133501259447,0.7267346343104516,67.26200227737426,0.1558095595443605,1.3691336742933609,9.434319207197575,0.12071005508454391,0.36153844929737033,2.412425953822421,5.659615192990636,0.6893939393939394,0.8731621428686699,0.20151133501259447,0.7175031222304084,35.32100119590759,0.20689655172413793,1.755139183138773,0.004447995305749039,0.06134178981555141,0.005305039787798408,5.0,26.0,3.0,0.041666666666666664,107.0,0.2830687830687831,2.0,427.08,3.5810649675087682,,,,,,,,,,,0.0,378.0,0.15498938428874734,204.0,23.0,1.0,11.892307289654863,0.5013262599469496,2.0,0.8450000286102294,0.3050295754710351,8.0,0.75,0.0025188916876574307,,,,,,,,,,,,,,1.0,1.1830000400543212
