comparison,player,early_year,early_context,late_year,late_context,window,trait,early_n,late_n,early_clusters,late_clusters,early_weighted_median,late_weighted_median,early_game_median,late_game_median,early_min,early_max,late_min,late_max,difference,difference_percentage_points,relative_change_percent,direction,metric_limit,comparison_limit
MembTV historical baseline unavailable,MembTV,,,2026,6-player rm_team Oasis,first 10 game minutes,actor_group_change_fraction,0,1,0,1,,0.9,,0.9,,,0.9,0.9,,,,unavailable,"Original definitions retained; tatoh_ prefix denotes a legacy definition reused for MembTV, not player identity.",No recovered historical replay baseline; current team-game context cannot be pooled with professional 1v1 samples.
MembTV historical baseline unavailable,MembTV,,,2026,6-player rm_team Oasis,first 10 game minutes,actor_group_ge10_fraction,0,1,0,1,,0.0,,0.0,,,0.0,0.0,,,,unavailable,"Original definitions retained; tatoh_ prefix denotes a legacy definition reused for MembTV, not player identity.",No recovered historical replay baseline; current team-game context cannot be pooled with professional 1v1 samples.
MembTV historical baseline unavailable,MembTV,,,2026,6-player rm_team Oasis,first 10 game minutes,actor_group_size_median,0,1,0,1,,1.0,,1.0,,,1.0,1.0,,,,unavailable,"Original definitions retained; tatoh_ prefix denotes a legacy definition reused for MembTV, not player identity.",No recovered historical replay baseline; current team-game context cannot be pooled with professional 1v1 samples.
MembTV historical baseline unavailable,MembTV,,,2026,6-player rm_team Oasis,first 10 game minutes,actor_group_size_p90,0,1,0,1,,1.2000000000000028,,1.2000000000000028,,,1.2000000000000028,1.2000000000000028,,,,unavailable,"Original definitions retained; tatoh_ prefix denotes a legacy definition reused for MembTV, not player identity.",No recovered historical replay baseline; current team-game context cannot be pooled with professional 1v1 samples.
MembTV historical baseline unavailable,MembTV,,,2026,6-player rm_team Oasis,first 10 game minutes,actor_overlap_jaccard_median,0,1,0,1,,0.0,,0.0,,,0.0,0.0,,,,unavailable,"Original definitions retained; tatoh_ prefix denotes a legacy definition reused for MembTV, not player identity.",No recovered historical replay baseline; current team-game context cannot be pooled with professional 1v1 samples.
MembTV historical baseline unavailable,MembTV,,,2026,6-player rm_team Oasis,first 10 game minutes,actor_pair_count,0,1,0,1,,50.0,,50.0,,,50.0,50.0,,,,unavailable,"Original definitions retained; tatoh_ prefix denotes a legacy definition reused for MembTV, not player identity.",No recovered historical replay baseline; current team-game context cannot be pooled with professional 1v1 samples.
MembTV historical baseline unavailable,MembTV,,,2026,6-player rm_team Oasis,first 10 game minutes,all_recorded_cpm,0,1,0,1,,68.27600231170653,,68.27600231170653,,,68.27600231170653,68.27600231170653,,,,unavailable,"Original definitions retained; tatoh_ prefix denotes a legacy definition reused for MembTV, not player identity.",No recovered historical replay baseline; current team-game context cannot be pooled with professional 1v1 samples.
MembTV historical baseline unavailable,MembTV,,,2026,6-player rm_team Oasis,first 10 game minutes,build_commands_nominal_min,0,1,0,1,,1.8590000629425047,,1.8590000629425047,,,1.8590000629425047,1.8590000629425047,,,,unavailable,"Original definitions retained; tatoh_ prefix denotes a legacy definition reused for MembTV, not player identity.",No recovered historical replay baseline; current team-game context cannot be pooled with professional 1v1 samples.
MembTV historical baseline unavailable,MembTV,,,2026,6-player rm_team Oasis,first 10 game minutes,castle_request_game_s,0,0,0,0,,,,,,,,,,,,unavailable,"Original definitions retained; tatoh_ prefix denotes a legacy definition reused for MembTV, not player identity.",No recovered historical replay baseline; current team-game context cannot be pooled with professional 1v1 samples.
MembTV historical baseline unavailable,MembTV,,,2026,6-player rm_team Oasis,first 10 game minutes,command_silence_ge10s_time_fraction,0,1,0,1,,0.036551666666666593,,0.036551666666666593,,,0.036551666666666593,0.036551666666666593,,,,unavailable,"Original definitions retained; tatoh_ prefix denotes a legacy definition reused for MembTV, not player identity.",No recovered historical replay baseline; current team-game context cannot be pooled with professional 1v1 samples.
MembTV historical baseline unavailable,MembTV,,,2026,6-player rm_team Oasis,first 10 game minutes,command_silence_ge5s_time_fraction,0,1,0,1,,0.20824500000000004,,0.20824500000000004,,,0.20824500000000004,0.20824500000000004,,,,unavailable,"Original definitions retained; tatoh_ prefix denotes a legacy definition reused for MembTV, not player identity.",No recovered historical replay baseline; current team-game context cannot be pooled with professional 1v1 samples.
MembTV historical baseline unavailable,MembTV,,,2026,6-player rm_team Oasis,first 10 game minutes,commanded_actor_ids,0,1,0,1,,28.0,,28.0,,,28.0,28.0,,,,unavailable,"Original definitions retained; tatoh_ prefix denotes a legacy definition reused for MembTV, not player identity.",No recovered historical replay baseline; current team-game context cannot be pooled with professional 1v1 samples.
MembTV historical baseline unavailable,MembTV,,,2026,6-player rm_team Oasis,first 10 game minutes,coordinate_coverage,0,1,0,1,,1.0,,1.0,,,1.0,1.0,,,,unavailable,"Original definitions retained; tatoh_ prefix denotes a legacy definition reused for MembTV, not player identity.",No recovered historical replay baseline; current team-game context cannot be pooled with professional 1v1 samples.
MembTV historical baseline unavailable,MembTV,,,2026,6-player rm_team Oasis,first 10 game minutes,core_category_entropy_bits,0,1,0,1,,0.6818684644169469,,0.6818684644169469,,,0.6818684644169469,0.6818684644169469,,,,unavailable,"Original definitions retained; tatoh_ prefix denotes a legacy definition reused for MembTV, not player identity.",No recovered historical replay baseline; current team-game context cannot be pooled with professional 1v1 samples.
MembTV historical baseline unavailable,MembTV,,,2026,6-player rm_team Oasis,first 10 game minutes,core_category_switch_fraction,0,1,0,1,,0.1712538226299694,,0.1712538226299694,,,0.1712538226299694,0.1712538226299694,,,,unavailable,"Original definitions retained; tatoh_ prefix denotes a legacy definition reused for MembTV, not player identity.",No recovered historical replay baseline; current team-game context cannot be pooled with professional 1v1 samples.
MembTV historical baseline unavailable,MembTV,,,2026,6-player rm_team Oasis,first 10 game minutes,core_count_5s_cv,0,1,0,1,,0.6131612239012945,,0.6131612239012945,,,0.6131612239012945,0.6131612239012945,,,,unavailable,"Original definitions retained; tatoh_ prefix denotes a legacy definition reused for MembTV, not player identity.",No recovered historical replay baseline; current team-game context cannot be pooled with professional 1v1 samples.
MembTV historical baseline unavailable,MembTV,,,2026,6-player rm_team Oasis,first 10 game minutes,core_cpm,0,1,0,1,,55.43200187683105,,55.43200187683105,,,55.43200187683105,55.43200187683105,,,,unavailable,"Original definitions retained; tatoh_ prefix denotes a legacy definition reused for MembTV, not player identity.",No recovered historical replay baseline; current team-game context cannot be pooled with professional 1v1 samples.
MembTV historical baseline unavailable,MembTV,,,2026,6-player rm_team Oasis,first 10 game minutes,core_gap_burstiness,0,1,0,1,,0.15936732988635824,,0.15936732988635824,,,0.15936732988635824,0.15936732988635824,,,,unavailable,"Original definitions retained; tatoh_ prefix denotes a legacy definition reused for MembTV, not player identity.",No recovered historical replay baseline; current team-game context cannot be pooled with professional 1v1 samples.
MembTV historical baseline unavailable,MembTV,,,2026,6-player rm_team Oasis,first 10 game minutes,core_gap_cv,0,1,0,1,,1.3791604479631134,,1.3791604479631134,,,1.3791604479631134,1.3791604479631134,,,,unavailable,"Original definitions retained; tatoh_ prefix denotes a legacy definition reused for MembTV, not player identity.",No recovered historical replay baseline; current team-game context cannot be pooled with professional 1v1 samples.
MembTV historical baseline unavailable,MembTV,,,2026,6-player rm_team Oasis,first 10 game minutes,core_gap_max_s,0,1,0,1,,12.976922637547034,,12.976922637547034,,,12.976922637547034,12.976922637547034,,,,unavailable,"Original definitions retained; tatoh_ prefix denotes a legacy definition reused for MembTV, not player identity.",No recovered historical replay baseline; current team-game context cannot be pooled with professional 1v1 samples.
MembTV historical baseline unavailable,MembTV,,,2026,6-player rm_team Oasis,first 10 game minutes,core_gap_p10_s,0,1,0,1,,0.12307691890974581,,0.12307691890974581,,,0.12307691890974581,0.12307691890974581,,,,unavailable,"Original definitions retained; tatoh_ prefix denotes a legacy definition reused for MembTV, not player identity.",No recovered historical replay baseline; current team-game context cannot be pooled with professional 1v1 samples.
MembTV historical baseline unavailable,MembTV,,,2026,6-player rm_team Oasis,first 10 game minutes,core_gap_p50_s,0,1,0,1,,0.5999999796850091,,0.5999999796850091,,,0.5999999796850091,0.5999999796850091,,,,unavailable,"Original definitions retained; tatoh_ prefix denotes a legacy definition reused for MembTV, not player identity.",No recovered historical replay baseline; current team-game context cannot be pooled with professional 1v1 samples.
MembTV historical baseline unavailable,MembTV,,,2026,6-player rm_team Oasis,first 10 game minutes,core_gap_p90_s,0,1,0,1,,2.4538460707632153,,2.4538460707632153,,,2.4538460707632153,2.4538460707632153,,,,unavailable,"Original definitions retained; tatoh_ prefix denotes a legacy definition reused for MembTV, not player identity.",No recovered historical replay baseline; current team-game context cannot be pooled with professional 1v1 samples.
MembTV historical baseline unavailable,MembTV,,,2026,6-player rm_team Oasis,first 10 game minutes,core_gap_p99_s,0,1,0,1,,6.515692087082298,,6.515692087082298,,,6.515692087082298,6.515692087082298,,,,unavailable,"Original definitions retained; tatoh_ prefix denotes a legacy definition reused for MembTV, not player identity.",No recovered historical replay baseline; current team-game context cannot be pooled with professional 1v1 samples.
MembTV historical baseline unavailable,MembTV,,,2026,6-player rm_team Oasis,first 10 game minutes,core_same_type_triplet_fraction,0,1,0,1,,0.7361963190184049,,0.7361963190184049,,,0.7361963190184049,0.7361963190184049,,,,unavailable,"Original definitions retained; tatoh_ prefix denotes a legacy definition reused for MembTV, not player identity.",No recovered historical replay baseline; current team-game context cannot be pooled with professional 1v1 samples.
MembTV historical baseline unavailable,MembTV,,,2026,6-player rm_team Oasis,first 10 game minutes,core_type_entropy_bits,0,1,0,1,,0.6970081052817141,,0.6970081052817141,,,0.6970081052817141,0.6970081052817141,,,,unavailable,"Original definitions retained; tatoh_ prefix denotes a legacy definition reused for MembTV, not player identity.",No recovered historical replay baseline; current team-game context cannot be pooled with professional 1v1 samples.
MembTV historical baseline unavailable,MembTV,,,2026,6-player rm_team Oasis,first 10 game minutes,core_type_switch_fraction,0,1,0,1,,0.1743119266055046,,0.1743119266055046,,,0.1743119266055046,0.1743119266055046,,,,unavailable,"Original definitions retained; tatoh_ prefix denotes a legacy definition reused for MembTV, not player identity.",No recovered historical replay baseline; current team-game context cannot be pooled with professional 1v1 samples.
MembTV historical baseline unavailable,MembTV,,,2026,6-player rm_team Oasis,first 10 game minutes,core_type_transition_entropy_bits,0,1,0,1,,0.6076454106991483,,0.6076454106991483,,,0.6076454106991483,0.6076454106991483,,,,unavailable,"Original definitions retained; tatoh_ prefix denotes a legacy definition reused for MembTV, not player identity.",No recovered historical replay baseline; current team-game context cannot be pooled with professional 1v1 samples.
MembTV historical baseline unavailable,MembTV,,,2026,6-player rm_team Oasis,first 10 game minutes,dedup_core_cpm,0,1,0,1,,42.08100142478943,,42.08100142478943,,,42.08100142478943,42.08100142478943,,,,unavailable,"Original definitions retained; tatoh_ prefix denotes a legacy definition reused for MembTV, not player identity.",No recovered historical replay baseline; current team-game context cannot be pooled with professional 1v1 samples.
MembTV historical baseline unavailable,MembTV,,,2026,6-player rm_team Oasis,first 10 game minutes,destination_cell_switch_fraction,0,1,0,1,,0.2229299363057325,,0.2229299363057325,,,0.2229299363057325,0.2229299363057325,,,,unavailable,"Original definitions retained; tatoh_ prefix denotes a legacy definition reused for MembTV, not player identity.",No recovered historical replay baseline; current team-game context cannot be pooled with professional 1v1 samples.
MembTV historical baseline unavailable,MembTV,,,2026,6-player rm_team Oasis,first 10 game minutes,destination_entropy_4x4_bits,0,1,0,1,,1.5706565420753564,,1.5706565420753564,,,1.5706565420753564,1.5706565420753564,,,,unavailable,"Original definitions retained; tatoh_ prefix denotes a legacy definition reused for MembTV, not player identity.",No recovered historical replay baseline; current team-game context cannot be pooled with professional 1v1 samples.
MembTV historical baseline unavailable,MembTV,,,2026,6-player rm_team Oasis,first 10 game minutes,destination_jump_diagonal_p50,0,1,0,1,,0.02115950910099254,,0.02115950910099254,,,0.02115950910099254,0.02115950910099254,,,,unavailable,"Original definitions retained; tatoh_ prefix denotes a legacy definition reused for MembTV, not player identity.",No recovered historical replay baseline; current team-game context cannot be pooled with professional 1v1 samples.
MembTV historical baseline unavailable,MembTV,,,2026,6-player rm_team Oasis,first 10 game minutes,destination_jump_diagonal_p90,0,1,0,1,,0.16060575602628926,,0.16060575602628926,,,0.16060575602628926,0.16060575602628926,,,,unavailable,"Original definitions retained; tatoh_ prefix denotes a legacy definition reused for MembTV, not player identity.",No recovered historical replay baseline; current team-game context cannot be pooled with professional 1v1 samples.
MembTV historical baseline unavailable,MembTV,,,2026,6-player rm_team Oasis,first 10 game minutes,destination_jump_ge_quarter_fraction,0,1,0,1,,0.028662420382165606,,0.028662420382165606,,,0.028662420382165606,0.028662420382165606,,,,unavailable,"Original definitions retained; tatoh_ prefix denotes a legacy definition reused for MembTV, not player identity.",No recovered historical replay baseline; current team-game context cannot be pooled with professional 1v1 samples.
MembTV historical baseline unavailable,MembTV,,,2026,6-player rm_team Oasis,first 10 game minutes,distinct_building_type_ids,0,1,0,1,,5.0,,5.0,,,5.0,5.0,,,,unavailable,"Original definitions retained; tatoh_ prefix denotes a legacy definition reused for MembTV, not player identity.",No recovered historical replay baseline; current team-game context cannot be pooled with professional 1v1 samples.
MembTV historical baseline unavailable,MembTV,,,2026,6-player rm_team Oasis,first 10 game minutes,distinct_order_target_ids,0,1,0,1,,17.0,,17.0,,,17.0,17.0,,,,unavailable,"Original definitions retained; tatoh_ prefix denotes a legacy definition reused for MembTV, not player identity.",No recovered historical replay baseline; current team-game context cannot be pooled with professional 1v1 samples.
MembTV historical baseline unavailable,MembTV,,,2026,6-player rm_team Oasis,first 10 game minutes,distinct_research_type_ids,0,1,0,1,,1.0,,1.0,,,1.0,1.0,,,,unavailable,"Original definitions retained; tatoh_ prefix denotes a legacy definition reused for MembTV, not player identity.",No recovered historical replay baseline; current team-game context cannot be pooled with professional 1v1 samples.
MembTV historical baseline unavailable,MembTV,,,2026,6-player rm_team Oasis,first 10 game minutes,empty_5s_bin_fraction,0,1,0,1,,0.09722222222222222,,0.09722222222222222,,,0.09722222222222222,0.09722222222222222,,,,unavailable,"Original definitions retained; tatoh_ prefix denotes a legacy definition reused for MembTV, not player identity.",No recovered historical replay baseline; current team-game context cannot be pooled with professional 1v1 samples.
MembTV historical baseline unavailable,MembTV,,,2026,6-player rm_team Oasis,first 10 game minutes,explicit_actor_commands,0,1,0,1,,129.0,,129.0,,,129.0,129.0,,,,unavailable,"Original definitions retained; tatoh_ prefix denotes a legacy definition reused for MembTV, not player identity.",No recovered historical replay baseline; current team-game context cannot be pooled with professional 1v1 samples.
MembTV historical baseline unavailable,MembTV,,,2026,6-player rm_team Oasis,first 10 game minutes,explicit_actor_coverage,0,1,0,1,,0.4095238095238095,,0.4095238095238095,,,0.4095238095238095,0.4095238095238095,,,,unavailable,"Original definitions retained; tatoh_ prefix denotes a legacy definition reused for MembTV, not player identity.",No recovered historical replay baseline; current team-game context cannot be pooled with professional 1v1 samples.
MembTV historical baseline unavailable,MembTV,,,2026,6-player rm_team Oasis,first 10 game minutes,explicitly_commanded_production_building_ids,0,1,0,1,,1.0,,1.0,,,1.0,1.0,,,,unavailable,"Original definitions retained; tatoh_ prefix denotes a legacy definition reused for MembTV, not player identity.",No recovered historical replay baseline; current team-game context cannot be pooled with professional 1v1 samples.
MembTV historical baseline unavailable,MembTV,,,2026,6-player rm_team Oasis,first 10 game minutes,feudal_request_game_s,0,1,0,1,,505.525,,505.525,,,505.525,505.525,,,,unavailable,"Original definitions retained; tatoh_ prefix denotes a legacy definition reused for MembTV, not player identity.",No recovered historical replay baseline; current team-game context cannot be pooled with professional 1v1 samples.
MembTV historical baseline unavailable,MembTV,,,2026,6-player rm_team Oasis,first 10 game minutes,first_core_command_nominal_s,0,1,0,1,,1.8662721261603858,,1.8662721261603858,,,1.8662721261603858,1.8662721261603858,,,,unavailable,"Original definitions retained; tatoh_ prefix denotes a legacy definition reused for MembTV, not player identity.",No recovered historical replay baseline; current team-game context cannot be pooled with professional 1v1 samples.
MembTV historical baseline unavailable,MembTV,,,2026,6-player rm_team Oasis,first 10 game minutes,imperial_request_game_s,0,0,0,0,,,,,,,,,,,,unavailable,"Original definitions retained; tatoh_ prefix denotes a legacy definition reused for MembTV, not player identity.",No recovered historical replay baseline; current team-game context cannot be pooled with professional 1v1 samples.
MembTV historical baseline unavailable,MembTV,,,2026,6-player rm_team Oasis,first 10 game minutes,legacy_command_class_entropy_bits,0,0,0,0,,,,,,,,,,,,unavailable,"Original definitions retained; tatoh_ prefix denotes a legacy definition reused for MembTV, not player identity.",No recovered historical replay baseline; current team-game context cannot be pooled with professional 1v1 samples.
MembTV historical baseline unavailable,MembTV,,,2026,6-player rm_team Oasis,first 10 game minutes,legacy_core_silence_over5s_fraction,0,0,0,0,,,,,,,,,,,,unavailable,"Original definitions retained; tatoh_ prefix denotes a legacy definition reused for MembTV, not player identity.",No recovered historical replay baseline; current team-game context cannot be pooled with professional 1v1 samples.
MembTV historical baseline unavailable,MembTV,,,2026,6-player rm_team Oasis,first 10 game minutes,legacy_duration_game_min,0,0,0,0,,,,,,,,,,,,unavailable,"Original definitions retained; tatoh_ prefix denotes a legacy definition reused for MembTV, not player identity.",No recovered historical replay baseline; current team-game context cannot be pooled with professional 1v1 samples.
MembTV historical baseline unavailable,MembTV,,,2026,6-player rm_team Oasis,first 10 game minutes,legacy_move_share,0,0,0,0,,,,,,,,,,,,unavailable,"Original definitions retained; tatoh_ prefix denotes a legacy definition reused for MembTV, not player identity.",No recovered historical replay baseline; current team-game context cannot be pooled with professional 1v1 samples.
MembTV historical baseline unavailable,MembTV,,,2026,6-player rm_team Oasis,first 10 game minutes,legacy_peak_10s_nominal_cpm,0,0,0,0,,,,,,,,,,,,unavailable,"Original definitions retained; tatoh_ prefix denotes a legacy definition reused for MembTV, not player identity.",No recovered historical replay baseline; current team-game context cannot be pooled with professional 1v1 samples.
MembTV historical baseline unavailable,MembTV,,,2026,6-player rm_team Oasis,first 10 game minutes,legacy_planning_command_share,0,0,0,0,,,,,,,,,,,,unavailable,"Original definitions retained; tatoh_ prefix denotes a legacy definition reused for MembTV, not player identity.",No recovered historical replay baseline; current team-game context cannot be pooled with professional 1v1 samples.
MembTV historical baseline unavailable,MembTV,,,2026,6-player rm_team Oasis,first 10 game minutes,legacy_queue_batch_gt1_fraction,0,0,0,0,,,,,,,,,,,,unavailable,"Original definitions retained; tatoh_ prefix denotes a legacy definition reused for MembTV, not player identity.",No recovered historical replay baseline; current team-game context cannot be pooled with professional 1v1 samples.
MembTV historical baseline unavailable,MembTV,,,2026,6-player rm_team Oasis,first 10 game minutes,legacy_queue_batch_mean,0,0,0,0,,,,,,,,,,,,unavailable,"Original definitions retained; tatoh_ prefix denotes a legacy definition reused for MembTV, not player identity.",No recovered historical replay baseline; current team-game context cannot be pooled with professional 1v1 samples.
MembTV historical baseline unavailable,MembTV,,,2026,6-player rm_team Oasis,first 10 game minutes,legacy_switches_per_100_commands,0,0,0,0,,,,,,,,,,,,unavailable,"Original definitions retained; tatoh_ prefix denotes a legacy definition reused for MembTV, not player identity.",No recovered historical replay baseline; current team-game context cannot be pooled with professional 1v1 samples.
MembTV historical baseline unavailable,MembTV,,,2026,6-player rm_team Oasis,first 10 game minutes,market_commands_nominal_min,0,1,0,1,,0.0,,0.0,,,0.0,0.0,,,,unavailable,"Original definitions retained; tatoh_ prefix denotes a legacy definition reused for MembTV, not player identity.",No recovered historical replay baseline; current team-game context cannot be pooled with professional 1v1 samples.
MembTV historical baseline unavailable,MembTV,,,2026,6-player rm_team Oasis,first 10 game minutes,move_order_commands,0,1,0,1,,315.0,,315.0,,,315.0,315.0,,,,unavailable,"Original definitions retained; tatoh_ prefix denotes a legacy definition reused for MembTV, not player identity.",No recovered historical replay baseline; current team-game context cannot be pooled with professional 1v1 samples.
MembTV historical baseline unavailable,MembTV,,,2026,6-player rm_team Oasis,first 10 game minutes,noncore_action_fraction,0,1,0,1,,0.18811881188118812,,0.18811881188118812,,,0.18811881188118812,0.18811881188118812,,,,unavailable,"Original definitions retained; tatoh_ prefix denotes a legacy definition reused for MembTV, not player identity.",No recovered historical replay baseline; current team-game context cannot be pooled with professional 1v1 samples.
MembTV historical baseline unavailable,MembTV,,,2026,6-player rm_team Oasis,first 10 game minutes,peak_5s_nominal_cpm,0,1,0,1,,120.0,,120.0,,,120.0,120.0,,,,unavailable,"Original definitions retained; tatoh_ prefix denotes a legacy definition reused for MembTV, not player identity.",No recovered historical replay baseline; current team-game context cannot be pooled with professional 1v1 samples.
MembTV historical baseline unavailable,MembTV,,,2026,6-player rm_team Oasis,first 10 game minutes,positive_de_queue_commands,0,1,0,1,,30.0,,30.0,,,30.0,30.0,,,,unavailable,"Original definitions retained; tatoh_ prefix denotes a legacy definition reused for MembTV, not player identity.",No recovered historical replay baseline; current team-game context cannot be pooled with professional 1v1 samples.
MembTV historical baseline unavailable,MembTV,,,2026,6-player rm_team Oasis,first 10 game minutes,positive_queue_amount_mean,0,1,0,1,,1.0,,1.0,,,1.0,1.0,,,,unavailable,"Original definitions retained; tatoh_ prefix denotes a legacy definition reused for MembTV, not player identity.",No recovered historical replay baseline; current team-game context cannot be pooled with professional 1v1 samples.
MembTV historical baseline unavailable,MembTV,,,2026,6-player rm_team Oasis,first 10 game minutes,production_command_revisit_nominal_median_s,0,1,0,1,,0.8461538175045544,,0.8461538175045544,,,0.8461538175045544,0.8461538175045544,,,,unavailable,"Original definitions retained; tatoh_ prefix denotes a legacy definition reused for MembTV, not player identity.",No recovered historical replay baseline; current team-game context cannot be pooled with professional 1v1 samples.
MembTV historical baseline unavailable,MembTV,,,2026,6-player rm_team Oasis,first 10 game minutes,rapid_destination_repeat_fraction,0,1,0,1,,0.2515923566878981,,0.2515923566878981,,,0.2515923566878981,0.2515923566878981,,,,unavailable,"Original definitions retained; tatoh_ prefix denotes a legacy definition reused for MembTV, not player identity.",No recovered historical replay baseline; current team-game context cannot be pooled with professional 1v1 samples.
MembTV historical baseline unavailable,MembTV,,,2026,6-player rm_team Oasis,first 10 game minutes,requested_queue_unit_type_ids,0,1,0,1,,1.0,,1.0,,,1.0,1.0,,,,unavailable,"Original definitions retained; tatoh_ prefix denotes a legacy definition reused for MembTV, not player identity.",No recovered historical replay baseline; current team-game context cannot be pooled with professional 1v1 samples.
MembTV historical baseline unavailable,MembTV,,,2026,6-player rm_team Oasis,first 10 game minutes,research_commands_nominal_min,0,1,0,1,,0.16900000572204588,,0.16900000572204588,,,0.16900000572204588,0.16900000572204588,,,,unavailable,"Original definitions retained; tatoh_ prefix denotes a legacy definition reused for MembTV, not player identity.",No recovered historical replay baseline; current team-game context cannot be pooled with professional 1v1 samples.
MembTV historical baseline unavailable,MembTV,,,2026,6-player rm_team Oasis,first 10 game minutes,same_actor_gap_nominal_median_s,0,1,0,1,,0.23846153038765786,,0.23846153038765786,,,0.23846153038765786,0.23846153038765786,,,,unavailable,"Original definitions retained; tatoh_ prefix denotes a legacy definition reused for MembTV, not player identity.",No recovered historical replay baseline; current team-game context cannot be pooled with professional 1v1 samples.
MembTV historical baseline unavailable,MembTV,,,2026,6-player rm_team Oasis,first 10 game minutes,same_actor_pair_count,0,1,0,1,,5.0,,5.0,,,5.0,5.0,,,,unavailable,"Original definitions retained; tatoh_ prefix denotes a legacy definition reused for MembTV, not player identity.",No recovered historical replay baseline; current team-game context cannot be pooled with professional 1v1 samples.
MembTV historical baseline unavailable,MembTV,,,2026,6-player rm_team Oasis,first 10 game minutes,same_actor_recommand_under1s_fraction,0,1,0,1,,1.0,,1.0,,,1.0,1.0,,,,unavailable,"Original definitions retained; tatoh_ prefix denotes a legacy definition reused for MembTV, not player identity.",No recovered historical replay baseline; current team-game context cannot be pooled with professional 1v1 samples.
MembTV historical baseline unavailable,MembTV,,,2026,6-player rm_team Oasis,first 10 game minutes,simultaneous_core_gap_fraction,0,1,0,1,,0.0,,0.0,,,0.0,0.0,,,,unavailable,"Original definitions retained; tatoh_ prefix denotes a legacy definition reused for MembTV, not player identity.",No recovered historical replay baseline; current team-game context cannot be pooled with professional 1v1 samples.
MembTV historical baseline unavailable,MembTV,,,2026,6-player rm_team Oasis,first 10 game minutes,tatoh_cpm_0_5,0,0,0,0,,,,,,,,,,,,unavailable,"Original definitions retained; tatoh_ prefix denotes a legacy definition reused for MembTV, not player identity.",No recovered historical replay baseline; current team-game context cannot be pooled with professional 1v1 samples.
MembTV historical baseline unavailable,MembTV,,,2026,6-player rm_team Oasis,first 10 game minutes,tatoh_cpm_10_15,0,0,0,0,,,,,,,,,,,,unavailable,"Original definitions retained; tatoh_ prefix denotes a legacy definition reused for MembTV, not player identity.",No recovered historical replay baseline; current team-game context cannot be pooled with professional 1v1 samples.
MembTV historical baseline unavailable,MembTV,,,2026,6-player rm_team Oasis,first 10 game minutes,tatoh_cpm_10_20,0,0,0,0,,,,,,,,,,,,unavailable,"Original definitions retained; tatoh_ prefix denotes a legacy definition reused for MembTV, not player identity.",No recovered historical replay baseline; current team-game context cannot be pooled with professional 1v1 samples.
MembTV historical baseline unavailable,MembTV,,,2026,6-player rm_team Oasis,first 10 game minutes,tatoh_cpm_15_20,0,0,0,0,,,,,,,,,,,,unavailable,"Original definitions retained; tatoh_ prefix denotes a legacy definition reused for MembTV, not player identity.",No recovered historical replay baseline; current team-game context cannot be pooled with professional 1v1 samples.
MembTV historical baseline unavailable,MembTV,,,2026,6-player rm_team Oasis,first 10 game minutes,tatoh_cpm_5_10,0,0,0,0,,,,,,,,,,,,unavailable,"Original definitions retained; tatoh_ prefix denotes a legacy definition reused for MembTV, not player identity.",No recovered historical replay baseline; current team-game context cannot be pooled with professional 1v1 samples.
MembTV historical baseline unavailable,MembTV,,,2026,6-player rm_team Oasis,first 10 game minutes,tatoh_dedup_open_cpm,0,0,0,0,,,,,,,,,,,,unavailable,"Original definitions retained; tatoh_ prefix denotes a legacy definition reused for MembTV, not player identity.",No recovered historical replay baseline; current team-game context cannot be pooled with professional 1v1 samples.
MembTV historical baseline unavailable,MembTV,,,2026,6-player rm_team Oasis,first 10 game minutes,tatoh_dedup_whole_cpm,0,0,0,0,,,,,,,,,,,,unavailable,"Original definitions retained; tatoh_ prefix denotes a legacy definition reused for MembTV, not player identity.",No recovered historical replay baseline; current team-game context cannot be pooled with professional 1v1 samples.
MembTV historical baseline unavailable,MembTV,,,2026,6-player rm_team Oasis,first 10 game minutes,tatoh_gap_p50_open,0,0,0,0,,,,,,,,,,,,unavailable,"Original definitions retained; tatoh_ prefix denotes a legacy definition reused for MembTV, not player identity.",No recovered historical replay baseline; current team-game context cannot be pooled with professional 1v1 samples.
MembTV historical baseline unavailable,MembTV,,,2026,6-player rm_team Oasis,first 10 game minutes,tatoh_gap_p90_open,0,0,0,0,,,,,,,,,,,,unavailable,"Original definitions retained; tatoh_ prefix denotes a legacy definition reused for MembTV, not player identity.",No recovered historical replay baseline; current team-game context cannot be pooled with professional 1v1 samples.
MembTV historical baseline unavailable,MembTV,,,2026,6-player rm_team Oasis,first 10 game minutes,tatoh_gap_p99_10_20,0,0,0,0,,,,,,,,,,,,unavailable,"Original definitions retained; tatoh_ prefix denotes a legacy definition reused for MembTV, not player identity.",No recovered historical replay baseline; current team-game context cannot be pooled with professional 1v1 samples.
MembTV historical baseline unavailable,MembTV,,,2026,6-player rm_team Oasis,first 10 game minutes,tatoh_gap_p99_open,0,0,0,0,,,,,,,,,,,,unavailable,"Original definitions retained; tatoh_ prefix denotes a legacy definition reused for MembTV, not player identity.",No recovered historical replay baseline; current team-game context cannot be pooled with professional 1v1 samples.
MembTV historical baseline unavailable,MembTV,,,2026,6-player rm_team Oasis,first 10 game minutes,tatoh_reclick_open,0,0,0,0,,,,,,,,,,,,unavailable,"Original definitions retained; tatoh_ prefix denotes a legacy definition reused for MembTV, not player identity.",No recovered historical replay baseline; current team-game context cannot be pooled with professional 1v1 samples.
MembTV historical baseline unavailable,MembTV,,,2026,6-player rm_team Oasis,first 10 game minutes,tatoh_reclick_whole,0,0,0,0,,,,,,,,,,,,unavailable,"Original definitions retained; tatoh_ prefix denotes a legacy definition reused for MembTV, not player identity.",No recovered historical replay baseline; current team-game context cannot be pooled with professional 1v1 samples.
MembTV historical baseline unavailable,MembTV,,,2026,6-player rm_team Oasis,first 10 game minutes,valid_target_order_fraction,0,1,0,1,,1.0,,1.0,,,1.0,1.0,,,,unavailable,"Original definitions retained; tatoh_ prefix denotes a legacy definition reused for MembTV, not player identity.",No recovered historical replay baseline; current team-game context cannot be pooled with professional 1v1 samples.
MembTV historical baseline unavailable,MembTV,,,2026,6-player rm_team Oasis,first 10 game minutes,wall_commands_nominal_min,0,1,0,1,,0.16900000572204588,,0.16900000572204588,,,0.16900000572204588,0.16900000572204588,,,,unavailable,"Original definitions retained; tatoh_ prefix denotes a legacy definition reused for MembTV, not player identity.",No recovered historical replay baseline; current team-game context cannot be pooled with professional 1v1 samples.
MembTV historical baseline unavailable,MembTV,,,2026,6-player rm_team Oasis,whole available replay,actor_group_change_fraction,0,1,0,1,,0.7835051546391752,,0.7835051546391752,,,0.7835051546391752,0.7835051546391752,,,,unavailable,"Original definitions retained; tatoh_ prefix denotes a legacy definition reused for MembTV, not player identity.",No recovered historical replay baseline; current team-game context cannot be pooled with professional 1v1 samples.
MembTV historical baseline unavailable,MembTV,,,2026,6-player rm_team Oasis,whole available replay,actor_group_ge10_fraction,0,1,0,1,,0.0,,0.0,,,0.0,0.0,,,,unavailable,"Original definitions retained; tatoh_ prefix denotes a legacy definition reused for MembTV, not player identity.",No recovered historical replay baseline; current team-game context cannot be pooled with professional 1v1 samples.
MembTV historical baseline unavailable,MembTV,,,2026,6-player rm_team Oasis,whole available replay,actor_group_size_median,0,1,0,1,,1.0,,1.0,,,1.0,1.0,,,,unavailable,"Original definitions retained; tatoh_ prefix denotes a legacy definition reused for MembTV, not player identity.",No recovered historical replay baseline; current team-game context cannot be pooled with professional 1v1 samples.
MembTV historical baseline unavailable,MembTV,,,2026,6-player rm_team Oasis,whole available replay,actor_group_size_p90,0,1,0,1,,3.700000000000017,,3.700000000000017,,,3.700000000000017,3.700000000000017,,,,unavailable,"Original definitions retained; tatoh_ prefix denotes a legacy definition reused for MembTV, not player identity.",No recovered historical replay baseline; current team-game context cannot be pooled with professional 1v1 samples.
MembTV historical baseline unavailable,MembTV,,,2026,6-player rm_team Oasis,whole available replay,actor_overlap_jaccard_median,0,1,0,1,,0.0,,0.0,,,0.0,0.0,,,,unavailable,"Original definitions retained; tatoh_ prefix denotes a legacy definition reused for MembTV, not player identity.",No recovered historical replay baseline; current team-game context cannot be pooled with professional 1v1 samples.
MembTV historical baseline unavailable,MembTV,,,2026,6-player rm_team Oasis,whole available replay,actor_pair_count,0,1,0,1,,97.0,,97.0,,,97.0,97.0,,,,unavailable,"Original definitions retained; tatoh_ prefix denotes a legacy definition reused for MembTV, not player identity.",No recovered historical replay baseline; current team-game context cannot be pooled with professional 1v1 samples.
MembTV historical baseline unavailable,MembTV,,,2026,6-player rm_team Oasis,whole available replay,all_recorded_cpm,0,1,0,1,,65.73150274173229,,65.73150274173229,,,65.73150274173229,65.73150274173229,,,,unavailable,"Original definitions retained; tatoh_ prefix denotes a legacy definition reused for MembTV, not player identity.",No recovered historical replay baseline; current team-game context cannot be pooled with professional 1v1 samples.
MembTV historical baseline unavailable,MembTV,,,2026,6-player rm_team Oasis,whole available replay,build_commands_nominal_min,0,1,0,1,,3.566283659391858,,3.566283659391858,,,3.566283659391858,3.566283659391858,,,,unavailable,"Original definitions retained; tatoh_ prefix denotes a legacy definition reused for MembTV, not player identity.",No recovered historical replay baseline; current team-game context cannot be pooled with professional 1v1 samples.
MembTV historical baseline unavailable,MembTV,,,2026,6-player rm_team Oasis,whole available replay,castle_request_game_s,0,1,0,1,,711.111,,711.111,,,711.111,711.111,,,,unavailable,"Original definitions retained; tatoh_ prefix denotes a legacy definition reused for MembTV, not player identity.",No recovered historical replay baseline; current team-game context cannot be pooled with professional 1v1 samples.
MembTV historical baseline unavailable,MembTV,,,2026,6-player rm_team Oasis,whole available replay,command_silence_ge10s_time_fraction,0,1,0,1,,0.08183956620354288,,0.08183956620354288,,,0.08183956620354288,0.08183956620354288,,,,unavailable,"Original definitions retained; tatoh_ prefix denotes a legacy definition reused for MembTV, not player identity.",No recovered historical replay baseline; current team-game context cannot be pooled with professional 1v1 samples.
MembTV historical baseline unavailable,MembTV,,,2026,6-player rm_team Oasis,whole available replay,command_silence_ge5s_time_fraction,0,1,0,1,,0.299750151888067,,0.299750151888067,,,0.299750151888067,0.299750151888067,,,,unavailable,"Original definitions retained; tatoh_ prefix denotes a legacy definition reused for MembTV, not player identity.",No recovered historical replay baseline; current team-game context cannot be pooled with professional 1v1 samples.
MembTV historical baseline unavailable,MembTV,,,2026,6-player rm_team Oasis,whole available replay,commanded_actor_ids,0,1,0,1,,46.0,,46.0,,,46.0,46.0,,,,unavailable,"Original definitions retained; tatoh_ prefix denotes a legacy definition reused for MembTV, not player identity.",No recovered historical replay baseline; current team-game context cannot be pooled with professional 1v1 samples.
MembTV historical baseline unavailable,MembTV,,,2026,6-player rm_team Oasis,whole available replay,coordinate_coverage,0,1,0,1,,1.0,,1.0,,,1.0,1.0,,,,unavailable,"Original definitions retained; tatoh_ prefix denotes a legacy definition reused for MembTV, not player identity.",No recovered historical replay baseline; current team-game context cannot be pooled with professional 1v1 samples.
MembTV historical baseline unavailable,MembTV,,,2026,6-player rm_team Oasis,whole available replay,core_category_entropy_bits,0,1,0,1,,1.2142434687483876,,1.2142434687483876,,,1.2142434687483876,1.2142434687483876,,,,unavailable,"Original definitions retained; tatoh_ prefix denotes a legacy definition reused for MembTV, not player identity.",No recovered historical replay baseline; current team-game context cannot be pooled with professional 1v1 samples.
MembTV historical baseline unavailable,MembTV,,,2026,6-player rm_team Oasis,whole available replay,core_category_switch_fraction,0,1,0,1,,0.24293785310734464,,0.24293785310734464,,,0.24293785310734464,0.24293785310734464,,,,unavailable,"Original definitions retained; tatoh_ prefix denotes a legacy definition reused for MembTV, not player identity.",No recovered historical replay baseline; current team-game context cannot be pooled with professional 1v1 samples.
MembTV historical baseline unavailable,MembTV,,,2026,6-player rm_team Oasis,whole available replay,core_count_5s_cv,0,1,0,1,,0.7510243872383402,,0.7510243872383402,,,0.7510243872383402,0.7510243872383402,,,,unavailable,"Original definitions retained; tatoh_ prefix denotes a legacy definition reused for MembTV, not player identity.",No recovered historical replay baseline; current team-game context cannot be pooled with professional 1v1 samples.
MembTV historical baseline unavailable,MembTV,,,2026,6-player rm_team Oasis,whole available replay,core_cpm,0,1,0,1,,49.57833557860446,,49.57833557860446,,,49.57833557860446,49.57833557860446,,,,unavailable,"Original definitions retained; tatoh_ prefix denotes a legacy definition reused for MembTV, not player identity.",No recovered historical replay baseline; current team-game context cannot be pooled with professional 1v1 samples.
MembTV historical baseline unavailable,MembTV,,,2026,6-player rm_team Oasis,whole available replay,core_gap_burstiness,0,1,0,1,,0.20590091338005165,,0.20590091338005165,,,0.20590091338005165,0.20590091338005165,,,,unavailable,"Original definitions retained; tatoh_ prefix denotes a legacy definition reused for MembTV, not player identity.",No recovered historical replay baseline; current team-game context cannot be pooled with professional 1v1 samples.
MembTV historical baseline unavailable,MembTV,,,2026,6-player rm_team Oasis,whole available replay,core_gap_cv,0,1,0,1,,1.5185773837279195,,1.5185773837279195,,,1.5185773837279195,1.5185773837279195,,,,unavailable,"Original definitions retained; tatoh_ prefix denotes a legacy definition reused for MembTV, not player identity.",No recovered historical replay baseline; current team-game context cannot be pooled with professional 1v1 samples.
MembTV historical baseline unavailable,MembTV,,,2026,6-player rm_team Oasis,whole available replay,core_gap_max_s,0,1,0,1,,17.304141425946227,,17.304141425946227,,,17.304141425946227,17.304141425946227,,,,unavailable,"Original definitions retained; tatoh_ prefix denotes a legacy definition reused for MembTV, not player identity.",No recovered historical replay baseline; current team-game context cannot be pooled with professional 1v1 samples.
MembTV historical baseline unavailable,MembTV,,,2026,6-player rm_team Oasis,whole available replay,core_gap_p10_s,0,1,0,1,,0.12307691890970318,,0.12307691890970318,,,0.12307691890970318,0.12307691890970318,,,,unavailable,"Original definitions retained; tatoh_ prefix denotes a legacy definition reused for MembTV, not player identity.",No recovered historical replay baseline; current team-game context cannot be pooled with professional 1v1 samples.
MembTV historical baseline unavailable,MembTV,,,2026,6-player rm_team Oasis,whole available replay,core_gap_p50_s,0,1,0,1,,0.4846153682071801,,0.4846153682071801,,,0.4846153682071801,0.4846153682071801,,,,unavailable,"Original definitions retained; tatoh_ prefix denotes a legacy definition reused for MembTV, not player identity.",No recovered historical replay baseline; current team-game context cannot be pooled with professional 1v1 samples.
MembTV historical baseline unavailable,MembTV,,,2026,6-player rm_team Oasis,whole available replay,core_gap_p90_s,0,1,0,1,,3.0522484173662248,,3.0522484173662248,,,3.0522484173662248,3.0522484173662248,,,,unavailable,"Original definitions retained; tatoh_ prefix denotes a legacy definition reused for MembTV, not player identity.",No recovered historical replay baseline; current team-game context cannot be pooled with professional 1v1 samples.
MembTV historical baseline unavailable,MembTV,,,2026,6-player rm_team Oasis,whole available replay,core_gap_p99_s,0,1,0,1,,8.608437578355785,,8.608437578355785,,,8.608437578355785,8.608437578355785,,,,unavailable,"Original definitions retained; tatoh_ prefix denotes a legacy definition reused for MembTV, not player identity.",No recovered historical replay baseline; current team-game context cannot be pooled with professional 1v1 samples.
MembTV historical baseline unavailable,MembTV,,,2026,6-player rm_team Oasis,whole available replay,core_same_type_triplet_fraction,0,1,0,1,,0.5968882602545968,,0.5968882602545968,,,0.5968882602545968,0.5968882602545968,,,,unavailable,"Original definitions retained; tatoh_ prefix denotes a legacy definition reused for MembTV, not player identity.",No recovered historical replay baseline; current team-game context cannot be pooled with professional 1v1 samples.
MembTV historical baseline unavailable,MembTV,,,2026,6-player rm_team Oasis,whole available replay,core_type_entropy_bits,0,1,0,1,,1.253272048949399,,1.253272048949399,,,1.253272048949399,1.253272048949399,,,,unavailable,"Original definitions retained; tatoh_ prefix denotes a legacy definition reused for MembTV, not player identity.",No recovered historical replay baseline; current team-game context cannot be pooled with professional 1v1 samples.
MembTV historical baseline unavailable,MembTV,,,2026,6-player rm_team Oasis,whole available replay,core_type_switch_fraction,0,1,0,1,,0.25,,0.25,,,0.25,0.25,,,,unavailable,"Original definitions retained; tatoh_ prefix denotes a legacy definition reused for MembTV, not player identity.",No recovered historical replay baseline; current team-game context cannot be pooled with professional 1v1 samples.
MembTV historical baseline unavailable,MembTV,,,2026,6-player rm_team Oasis,whole available replay,core_type_transition_entropy_bits,0,1,0,1,,0.9804232499009525,,0.9804232499009525,,,0.9804232499009525,0.9804232499009525,,,,unavailable,"Original definitions retained; tatoh_ prefix denotes a legacy definition reused for MembTV, not player identity.",No recovered historical replay baseline; current team-game context cannot be pooled with professional 1v1 samples.
MembTV historical baseline unavailable,MembTV,,,2026,6-player rm_team Oasis,whole available replay,dedup_core_cpm,0,1,0,1,,33.91465832951081,,33.91465832951081,,,33.91465832951081,33.91465832951081,,,,unavailable,"Original definitions retained; tatoh_ prefix denotes a legacy definition reused for MembTV, not player identity.",No recovered historical replay baseline; current team-game context cannot be pooled with professional 1v1 samples.
MembTV historical baseline unavailable,MembTV,,,2026,6-player rm_team Oasis,whole available replay,destination_cell_switch_fraction,0,1,0,1,,0.19175911251980982,,0.19175911251980982,,,0.19175911251980982,0.19175911251980982,,,,unavailable,"Original definitions retained; tatoh_ prefix denotes a legacy definition reused for MembTV, not player identity.",No recovered historical replay baseline; current team-game context cannot be pooled with professional 1v1 samples.
MembTV historical baseline unavailable,MembTV,,,2026,6-player rm_team Oasis,whole available replay,destination_entropy_4x4_bits,0,1,0,1,,2.2855170330022463,,2.2855170330022463,,,2.2855170330022463,2.2855170330022463,,,,unavailable,"Original definitions retained; tatoh_ prefix denotes a legacy definition reused for MembTV, not player identity.",No recovered historical replay baseline; current team-game context cannot be pooled with professional 1v1 samples.
MembTV historical baseline unavailable,MembTV,,,2026,6-player rm_team Oasis,whole available replay,destination_jump_diagonal_p50,0,1,0,1,,0.012232005702294964,,0.012232005702294964,,,0.012232005702294964,0.012232005702294964,,,,unavailable,"Original definitions retained; tatoh_ prefix denotes a legacy definition reused for MembTV, not player identity.",No recovered historical replay baseline; current team-game context cannot be pooled with professional 1v1 samples.
MembTV historical baseline unavailable,MembTV,,,2026,6-player rm_team Oasis,whole available replay,destination_jump_diagonal_p90,0,1,0,1,,0.16026097389416172,,0.16026097389416172,,,0.16026097389416172,0.16026097389416172,,,,unavailable,"Original definitions retained; tatoh_ prefix denotes a legacy definition reused for MembTV, not player identity.",No recovered historical replay baseline; current team-game context cannot be pooled with professional 1v1 samples.
MembTV historical baseline unavailable,MembTV,,,2026,6-player rm_team Oasis,whole available replay,destination_jump_ge_quarter_fraction,0,1,0,1,,0.04595879556259905,,0.04595879556259905,,,0.04595879556259905,0.04595879556259905,,,,unavailable,"Original definitions retained; tatoh_ prefix denotes a legacy definition reused for MembTV, not player identity.",No recovered historical replay baseline; current team-game context cannot be pooled with professional 1v1 samples.
MembTV historical baseline unavailable,MembTV,,,2026,6-player rm_team Oasis,whole available replay,distinct_building_type_ids,0,1,0,1,,13.0,,13.0,,,13.0,13.0,,,,unavailable,"Original definitions retained; tatoh_ prefix denotes a legacy definition reused for MembTV, not player identity.",No recovered historical replay baseline; current team-game context cannot be pooled with professional 1v1 samples.
MembTV historical baseline unavailable,MembTV,,,2026,6-player rm_team Oasis,whole available replay,distinct_order_target_ids,0,1,0,1,,46.0,,46.0,,,46.0,46.0,,,,unavailable,"Original definitions retained; tatoh_ prefix denotes a legacy definition reused for MembTV, not player identity.",No recovered historical replay baseline; current team-game context cannot be pooled with professional 1v1 samples.
MembTV historical baseline unavailable,MembTV,,,2026,6-player rm_team Oasis,whole available replay,distinct_research_type_ids,0,1,0,1,,9.0,,9.0,,,9.0,9.0,,,,unavailable,"Original definitions retained; tatoh_ prefix denotes a legacy definition reused for MembTV, not player identity.",No recovered historical replay baseline; current team-game context cannot be pooled with professional 1v1 samples.
MembTV historical baseline unavailable,MembTV,,,2026,6-player rm_team Oasis,whole available replay,empty_5s_bin_fraction,0,1,0,1,,0.09883720930232558,,0.09883720930232558,,,0.09883720930232558,0.09883720930232558,,,,unavailable,"Original definitions retained; tatoh_ prefix denotes a legacy definition reused for MembTV, not player identity.",No recovered historical replay baseline; current team-game context cannot be pooled with professional 1v1 samples.
MembTV historical baseline unavailable,MembTV,,,2026,6-player rm_team Oasis,whole available replay,explicit_actor_commands,0,1,0,1,,234.0,,234.0,,,234.0,234.0,,,,unavailable,"Original definitions retained; tatoh_ prefix denotes a legacy definition reused for MembTV, not player identity.",No recovered historical replay baseline; current team-game context cannot be pooled with professional 1v1 samples.
MembTV historical baseline unavailable,MembTV,,,2026,6-player rm_team Oasis,whole available replay,explicit_actor_coverage,0,1,0,1,,0.370253164556962,,0.370253164556962,,,0.370253164556962,0.370253164556962,,,,unavailable,"Original definitions retained; tatoh_ prefix denotes a legacy definition reused for MembTV, not player identity.",No recovered historical replay baseline; current team-game context cannot be pooled with professional 1v1 samples.
MembTV historical baseline unavailable,MembTV,,,2026,6-player rm_team Oasis,whole available replay,explicitly_commanded_production_building_ids,0,1,0,1,,6.0,,6.0,,,6.0,6.0,,,,unavailable,"Original definitions retained; tatoh_ prefix denotes a legacy definition reused for MembTV, not player identity.",No recovered historical replay baseline; current team-game context cannot be pooled with professional 1v1 samples.
MembTV historical baseline unavailable,MembTV,,,2026,6-player rm_team Oasis,whole available replay,feudal_request_game_s,0,1,0,1,,505.525,,505.525,,,505.525,505.525,,,,unavailable,"Original definitions retained; tatoh_ prefix denotes a legacy definition reused for MembTV, not player identity.",No recovered historical replay baseline; current team-game context cannot be pooled with professional 1v1 samples.
MembTV historical baseline unavailable,MembTV,,,2026,6-player rm_team Oasis,whole available replay,first_core_command_nominal_s,0,1,0,1,,1.8662721261603858,,1.8662721261603858,,,1.8662721261603858,1.8662721261603858,,,,unavailable,"Original definitions retained; tatoh_ prefix denotes a legacy definition reused for MembTV, not player identity.",No recovered historical replay baseline; current team-game context cannot be pooled with professional 1v1 samples.
MembTV historical baseline unavailable,MembTV,,,2026,6-player rm_team Oasis,whole available replay,imperial_request_game_s,0,0,0,0,,,,,,,,,,,,unavailable,"Original definitions retained; tatoh_ prefix denotes a legacy definition reused for MembTV, not player identity.",No recovered historical replay baseline; current team-game context cannot be pooled with professional 1v1 samples.
MembTV historical baseline unavailable,MembTV,,,2026,6-player rm_team Oasis,whole available replay,legacy_command_class_entropy_bits,0,1,0,1,,1.2142434687483876,,1.2142434687483876,,,1.2142434687483876,1.2142434687483876,,,,unavailable,"Original definitions retained; tatoh_ prefix denotes a legacy definition reused for MembTV, not player identity.",No recovered historical replay baseline; current team-game context cannot be pooled with professional 1v1 samples.
MembTV historical baseline unavailable,MembTV,,,2026,6-player rm_team Oasis,whole available replay,legacy_core_silence_over5s_fraction,0,1,0,1,,0.29975015188806714,,0.29975015188806714,,,0.29975015188806714,0.29975015188806714,,,,unavailable,"Original definitions retained; tatoh_ prefix denotes a legacy definition reused for MembTV, not player identity.",No recovered historical replay baseline; current team-game context cannot be pooled with professional 1v1 samples.
MembTV historical baseline unavailable,MembTV,,,2026,6-player rm_team Oasis,whole available replay,legacy_duration_game_min,0,1,0,1,,24.168016666666666,,24.168016666666666,,,24.168016666666666,24.168016666666666,,,,unavailable,"Original definitions retained; tatoh_ prefix denotes a legacy definition reused for MembTV, not player identity.",No recovered historical replay baseline; current team-game context cannot be pooled with professional 1v1 samples.
MembTV historical baseline unavailable,MembTV,,,2026,6-player rm_team Oasis,whole available replay,legacy_move_share,0,1,0,1,,0.7320169252468265,,0.7320169252468265,,,0.7320169252468265,0.7320169252468265,,,,unavailable,"Original definitions retained; tatoh_ prefix denotes a legacy definition reused for MembTV, not player identity.",No recovered historical replay baseline; current team-game context cannot be pooled with professional 1v1 samples.
MembTV historical baseline unavailable,MembTV,,,2026,6-player rm_team Oasis,whole available replay,legacy_peak_10s_nominal_cpm,0,1,0,1,,186,,186,,,186,186,,,,unavailable,"Original definitions retained; tatoh_ prefix denotes a legacy definition reused for MembTV, not player identity.",No recovered historical replay baseline; current team-game context cannot be pooled with professional 1v1 samples.
MembTV historical baseline unavailable,MembTV,,,2026,6-player rm_team Oasis,whole available replay,legacy_planning_command_share,0,1,0,1,,0.10437235543018336,,0.10437235543018336,,,0.10437235543018336,0.10437235543018336,,,,unavailable,"Original definitions retained; tatoh_ prefix denotes a legacy definition reused for MembTV, not player identity.",No recovered historical replay baseline; current team-game context cannot be pooled with professional 1v1 samples.
MembTV historical baseline unavailable,MembTV,,,2026,6-player rm_team Oasis,whole available replay,legacy_queue_batch_gt1_fraction,0,1,0,1,,0,,0,,,0,0,,,,unavailable,"Original definitions retained; tatoh_ prefix denotes a legacy definition reused for MembTV, not player identity.",No recovered historical replay baseline; current team-game context cannot be pooled with professional 1v1 samples.
MembTV historical baseline unavailable,MembTV,,,2026,6-player rm_team Oasis,whole available replay,legacy_queue_batch_mean,0,1,0,1,,1,,1,,,1,1,,,,unavailable,"Original definitions retained; tatoh_ prefix denotes a legacy definition reused for MembTV, not player identity.",No recovered historical replay baseline; current team-game context cannot be pooled with professional 1v1 samples.
MembTV historical baseline unavailable,MembTV,,,2026,6-player rm_team Oasis,whole available replay,legacy_switches_per_100_commands,0,1,0,1,,24.293785310734464,,24.293785310734464,,,24.293785310734464,24.293785310734464,,,,unavailable,"Original definitions retained; tatoh_ prefix denotes a legacy definition reused for MembTV, not player identity.",No recovered historical replay baseline; current team-game context cannot be pooled with professional 1v1 samples.
MembTV historical baseline unavailable,MembTV,,,2026,6-player rm_team Oasis,whole available replay,market_commands_nominal_min,0,1,0,1,,0.06992713057631093,,0.06992713057631093,,,0.06992713057631093,0.06992713057631093,,,,unavailable,"Original definitions retained; tatoh_ prefix denotes a legacy definition reused for MembTV, not player identity.",No recovered historical replay baseline; current team-game context cannot be pooled with professional 1v1 samples.
MembTV historical baseline unavailable,MembTV,,,2026,6-player rm_team Oasis,whole available replay,move_order_commands,0,1,0,1,,632.0,,632.0,,,632.0,632.0,,,,unavailable,"Original definitions retained; tatoh_ prefix denotes a legacy definition reused for MembTV, not player identity.",No recovered historical replay baseline; current team-game context cannot be pooled with professional 1v1 samples.
MembTV historical baseline unavailable,MembTV,,,2026,6-player rm_team Oasis,whole available replay,noncore_action_fraction,0,1,0,1,,0.24574468085106382,,0.24574468085106382,,,0.24574468085106382,0.24574468085106382,,,,unavailable,"Original definitions retained; tatoh_ prefix denotes a legacy definition reused for MembTV, not player identity.",No recovered historical replay baseline; current team-game context cannot be pooled with professional 1v1 samples.
MembTV historical baseline unavailable,MembTV,,,2026,6-player rm_team Oasis,whole available replay,peak_5s_nominal_cpm,0,1,0,1,,240.0,,240.0,,,240.0,240.0,,,,unavailable,"Original definitions retained; tatoh_ prefix denotes a legacy definition reused for MembTV, not player identity.",No recovered historical replay baseline; current team-game context cannot be pooled with professional 1v1 samples.
MembTV historical baseline unavailable,MembTV,,,2026,6-player rm_team Oasis,whole available replay,positive_de_queue_commands,0,1,0,1,,84.0,,84.0,,,84.0,84.0,,,,unavailable,"Original definitions retained; tatoh_ prefix denotes a legacy definition reused for MembTV, not player identity.",No recovered historical replay baseline; current team-game context cannot be pooled with professional 1v1 samples.
MembTV historical baseline unavailable,MembTV,,,2026,6-player rm_team Oasis,whole available replay,positive_queue_amount_mean,0,1,0,1,,1.0,,1.0,,,1.0,1.0,,,,unavailable,"Original definitions retained; tatoh_ prefix denotes a legacy definition reused for MembTV, not player identity.",No recovered historical replay baseline; current team-game context cannot be pooled with professional 1v1 samples.
MembTV historical baseline unavailable,MembTV,,,2026,6-player rm_team Oasis,whole available replay,production_command_revisit_nominal_median_s,0,1,0,1,,8.191715698974154,,8.191715698974154,,,8.191715698974154,8.191715698974154,,,,unavailable,"Original definitions retained; tatoh_ prefix denotes a legacy definition reused for MembTV, not player identity.",No recovered historical replay baseline; current team-game context cannot be pooled with professional 1v1 samples.
MembTV historical baseline unavailable,MembTV,,,2026,6-player rm_team Oasis,whole available replay,rapid_destination_repeat_fraction,0,1,0,1,,0.3549920760697306,,0.3549920760697306,,,0.3549920760697306,0.3549920760697306,,,,unavailable,"Original definitions retained; tatoh_ prefix denotes a legacy definition reused for MembTV, not player identity.",No recovered historical replay baseline; current team-game context cannot be pooled with professional 1v1 samples.
MembTV historical baseline unavailable,MembTV,,,2026,6-player rm_team Oasis,whole available replay,requested_queue_unit_type_ids,0,1,0,1,,5.0,,5.0,,,5.0,5.0,,,,unavailable,"Original definitions retained; tatoh_ prefix denotes a legacy definition reused for MembTV, not player identity.",No recovered historical replay baseline; current team-game context cannot be pooled with professional 1v1 samples.
MembTV historical baseline unavailable,MembTV,,,2026,6-player rm_team Oasis,whole available replay,research_commands_nominal_min,0,1,0,1,,1.118834089220975,,1.118834089220975,,,1.118834089220975,1.118834089220975,,,,unavailable,"Original definitions retained; tatoh_ prefix denotes a legacy definition reused for MembTV, not player identity.",No recovered historical replay baseline; current team-game context cannot be pooled with professional 1v1 samples.
MembTV historical baseline unavailable,MembTV,,,2026,6-player rm_team Oasis,whole available replay,same_actor_gap_nominal_median_s,0,1,0,1,,0.12603549869121677,,0.12603549869121677,,,0.12603549869121677,0.12603549869121677,,,,unavailable,"Original definitions retained; tatoh_ prefix denotes a legacy definition reused for MembTV, not player identity.",No recovered historical replay baseline; current team-game context cannot be pooled with professional 1v1 samples.
MembTV historical baseline unavailable,MembTV,,,2026,6-player rm_team Oasis,whole available replay,same_actor_pair_count,0,1,0,1,,21.0,,21.0,,,21.0,21.0,,,,unavailable,"Original definitions retained; tatoh_ prefix denotes a legacy definition reused for MembTV, not player identity.",No recovered historical replay baseline; current team-game context cannot be pooled with professional 1v1 samples.
MembTV historical baseline unavailable,MembTV,,,2026,6-player rm_team Oasis,whole available replay,same_actor_recommand_under1s_fraction,0,1,0,1,,0.9047619047619048,,0.9047619047619048,,,0.9047619047619048,0.9047619047619048,,,,unavailable,"Original definitions retained; tatoh_ prefix denotes a legacy definition reused for MembTV, not player identity.",No recovered historical replay baseline; current team-game context cannot be pooled with professional 1v1 samples.
MembTV historical baseline unavailable,MembTV,,,2026,6-player rm_team Oasis,whole available replay,simultaneous_core_gap_fraction,0,1,0,1,,0.0,,0.0,,,0.0,0.0,,,,unavailable,"Original definitions retained; tatoh_ prefix denotes a legacy definition reused for MembTV, not player identity.",No recovered historical replay baseline; current team-game context cannot be pooled with professional 1v1 samples.
MembTV historical baseline unavailable,MembTV,,,2026,6-player rm_team Oasis,whole available replay,tatoh_cpm_0_5,0,1,0,1,,74.69800252914428,,74.69800252914428,,,74.69800252914428,74.69800252914428,,,,unavailable,"Original definitions retained; tatoh_ prefix denotes a legacy definition reused for MembTV, not player identity.",No recovered historical replay baseline; current team-game context cannot be pooled with professional 1v1 samples.
MembTV historical baseline unavailable,MembTV,,,2026,6-player rm_team Oasis,whole available replay,tatoh_cpm_10_15,0,1,0,1,,45.630001544952385,,45.630001544952385,,,45.630001544952385,45.630001544952385,,,,unavailable,"Original definitions retained; tatoh_ prefix denotes a legacy definition reused for MembTV, not player identity.",No recovered historical replay baseline; current team-game context cannot be pooled with professional 1v1 samples.
MembTV historical baseline unavailable,MembTV,,,2026,6-player rm_team Oasis,whole available replay,tatoh_cpm_10_20,0,1,0,1,,49.3480016708374,,49.3480016708374,,,49.3480016708374,49.3480016708374,,,,unavailable,"Original definitions retained; tatoh_ prefix denotes a legacy definition reused for MembTV, not player identity.",No recovered historical replay baseline; current team-game context cannot be pooled with professional 1v1 samples.
MembTV historical baseline unavailable,MembTV,,,2026,6-player rm_team Oasis,whole available replay,tatoh_cpm_15_20,0,1,0,1,,53.066001796722404,,53.066001796722404,,,53.066001796722404,53.066001796722404,,,,unavailable,"Original definitions retained; tatoh_ prefix denotes a legacy definition reused for MembTV, not player identity.",No recovered historical replay baseline; current team-game context cannot be pooled with professional 1v1 samples.
MembTV historical baseline unavailable,MembTV,,,2026,6-player rm_team Oasis,whole available replay,tatoh_cpm_5_10,0,1,0,1,,36.16600122451782,,36.16600122451782,,,36.16600122451782,36.16600122451782,,,,unavailable,"Original definitions retained; tatoh_ prefix denotes a legacy definition reused for MembTV, not player identity.",No recovered historical replay baseline; current team-game context cannot be pooled with professional 1v1 samples.
MembTV historical baseline unavailable,MembTV,,,2026,6-player rm_team Oasis,whole available replay,tatoh_dedup_open_cpm,0,1,0,1,,42.08100142478942,,42.08100142478942,,,42.08100142478942,42.08100142478942,,,,unavailable,"Original definitions retained; tatoh_ prefix denotes a legacy definition reused for MembTV, not player identity.",No recovered historical replay baseline; current team-game context cannot be pooled with professional 1v1 samples.
MembTV historical baseline unavailable,MembTV,,,2026,6-player rm_team Oasis,whole available replay,tatoh_dedup_whole_cpm,0,1,0,1,,33.89128633419868,,33.89128633419868,,,33.89128633419868,33.89128633419868,,,,unavailable,"Original definitions retained; tatoh_ prefix denotes a legacy definition reused for MembTV, not player identity.",No recovered historical replay baseline; current team-game context cannot be pooled with professional 1v1 samples.
MembTV historical baseline unavailable,MembTV,,,2026,6-player rm_team Oasis,whole available replay,tatoh_gap_p50_open,0,1,0,1,,0.5999999796850091,,0.5999999796850091,,,0.5999999796850091,0.5999999796850091,,,,unavailable,"Original definitions retained; tatoh_ prefix denotes a legacy definition reused for MembTV, not player identity.",No recovered historical replay baseline; current team-game context cannot be pooled with professional 1v1 samples.
MembTV historical baseline unavailable,MembTV,,,2026,6-player rm_team Oasis,whole available replay,tatoh_gap_p90_open,0,1,0,1,,2.4538460707632153,,2.4538460707632153,,,2.4538460707632153,2.4538460707632153,,,,unavailable,"Original definitions retained; tatoh_ prefix denotes a legacy definition reused for MembTV, not player identity.",No recovered historical replay baseline; current team-game context cannot be pooled with professional 1v1 samples.
MembTV historical baseline unavailable,MembTV,,,2026,6-player rm_team Oasis,whole available replay,tatoh_gap_p99_10_20,0,1,0,1,,7.559230513288356,,7.559230513288356,,,7.559230513288356,7.559230513288356,,,,unavailable,"Original definitions retained; tatoh_ prefix denotes a legacy definition reused for MembTV, not player identity.",No recovered historical replay baseline; current team-game context cannot be pooled with professional 1v1 samples.
MembTV historical baseline unavailable,MembTV,,,2026,6-player rm_team Oasis,whole available replay,tatoh_gap_p99_open,0,1,0,1,,6.515692087082298,,6.515692087082298,,,6.515692087082298,6.515692087082298,,,,unavailable,"Original definitions retained; tatoh_ prefix denotes a legacy definition reused for MembTV, not player identity.",No recovered historical replay baseline; current team-game context cannot be pooled with professional 1v1 samples.
MembTV historical baseline unavailable,MembTV,,,2026,6-player rm_team Oasis,whole available replay,tatoh_reclick_open,0,1,0,1,,0.24085365853658536,,0.24085365853658536,,,0.24085365853658536,0.24085365853658536,,,,unavailable,"Original definitions retained; tatoh_ prefix denotes a legacy definition reused for MembTV, not player identity.",No recovered historical replay baseline; current team-game context cannot be pooled with professional 1v1 samples.
MembTV historical baseline unavailable,MembTV,,,2026,6-player rm_team Oasis,whole available replay,tatoh_reclick_whole,0,1,0,1,,0.3159379407616361,,0.3159379407616361,,,0.3159379407616361,0.3159379407616361,,,,unavailable,"Original definitions retained; tatoh_ prefix denotes a legacy definition reused for MembTV, not player identity.",No recovered historical replay baseline; current team-game context cannot be pooled with professional 1v1 samples.
MembTV historical baseline unavailable,MembTV,,,2026,6-player rm_team Oasis,whole available replay,valid_target_order_fraction,0,1,0,1,,1.0,,1.0,,,1.0,1.0,,,,unavailable,"Original definitions retained; tatoh_ prefix denotes a legacy definition reused for MembTV, not player identity.",No recovered historical replay baseline; current team-game context cannot be pooled with professional 1v1 samples.
MembTV historical baseline unavailable,MembTV,,,2026,6-player rm_team Oasis,whole available replay,wall_commands_nominal_min,0,1,0,1,,0.41956278345786563,,0.41956278345786563,,,0.41956278345786563,0.41956278345786563,,,,unavailable,"Original definitions retained; tatoh_ prefix denotes a legacy definition reused for MembTV, not player identity.",No recovered historical replay baseline; current team-game context cannot be pooled with professional 1v1 samples.
MembTV historical baseline unavailable,MembTV,,,2026,8-player rm_team Nomad,first 10 game minutes,actor_group_change_fraction,0,1,0,1,,0.6428571428571429,,0.6428571428571429,,,0.6428571428571429,0.6428571428571429,,,,unavailable,"Original definitions retained; tatoh_ prefix denotes a legacy definition reused for MembTV, not player identity.",No recovered historical replay baseline; current team-game context cannot be pooled with professional 1v1 samples.
MembTV historical baseline unavailable,MembTV,,,2026,8-player rm_team Nomad,first 10 game minutes,actor_group_ge10_fraction,0,1,0,1,,0.0,,0.0,,,0.0,0.0,,,,unavailable,"Original definitions retained; tatoh_ prefix denotes a legacy definition reused for MembTV, not player identity.",No recovered historical replay baseline; current team-game context cannot be pooled with professional 1v1 samples.
MembTV historical baseline unavailable,MembTV,,,2026,8-player rm_team Nomad,first 10 game minutes,actor_group_size_median,0,1,0,1,,1.0,,1.0,,,1.0,1.0,,,,unavailable,"Original definitions retained; tatoh_ prefix denotes a legacy definition reused for MembTV, not player identity.",No recovered historical replay baseline; current team-game context cannot be pooled with professional 1v1 samples.
MembTV historical baseline unavailable,MembTV,,,2026,8-player rm_team Nomad,first 10 game minutes,actor_group_size_p90,0,1,0,1,,2.0,,2.0,,,2.0,2.0,,,,unavailable,"Original definitions retained; tatoh_ prefix denotes a legacy definition reused for MembTV, not player identity.",No recovered historical replay baseline; current team-game context cannot be pooled with professional 1v1 samples.
MembTV historical baseline unavailable,MembTV,,,2026,8-player rm_team Nomad,first 10 game minutes,actor_overlap_jaccard_median,0,1,0,1,,0.0,,0.0,,,0.0,0.0,,,,unavailable,"Original definitions retained; tatoh_ prefix denotes a legacy definition reused for MembTV, not player identity.",No recovered historical replay baseline; current team-game context cannot be pooled with professional 1v1 samples.
MembTV historical baseline unavailable,MembTV,,,2026,8-player rm_team Nomad,first 10 game minutes,actor_pair_count,0,1,0,1,,42.0,,42.0,,,42.0,42.0,,,,unavailable,"Original definitions retained; tatoh_ prefix denotes a legacy definition reused for MembTV, not player identity.",No recovered historical replay baseline; current team-game context cannot be pooled with professional 1v1 samples.
MembTV historical baseline unavailable,MembTV,,,2026,8-player rm_team Nomad,first 10 game minutes,all_recorded_cpm,0,1,0,1,,74.0220025062561,,74.0220025062561,,,74.0220025062561,74.0220025062561,,,,unavailable,"Original definitions retained; tatoh_ prefix denotes a legacy definition reused for MembTV, not player identity.",No recovered historical replay baseline; current team-game context cannot be pooled with professional 1v1 samples.
MembTV historical baseline unavailable,MembTV,,,2026,8-player rm_team Nomad,first 10 game minutes,build_commands_nominal_min,0,1,0,1,,1.352000045776367,,1.352000045776367,,,1.352000045776367,1.352000045776367,,,,unavailable,"Original definitions retained; tatoh_ prefix denotes a legacy definition reused for MembTV, not player identity.",No recovered historical replay baseline; current team-game context cannot be pooled with professional 1v1 samples.
MembTV historical baseline unavailable,MembTV,,,2026,8-player rm_team Nomad,first 10 game minutes,castle_request_game_s,0,0,0,0,,,,,,,,,,,,unavailable,"Original definitions retained; tatoh_ prefix denotes a legacy definition reused for MembTV, not player identity.",No recovered historical replay baseline; current team-game context cannot be pooled with professional 1v1 samples.
MembTV historical baseline unavailable,MembTV,,,2026,8-player rm_team Nomad,first 10 game minutes,command_silence_ge10s_time_fraction,0,1,0,1,,0.02859000000000004,,0.02859000000000004,,,0.02859000000000004,0.02859000000000004,,,,unavailable,"Original definitions retained; tatoh_ prefix denotes a legacy definition reused for MembTV, not player identity.",No recovered historical replay baseline; current team-game context cannot be pooled with professional 1v1 samples.
MembTV historical baseline unavailable,MembTV,,,2026,8-player rm_team Nomad,first 10 game minutes,command_silence_ge5s_time_fraction,0,1,0,1,,0.21238666666666658,,0.21238666666666658,,,0.21238666666666658,0.21238666666666658,,,,unavailable,"Original definitions retained; tatoh_ prefix denotes a legacy definition reused for MembTV, not player identity.",No recovered historical replay baseline; current team-game context cannot be pooled with professional 1v1 samples.
MembTV historical baseline unavailable,MembTV,,,2026,8-player rm_team Nomad,first 10 game minutes,commanded_actor_ids,0,1,0,1,,18.0,,18.0,,,18.0,18.0,,,,unavailable,"Original definitions retained; tatoh_ prefix denotes a legacy definition reused for MembTV, not player identity.",No recovered historical replay baseline; current team-game context cannot be pooled with professional 1v1 samples.
MembTV historical baseline unavailable,MembTV,,,2026,8-player rm_team Nomad,first 10 game minutes,coordinate_coverage,0,1,0,1,,1.0,,1.0,,,1.0,1.0,,,,unavailable,"Original definitions retained; tatoh_ prefix denotes a legacy definition reused for MembTV, not player identity.",No recovered historical replay baseline; current team-game context cannot be pooled with professional 1v1 samples.
MembTV historical baseline unavailable,MembTV,,,2026,8-player rm_team Nomad,first 10 game minutes,core_category_entropy_bits,0,1,0,1,,0.8692716949393033,,0.8692716949393033,,,0.8692716949393033,0.8692716949393033,,,,unavailable,"Original definitions retained; tatoh_ prefix denotes a legacy definition reused for MembTV, not player identity.",No recovered historical replay baseline; current team-game context cannot be pooled with professional 1v1 samples.
MembTV historical baseline unavailable,MembTV,,,2026,8-player rm_team Nomad,first 10 game minutes,core_category_switch_fraction,0,1,0,1,,0.23493975903614459,,0.23493975903614459,,,0.23493975903614459,0.23493975903614459,,,,unavailable,"Original definitions retained; tatoh_ prefix denotes a legacy definition reused for MembTV, not player identity.",No recovered historical replay baseline; current team-game context cannot be pooled with professional 1v1 samples.
MembTV historical baseline unavailable,MembTV,,,2026,8-player rm_team Nomad,first 10 game minutes,core_count_5s_cv,0,1,0,1,,0.7614078434493752,,0.7614078434493752,,,0.7614078434493752,0.7614078434493752,,,,unavailable,"Original definitions retained; tatoh_ prefix denotes a legacy definition reused for MembTV, not player identity.",No recovered historical replay baseline; current team-game context cannot be pooled with professional 1v1 samples.
MembTV historical baseline unavailable,MembTV,,,2026,8-player rm_team Nomad,first 10 game minutes,core_cpm,0,1,0,1,,56.27700190544128,,56.27700190544128,,,56.27700190544128,56.27700190544128,,,,unavailable,"Original definitions retained; tatoh_ prefix denotes a legacy definition reused for MembTV, not player identity.",No recovered historical replay baseline; current team-game context cannot be pooled with professional 1v1 samples.
MembTV historical baseline unavailable,MembTV,,,2026,8-player rm_team Nomad,first 10 game minutes,core_gap_burstiness,0,1,0,1,,0.1764106614957015,,0.1764106614957015,,,0.1764106614957015,0.1764106614957015,,,,unavailable,"Original definitions retained; tatoh_ prefix denotes a legacy definition reused for MembTV, not player identity.",No recovered historical replay baseline; current team-game context cannot be pooled with professional 1v1 samples.
MembTV historical baseline unavailable,MembTV,,,2026,8-player rm_team Nomad,first 10 game minutes,core_gap_cv,0,1,0,1,,1.428394718698221,,1.428394718698221,,,1.428394718698221,1.428394718698221,,,,unavailable,"Original definitions retained; tatoh_ prefix denotes a legacy definition reused for MembTV, not player identity.",No recovered historical replay baseline; current team-game context cannot be pooled with professional 1v1 samples.
MembTV historical baseline unavailable,MembTV,,,2026,8-player rm_team Nomad,first 10 game minutes,core_gap_max_s,0,1,0,1,,10.150295514316838,,10.150295514316838,,,10.150295514316838,10.150295514316838,,,,unavailable,"Original definitions retained; tatoh_ prefix denotes a legacy definition reused for MembTV, not player identity.",No recovered historical replay baseline; current team-game context cannot be pooled with professional 1v1 samples.
MembTV historical baseline unavailable,MembTV,,,2026,8-player rm_team Nomad,first 10 game minutes,core_gap_p10_s,0,1,0,1,,0.12307691890973302,,0.12307691890973302,,,0.12307691890973302,0.12307691890973302,,,,unavailable,"Original definitions retained; tatoh_ prefix denotes a legacy definition reused for MembTV, not player identity.",No recovered historical replay baseline; current team-game context cannot be pooled with professional 1v1 samples.
MembTV historical baseline unavailable,MembTV,,,2026,8-player rm_team Nomad,first 10 game minutes,core_gap_p50_s,0,1,0,1,,0.36360945514445575,,0.36360945514445575,,,0.36360945514445575,0.36360945514445575,,,,unavailable,"Original definitions retained; tatoh_ prefix denotes a legacy definition reused for MembTV, not player identity.",No recovered historical replay baseline; current team-game context cannot be pooled with professional 1v1 samples.
MembTV historical baseline unavailable,MembTV,,,2026,8-player rm_team Nomad,first 10 game minutes,core_gap_p90_s,0,1,0,1,,3.1115383561871783,,3.1115383561871783,,,3.1115383561871783,3.1115383561871783,,,,unavailable,"Original definitions retained; tatoh_ prefix denotes a legacy definition reused for MembTV, not player identity.",No recovered historical replay baseline; current team-game context cannot be pooled with professional 1v1 samples.
MembTV historical baseline unavailable,MembTV,,,2026,8-player rm_team Nomad,first 10 game minutes,core_gap_p99_s,0,1,0,1,,7.544461283019206,,7.544461283019206,,,7.544461283019206,7.544461283019206,,,,unavailable,"Original definitions retained; tatoh_ prefix denotes a legacy definition reused for MembTV, not player identity.",No recovered historical replay baseline; current team-game context cannot be pooled with professional 1v1 samples.
MembTV historical baseline unavailable,MembTV,,,2026,8-player rm_team Nomad,first 10 game minutes,core_same_type_triplet_fraction,0,1,0,1,,0.6435045317220544,,0.6435045317220544,,,0.6435045317220544,0.6435045317220544,,,,unavailable,"Original definitions retained; tatoh_ prefix denotes a legacy definition reused for MembTV, not player identity.",No recovered historical replay baseline; current team-game context cannot be pooled with professional 1v1 samples.
MembTV historical baseline unavailable,MembTV,,,2026,8-player rm_team Nomad,first 10 game minutes,core_type_entropy_bits,0,1,0,1,,0.8909512173082933,,0.8909512173082933,,,0.8909512173082933,0.8909512173082933,,,,unavailable,"Original definitions retained; tatoh_ prefix denotes a legacy definition reused for MembTV, not player identity.",No recovered historical replay baseline; current team-game context cannot be pooled with professional 1v1 samples.
MembTV historical baseline unavailable,MembTV,,,2026,8-player rm_team Nomad,first 10 game minutes,core_type_switch_fraction,0,1,0,1,,0.23493975903614459,,0.23493975903614459,,,0.23493975903614459,0.23493975903614459,,,,unavailable,"Original definitions retained; tatoh_ prefix denotes a legacy definition reused for MembTV, not player identity.",No recovered historical replay baseline; current team-game context cannot be pooled with professional 1v1 samples.
MembTV historical baseline unavailable,MembTV,,,2026,8-player rm_team Nomad,first 10 game minutes,core_type_transition_entropy_bits,0,1,0,1,,0.7866827240985113,,0.7866827240985113,,,0.7866827240985113,0.7866827240985113,,,,unavailable,"Original definitions retained; tatoh_ prefix denotes a legacy definition reused for MembTV, not player identity.",No recovered historical replay baseline; current team-game context cannot be pooled with professional 1v1 samples.
MembTV historical baseline unavailable,MembTV,,,2026,8-player rm_team Nomad,first 10 game minutes,dedup_core_cpm,0,1,0,1,,36.16600122451782,,36.16600122451782,,,36.16600122451782,36.16600122451782,,,,unavailable,"Original definitions retained; tatoh_ prefix denotes a legacy definition reused for MembTV, not player identity.",No recovered historical replay baseline; current team-game context cannot be pooled with professional 1v1 samples.
MembTV historical baseline unavailable,MembTV,,,2026,8-player rm_team Nomad,first 10 game minutes,destination_cell_switch_fraction,0,1,0,1,,0.2,,0.2,,,0.2,0.2,,,,unavailable,"Original definitions retained; tatoh_ prefix denotes a legacy definition reused for MembTV, not player identity.",No recovered historical replay baseline; current team-game context cannot be pooled with professional 1v1 samples.
MembTV historical baseline unavailable,MembTV,,,2026,8-player rm_team Nomad,first 10 game minutes,destination_entropy_4x4_bits,0,1,0,1,,1.8576648113497423,,1.8576648113497423,,,1.8576648113497423,1.8576648113497423,,,,unavailable,"Original definitions retained; tatoh_ prefix denotes a legacy definition reused for MembTV, not player identity.",No recovered historical replay baseline; current team-game context cannot be pooled with professional 1v1 samples.
MembTV historical baseline unavailable,MembTV,,,2026,8-player rm_team Nomad,first 10 game minutes,destination_jump_diagonal_p50,0,1,0,1,,0.008999941877635087,,0.008999941877635087,,,0.008999941877635087,0.008999941877635087,,,,unavailable,"Original definitions retained; tatoh_ prefix denotes a legacy definition reused for MembTV, not player identity.",No recovered historical replay baseline; current team-game context cannot be pooled with professional 1v1 samples.
MembTV historical baseline unavailable,MembTV,,,2026,8-player rm_team Nomad,first 10 game minutes,destination_jump_diagonal_p90,0,1,0,1,,0.10756174906185523,,0.10756174906185523,,,0.10756174906185523,0.10756174906185523,,,,unavailable,"Original definitions retained; tatoh_ prefix denotes a legacy definition reused for MembTV, not player identity.",No recovered historical replay baseline; current team-game context cannot be pooled with professional 1v1 samples.
MembTV historical baseline unavailable,MembTV,,,2026,8-player rm_team Nomad,first 10 game minutes,destination_jump_ge_quarter_fraction,0,1,0,1,,0.03125,,0.03125,,,0.03125,0.03125,,,,unavailable,"Original definitions retained; tatoh_ prefix denotes a legacy definition reused for MembTV, not player identity.",No recovered historical replay baseline; current team-game context cannot be pooled with professional 1v1 samples.
MembTV historical baseline unavailable,MembTV,,,2026,8-player rm_team Nomad,first 10 game minutes,distinct_building_type_ids,0,1,0,1,,3.0,,3.0,,,3.0,3.0,,,,unavailable,"Original definitions retained; tatoh_ prefix denotes a legacy definition reused for MembTV, not player identity.",No recovered historical replay baseline; current team-game context cannot be pooled with professional 1v1 samples.
MembTV historical baseline unavailable,MembTV,,,2026,8-player rm_team Nomad,first 10 game minutes,distinct_order_target_ids,0,1,0,1,,22.0,,22.0,,,22.0,22.0,,,,unavailable,"Original definitions retained; tatoh_ prefix denotes a legacy definition reused for MembTV, not player identity.",No recovered historical replay baseline; current team-game context cannot be pooled with professional 1v1 samples.
MembTV historical baseline unavailable,MembTV,,,2026,8-player rm_team Nomad,first 10 game minutes,distinct_research_type_ids,0,1,0,1,,1.0,,1.0,,,1.0,1.0,,,,unavailable,"Original definitions retained; tatoh_ prefix denotes a legacy definition reused for MembTV, not player identity.",No recovered historical replay baseline; current team-game context cannot be pooled with professional 1v1 samples.
MembTV historical baseline unavailable,MembTV,,,2026,8-player rm_team Nomad,first 10 game minutes,empty_5s_bin_fraction,0,1,0,1,,0.06944444444444445,,0.06944444444444445,,,0.06944444444444445,0.06944444444444445,,,,unavailable,"Original definitions retained; tatoh_ prefix denotes a legacy definition reused for MembTV, not player identity.",No recovered historical replay baseline; current team-game context cannot be pooled with professional 1v1 samples.
MembTV historical baseline unavailable,MembTV,,,2026,8-player rm_team Nomad,first 10 game minutes,explicit_actor_commands,0,1,0,1,,103.0,,103.0,,,103.0,103.0,,,,unavailable,"Original definitions retained; tatoh_ prefix denotes a legacy definition reused for MembTV, not player identity.",No recovered historical replay baseline; current team-game context cannot be pooled with professional 1v1 samples.
MembTV historical baseline unavailable,MembTV,,,2026,8-player rm_team Nomad,first 10 game minutes,explicit_actor_coverage,0,1,0,1,,0.32087227414330216,,0.32087227414330216,,,0.32087227414330216,0.32087227414330216,,,,unavailable,"Original definitions retained; tatoh_ prefix denotes a legacy definition reused for MembTV, not player identity.",No recovered historical replay baseline; current team-game context cannot be pooled with professional 1v1 samples.
MembTV historical baseline unavailable,MembTV,,,2026,8-player rm_team Nomad,first 10 game minutes,explicitly_commanded_production_building_ids,0,1,0,1,,2.0,,2.0,,,2.0,2.0,,,,unavailable,"Original definitions retained; tatoh_ prefix denotes a legacy definition reused for MembTV, not player identity.",No recovered historical replay baseline; current team-game context cannot be pooled with professional 1v1 samples.
MembTV historical baseline unavailable,MembTV,,,2026,8-player rm_team Nomad,first 10 game minutes,feudal_request_game_s,0,0,0,0,,,,,,,,,,,,unavailable,"Original definitions retained; tatoh_ prefix denotes a legacy definition reused for MembTV, not player identity.",No recovered historical replay baseline; current team-game context cannot be pooled with professional 1v1 samples.
MembTV historical baseline unavailable,MembTV,,,2026,8-player rm_team Nomad,first 10 game minutes,first_core_command_nominal_s,0,1,0,1,,1.2923076485524043,,1.2923076485524043,,,1.2923076485524043,1.2923076485524043,,,,unavailable,"Original definitions retained; tatoh_ prefix denotes a legacy definition reused for MembTV, not player identity.",No recovered historical replay baseline; current team-game context cannot be pooled with professional 1v1 samples.
MembTV historical baseline unavailable,MembTV,,,2026,8-player rm_team Nomad,first 10 game minutes,imperial_request_game_s,0,0,0,0,,,,,,,,,,,,unavailable,"Original definitions retained; tatoh_ prefix denotes a legacy definition reused for MembTV, not player identity.",No recovered historical replay baseline; current team-game context cannot be pooled with professional 1v1 samples.
MembTV historical baseline unavailable,MembTV,,,2026,8-player rm_team Nomad,first 10 game minutes,legacy_command_class_entropy_bits,0,0,0,0,,,,,,,,,,,,unavailable,"Original definitions retained; tatoh_ prefix denotes a legacy definition reused for MembTV, not player identity.",No recovered historical replay baseline; current team-game context cannot be pooled with professional 1v1 samples.
MembTV historical baseline unavailable,MembTV,,,2026,8-player rm_team Nomad,first 10 game minutes,legacy_core_silence_over5s_fraction,0,0,0,0,,,,,,,,,,,,unavailable,"Original definitions retained; tatoh_ prefix denotes a legacy definition reused for MembTV, not player identity.",No recovered historical replay baseline; current team-game context cannot be pooled with professional 1v1 samples.
MembTV historical baseline unavailable,MembTV,,,2026,8-player rm_team Nomad,first 10 game minutes,legacy_duration_game_min,0,0,0,0,,,,,,,,,,,,unavailable,"Original definitions retained; tatoh_ prefix denotes a legacy definition reused for MembTV, not player identity.",No recovered historical replay baseline; current team-game context cannot be pooled with professional 1v1 samples.
MembTV historical baseline unavailable,MembTV,,,2026,8-player rm_team Nomad,first 10 game minutes,legacy_move_share,0,0,0,0,,,,,,,,,,,,unavailable,"Original definitions retained; tatoh_ prefix denotes a legacy definition reused for MembTV, not player identity.",No recovered historical replay baseline; current team-game context cannot be pooled with professional 1v1 samples.
MembTV historical baseline unavailable,MembTV,,,2026,8-player rm_team Nomad,first 10 game minutes,legacy_peak_10s_nominal_cpm,0,0,0,0,,,,,,,,,,,,unavailable,"Original definitions retained; tatoh_ prefix denotes a legacy definition reused for MembTV, not player identity.",No recovered historical replay baseline; current team-game context cannot be pooled with professional 1v1 samples.
MembTV historical baseline unavailable,MembTV,,,2026,8-player rm_team Nomad,first 10 game minutes,legacy_planning_command_share,0,0,0,0,,,,,,,,,,,,unavailable,"Original definitions retained; tatoh_ prefix denotes a legacy definition reused for MembTV, not player identity.",No recovered historical replay baseline; current team-game context cannot be pooled with professional 1v1 samples.
MembTV historical baseline unavailable,MembTV,,,2026,8-player rm_team Nomad,first 10 game minutes,legacy_queue_batch_gt1_fraction,0,0,0,0,,,,,,,,,,,,unavailable,"Original definitions retained; tatoh_ prefix denotes a legacy definition reused for MembTV, not player identity.",No recovered historical replay baseline; current team-game context cannot be pooled with professional 1v1 samples.
MembTV historical baseline unavailable,MembTV,,,2026,8-player rm_team Nomad,first 10 game minutes,legacy_queue_batch_mean,0,0,0,0,,,,,,,,,,,,unavailable,"Original definitions retained; tatoh_ prefix denotes a legacy definition reused for MembTV, not player identity.",No recovered historical replay baseline; current team-game context cannot be pooled with professional 1v1 samples.
MembTV historical baseline unavailable,MembTV,,,2026,8-player rm_team Nomad,first 10 game minutes,legacy_switches_per_100_commands,0,0,0,0,,,,,,,,,,,,unavailable,"Original definitions retained; tatoh_ prefix denotes a legacy definition reused for MembTV, not player identity.",No recovered historical replay baseline; current team-game context cannot be pooled with professional 1v1 samples.
MembTV historical baseline unavailable,MembTV,,,2026,8-player rm_team Nomad,first 10 game minutes,market_commands_nominal_min,0,1,0,1,,0.0,,0.0,,,0.0,0.0,,,,unavailable,"Original definitions retained; tatoh_ prefix denotes a legacy definition reused for MembTV, not player identity.",No recovered historical replay baseline; current team-game context cannot be pooled with professional 1v1 samples.
MembTV historical baseline unavailable,MembTV,,,2026,8-player rm_team Nomad,first 10 game minutes,move_order_commands,0,1,0,1,,321.0,,321.0,,,321.0,321.0,,,,unavailable,"Original definitions retained; tatoh_ prefix denotes a legacy definition reused for MembTV, not player identity.",No recovered historical replay baseline; current team-game context cannot be pooled with professional 1v1 samples.
MembTV historical baseline unavailable,MembTV,,,2026,8-player rm_team Nomad,first 10 game minutes,noncore_action_fraction,0,1,0,1,,0.23972602739726026,,0.23972602739726026,,,0.23972602739726026,0.23972602739726026,,,,unavailable,"Original definitions retained; tatoh_ prefix denotes a legacy definition reused for MembTV, not player identity.",No recovered historical replay baseline; current team-game context cannot be pooled with professional 1v1 samples.
MembTV historical baseline unavailable,MembTV,,,2026,8-player rm_team Nomad,first 10 game minutes,peak_5s_nominal_cpm,0,1,0,1,,2028.8243094965098,,2028.8243094965098,,,2028.8243094965098,2028.8243094965098,,,,unavailable,"Original definitions retained; tatoh_ prefix denotes a legacy definition reused for MembTV, not player identity.",No recovered historical replay baseline; current team-game context cannot be pooled with professional 1v1 samples.
MembTV historical baseline unavailable,MembTV,,,2026,8-player rm_team Nomad,first 10 game minutes,positive_de_queue_commands,0,1,0,1,,32.0,,32.0,,,32.0,32.0,,,,unavailable,"Original definitions retained; tatoh_ prefix denotes a legacy definition reused for MembTV, not player identity.",No recovered historical replay baseline; current team-game context cannot be pooled with professional 1v1 samples.
MembTV historical baseline unavailable,MembTV,,,2026,8-player rm_team Nomad,first 10 game minutes,positive_queue_amount_mean,0,1,0,1,,1.0,,1.0,,,1.0,1.0,,,,unavailable,"Original definitions retained; tatoh_ prefix denotes a legacy definition reused for MembTV, not player identity.",No recovered historical replay baseline; current team-game context cannot be pooled with professional 1v1 samples.
MembTV historical baseline unavailable,MembTV,,,2026,8-player rm_team Nomad,first 10 game minutes,production_command_revisit_nominal_median_s,0,1,0,1,,0.2514792814261675,,0.2514792814261675,,,0.2514792814261675,0.2514792814261675,,,,unavailable,"Original definitions retained; tatoh_ prefix denotes a legacy definition reused for MembTV, not player identity.",No recovered historical replay baseline; current team-game context cannot be pooled with professional 1v1 samples.
MembTV historical baseline unavailable,MembTV,,,2026,8-player rm_team Nomad,first 10 game minutes,rapid_destination_repeat_fraction,0,1,0,1,,0.371875,,0.371875,,,0.371875,0.371875,,,,unavailable,"Original definitions retained; tatoh_ prefix denotes a legacy definition reused for MembTV, not player identity.",No recovered historical replay baseline; current team-game context cannot be pooled with professional 1v1 samples.
MembTV historical baseline unavailable,MembTV,,,2026,8-player rm_team Nomad,first 10 game minutes,requested_queue_unit_type_ids,0,1,0,1,,2.0,,2.0,,,2.0,2.0,,,,unavailable,"Original definitions retained; tatoh_ prefix denotes a legacy definition reused for MembTV, not player identity.",No recovered historical replay baseline; current team-game context cannot be pooled with professional 1v1 samples.
MembTV historical baseline unavailable,MembTV,,,2026,8-player rm_team Nomad,first 10 game minutes,research_commands_nominal_min,0,1,0,1,,0.16900000572204588,,0.16900000572204588,,,0.16900000572204588,0.16900000572204588,,,,unavailable,"Original definitions retained; tatoh_ prefix denotes a legacy definition reused for MembTV, not player identity.",No recovered historical replay baseline; current team-game context cannot be pooled with professional 1v1 samples.
MembTV historical baseline unavailable,MembTV,,,2026,8-player rm_team Nomad,first 10 game minutes,same_actor_gap_nominal_median_s,0,1,0,1,,0.13313609016681335,,0.13313609016681335,,,0.13313609016681335,0.13313609016681335,,,,unavailable,"Original definitions retained; tatoh_ prefix denotes a legacy definition reused for MembTV, not player identity.",No recovered historical replay baseline; current team-game context cannot be pooled with professional 1v1 samples.
MembTV historical baseline unavailable,MembTV,,,2026,8-player rm_team Nomad,first 10 game minutes,same_actor_pair_count,0,1,0,1,,15.0,,15.0,,,15.0,15.0,,,,unavailable,"Original definitions retained; tatoh_ prefix denotes a legacy definition reused for MembTV, not player identity.",No recovered historical replay baseline; current team-game context cannot be pooled with professional 1v1 samples.
MembTV historical baseline unavailable,MembTV,,,2026,8-player rm_team Nomad,first 10 game minutes,same_actor_recommand_under1s_fraction,0,1,0,1,,0.9333333333333333,,0.9333333333333333,,,0.9333333333333333,0.9333333333333333,,,,unavailable,"Original definitions retained; tatoh_ prefix denotes a legacy definition reused for MembTV, not player identity.",No recovered historical replay baseline; current team-game context cannot be pooled with professional 1v1 samples.
MembTV historical baseline unavailable,MembTV,,,2026,8-player rm_team Nomad,first 10 game minutes,simultaneous_core_gap_fraction,0,1,0,1,,0.0,,0.0,,,0.0,0.0,,,,unavailable,"Original definitions retained; tatoh_ prefix denotes a legacy definition reused for MembTV, not player identity.",No recovered historical replay baseline; current team-game context cannot be pooled with professional 1v1 samples.
MembTV historical baseline unavailable,MembTV,,,2026,8-player rm_team Nomad,first 10 game minutes,tatoh_cpm_0_5,0,0,0,0,,,,,,,,,,,,unavailable,"Original definitions retained; tatoh_ prefix denotes a legacy definition reused for MembTV, not player identity.",No recovered historical replay baseline; current team-game context cannot be pooled with professional 1v1 samples.
MembTV historical baseline unavailable,MembTV,,,2026,8-player rm_team Nomad,first 10 game minutes,tatoh_cpm_10_15,0,0,0,0,,,,,,,,,,,,unavailable,"Original definitions retained; tatoh_ prefix denotes a legacy definition reused for MembTV, not player identity.",No recovered historical replay baseline; current team-game context cannot be pooled with professional 1v1 samples.
MembTV historical baseline unavailable,MembTV,,,2026,8-player rm_team Nomad,first 10 game minutes,tatoh_cpm_10_20,0,0,0,0,,,,,,,,,,,,unavailable,"Original definitions retained; tatoh_ prefix denotes a legacy definition reused for MembTV, not player identity.",No recovered historical replay baseline; current team-game context cannot be pooled with professional 1v1 samples.
MembTV historical baseline unavailable,MembTV,,,2026,8-player rm_team Nomad,first 10 game minutes,tatoh_cpm_15_20,0,0,0,0,,,,,,,,,,,,unavailable,"Original definitions retained; tatoh_ prefix denotes a legacy definition reused for MembTV, not player identity.",No recovered historical replay baseline; current team-game context cannot be pooled with professional 1v1 samples.
MembTV historical baseline unavailable,MembTV,,,2026,8-player rm_team Nomad,first 10 game minutes,tatoh_cpm_5_10,0,0,0,0,,,,,,,,,,,,unavailable,"Original definitions retained; tatoh_ prefix denotes a legacy definition reused for MembTV, not player identity.",No recovered historical replay baseline; current team-game context cannot be pooled with professional 1v1 samples.
MembTV historical baseline unavailable,MembTV,,,2026,8-player rm_team Nomad,first 10 game minutes,tatoh_dedup_open_cpm,0,0,0,0,,,,,,,,,,,,unavailable,"Original definitions retained; tatoh_ prefix denotes a legacy definition reused for MembTV, not player identity.",No recovered historical replay baseline; current team-game context cannot be pooled with professional 1v1 samples.
MembTV historical baseline unavailable,MembTV,,,2026,8-player rm_team Nomad,first 10 game minutes,tatoh_dedup_whole_cpm,0,0,0,0,,,,,,,,,,,,unavailable,"Original definitions retained; tatoh_ prefix denotes a legacy definition reused for MembTV, not player identity.",No recovered historical replay baseline; current team-game context cannot be pooled with professional 1v1 samples.
MembTV historical baseline unavailable,MembTV,,,2026,8-player rm_team Nomad,first 10 game minutes,tatoh_gap_p50_open,0,0,0,0,,,,,,,,,,,,unavailable,"Original definitions retained; tatoh_ prefix denotes a legacy definition reused for MembTV, not player identity.",No recovered historical replay baseline; current team-game context cannot be pooled with professional 1v1 samples.
MembTV historical baseline unavailable,MembTV,,,2026,8-player rm_team Nomad,first 10 game minutes,tatoh_gap_p90_open,0,0,0,0,,,,,,,,,,,,unavailable,"Original definitions retained; tatoh_ prefix denotes a legacy definition reused for MembTV, not player identity.",No recovered historical replay baseline; current team-game context cannot be pooled with professional 1v1 samples.
MembTV historical baseline unavailable,MembTV,,,2026,8-player rm_team Nomad,first 10 game minutes,tatoh_gap_p99_10_20,0,0,0,0,,,,,,,,,,,,unavailable,"Original definitions retained; tatoh_ prefix denotes a legacy definition reused for MembTV, not player identity.",No recovered historical replay baseline; current team-game context cannot be pooled with professional 1v1 samples.
MembTV historical baseline unavailable,MembTV,,,2026,8-player rm_team Nomad,first 10 game minutes,tatoh_gap_p99_open,0,0,0,0,,,,,,,,,,,,unavailable,"Original definitions retained; tatoh_ prefix denotes a legacy definition reused for MembTV, not player identity.",No recovered historical replay baseline; current team-game context cannot be pooled with professional 1v1 samples.
MembTV historical baseline unavailable,MembTV,,,2026,8-player rm_team Nomad,first 10 game minutes,tatoh_reclick_open,0,0,0,0,,,,,,,,,,,,unavailable,"Original definitions retained; tatoh_ prefix denotes a legacy definition reused for MembTV, not player identity.",No recovered historical replay baseline; current team-game context cannot be pooled with professional 1v1 samples.
MembTV historical baseline unavailable,MembTV,,,2026,8-player rm_team Nomad,first 10 game minutes,tatoh_reclick_whole,0,0,0,0,,,,,,,,,,,,unavailable,"Original definitions retained; tatoh_ prefix denotes a legacy definition reused for MembTV, not player identity.",No recovered historical replay baseline; current team-game context cannot be pooled with professional 1v1 samples.
MembTV historical baseline unavailable,MembTV,,,2026,8-player rm_team Nomad,first 10 game minutes,valid_target_order_fraction,0,1,0,1,,1.0,,1.0,,,1.0,1.0,,,,unavailable,"Original definitions retained; tatoh_ prefix denotes a legacy definition reused for MembTV, not player identity.",No recovered historical replay baseline; current team-game context cannot be pooled with professional 1v1 samples.
MembTV historical baseline unavailable,MembTV,,,2026,8-player rm_team Nomad,first 10 game minutes,wall_commands_nominal_min,0,1,0,1,,0.33800001144409175,,0.33800001144409175,,,0.33800001144409175,0.33800001144409175,,,,unavailable,"Original definitions retained; tatoh_ prefix denotes a legacy definition reused for MembTV, not player identity.",No recovered historical replay baseline; current team-game context cannot be pooled with professional 1v1 samples.
MembTV historical baseline unavailable,MembTV,,,2026,8-player rm_team Nomad,whole available replay,actor_group_change_fraction,0,1,0,1,,0.5,,0.5,,,0.5,0.5,,,,unavailable,"Original definitions retained; tatoh_ prefix denotes a legacy definition reused for MembTV, not player identity.",No recovered historical replay baseline; current team-game context cannot be pooled with professional 1v1 samples.
MembTV historical baseline unavailable,MembTV,,,2026,8-player rm_team Nomad,whole available replay,actor_group_ge10_fraction,0,1,0,1,,0.042704626334519574,,0.042704626334519574,,,0.042704626334519574,0.042704626334519574,,,,unavailable,"Original definitions retained; tatoh_ prefix denotes a legacy definition reused for MembTV, not player identity.",No recovered historical replay baseline; current team-game context cannot be pooled with professional 1v1 samples.
MembTV historical baseline unavailable,MembTV,,,2026,8-player rm_team Nomad,whole available replay,actor_group_size_median,0,1,0,1,,1.0,,1.0,,,1.0,1.0,,,,unavailable,"Original definitions retained; tatoh_ prefix denotes a legacy definition reused for MembTV, not player identity.",No recovered historical replay baseline; current team-game context cannot be pooled with professional 1v1 samples.
MembTV historical baseline unavailable,MembTV,,,2026,8-player rm_team Nomad,whole available replay,actor_group_size_p90,0,1,0,1,,6.0,,6.0,,,6.0,6.0,,,,unavailable,"Original definitions retained; tatoh_ prefix denotes a legacy definition reused for MembTV, not player identity.",No recovered historical replay baseline; current team-game context cannot be pooled with professional 1v1 samples.
MembTV historical baseline unavailable,MembTV,,,2026,8-player rm_team Nomad,whole available replay,actor_overlap_jaccard_median,0,1,0,1,,0.9444444444444444,,0.9444444444444444,,,0.9444444444444444,0.9444444444444444,,,,unavailable,"Original definitions retained; tatoh_ prefix denotes a legacy definition reused for MembTV, not player identity.",No recovered historical replay baseline; current team-game context cannot be pooled with professional 1v1 samples.
MembTV historical baseline unavailable,MembTV,,,2026,8-player rm_team Nomad,whole available replay,actor_pair_count,0,1,0,1,,148.0,,148.0,,,148.0,148.0,,,,unavailable,"Original definitions retained; tatoh_ prefix denotes a legacy definition reused for MembTV, not player identity.",No recovered historical replay baseline; current team-game context cannot be pooled with professional 1v1 samples.
MembTV historical baseline unavailable,MembTV,,,2026,8-player rm_team Nomad,whole available replay,all_recorded_cpm,0,1,0,1,,66.30450455258408,,66.30450455258408,,,66.30450455258408,66.30450455258408,,,,unavailable,"Original definitions retained; tatoh_ prefix denotes a legacy definition reused for MembTV, not player identity.",No recovered historical replay baseline; current team-game context cannot be pooled with professional 1v1 samples.
MembTV historical baseline unavailable,MembTV,,,2026,8-player rm_team Nomad,whole available replay,build_commands_nominal_min,0,1,0,1,,1.9594276845854208,,1.9594276845854208,,,1.9594276845854208,1.9594276845854208,,,,unavailable,"Original definitions retained; tatoh_ prefix denotes a legacy definition reused for MembTV, not player identity.",No recovered historical replay baseline; current team-game context cannot be pooled with professional 1v1 samples.
MembTV historical baseline unavailable,MembTV,,,2026,8-player rm_team Nomad,whole available replay,castle_request_game_s,0,1,0,1,,1074.574,,1074.574,,,1074.574,1074.574,,,,unavailable,"Original definitions retained; tatoh_ prefix denotes a legacy definition reused for MembTV, not player identity.",No recovered historical replay baseline; current team-game context cannot be pooled with professional 1v1 samples.
MembTV historical baseline unavailable,MembTV,,,2026,8-player rm_team Nomad,whole available replay,command_silence_ge10s_time_fraction,0,1,0,1,,0.070964267281037,,0.070964267281037,,,0.070964267281037,0.070964267281037,,,,unavailable,"Original definitions retained; tatoh_ prefix denotes a legacy definition reused for MembTV, not player identity.",No recovered historical replay baseline; current team-game context cannot be pooled with professional 1v1 samples.
MembTV historical baseline unavailable,MembTV,,,2026,8-player rm_team Nomad,whole available replay,command_silence_ge5s_time_fraction,0,1,0,1,,0.3231104495326145,,0.3231104495326145,,,0.3231104495326145,0.3231104495326145,,,,unavailable,"Original definitions retained; tatoh_ prefix denotes a legacy definition reused for MembTV, not player identity.",No recovered historical replay baseline; current team-game context cannot be pooled with professional 1v1 samples.
MembTV historical baseline unavailable,MembTV,,,2026,8-player rm_team Nomad,whole available replay,commanded_actor_ids,0,1,0,1,,54.0,,54.0,,,54.0,54.0,,,,unavailable,"Original definitions retained; tatoh_ prefix denotes a legacy definition reused for MembTV, not player identity.",No recovered historical replay baseline; current team-game context cannot be pooled with professional 1v1 samples.
MembTV historical baseline unavailable,MembTV,,,2026,8-player rm_team Nomad,whole available replay,coordinate_coverage,0,1,0,1,,1.0,,1.0,,,1.0,1.0,,,,unavailable,"Original definitions retained; tatoh_ prefix denotes a legacy definition reused for MembTV, not player identity.",No recovered historical replay baseline; current team-game context cannot be pooled with professional 1v1 samples.
MembTV historical baseline unavailable,MembTV,,,2026,8-player rm_team Nomad,whole available replay,core_category_entropy_bits,0,1,0,1,,1.5098099506738,,1.5098099506738,,,1.5098099506738,1.5098099506738,,,,unavailable,"Original definitions retained; tatoh_ prefix denotes a legacy definition reused for MembTV, not player identity.",No recovered historical replay baseline; current team-game context cannot be pooled with professional 1v1 samples.
MembTV historical baseline unavailable,MembTV,,,2026,8-player rm_team Nomad,whole available replay,core_category_switch_fraction,0,1,0,1,,0.2796092796092796,,0.2796092796092796,,,0.2796092796092796,0.2796092796092796,,,,unavailable,"Original definitions retained; tatoh_ prefix denotes a legacy definition reused for MembTV, not player identity.",No recovered historical replay baseline; current team-game context cannot be pooled with professional 1v1 samples.
MembTV historical baseline unavailable,MembTV,,,2026,8-player rm_team Nomad,whole available replay,core_count_5s_cv,0,1,0,1,,0.9324604286092092,,0.9324604286092092,,,0.9324604286092092,0.9324604286092092,,,,unavailable,"Original definitions retained; tatoh_ prefix denotes a legacy definition reused for MembTV, not player identity.",No recovered historical replay baseline; current team-game context cannot be pooled with professional 1v1 samples.
MembTV historical baseline unavailable,MembTV,,,2026,8-player rm_team Nomad,whole available replay,core_cpm,0,1,0,1,,51.83002262451758,,51.83002262451758,,,51.83002262451758,51.83002262451758,,,,unavailable,"Original definitions retained; tatoh_ prefix denotes a legacy definition reused for MembTV, not player identity.",No recovered historical replay baseline; current team-game context cannot be pooled with professional 1v1 samples.
MembTV historical baseline unavailable,MembTV,,,2026,8-player rm_team Nomad,whole available replay,core_gap_burstiness,0,1,0,1,,0.24814854784520105,,0.24814854784520105,,,0.24814854784520105,0.24814854784520105,,,,unavailable,"Original definitions retained; tatoh_ prefix denotes a legacy definition reused for MembTV, not player identity.",No recovered historical replay baseline; current team-game context cannot be pooled with professional 1v1 samples.
MembTV historical baseline unavailable,MembTV,,,2026,8-player rm_team Nomad,whole available replay,core_gap_cv,0,1,0,1,,1.6600999363212234,,1.6600999363212234,,,1.6600999363212234,1.6600999363212234,,,,unavailable,"Original definitions retained; tatoh_ prefix denotes a legacy definition reused for MembTV, not player identity.",No recovered historical replay baseline; current team-game context cannot be pooled with professional 1v1 samples.
MembTV historical baseline unavailable,MembTV,,,2026,8-player rm_team Nomad,whole available replay,core_gap_max_s,0,1,0,1,,20.003549618572606,,20.003549618572606,,,20.003549618572606,20.003549618572606,,,,unavailable,"Original definitions retained; tatoh_ prefix denotes a legacy definition reused for MembTV, not player identity.",No recovered historical replay baseline; current team-game context cannot be pooled with professional 1v1 samples.
MembTV historical baseline unavailable,MembTV,,,2026,8-player rm_team Nomad,whole available replay,core_gap_p10_s,0,1,0,1,,0.11834319125938464,,0.11834319125938464,,,0.11834319125938464,0.11834319125938464,,,,unavailable,"Original definitions retained; tatoh_ prefix denotes a legacy definition reused for MembTV, not player identity.",No recovered historical replay baseline; current team-game context cannot be pooled with professional 1v1 samples.
MembTV historical baseline unavailable,MembTV,,,2026,8-player rm_team Nomad,whole available replay,core_gap_p50_s,0,1,0,1,,0.36153844929739876,,0.36153844929739876,,,0.36153844929739876,0.36153844929739876,,,,unavailable,"Original definitions retained; tatoh_ prefix denotes a legacy definition reused for MembTV, not player identity.",No recovered historical replay baseline; current team-game context cannot be pooled with professional 1v1 samples.
MembTV historical baseline unavailable,MembTV,,,2026,8-player rm_team Nomad,whole available replay,core_gap_p90_s,0,1,0,1,,3.2092306605717758,,3.2092306605717758,,,3.2092306605717758,3.2092306605717758,,,,unavailable,"Original definitions retained; tatoh_ prefix denotes a legacy definition reused for MembTV, not player identity.",No recovered historical replay baseline; current team-game context cannot be pooled with professional 1v1 samples.
MembTV historical baseline unavailable,MembTV,,,2026,8-player rm_team Nomad,whole available replay,core_gap_p99_s,0,1,0,1,,9.423632817026853,,9.423632817026853,,,9.423632817026853,9.423632817026853,,,,unavailable,"Original definitions retained; tatoh_ prefix denotes a legacy definition reused for MembTV, not player identity.",No recovered historical replay baseline; current team-game context cannot be pooled with professional 1v1 samples.
MembTV historical baseline unavailable,MembTV,,,2026,8-player rm_team Nomad,whole available replay,core_same_type_triplet_fraction,0,1,0,1,,0.5562347188264058,,0.5562347188264058,,,0.5562347188264058,0.5562347188264058,,,,unavailable,"Original definitions retained; tatoh_ prefix denotes a legacy definition reused for MembTV, not player identity.",No recovered historical replay baseline; current team-game context cannot be pooled with professional 1v1 samples.
MembTV historical baseline unavailable,MembTV,,,2026,8-player rm_team Nomad,whole available replay,core_type_entropy_bits,0,1,0,1,,1.5897562778966223,,1.5897562778966223,,,1.5897562778966223,1.5897562778966223,,,,unavailable,"Original definitions retained; tatoh_ prefix denotes a legacy definition reused for MembTV, not player identity.",No recovered historical replay baseline; current team-game context cannot be pooled with professional 1v1 samples.
MembTV historical baseline unavailable,MembTV,,,2026,8-player rm_team Nomad,whole available replay,core_type_switch_fraction,0,1,0,1,,0.29181929181929184,,0.29181929181929184,,,0.29181929181929184,0.29181929181929184,,,,unavailable,"Original definitions retained; tatoh_ prefix denotes a legacy definition reused for MembTV, not player identity.",No recovered historical replay baseline; current team-game context cannot be pooled with professional 1v1 samples.
MembTV historical baseline unavailable,MembTV,,,2026,8-player rm_team Nomad,whole available replay,core_type_transition_entropy_bits,0,1,0,1,,1.1796107144137027,,1.1796107144137027,,,1.1796107144137027,1.1796107144137027,,,,unavailable,"Original definitions retained; tatoh_ prefix denotes a legacy definition reused for MembTV, not player identity.",No recovered historical replay baseline; current team-game context cannot be pooled with professional 1v1 samples.
MembTV historical baseline unavailable,MembTV,,,2026,8-player rm_team Nomad,whole available replay,dedup_core_cpm,0,1,0,1,,29.391415268781312,,29.391415268781312,,,29.391415268781312,29.391415268781312,,,,unavailable,"Original definitions retained; tatoh_ prefix denotes a legacy definition reused for MembTV, not player identity.",No recovered historical replay baseline; current team-game context cannot be pooled with professional 1v1 samples.
MembTV historical baseline unavailable,MembTV,,,2026,8-player rm_team Nomad,whole available replay,destination_cell_switch_fraction,0,1,0,1,,0.14285714285714285,,0.14285714285714285,,,0.14285714285714285,0.14285714285714285,,,,unavailable,"Original definitions retained; tatoh_ prefix denotes a legacy definition reused for MembTV, not player identity.",No recovered historical replay baseline; current team-game context cannot be pooled with professional 1v1 samples.
MembTV historical baseline unavailable,MembTV,,,2026,8-player rm_team Nomad,whole available replay,destination_entropy_4x4_bits,0,1,0,1,,1.800573227955406,,1.800573227955406,,,1.800573227955406,1.800573227955406,,,,unavailable,"Original definitions retained; tatoh_ prefix denotes a legacy definition reused for MembTV, not player identity.",No recovered historical replay baseline; current team-game context cannot be pooled with professional 1v1 samples.
MembTV historical baseline unavailable,MembTV,,,2026,8-player rm_team Nomad,whole available replay,destination_jump_diagonal_p50,0,1,0,1,,0.004545454545454545,,0.004545454545454545,,,0.004545454545454545,0.004545454545454545,,,,unavailable,"Original definitions retained; tatoh_ prefix denotes a legacy definition reused for MembTV, not player identity.",No recovered historical replay baseline; current team-game context cannot be pooled with professional 1v1 samples.
MembTV historical baseline unavailable,MembTV,,,2026,8-player rm_team Nomad,whole available replay,destination_jump_diagonal_p90,0,1,0,1,,0.07710760090229035,,0.07710760090229035,,,0.07710760090229035,0.07710760090229035,,,,unavailable,"Original definitions retained; tatoh_ prefix denotes a legacy definition reused for MembTV, not player identity.",No recovered historical replay baseline; current team-game context cannot be pooled with professional 1v1 samples.
MembTV historical baseline unavailable,MembTV,,,2026,8-player rm_team Nomad,whole available replay,destination_jump_ge_quarter_fraction,0,1,0,1,,0.024489795918367346,,0.024489795918367346,,,0.024489795918367346,0.024489795918367346,,,,unavailable,"Original definitions retained; tatoh_ prefix denotes a legacy definition reused for MembTV, not player identity.",No recovered historical replay baseline; current team-game context cannot be pooled with professional 1v1 samples.
MembTV historical baseline unavailable,MembTV,,,2026,8-player rm_team Nomad,whole available replay,distinct_building_type_ids,0,1,0,1,,13.0,,13.0,,,13.0,13.0,,,,unavailable,"Original definitions retained; tatoh_ prefix denotes a legacy definition reused for MembTV, not player identity.",No recovered historical replay baseline; current team-game context cannot be pooled with professional 1v1 samples.
MembTV historical baseline unavailable,MembTV,,,2026,8-player rm_team Nomad,whole available replay,distinct_order_target_ids,0,1,0,1,,92.0,,92.0,,,92.0,92.0,,,,unavailable,"Original definitions retained; tatoh_ prefix denotes a legacy definition reused for MembTV, not player identity.",No recovered historical replay baseline; current team-game context cannot be pooled with professional 1v1 samples.
MembTV historical baseline unavailable,MembTV,,,2026,8-player rm_team Nomad,whole available replay,distinct_research_type_ids,0,1,0,1,,6.0,,6.0,,,6.0,6.0,,,,unavailable,"Original definitions retained; tatoh_ prefix denotes a legacy definition reused for MembTV, not player identity.",No recovered historical replay baseline; current team-game context cannot be pooled with professional 1v1 samples.
MembTV historical baseline unavailable,MembTV,,,2026,8-player rm_team Nomad,whole available replay,empty_5s_bin_fraction,0,1,0,1,,0.1368421052631579,,0.1368421052631579,,,0.1368421052631579,0.1368421052631579,,,,unavailable,"Original definitions retained; tatoh_ prefix denotes a legacy definition reused for MembTV, not player identity.",No recovered historical replay baseline; current team-game context cannot be pooled with professional 1v1 samples.
MembTV historical baseline unavailable,MembTV,,,2026,8-player rm_team Nomad,whole available replay,explicit_actor_commands,0,1,0,1,,281.0,,281.0,,,281.0,281.0,,,,unavailable,"Original definitions retained; tatoh_ prefix denotes a legacy definition reused for MembTV, not player identity.",No recovered historical replay baseline; current team-game context cannot be pooled with professional 1v1 samples.
MembTV historical baseline unavailable,MembTV,,,2026,8-player rm_team Nomad,whole available replay,explicit_actor_coverage,0,1,0,1,,0.38179347826086957,,0.38179347826086957,,,0.38179347826086957,0.38179347826086957,,,,unavailable,"Original definitions retained; tatoh_ prefix denotes a legacy definition reused for MembTV, not player identity.",No recovered historical replay baseline; current team-game context cannot be pooled with professional 1v1 samples.
MembTV historical baseline unavailable,MembTV,,,2026,8-player rm_team Nomad,whole available replay,explicitly_commanded_production_building_ids,0,1,0,1,,4.0,,4.0,,,4.0,4.0,,,,unavailable,"Original definitions retained; tatoh_ prefix denotes a legacy definition reused for MembTV, not player identity.",No recovered historical replay baseline; current team-game context cannot be pooled with professional 1v1 samples.
MembTV historical baseline unavailable,MembTV,,,2026,8-player rm_team Nomad,whole available replay,feudal_request_game_s,0,1,0,1,,816.846,,816.846,,,816.846,816.846,,,,unavailable,"Original definitions retained; tatoh_ prefix denotes a legacy definition reused for MembTV, not player identity.",No recovered historical replay baseline; current team-game context cannot be pooled with professional 1v1 samples.
MembTV historical baseline unavailable,MembTV,,,2026,8-player rm_team Nomad,whole available replay,first_core_command_nominal_s,0,1,0,1,,1.2923076485524043,,1.2923076485524043,,,1.2923076485524043,1.2923076485524043,,,,unavailable,"Original definitions retained; tatoh_ prefix denotes a legacy definition reused for MembTV, not player identity.",No recovered historical replay baseline; current team-game context cannot be pooled with professional 1v1 samples.
MembTV historical baseline unavailable,MembTV,,,2026,8-player rm_team Nomad,whole available replay,imperial_request_game_s,0,0,0,0,,,,,,,,,,,,unavailable,"Original definitions retained; tatoh_ prefix denotes a legacy definition reused for MembTV, not player identity.",No recovered historical replay baseline; current team-game context cannot be pooled with professional 1v1 samples.
MembTV historical baseline unavailable,MembTV,,,2026,8-player rm_team Nomad,whole available replay,legacy_command_class_entropy_bits,0,1,0,1,,1.5098099506738,,1.5098099506738,,,1.5098099506738,1.5098099506738,,,,unavailable,"Original definitions retained; tatoh_ prefix denotes a legacy definition reused for MembTV, not player identity.",No recovered historical replay baseline; current team-game context cannot be pooled with professional 1v1 samples.
MembTV historical baseline unavailable,MembTV,,,2026,8-player rm_team Nomad,whole available replay,legacy_core_silence_over5s_fraction,0,1,0,1,,0.32311044953261464,,0.32311044953261464,,,0.32311044953261464,0.32311044953261464,,,,unavailable,"Original definitions retained; tatoh_ prefix denotes a legacy definition reused for MembTV, not player identity.",No recovered historical replay baseline; current team-game context cannot be pooled with professional 1v1 samples.
MembTV historical baseline unavailable,MembTV,,,2026,8-player rm_team Nomad,whole available replay,legacy_duration_game_min,0,1,0,1,,26.737399999999997,,26.737399999999997,,,26.737399999999997,26.737399999999997,,,,unavailable,"Original definitions retained; tatoh_ prefix denotes a legacy definition reused for MembTV, not player identity.",No recovered historical replay baseline; current team-game context cannot be pooled with professional 1v1 samples.
MembTV historical baseline unavailable,MembTV,,,2026,8-player rm_team Nomad,whole available replay,legacy_move_share,0,1,0,1,,0.5317073170731708,,0.5317073170731708,,,0.5317073170731708,0.5317073170731708,,,,unavailable,"Original definitions retained; tatoh_ prefix denotes a legacy definition reused for MembTV, not player identity.",No recovered historical replay baseline; current team-game context cannot be pooled with professional 1v1 samples.
MembTV historical baseline unavailable,MembTV,,,2026,8-player rm_team Nomad,whole available replay,legacy_peak_10s_nominal_cpm,0,1,0,1,,300,,300,,,300,300,,,,unavailable,"Original definitions retained; tatoh_ prefix denotes a legacy definition reused for MembTV, not player identity.",No recovered historical replay baseline; current team-game context cannot be pooled with professional 1v1 samples.
MembTV historical baseline unavailable,MembTV,,,2026,8-player rm_team Nomad,whole available replay,legacy_planning_command_share,0,1,0,1,,0.09268292682926829,,0.09268292682926829,,,0.09268292682926829,0.09268292682926829,,,,unavailable,"Original definitions retained; tatoh_ prefix denotes a legacy definition reused for MembTV, not player identity.",No recovered historical replay baseline; current team-game context cannot be pooled with professional 1v1 samples.
MembTV historical baseline unavailable,MembTV,,,2026,8-player rm_team Nomad,whole available replay,legacy_queue_batch_gt1_fraction,0,1,0,1,,0,,0,,,0,0,,,,unavailable,"Original definitions retained; tatoh_ prefix denotes a legacy definition reused for MembTV, not player identity.",No recovered historical replay baseline; current team-game context cannot be pooled with professional 1v1 samples.
MembTV historical baseline unavailable,MembTV,,,2026,8-player rm_team Nomad,whole available replay,legacy_queue_batch_mean,0,1,0,1,,1,,1,,,1,1,,,,unavailable,"Original definitions retained; tatoh_ prefix denotes a legacy definition reused for MembTV, not player identity.",No recovered historical replay baseline; current team-game context cannot be pooled with professional 1v1 samples.
MembTV historical baseline unavailable,MembTV,,,2026,8-player rm_team Nomad,whole available replay,legacy_switches_per_100_commands,0,1,0,1,,27.96092796092796,,27.96092796092796,,,27.96092796092796,27.96092796092796,,,,unavailable,"Original definitions retained; tatoh_ prefix denotes a legacy definition reused for MembTV, not player identity.",No recovered historical replay baseline; current team-game context cannot be pooled with professional 1v1 samples.
MembTV historical baseline unavailable,MembTV,,,2026,8-player rm_team Nomad,whole available replay,market_commands_nominal_min,0,1,0,1,,0.9481101699606875,,0.9481101699606875,,,0.9481101699606875,0.9481101699606875,,,,unavailable,"Original definitions retained; tatoh_ prefix denotes a legacy definition reused for MembTV, not player identity.",No recovered historical replay baseline; current team-game context cannot be pooled with professional 1v1 samples.
MembTV historical baseline unavailable,MembTV,,,2026,8-player rm_team Nomad,whole available replay,move_order_commands,0,1,0,1,,736.0,,736.0,,,736.0,736.0,,,,unavailable,"Original definitions retained; tatoh_ prefix denotes a legacy definition reused for MembTV, not player identity.",No recovered historical replay baseline; current team-game context cannot be pooled with professional 1v1 samples.
MembTV historical baseline unavailable,MembTV,,,2026,8-player rm_team Nomad,whole available replay,noncore_action_fraction,0,1,0,1,,0.21830314585319352,,0.21830314585319352,,,0.21830314585319352,0.21830314585319352,,,,unavailable,"Original definitions retained; tatoh_ prefix denotes a legacy definition reused for MembTV, not player identity.",No recovered historical replay baseline; current team-game context cannot be pooled with professional 1v1 samples.
MembTV historical baseline unavailable,MembTV,,,2026,8-player rm_team Nomad,whole available replay,peak_5s_nominal_cpm,0,1,0,1,,312.0,,312.0,,,312.0,312.0,,,,unavailable,"Original definitions retained; tatoh_ prefix denotes a legacy definition reused for MembTV, not player identity.",No recovered historical replay baseline; current team-game context cannot be pooled with professional 1v1 samples.
MembTV historical baseline unavailable,MembTV,,,2026,8-player rm_team Nomad,whole available replay,positive_de_queue_commands,0,1,0,1,,59.0,,59.0,,,59.0,59.0,,,,unavailable,"Original definitions retained; tatoh_ prefix denotes a legacy definition reused for MembTV, not player identity.",No recovered historical replay baseline; current team-game context cannot be pooled with professional 1v1 samples.
MembTV historical baseline unavailable,MembTV,,,2026,8-player rm_team Nomad,whole available replay,positive_queue_amount_mean,0,1,0,1,,1.0,,1.0,,,1.0,1.0,,,,unavailable,"Original definitions retained; tatoh_ prefix denotes a legacy definition reused for MembTV, not player identity.",No recovered historical replay baseline; current team-game context cannot be pooled with professional 1v1 samples.
MembTV historical baseline unavailable,MembTV,,,2026,8-player rm_team Nomad,whole available replay,production_command_revisit_nominal_median_s,0,1,0,1,,14.89230718808009,,14.89230718808009,,,14.89230718808009,14.89230718808009,,,,unavailable,"Original definitions retained; tatoh_ prefix denotes a legacy definition reused for MembTV, not player identity.",No recovered historical replay baseline; current team-game context cannot be pooled with professional 1v1 samples.
MembTV historical baseline unavailable,MembTV,,,2026,8-player rm_team Nomad,whole available replay,rapid_destination_repeat_fraction,0,1,0,1,,0.48299319727891155,,0.48299319727891155,,,0.48299319727891155,0.48299319727891155,,,,unavailable,"Original definitions retained; tatoh_ prefix denotes a legacy definition reused for MembTV, not player identity.",No recovered historical replay baseline; current team-game context cannot be pooled with professional 1v1 samples.
MembTV historical baseline unavailable,MembTV,,,2026,8-player rm_team Nomad,whole available replay,requested_queue_unit_type_ids,0,1,0,1,,3.0,,3.0,,,3.0,3.0,,,,unavailable,"Original definitions retained; tatoh_ prefix denotes a legacy definition reused for MembTV, not player identity.",No recovered historical replay baseline; current team-game context cannot be pooled with professional 1v1 samples.
MembTV historical baseline unavailable,MembTV,,,2026,8-player rm_team Nomad,whole available replay,research_commands_nominal_min,0,1,0,1,,0.5688661019764125,,0.5688661019764125,,,0.5688661019764125,0.5688661019764125,,,,unavailable,"Original definitions retained; tatoh_ prefix denotes a legacy definition reused for MembTV, not player identity.",No recovered historical replay baseline; current team-game context cannot be pooled with professional 1v1 samples.
MembTV historical baseline unavailable,MembTV,,,2026,8-player rm_team Nomad,whole available replay,same_actor_gap_nominal_median_s,0,1,0,1,,0.23668638251870827,,0.23668638251870827,,,0.23668638251870827,0.23668638251870827,,,,unavailable,"Original definitions retained; tatoh_ prefix denotes a legacy definition reused for MembTV, not player identity.",No recovered historical replay baseline; current team-game context cannot be pooled with professional 1v1 samples.
MembTV historical baseline unavailable,MembTV,,,2026,8-player rm_team Nomad,whole available replay,same_actor_pair_count,0,1,0,1,,74.0,,74.0,,,74.0,74.0,,,,unavailable,"Original definitions retained; tatoh_ prefix denotes a legacy definition reused for MembTV, not player identity.",No recovered historical replay baseline; current team-game context cannot be pooled with professional 1v1 samples.
MembTV historical baseline unavailable,MembTV,,,2026,8-player rm_team Nomad,whole available replay,same_actor_recommand_under1s_fraction,0,1,0,1,,0.8918918918918919,,0.8918918918918919,,,0.8918918918918919,0.8918918918918919,,,,unavailable,"Original definitions retained; tatoh_ prefix denotes a legacy definition reused for MembTV, not player identity.",No recovered historical replay baseline; current team-game context cannot be pooled with professional 1v1 samples.
MembTV historical baseline unavailable,MembTV,,,2026,8-player rm_team Nomad,whole available replay,simultaneous_core_gap_fraction,0,1,0,1,,0.0,,0.0,,,0.0,0.0,,,,unavailable,"Original definitions retained; tatoh_ prefix denotes a legacy definition reused for MembTV, not player identity.",No recovered historical replay baseline; current team-game context cannot be pooled with professional 1v1 samples.
MembTV historical baseline unavailable,MembTV,,,2026,8-player rm_team Nomad,whole available replay,tatoh_cpm_0_5,0,1,0,1,,57.122001934051504,,57.122001934051504,,,57.122001934051504,57.122001934051504,,,,unavailable,"Original definitions retained; tatoh_ prefix denotes a legacy definition reused for MembTV, not player identity.",No recovered historical replay baseline; current team-game context cannot be pooled with professional 1v1 samples.
MembTV historical baseline unavailable,MembTV,,,2026,8-player rm_team Nomad,whole available replay,tatoh_cpm_10_15,0,1,0,1,,37.85600128173828,,37.85600128173828,,,37.85600128173828,37.85600128173828,,,,unavailable,"Original definitions retained; tatoh_ prefix denotes a legacy definition reused for MembTV, not player identity.",No recovered historical replay baseline; current team-game context cannot be pooled with professional 1v1 samples.
MembTV historical baseline unavailable,MembTV,,,2026,8-player rm_team Nomad,whole available replay,tatoh_cpm_10_20,0,1,0,1,,38.363001298904415,,38.363001298904415,,,38.363001298904415,38.363001298904415,,,,unavailable,"Original definitions retained; tatoh_ prefix denotes a legacy definition reused for MembTV, not player identity.",No recovered historical replay baseline; current team-game context cannot be pooled with professional 1v1 samples.
MembTV historical baseline unavailable,MembTV,,,2026,8-player rm_team Nomad,whole available replay,tatoh_cpm_15_20,0,1,0,1,,38.87000131607055,,38.87000131607055,,,38.87000131607055,38.87000131607055,,,,unavailable,"Original definitions retained; tatoh_ prefix denotes a legacy definition reused for MembTV, not player identity.",No recovered historical replay baseline; current team-game context cannot be pooled with professional 1v1 samples.
MembTV historical baseline unavailable,MembTV,,,2026,8-player rm_team Nomad,whole available replay,tatoh_cpm_5_10,0,1,0,1,,55.432001876831045,,55.432001876831045,,,55.432001876831045,55.432001876831045,,,,unavailable,"Original definitions retained; tatoh_ prefix denotes a legacy definition reused for MembTV, not player identity.",No recovered historical replay baseline; current team-game context cannot be pooled with professional 1v1 samples.
MembTV historical baseline unavailable,MembTV,,,2026,8-player rm_team Nomad,whole available replay,tatoh_dedup_open_cpm,0,1,0,1,,36.16600122451782,,36.16600122451782,,,36.16600122451782,36.16600122451782,,,,unavailable,"Original definitions retained; tatoh_ prefix denotes a legacy definition reused for MembTV, not player identity.",No recovered historical replay baseline; current team-game context cannot be pooled with professional 1v1 samples.
MembTV historical baseline unavailable,MembTV,,,2026,8-player rm_team Nomad,whole available replay,tatoh_dedup_whole_cpm,0,1,0,1,,29.373105644033433,,29.373105644033433,,,29.373105644033433,29.373105644033433,,,,unavailable,"Original definitions retained; tatoh_ prefix denotes a legacy definition reused for MembTV, not player identity.",No recovered historical replay baseline; current team-game context cannot be pooled with professional 1v1 samples.
MembTV historical baseline unavailable,MembTV,,,2026,8-player rm_team Nomad,whole available replay,tatoh_gap_p50_open,0,1,0,1,,0.36360945514445575,,0.36360945514445575,,,0.36360945514445575,0.36360945514445575,,,,unavailable,"Original definitions retained; tatoh_ prefix denotes a legacy definition reused for MembTV, not player identity.",No recovered historical replay baseline; current team-game context cannot be pooled with professional 1v1 samples.
MembTV historical baseline unavailable,MembTV,,,2026,8-player rm_team Nomad,whole available replay,tatoh_gap_p90_open,0,1,0,1,,3.1115383561871783,,3.1115383561871783,,,3.1115383561871783,3.1115383561871783,,,,unavailable,"Original definitions retained; tatoh_ prefix denotes a legacy definition reused for MembTV, not player identity.",No recovered historical replay baseline; current team-game context cannot be pooled with professional 1v1 samples.
MembTV historical baseline unavailable,MembTV,,,2026,8-player rm_team Nomad,whole available replay,tatoh_gap_p99_10_20,0,1,0,1,,9.922336942153407,,9.922336942153407,,,9.922336942153407,9.922336942153407,,,,unavailable,"Original definitions retained; tatoh_ prefix denotes a legacy definition reused for MembTV, not player identity.",No recovered historical replay baseline; current team-game context cannot be pooled with professional 1v1 samples.
MembTV historical baseline unavailable,MembTV,,,2026,8-player rm_team Nomad,whole available replay,tatoh_gap_p99_open,0,1,0,1,,7.544461283019206,,7.544461283019206,,,7.544461283019206,7.544461283019206,,,,unavailable,"Original definitions retained; tatoh_ prefix denotes a legacy definition reused for MembTV, not player identity.",No recovered historical replay baseline; current team-game context cannot be pooled with professional 1v1 samples.
MembTV historical baseline unavailable,MembTV,,,2026,8-player rm_team Nomad,whole available replay,tatoh_reclick_open,0,1,0,1,,0.35735735735735735,,0.35735735735735735,,,0.35735735735735735,0.35735735735735735,,,,unavailable,"Original definitions retained; tatoh_ prefix denotes a legacy definition reused for MembTV, not player identity.",No recovered historical replay baseline; current team-game context cannot be pooled with professional 1v1 samples.
MembTV historical baseline unavailable,MembTV,,,2026,8-player rm_team Nomad,whole available replay,tatoh_reclick_whole,0,1,0,1,,0.4329268292682927,,0.4329268292682927,,,0.4329268292682927,0.4329268292682927,,,,unavailable,"Original definitions retained; tatoh_ prefix denotes a legacy definition reused for MembTV, not player identity.",No recovered historical replay baseline; current team-game context cannot be pooled with professional 1v1 samples.
MembTV historical baseline unavailable,MembTV,,,2026,8-player rm_team Nomad,whole available replay,valid_target_order_fraction,0,1,0,1,,1.0,,1.0,,,1.0,1.0,,,,unavailable,"Original definitions retained; tatoh_ prefix denotes a legacy definition reused for MembTV, not player identity.",No recovered historical replay baseline; current team-game context cannot be pooled with professional 1v1 samples.
MembTV historical baseline unavailable,MembTV,,,2026,8-player rm_team Nomad,whole available replay,wall_commands_nominal_min,0,1,0,1,,1.3273542379449625,,1.3273542379449625,,,1.3273542379449625,1.3273542379449625,,,,unavailable,"Original definitions retained; tatoh_ prefix denotes a legacy definition reused for MembTV, not player identity.",No recovered historical replay baseline; current team-game context cannot be pooled with professional 1v1 samples.
MembTV historical baseline unavailable,MembTV,,,2026,8-player unranked Rage Forest 2026 (Custom),first 10 game minutes,actor_group_change_fraction,0,52,0,8,,0.8372093023255814,,0.812773845635322,,,0.5735294117647058,0.9615384615384616,,,,unavailable,"Original definitions retained; tatoh_ prefix denotes a legacy definition reused for MembTV, not player identity.",No recovered historical replay baseline; current team-game context cannot be pooled with professional 1v1 samples.
MembTV historical baseline unavailable,MembTV,,,2026,8-player unranked Rage Forest 2026 (Custom),first 10 game minutes,actor_group_ge10_fraction,0,52,0,8,,0.0,,0.0,,,0.0,0.023809523809523808,,,,unavailable,"Original definitions retained; tatoh_ prefix denotes a legacy definition reused for MembTV, not player identity.",No recovered historical replay baseline; current team-game context cannot be pooled with professional 1v1 samples.
MembTV historical baseline unavailable,MembTV,,,2026,8-player unranked Rage Forest 2026 (Custom),first 10 game minutes,actor_group_size_median,0,52,0,8,,1.0,,1.0,,,1.0,2.0,,,,unavailable,"Original definitions retained; tatoh_ prefix denotes a legacy definition reused for MembTV, not player identity.",No recovered historical replay baseline; current team-game context cannot be pooled with professional 1v1 samples.
MembTV historical baseline unavailable,MembTV,,,2026,8-player unranked Rage Forest 2026 (Custom),first 10 game minutes,actor_group_size_p90,0,52,0,8,,3.0,,3.0,,,1.0,5.400000000000006,,,,unavailable,"Original definitions retained; tatoh_ prefix denotes a legacy definition reused for MembTV, not player identity.",No recovered historical replay baseline; current team-game context cannot be pooled with professional 1v1 samples.
MembTV historical baseline unavailable,MembTV,,,2026,8-player unranked Rage Forest 2026 (Custom),first 10 game minutes,actor_overlap_jaccard_median,0,52,0,8,,0.0,,0.0,,,0.0,0.3333333333333333,,,,unavailable,"Original definitions retained; tatoh_ prefix denotes a legacy definition reused for MembTV, not player identity.",No recovered historical replay baseline; current team-game context cannot be pooled with professional 1v1 samples.
MembTV historical baseline unavailable,MembTV,,,2026,8-player unranked Rage Forest 2026 (Custom),first 10 game minutes,actor_pair_count,0,52,0,8,,49.0,,49.0,,,36.0,81.0,,,,unavailable,"Original definitions retained; tatoh_ prefix denotes a legacy definition reused for MembTV, not player identity.",No recovered historical replay baseline; current team-game context cannot be pooled with professional 1v1 samples.
MembTV historical baseline unavailable,MembTV,,,2026,8-player unranked Rage Forest 2026 (Custom),first 10 game minutes,all_recorded_cpm,0,52,0,8,,70.98000240325928,,69.54350235462188,,,50.19300169944763,109.17400369644164,,,,unavailable,"Original definitions retained; tatoh_ prefix denotes a legacy definition reused for MembTV, not player identity.",No recovered historical replay baseline; current team-game context cannot be pooled with professional 1v1 samples.
MembTV historical baseline unavailable,MembTV,,,2026,8-player unranked Rage Forest 2026 (Custom),first 10 game minutes,build_commands_nominal_min,0,52,0,8,,1.521000051498413,,1.521000051498413,,,0.6760000228881835,2.3660000801086425,,,,unavailable,"Original definitions retained; tatoh_ prefix denotes a legacy definition reused for MembTV, not player identity.",No recovered historical replay baseline; current team-game context cannot be pooled with professional 1v1 samples.
MembTV historical baseline unavailable,MembTV,,,2026,8-player unranked Rage Forest 2026 (Custom),first 10 game minutes,castle_request_game_s,0,0,0,0,,,,,,,,,,,,unavailable,"Original definitions retained; tatoh_ prefix denotes a legacy definition reused for MembTV, not player identity.",No recovered historical replay baseline; current team-game context cannot be pooled with professional 1v1 samples.
MembTV historical baseline unavailable,MembTV,,,2026,8-player unranked Rage Forest 2026 (Custom),first 10 game minutes,command_silence_ge10s_time_fraction,0,52,0,8,,0.06197666666666675,,0.06916083333333334,,,0.0,0.31780666666666685,,,,unavailable,"Original definitions retained; tatoh_ prefix denotes a legacy definition reused for MembTV, not player identity.",No recovered historical replay baseline; current team-game context cannot be pooled with professional 1v1 samples.
MembTV historical baseline unavailable,MembTV,,,2026,8-player unranked Rage Forest 2026 (Custom),first 10 game minutes,command_silence_ge5s_time_fraction,0,52,0,8,,0.22490166666666636,,0.23010833333333325,,,0.05082333333333336,0.4208933333333335,,,,unavailable,"Original definitions retained; tatoh_ prefix denotes a legacy definition reused for MembTV, not player identity.",No recovered historical replay baseline; current team-game context cannot be pooled with professional 1v1 samples.
MembTV historical baseline unavailable,MembTV,,,2026,8-player unranked Rage Forest 2026 (Custom),first 10 game minutes,commanded_actor_ids,0,52,0,8,,28.0,,28.0,,,21.0,36.0,,,,unavailable,"Original definitions retained; tatoh_ prefix denotes a legacy definition reused for MembTV, not player identity.",No recovered historical replay baseline; current team-game context cannot be pooled with professional 1v1 samples.
MembTV historical baseline unavailable,MembTV,,,2026,8-player unranked Rage Forest 2026 (Custom),first 10 game minutes,coordinate_coverage,0,52,0,8,,1.0,,1.0,,,1.0,1.0,,,,unavailable,"Original definitions retained; tatoh_ prefix denotes a legacy definition reused for MembTV, not player identity.",No recovered historical replay baseline; current team-game context cannot be pooled with professional 1v1 samples.
MembTV historical baseline unavailable,MembTV,,,2026,8-player unranked Rage Forest 2026 (Custom),first 10 game minutes,core_category_entropy_bits,0,52,0,8,,1.061111216880533,,1.133815247377505,,,0.5638041128859883,1.4552795698854801,,,,unavailable,"Original definitions retained; tatoh_ prefix denotes a legacy definition reused for MembTV, not player identity.",No recovered historical replay baseline; current team-game context cannot be pooled with professional 1v1 samples.
MembTV historical baseline unavailable,MembTV,,,2026,8-player unranked Rage Forest 2026 (Custom),first 10 game minutes,core_category_switch_fraction,0,52,0,8,,0.23493975903614459,,0.25267102196362645,,,0.12127236580516898,0.39823008849557523,,,,unavailable,"Original definitions retained; tatoh_ prefix denotes a legacy definition reused for MembTV, not player identity.",No recovered historical replay baseline; current team-game context cannot be pooled with professional 1v1 samples.
MembTV historical baseline unavailable,MembTV,,,2026,8-player unranked Rage Forest 2026 (Custom),first 10 game minutes,core_count_5s_cv,0,52,0,8,,0.8558621384311844,,0.8655380110124407,,,0.6234739420772025,1.1932641145151623,,,,unavailable,"Original definitions retained; tatoh_ prefix denotes a legacy definition reused for MembTV, not player identity.",No recovered historical replay baseline; current team-game context cannot be pooled with professional 1v1 samples.
MembTV historical baseline unavailable,MembTV,,,2026,8-player unranked Rage Forest 2026 (Custom),first 10 game minutes,core_cpm,0,52,0,8,,58.474001979827875,,56.27700190544128,,,38.363001298904415,96.4990032672882,,,,unavailable,"Original definitions retained; tatoh_ prefix denotes a legacy definition reused for MembTV, not player identity.",No recovered historical replay baseline; current team-game context cannot be pooled with professional 1v1 samples.
MembTV historical baseline unavailable,MembTV,,,2026,8-player unranked Rage Forest 2026 (Custom),first 10 game minutes,core_gap_burstiness,0,52,0,8,,0.21479984527877663,,0.22211540800175872,,,0.09646584726729668,0.3914755410017678,,,,unavailable,"Original definitions retained; tatoh_ prefix denotes a legacy definition reused for MembTV, not player identity.",No recovered historical replay baseline; current team-game context cannot be pooled with professional 1v1 samples.
MembTV historical baseline unavailable,MembTV,,,2026,8-player unranked Rage Forest 2026 (Custom),first 10 game minutes,core_gap_cv,0,52,0,8,,1.5471212505174274,,1.571108152746265,,,1.2135300519090275,2.2866386394598646,,,,unavailable,"Original definitions retained; tatoh_ prefix denotes a legacy definition reused for MembTV, not player identity.",No recovered historical replay baseline; current team-game context cannot be pooled with professional 1v1 samples.
MembTV historical baseline unavailable,MembTV,,,2026,8-player unranked Rage Forest 2026 (Custom),first 10 game minutes,core_gap_max_s,0,52,0,8,,12.39763271633241,,12.955325005142228,,,6.743786753915643,23.472188554384957,,,,unavailable,"Original definitions retained; tatoh_ prefix denotes a legacy definition reused for MembTV, not player identity.",No recovered historical replay baseline; current team-game context cannot be pooled with professional 1v1 samples.
MembTV historical baseline unavailable,MembTV,,,2026,8-player unranked Rage Forest 2026 (Custom),first 10 game minutes,core_gap_p10_s,0,52,0,8,,0.11834319125938464,,0.11834319125938464,,,0.11538461147789292,0.12307691890976002,,,,unavailable,"Original definitions retained; tatoh_ prefix denotes a legacy definition reused for MembTV, not player identity.",No recovered historical replay baseline; current team-game context cannot be pooled with professional 1v1 samples.
MembTV historical baseline unavailable,MembTV,,,2026,8-player unranked Rage Forest 2026 (Custom),first 10 game minutes,core_gap_p50_s,0,52,0,8,,0.361538449297397,,0.36420117110074557,,,0.23846153038766715,0.7242603305073771,,,,unavailable,"Original definitions retained; tatoh_ prefix denotes a legacy definition reused for MembTV, not player identity.",No recovered historical replay baseline; current team-game context cannot be pooled with professional 1v1 samples.
MembTV historical baseline unavailable,MembTV,,,2026,8-player unranked Rage Forest 2026 (Custom),first 10 game minutes,core_gap_p90_s,0,52,0,8,,2.453964413954452,,2.681538370746246,,,1.5799999465039345,4.05562116445887,,,,unavailable,"Original definitions retained; tatoh_ prefix denotes a legacy definition reused for MembTV, not player identity.",No recovered historical replay baseline; current team-game context cannot be pooled with professional 1v1 samples.
MembTV historical baseline unavailable,MembTV,,,2026,8-player unranked Rage Forest 2026 (Custom),first 10 game minutes,core_gap_p99_s,0,52,0,8,,7.270106262722596,,7.508970159960517,,,4.446520559507736,13.114153402131457,,,,unavailable,"Original definitions retained; tatoh_ prefix denotes a legacy definition reused for MembTV, not player identity.",No recovered historical replay baseline; current team-game context cannot be pooled with professional 1v1 samples.
MembTV historical baseline unavailable,MembTV,,,2026,8-player unranked Rage Forest 2026 (Custom),first 10 game minutes,core_same_type_triplet_fraction,0,52,0,8,,0.6298507462686567,,0.602407809304361,,,0.39111111111111113,0.8107569721115537,,,,unavailable,"Original definitions retained; tatoh_ prefix denotes a legacy definition reused for MembTV, not player identity.",No recovered historical replay baseline; current team-game context cannot be pooled with professional 1v1 samples.
MembTV historical baseline unavailable,MembTV,,,2026,8-player unranked Rage Forest 2026 (Custom),first 10 game minutes,core_type_entropy_bits,0,52,0,8,,1.061111216880533,,1.149735955877004,,,0.5638041128859883,1.534693415757284,,,,unavailable,"Original definitions retained; tatoh_ prefix denotes a legacy definition reused for MembTV, not player identity.",No recovered historical replay baseline; current team-game context cannot be pooled with professional 1v1 samples.
MembTV historical baseline unavailable,MembTV,,,2026,8-player unranked Rage Forest 2026 (Custom),first 10 game minutes,core_type_switch_fraction,0,52,0,8,,0.23493975903614459,,0.25450090550761695,,,0.12127236580516898,0.39823008849557523,,,,unavailable,"Original definitions retained; tatoh_ prefix denotes a legacy definition reused for MembTV, not player identity.",No recovered historical replay baseline; current team-game context cannot be pooled with professional 1v1 samples.
MembTV historical baseline unavailable,MembTV,,,2026,8-player unranked Rage Forest 2026 (Custom),first 10 game minutes,core_type_transition_entropy_bits,0,52,0,8,,0.8590535005592859,,0.8990549489175346,,,0.4705790333482241,1.3058977476584732,,,,unavailable,"Original definitions retained; tatoh_ prefix denotes a legacy definition reused for MembTV, not player identity.",No recovered historical replay baseline; current team-game context cannot be pooled with professional 1v1 samples.
MembTV historical baseline unavailable,MembTV,,,2026,8-player unranked Rage Forest 2026 (Custom),first 10 game minutes,dedup_core_cpm,0,52,0,8,,31.434001064300535,,30.251001024246214,,,24.16700081825256,38.87000131607056,,,,unavailable,"Original definitions retained; tatoh_ prefix denotes a legacy definition reused for MembTV, not player identity.",No recovered historical replay baseline; current team-game context cannot be pooled with professional 1v1 samples.
MembTV historical baseline unavailable,MembTV,,,2026,8-player unranked Rage Forest 2026 (Custom),first 10 game minutes,destination_cell_switch_fraction,0,52,0,8,,0.1742857142857143,,0.15068969931670162,,,0.07420494699646643,0.26146788990825687,,,,unavailable,"Original definitions retained; tatoh_ prefix denotes a legacy definition reused for MembTV, not player identity.",No recovered historical replay baseline; current team-game context cannot be pooled with professional 1v1 samples.
MembTV historical baseline unavailable,MembTV,,,2026,8-player unranked Rage Forest 2026 (Custom),first 10 game minutes,destination_entropy_4x4_bits,0,52,0,8,,1.755139183138773,,1.527654904215052,,,0.5522254953900427,2.6264445825815317,,,,unavailable,"Original definitions retained; tatoh_ prefix denotes a legacy definition reused for MembTV, not player identity.",No recovered historical replay baseline; current team-game context cannot be pooled with professional 1v1 samples.
MembTV historical baseline unavailable,MembTV,,,2026,8-player unranked Rage Forest 2026 (Custom),first 10 game minutes,destination_jump_diagonal_p50,0,52,0,8,,0.004447995305749039,,0.004402988523226444,,,0.002458469198860302,0.009577213486600556,,,,unavailable,"Original definitions retained; tatoh_ prefix denotes a legacy definition reused for MembTV, not player identity.",No recovered historical replay baseline; current team-game context cannot be pooled with professional 1v1 samples.
MembTV historical baseline unavailable,MembTV,,,2026,8-player unranked Rage Forest 2026 (Custom),first 10 game minutes,destination_jump_diagonal_p90,0,52,0,8,,0.07519687913499774,,0.07563367064154408,,,0.03688884197321231,0.22649015434779296,,,,unavailable,"Original definitions retained; tatoh_ prefix denotes a legacy definition reused for MembTV, not player identity.",No recovered historical replay baseline; current team-game context cannot be pooled with professional 1v1 samples.
MembTV historical baseline unavailable,MembTV,,,2026,8-player unranked Rage Forest 2026 (Custom),first 10 game minutes,destination_jump_ge_quarter_fraction,0,52,0,8,,0.014285714285714285,,0.017936055106721326,,,0.0,0.09198813056379822,,,,unavailable,"Original definitions retained; tatoh_ prefix denotes a legacy definition reused for MembTV, not player identity.",No recovered historical replay baseline; current team-game context cannot be pooled with professional 1v1 samples.
MembTV historical baseline unavailable,MembTV,,,2026,8-player unranked Rage Forest 2026 (Custom),first 10 game minutes,distinct_building_type_ids,0,52,0,8,,5.0,,4.5,,,2.0,6.0,,,,unavailable,"Original definitions retained; tatoh_ prefix denotes a legacy definition reused for MembTV, not player identity.",No recovered historical replay baseline; current team-game context cannot be pooled with professional 1v1 samples.
MembTV historical baseline unavailable,MembTV,,,2026,8-player unranked Rage Forest 2026 (Custom),first 10 game minutes,distinct_order_target_ids,0,52,0,8,,26.0,,24.5,,,14.0,43.0,,,,unavailable,"Original definitions retained; tatoh_ prefix denotes a legacy definition reused for MembTV, not player identity.",No recovered historical replay baseline; current team-game context cannot be pooled with professional 1v1 samples.
MembTV historical baseline unavailable,MembTV,,,2026,8-player unranked Rage Forest 2026 (Custom),first 10 game minutes,distinct_research_type_ids,0,52,0,8,,2.0,,2.0,,,0.0,4.0,,,,unavailable,"Original definitions retained; tatoh_ prefix denotes a legacy definition reused for MembTV, not player identity.",No recovered historical replay baseline; current team-game context cannot be pooled with professional 1v1 samples.
MembTV historical baseline unavailable,MembTV,,,2026,8-player unranked Rage Forest 2026 (Custom),first 10 game minutes,empty_5s_bin_fraction,0,52,0,8,,0.08333333333333333,,0.09722222222222222,,,0.013888888888888888,0.2361111111111111,,,,unavailable,"Original definitions retained; tatoh_ prefix denotes a legacy definition reused for MembTV, not player identity.",No recovered historical replay baseline; current team-game context cannot be pooled with professional 1v1 samples.
MembTV historical baseline unavailable,MembTV,,,2026,8-player unranked Rage Forest 2026 (Custom),first 10 game minutes,explicit_actor_commands,0,52,0,8,,105.0,,105.0,,,76.0,171.0,,,,unavailable,"Original definitions retained; tatoh_ prefix denotes a legacy definition reused for MembTV, not player identity.",No recovered historical replay baseline; current team-game context cannot be pooled with professional 1v1 samples.
MembTV historical baseline unavailable,MembTV,,,2026,8-player unranked Rage Forest 2026 (Custom),first 10 game minutes,explicit_actor_coverage,0,52,0,8,,0.3151750972762646,,0.3363003298602021,,,0.1744421906693712,0.5097087378640777,,,,unavailable,"Original definitions retained; tatoh_ prefix denotes a legacy definition reused for MembTV, not player identity.",No recovered historical replay baseline; current team-game context cannot be pooled with professional 1v1 samples.
MembTV historical baseline unavailable,MembTV,,,2026,8-player unranked Rage Forest 2026 (Custom),first 10 game minutes,explicitly_commanded_production_building_ids,0,52,0,8,,2.0,,2.0,,,1.0,3.0,,,,unavailable,"Original definitions retained; tatoh_ prefix denotes a legacy definition reused for MembTV, not player identity.",No recovered historical replay baseline; current team-game context cannot be pooled with professional 1v1 samples.
MembTV historical baseline unavailable,MembTV,,,2026,8-player unranked Rage Forest 2026 (Custom),first 10 game minutes,feudal_request_game_s,0,37,0,8,,502.471,,510.01,,,401.987,598.883,,,,unavailable,"Original definitions retained; tatoh_ prefix denotes a legacy definition reused for MembTV, not player identity.",No recovered historical replay baseline; current team-game context cannot be pooled with professional 1v1 samples.
MembTV historical baseline unavailable,MembTV,,,2026,8-player unranked Rage Forest 2026 (Custom),first 10 game minutes,first_core_command_nominal_s,0,52,0,8,,3.574556091989503,,3.460059054446055,,,2.3999999187401793,4.291124115065035,,,,unavailable,"Original definitions retained; tatoh_ prefix denotes a legacy definition reused for MembTV, not player identity.",No recovered historical replay baseline; current team-game context cannot be pooled with professional 1v1 samples.
MembTV historical baseline unavailable,MembTV,,,2026,8-player unranked Rage Forest 2026 (Custom),first 10 game minutes,imperial_request_game_s,0,0,0,0,,,,,,,,,,,,unavailable,"Original definitions retained; tatoh_ prefix denotes a legacy definition reused for MembTV, not player identity.",No recovered historical replay baseline; current team-game context cannot be pooled with professional 1v1 samples.
MembTV historical baseline unavailable,MembTV,,,2026,8-player unranked Rage Forest 2026 (Custom),first 10 game minutes,legacy_command_class_entropy_bits,0,0,0,0,,,,,,,,,,,,unavailable,"Original definitions retained; tatoh_ prefix denotes a legacy definition reused for MembTV, not player identity.",No recovered historical replay baseline; current team-game context cannot be pooled with professional 1v1 samples.
MembTV historical baseline unavailable,MembTV,,,2026,8-player unranked Rage Forest 2026 (Custom),first 10 game minutes,legacy_core_silence_over5s_fraction,0,0,0,0,,,,,,,,,,,,unavailable,"Original definitions retained; tatoh_ prefix denotes a legacy definition reused for MembTV, not player identity.",No recovered historical replay baseline; current team-game context cannot be pooled with professional 1v1 samples.
MembTV historical baseline unavailable,MembTV,,,2026,8-player unranked Rage Forest 2026 (Custom),first 10 game minutes,legacy_duration_game_min,0,0,0,0,,,,,,,,,,,,unavailable,"Original definitions retained; tatoh_ prefix denotes a legacy definition reused for MembTV, not player identity.",No recovered historical replay baseline; current team-game context cannot be pooled with professional 1v1 samples.
MembTV historical baseline unavailable,MembTV,,,2026,8-player unranked Rage Forest 2026 (Custom),first 10 game minutes,legacy_move_share,0,0,0,0,,,,,,,,,,,,unavailable,"Original definitions retained; tatoh_ prefix denotes a legacy definition reused for MembTV, not player identity.",No recovered historical replay baseline; current team-game context cannot be pooled with professional 1v1 samples.
MembTV historical baseline unavailable,MembTV,,,2026,8-player unranked Rage Forest 2026 (Custom),first 10 game minutes,legacy_peak_10s_nominal_cpm,0,0,0,0,,,,,,,,,,,,unavailable,"Original definitions retained; tatoh_ prefix denotes a legacy definition reused for MembTV, not player identity.",No recovered historical replay baseline; current team-game context cannot be pooled with professional 1v1 samples.
MembTV historical baseline unavailable,MembTV,,,2026,8-player unranked Rage Forest 2026 (Custom),first 10 game minutes,legacy_planning_command_share,0,0,0,0,,,,,,,,,,,,unavailable,"Original definitions retained; tatoh_ prefix denotes a legacy definition reused for MembTV, not player identity.",No recovered historical replay baseline; current team-game context cannot be pooled with professional 1v1 samples.
MembTV historical baseline unavailable,MembTV,,,2026,8-player unranked Rage Forest 2026 (Custom),first 10 game minutes,legacy_queue_batch_gt1_fraction,0,0,0,0,,,,,,,,,,,,unavailable,"Original definitions retained; tatoh_ prefix denotes a legacy definition reused for MembTV, not player identity.",No recovered historical replay baseline; current team-game context cannot be pooled with professional 1v1 samples.
MembTV historical baseline unavailable,MembTV,,,2026,8-player unranked Rage Forest 2026 (Custom),first 10 game minutes,legacy_queue_batch_mean,0,0,0,0,,,,,,,,,,,,unavailable,"Original definitions retained; tatoh_ prefix denotes a legacy definition reused for MembTV, not player identity.",No recovered historical replay baseline; current team-game context cannot be pooled with professional 1v1 samples.
MembTV historical baseline unavailable,MembTV,,,2026,8-player unranked Rage Forest 2026 (Custom),first 10 game minutes,legacy_switches_per_100_commands,0,0,0,0,,,,,,,,,,,,unavailable,"Original definitions retained; tatoh_ prefix denotes a legacy definition reused for MembTV, not player identity.",No recovered historical replay baseline; current team-game context cannot be pooled with professional 1v1 samples.
MembTV historical baseline unavailable,MembTV,,,2026,8-player unranked Rage Forest 2026 (Custom),first 10 game minutes,market_commands_nominal_min,0,52,0,8,,0.0,,0.0,,,0.0,0.0,,,,unavailable,"Original definitions retained; tatoh_ prefix denotes a legacy definition reused for MembTV, not player identity.",No recovered historical replay baseline; current team-game context cannot be pooled with professional 1v1 samples.
MembTV historical baseline unavailable,MembTV,,,2026,8-player unranked Rage Forest 2026 (Custom),first 10 game minutes,move_order_commands,0,52,0,8,,324.0,,306.0,,,206.0,553.0,,,,unavailable,"Original definitions retained; tatoh_ prefix denotes a legacy definition reused for MembTV, not player identity.",No recovered historical replay baseline; current team-game context cannot be pooled with professional 1v1 samples.
MembTV historical baseline unavailable,MembTV,,,2026,8-player unranked Rage Forest 2026 (Custom),first 10 game minutes,noncore_action_fraction,0,52,0,8,,0.18660287081339713,,0.19031247872557697,,,0.11609907120743033,0.3183183183183183,,,,unavailable,"Original definitions retained; tatoh_ prefix denotes a legacy definition reused for MembTV, not player identity.",No recovered historical replay baseline; current team-game context cannot be pooled with professional 1v1 samples.
MembTV historical baseline unavailable,MembTV,,,2026,8-player unranked Rage Forest 2026 (Custom),first 10 game minutes,peak_5s_nominal_cpm,0,52,0,8,,252.0,,240.0,,,132.0,336.0,,,,unavailable,"Original definitions retained; tatoh_ prefix denotes a legacy definition reused for MembTV, not player identity.",No recovered historical replay baseline; current team-game context cannot be pooled with professional 1v1 samples.
MembTV historical baseline unavailable,MembTV,,,2026,8-player unranked Rage Forest 2026 (Custom),first 10 game minutes,positive_de_queue_commands,0,52,0,8,,26.0,,26.0,,,18.0,38.0,,,,unavailable,"Original definitions retained; tatoh_ prefix denotes a legacy definition reused for MembTV, not player identity.",No recovered historical replay baseline; current team-game context cannot be pooled with professional 1v1 samples.
MembTV historical baseline unavailable,MembTV,,,2026,8-player unranked Rage Forest 2026 (Custom),first 10 game minutes,positive_queue_amount_mean,0,52,0,8,,1.0,,1.0,,,1.0,1.0,,,,unavailable,"Original definitions retained; tatoh_ prefix denotes a legacy definition reused for MembTV, not player identity.",No recovered historical replay baseline; current team-game context cannot be pooled with professional 1v1 samples.
MembTV historical baseline unavailable,MembTV,,,2026,8-player unranked Rage Forest 2026 (Custom),first 10 game minutes,production_command_revisit_nominal_median_s,0,52,0,8,,11.892307289654863,,11.29186352300259,,,2.9112425049806836,16.661833755385935,,,,unavailable,"Original definitions retained; tatoh_ prefix denotes a legacy definition reused for MembTV, not player identity.",No recovered historical replay baseline; current team-game context cannot be pooled with professional 1v1 samples.
MembTV historical baseline unavailable,MembTV,,,2026,8-player unranked Rage Forest 2026 (Custom),first 10 game minutes,rapid_destination_repeat_fraction,0,52,0,8,,0.49772727272727274,,0.48912627551020404,,,0.3256880733944954,0.6539855072463768,,,,unavailable,"Original definitions retained; tatoh_ prefix denotes a legacy definition reused for MembTV, not player identity.",No recovered historical replay baseline; current team-game context cannot be pooled with professional 1v1 samples.
MembTV historical baseline unavailable,MembTV,,,2026,8-player unranked Rage Forest 2026 (Custom),first 10 game minutes,requested_queue_unit_type_ids,0,52,0,8,,2.0,,2.0,,,1.0,3.0,,,,unavailable,"Original definitions retained; tatoh_ prefix denotes a legacy definition reused for MembTV, not player identity.",No recovered historical replay baseline; current team-game context cannot be pooled with professional 1v1 samples.
MembTV historical baseline unavailable,MembTV,,,2026,8-player unranked Rage Forest 2026 (Custom),first 10 game minutes,research_commands_nominal_min,0,52,0,8,,0.33800001144409175,,0.33800001144409175,,,0.0,1.0140000343322753,,,,unavailable,"Original definitions retained; tatoh_ prefix denotes a legacy definition reused for MembTV, not player identity.",No recovered historical replay baseline; current team-game context cannot be pooled with professional 1v1 samples.
MembTV historical baseline unavailable,MembTV,,,2026,8-player unranked Rage Forest 2026 (Custom),first 10 game minutes,same_actor_gap_nominal_median_s,0,52,0,8,,0.3050295754710351,,0.2424556130926515,,,0.11715975934677153,1.6958579307468735,,,,unavailable,"Original definitions retained; tatoh_ prefix denotes a legacy definition reused for MembTV, not player identity.",No recovered historical replay baseline; current team-game context cannot be pooled with professional 1v1 samples.
MembTV historical baseline unavailable,MembTV,,,2026,8-player unranked Rage Forest 2026 (Custom),first 10 game minutes,same_actor_pair_count,0,52,0,8,,8.0,,9.0,,,2.0,29.0,,,,unavailable,"Original definitions retained; tatoh_ prefix denotes a legacy definition reused for MembTV, not player identity.",No recovered historical replay baseline; current team-game context cannot be pooled with professional 1v1 samples.
MembTV historical baseline unavailable,MembTV,,,2026,8-player unranked Rage Forest 2026 (Custom),first 10 game minutes,same_actor_recommand_under1s_fraction,0,52,0,8,,0.76,,0.7817460317460317,,,0.25,1.0,,,,unavailable,"Original definitions retained; tatoh_ prefix denotes a legacy definition reused for MembTV, not player identity.",No recovered historical replay baseline; current team-game context cannot be pooled with professional 1v1 samples.
MembTV historical baseline unavailable,MembTV,,,2026,8-player unranked Rage Forest 2026 (Custom),first 10 game minutes,simultaneous_core_gap_fraction,0,52,0,8,,0.0,,0.0,,,0.0,0.026455026455026454,,,,unavailable,"Original definitions retained; tatoh_ prefix denotes a legacy definition reused for MembTV, not player identity.",No recovered historical replay baseline; current team-game context cannot be pooled with professional 1v1 samples.
MembTV historical baseline unavailable,MembTV,,,2026,8-player unranked Rage Forest 2026 (Custom),first 10 game minutes,tatoh_cpm_0_5,0,0,0,0,,,,,,,,,,,,unavailable,"Original definitions retained; tatoh_ prefix denotes a legacy definition reused for MembTV, not player identity.",No recovered historical replay baseline; current team-game context cannot be pooled with professional 1v1 samples.
MembTV historical baseline unavailable,MembTV,,,2026,8-player unranked Rage Forest 2026 (Custom),first 10 game minutes,tatoh_cpm_10_15,0,0,0,0,,,,,,,,,,,,unavailable,"Original definitions retained; tatoh_ prefix denotes a legacy definition reused for MembTV, not player identity.",No recovered historical replay baseline; current team-game context cannot be pooled with professional 1v1 samples.
MembTV historical baseline unavailable,MembTV,,,2026,8-player unranked Rage Forest 2026 (Custom),first 10 game minutes,tatoh_cpm_10_20,0,0,0,0,,,,,,,,,,,,unavailable,"Original definitions retained; tatoh_ prefix denotes a legacy definition reused for MembTV, not player identity.",No recovered historical replay baseline; current team-game context cannot be pooled with professional 1v1 samples.
MembTV historical baseline unavailable,MembTV,,,2026,8-player unranked Rage Forest 2026 (Custom),first 10 game minutes,tatoh_cpm_15_20,0,0,0,0,,,,,,,,,,,,unavailable,"Original definitions retained; tatoh_ prefix denotes a legacy definition reused for MembTV, not player identity.",No recovered historical replay baseline; current team-game context cannot be pooled with professional 1v1 samples.
MembTV historical baseline unavailable,MembTV,,,2026,8-player unranked Rage Forest 2026 (Custom),first 10 game minutes,tatoh_cpm_5_10,0,0,0,0,,,,,,,,,,,,unavailable,"Original definitions retained; tatoh_ prefix denotes a legacy definition reused for MembTV, not player identity.",No recovered historical replay baseline; current team-game context cannot be pooled with professional 1v1 samples.
MembTV historical baseline unavailable,MembTV,,,2026,8-player unranked Rage Forest 2026 (Custom),first 10 game minutes,tatoh_dedup_open_cpm,0,0,0,0,,,,,,,,,,,,unavailable,"Original definitions retained; tatoh_ prefix denotes a legacy definition reused for MembTV, not player identity.",No recovered historical replay baseline; current team-game context cannot be pooled with professional 1v1 samples.
MembTV historical baseline unavailable,MembTV,,,2026,8-player unranked Rage Forest 2026 (Custom),first 10 game minutes,tatoh_dedup_whole_cpm,0,0,0,0,,,,,,,,,,,,unavailable,"Original definitions retained; tatoh_ prefix denotes a legacy definition reused for MembTV, not player identity.",No recovered historical replay baseline; current team-game context cannot be pooled with professional 1v1 samples.
MembTV historical baseline unavailable,MembTV,,,2026,8-player unranked Rage Forest 2026 (Custom),first 10 game minutes,tatoh_gap_p50_open,0,0,0,0,,,,,,,,,,,,unavailable,"Original definitions retained; tatoh_ prefix denotes a legacy definition reused for MembTV, not player identity.",No recovered historical replay baseline; current team-game context cannot be pooled with professional 1v1 samples.
MembTV historical baseline unavailable,MembTV,,,2026,8-player unranked Rage Forest 2026 (Custom),first 10 game minutes,tatoh_gap_p90_open,0,0,0,0,,,,,,,,,,,,unavailable,"Original definitions retained; tatoh_ prefix denotes a legacy definition reused for MembTV, not player identity.",No recovered historical replay baseline; current team-game context cannot be pooled with professional 1v1 samples.
MembTV historical baseline unavailable,MembTV,,,2026,8-player unranked Rage Forest 2026 (Custom),first 10 game minutes,tatoh_gap_p99_10_20,0,0,0,0,,,,,,,,,,,,unavailable,"Original definitions retained; tatoh_ prefix denotes a legacy definition reused for MembTV, not player identity.",No recovered historical replay baseline; current team-game context cannot be pooled with professional 1v1 samples.
MembTV historical baseline unavailable,MembTV,,,2026,8-player unranked Rage Forest 2026 (Custom),first 10 game minutes,tatoh_gap_p99_open,0,0,0,0,,,,,,,,,,,,unavailable,"Original definitions retained; tatoh_ prefix denotes a legacy definition reused for MembTV, not player identity.",No recovered historical replay baseline; current team-game context cannot be pooled with professional 1v1 samples.
MembTV historical baseline unavailable,MembTV,,,2026,8-player unranked Rage Forest 2026 (Custom),first 10 game minutes,tatoh_reclick_open,0,0,0,0,,,,,,,,,,,,unavailable,"Original definitions retained; tatoh_ prefix denotes a legacy definition reused for MembTV, not player identity.",No recovered historical replay baseline; current team-game context cannot be pooled with professional 1v1 samples.
MembTV historical baseline unavailable,MembTV,,,2026,8-player unranked Rage Forest 2026 (Custom),first 10 game minutes,tatoh_reclick_whole,0,0,0,0,,,,,,,,,,,,unavailable,"Original definitions retained; tatoh_ prefix denotes a legacy definition reused for MembTV, not player identity.",No recovered historical replay baseline; current team-game context cannot be pooled with professional 1v1 samples.
MembTV historical baseline unavailable,MembTV,,,2026,8-player unranked Rage Forest 2026 (Custom),first 10 game minutes,valid_target_order_fraction,0,52,0,8,,1.0,,1.0,,,1.0,1.0,,,,unavailable,"Original definitions retained; tatoh_ prefix denotes a legacy definition reused for MembTV, not player identity.",No recovered historical replay baseline; current team-game context cannot be pooled with professional 1v1 samples.
MembTV historical baseline unavailable,MembTV,,,2026,8-player unranked Rage Forest 2026 (Custom),first 10 game minutes,wall_commands_nominal_min,0,52,0,8,,0.8450000286102294,,0.7605000257492065,,,0.0,2.87300009727478,,,,unavailable,"Original definitions retained; tatoh_ prefix denotes a legacy definition reused for MembTV, not player identity.",No recovered historical replay baseline; current team-game context cannot be pooled with professional 1v1 samples.
MembTV historical baseline unavailable,MembTV,,,2026,8-player unranked Rage Forest 2026 (Custom),whole available replay,actor_group_change_fraction,0,52,0,8,,0.7410071942446043,,0.7155378269836101,,,0.46779661016949153,0.8641975308641975,,,,unavailable,"Original definitions retained; tatoh_ prefix denotes a legacy definition reused for MembTV, not player identity.",No recovered historical replay baseline; current team-game context cannot be pooled with professional 1v1 samples.
MembTV historical baseline unavailable,MembTV,,,2026,8-player unranked Rage Forest 2026 (Custom),whole available replay,actor_group_ge10_fraction,0,52,0,8,,0.05458515283842795,,0.07140884522823214,,,0.0,0.40605095541401276,,,,unavailable,"Original definitions retained; tatoh_ prefix denotes a legacy definition reused for MembTV, not player identity.",No recovered historical replay baseline; current team-game context cannot be pooled with professional 1v1 samples.
MembTV historical baseline unavailable,MembTV,,,2026,8-player unranked Rage Forest 2026 (Custom),whole available replay,actor_group_size_median,0,52,0,8,,2.0,,2.0,,,1.0,7.0,,,,unavailable,"Original definitions retained; tatoh_ prefix denotes a legacy definition reused for MembTV, not player identity.",No recovered historical replay baseline; current team-game context cannot be pooled with professional 1v1 samples.
MembTV historical baseline unavailable,MembTV,,,2026,8-player unranked Rage Forest 2026 (Custom),whole available replay,actor_group_size_p90,0,52,0,8,,7.0,,7.0,,,4.0,40.0,,,,unavailable,"Original definitions retained; tatoh_ prefix denotes a legacy definition reused for MembTV, not player identity.",No recovered historical replay baseline; current team-game context cannot be pooled with professional 1v1 samples.
MembTV historical baseline unavailable,MembTV,,,2026,8-player unranked Rage Forest 2026 (Custom),whole available replay,actor_overlap_jaccard_median,0,52,0,8,,0.0,,0.0,,,0.0,1.0,,,,unavailable,"Original definitions retained; tatoh_ prefix denotes a legacy definition reused for MembTV, not player identity.",No recovered historical replay baseline; current team-game context cannot be pooled with professional 1v1 samples.
MembTV historical baseline unavailable,MembTV,,,2026,8-player unranked Rage Forest 2026 (Custom),whole available replay,actor_pair_count,0,52,0,8,,163.0,,179.5,,,81.0,710.0,,,,unavailable,"Original definitions retained; tatoh_ prefix denotes a legacy definition reused for MembTV, not player identity.",No recovered historical replay baseline; current team-game context cannot be pooled with professional 1v1 samples.
MembTV historical baseline unavailable,MembTV,,,2026,8-player unranked Rage Forest 2026 (Custom),whole available replay,all_recorded_cpm,0,52,0,8,,73.04798541666888,,71.26828621801378,,,53.94590925661422,100.55345648593202,,,,unavailable,"Original definitions retained; tatoh_ prefix denotes a legacy definition reused for MembTV, not player identity.",No recovered historical replay baseline; current team-game context cannot be pooled with professional 1v1 samples.
MembTV historical baseline unavailable,MembTV,,,2026,8-player unranked Rage Forest 2026 (Custom),whole available replay,build_commands_nominal_min,0,52,0,8,,4.9107429587165115,,4.304811431255345,,,2.7010689960357457,6.3311827713513145,,,,unavailable,"Original definitions retained; tatoh_ prefix denotes a legacy definition reused for MembTV, not player identity.",No recovered historical replay baseline; current team-game context cannot be pooled with professional 1v1 samples.
MembTV historical baseline unavailable,MembTV,,,2026,8-player unranked Rage Forest 2026 (Custom),whole available replay,castle_request_game_s,0,50,0,8,,982.474,,982.5409999999999,,,687.326,1706.054,,,,unavailable,"Original definitions retained; tatoh_ prefix denotes a legacy definition reused for MembTV, not player identity.",No recovered historical replay baseline; current team-game context cannot be pooled with professional 1v1 samples.
MembTV historical baseline unavailable,MembTV,,,2026,8-player unranked Rage Forest 2026 (Custom),whole available replay,command_silence_ge10s_time_fraction,0,52,0,8,,0.10283571006626056,,0.10940788847872429,,,0.00828570325077454,0.24996312136505822,,,,unavailable,"Original definitions retained; tatoh_ prefix denotes a legacy definition reused for MembTV, not player identity.",No recovered historical replay baseline; current team-game context cannot be pooled with professional 1v1 samples.
MembTV historical baseline unavailable,MembTV,,,2026,8-player unranked Rage Forest 2026 (Custom),whole available replay,command_silence_ge5s_time_fraction,0,52,0,8,,0.3228556448663822,,0.3277106242835478,,,0.20935382954663725,0.4578146485084674,,,,unavailable,"Original definitions retained; tatoh_ prefix denotes a legacy definition reused for MembTV, not player identity.",No recovered historical replay baseline; current team-game context cannot be pooled with professional 1v1 samples.
MembTV historical baseline unavailable,MembTV,,,2026,8-player unranked Rage Forest 2026 (Custom),whole available replay,commanded_actor_ids,0,52,0,8,,178.0,,182.0,,,51.0,1078.0,,,,unavailable,"Original definitions retained; tatoh_ prefix denotes a legacy definition reused for MembTV, not player identity.",No recovered historical replay baseline; current team-game context cannot be pooled with professional 1v1 samples.
MembTV historical baseline unavailable,MembTV,,,2026,8-player unranked Rage Forest 2026 (Custom),whole available replay,coordinate_coverage,0,52,0,8,,1.0,,1.0,,,1.0,1.0,,,,unavailable,"Original definitions retained; tatoh_ prefix denotes a legacy definition reused for MembTV, not player identity.",No recovered historical replay baseline; current team-game context cannot be pooled with professional 1v1 samples.
MembTV historical baseline unavailable,MembTV,,,2026,8-player unranked Rage Forest 2026 (Custom),whole available replay,core_category_entropy_bits,0,52,0,8,,1.6140666678294628,,1.6264451895598766,,,1.2720474753866076,1.8609680399328294,,,,unavailable,"Original definitions retained; tatoh_ prefix denotes a legacy definition reused for MembTV, not player identity.",No recovered historical replay baseline; current team-game context cannot be pooled with professional 1v1 samples.
MembTV historical baseline unavailable,MembTV,,,2026,8-player unranked Rage Forest 2026 (Custom),whole available replay,core_category_switch_fraction,0,52,0,8,,0.31194690265486724,,0.3130070947789704,,,0.22719665271966527,0.4365234375,,,,unavailable,"Original definitions retained; tatoh_ prefix denotes a legacy definition reused for MembTV, not player identity.",No recovered historical replay baseline; current team-game context cannot be pooled with professional 1v1 samples.
MembTV historical baseline unavailable,MembTV,,,2026,8-player unranked Rage Forest 2026 (Custom),whole available replay,core_count_5s_cv,0,52,0,8,,0.9104214730688462,,0.9036428112495936,,,0.7671172664262045,1.199286371687275,,,,unavailable,"Original definitions retained; tatoh_ prefix denotes a legacy definition reused for MembTV, not player identity.",No recovered historical replay baseline; current team-game context cannot be pooled with professional 1v1 samples.
MembTV historical baseline unavailable,MembTV,,,2026,8-player unranked Rage Forest 2026 (Custom),whole available replay,core_cpm,0,52,0,8,,50.73185004469739,,50.43037249616653,,,37.83866429373461,71.57586021371344,,,,unavailable,"Original definitions retained; tatoh_ prefix denotes a legacy definition reused for MembTV, not player identity.",No recovered historical replay baseline; current team-game context cannot be pooled with professional 1v1 samples.
MembTV historical baseline unavailable,MembTV,,,2026,8-player unranked Rage Forest 2026 (Custom),whole available replay,core_gap_burstiness,0,52,0,8,,0.2586286234178907,,0.25052541491058666,,,0.18549336805714817,0.3310233591344778,,,,unavailable,"Original definitions retained; tatoh_ prefix denotes a legacy definition reused for MembTV, not player identity.",No recovered historical replay baseline; current team-game context cannot be pooled with professional 1v1 samples.
MembTV historical baseline unavailable,MembTV,,,2026,8-player unranked Rage Forest 2026 (Custom),whole available replay,core_gap_cv,0,52,0,8,,1.697703287683502,,1.6685391294267768,,,1.4554741748748903,1.9896410096059547,,,,unavailable,"Original definitions retained; tatoh_ prefix denotes a legacy definition reused for MembTV, not player identity.",No recovered historical replay baseline; current team-game context cannot be pooled with professional 1v1 samples.
MembTV historical baseline unavailable,MembTV,,,2026,8-player unranked Rage Forest 2026 (Custom),whole available replay,core_gap_max_s,0,52,0,8,,22.905324668252547,,20.74053184214054,,,10.028402027319686,40.09348976676438,,,,unavailable,"Original definitions retained; tatoh_ prefix denotes a legacy definition reused for MembTV, not player identity.",No recovered historical replay baseline; current team-game context cannot be pooled with professional 1v1 samples.
MembTV historical baseline unavailable,MembTV,,,2026,8-player unranked Rage Forest 2026 (Custom),whole available replay,core_gap_p10_s,0,52,0,8,,0.11834319125937753,,0.11834319125938109,,,0.117159759346805,0.12426035082228282,,,,unavailable,"Original definitions retained; tatoh_ prefix denotes a legacy definition reused for MembTV, not player identity.",No recovered historical replay baseline; current team-game context cannot be pooled with professional 1v1 samples.
MembTV historical baseline unavailable,MembTV,,,2026,8-player unranked Rage Forest 2026 (Custom),whole available replay,core_gap_p50_s,0,52,0,8,,0.25473371918593557,,0.36153844929738455,,,0.24852070164467932,0.6071005711606006,,,,unavailable,"Original definitions retained; tatoh_ prefix denotes a legacy definition reused for MembTV, not player identity.",No recovered historical replay baseline; current team-game context cannot be pooled with professional 1v1 samples.
MembTV historical baseline unavailable,MembTV,,,2026,8-player unranked Rage Forest 2026 (Custom),whole available replay,core_gap_p90_s,0,52,0,8,,3.220414092145859,,3.2209762223044267,,,2.173136021096016,4.145798676198677,,,,unavailable,"Original definitions retained; tatoh_ prefix denotes a legacy definition reused for MembTV, not player identity.",No recovered historical replay baseline; current team-game context cannot be pooled with professional 1v1 samples.
MembTV historical baseline unavailable,MembTV,,,2026,8-player unranked Rage Forest 2026 (Custom),whole available replay,core_gap_p99_s,0,52,0,8,,9.792993751266476,,9.898952327560565,,,6.844863673570262,13.32165635368562,,,,unavailable,"Original definitions retained; tatoh_ prefix denotes a legacy definition reused for MembTV, not player identity.",No recovered historical replay baseline; current team-game context cannot be pooled with professional 1v1 samples.
MembTV historical baseline unavailable,MembTV,,,2026,8-player unranked Rage Forest 2026 (Custom),whole available replay,core_same_type_triplet_fraction,0,52,0,8,,0.5142857142857142,,0.5090324028435639,,,0.3519061583577713,0.6299706990372541,,,,unavailable,"Original definitions retained; tatoh_ prefix denotes a legacy definition reused for MembTV, not player identity.",No recovered historical replay baseline; current team-game context cannot be pooled with professional 1v1 samples.
MembTV historical baseline unavailable,MembTV,,,2026,8-player unranked Rage Forest 2026 (Custom),whole available replay,core_type_entropy_bits,0,52,0,8,,1.6827469365364132,,1.7013992804661728,,,1.3043295679457858,1.957121181745138,,,,unavailable,"Original definitions retained; tatoh_ prefix denotes a legacy definition reused for MembTV, not player identity.",No recovered historical replay baseline; current team-game context cannot be pooled with professional 1v1 samples.
MembTV historical baseline unavailable,MembTV,,,2026,8-player unranked Rage Forest 2026 (Custom),whole available replay,core_type_switch_fraction,0,52,0,8,,0.3159420289855073,,0.31825400494694744,,,0.23138075313807532,0.443359375,,,,unavailable,"Original definitions retained; tatoh_ prefix denotes a legacy definition reused for MembTV, not player identity.",No recovered historical replay baseline; current team-game context cannot be pooled with professional 1v1 samples.
MembTV historical baseline unavailable,MembTV,,,2026,8-player unranked Rage Forest 2026 (Custom),whole available replay,core_type_transition_entropy_bits,0,52,0,8,,1.2824157331743107,,1.289956498790429,,,0.9753846600369729,1.6427157779987653,,,,unavailable,"Original definitions retained; tatoh_ prefix denotes a legacy definition reused for MembTV, not player identity.",No recovered historical replay baseline; current team-game context cannot be pooled with professional 1v1 samples.
MembTV historical baseline unavailable,MembTV,,,2026,8-player unranked Rage Forest 2026 (Custom),whole available replay,dedup_core_cpm,0,52,0,8,,29.076455266440355,,28.938973425514227,,,22.84196157712494,34.2180808626061,,,,unavailable,"Original definitions retained; tatoh_ prefix denotes a legacy definition reused for MembTV, not player identity.",No recovered historical replay baseline; current team-game context cannot be pooled with professional 1v1 samples.
MembTV historical baseline unavailable,MembTV,,,2026,8-player unranked Rage Forest 2026 (Custom),whole available replay,destination_cell_switch_fraction,0,52,0,8,,0.1505226480836237,,0.14704683385814654,,,0.0676937441643324,0.22923976608187135,,,,unavailable,"Original definitions retained; tatoh_ prefix denotes a legacy definition reused for MembTV, not player identity.",No recovered historical replay baseline; current team-game context cannot be pooled with professional 1v1 samples.
MembTV historical baseline unavailable,MembTV,,,2026,8-player unranked Rage Forest 2026 (Custom),whole available replay,destination_entropy_4x4_bits,0,52,0,8,,2.227635540442072,,2.059349974026463,,,0.6616315804001475,2.9863375539839985,,,,unavailable,"Original definitions retained; tatoh_ prefix denotes a legacy definition reused for MembTV, not player identity.",No recovered historical replay baseline; current team-game context cannot be pooled with professional 1v1 samples.
MembTV historical baseline unavailable,MembTV,,,2026,8-player unranked Rage Forest 2026 (Custom),whole available replay,destination_jump_diagonal_p50,0,52,0,8,,0.0037727841710266928,,0.003929663954517149,,,0.002456017113277669,0.006001420961234719,,,,unavailable,"Original definitions retained; tatoh_ prefix denotes a legacy definition reused for MembTV, not player identity.",No recovered historical replay baseline; current team-game context cannot be pooled with professional 1v1 samples.
MembTV historical baseline unavailable,MembTV,,,2026,8-player unranked Rage Forest 2026 (Custom),whole available replay,destination_jump_diagonal_p90,0,52,0,8,,0.08714208470152823,,0.07847606137200211,,,0.033842072161149,0.21050610979879086,,,,unavailable,"Original definitions retained; tatoh_ prefix denotes a legacy definition reused for MembTV, not player identity.",No recovered historical replay baseline; current team-game context cannot be pooled with professional 1v1 samples.
MembTV historical baseline unavailable,MembTV,,,2026,8-player unranked Rage Forest 2026 (Custom),whole available replay,destination_jump_ge_quarter_fraction,0,52,0,8,,0.023693379790940768,,0.022527295458501836,,,0.0013123359580052493,0.08231292517006802,,,,unavailable,"Original definitions retained; tatoh_ prefix denotes a legacy definition reused for MembTV, not player identity.",No recovered historical replay baseline; current team-game context cannot be pooled with professional 1v1 samples.
MembTV historical baseline unavailable,MembTV,,,2026,8-player unranked Rage Forest 2026 (Custom),whole available replay,distinct_building_type_ids,0,52,0,8,,18.0,,18.0,,,10.0,24.0,,,,unavailable,"Original definitions retained; tatoh_ prefix denotes a legacy definition reused for MembTV, not player identity.",No recovered historical replay baseline; current team-game context cannot be pooled with professional 1v1 samples.
MembTV historical baseline unavailable,MembTV,,,2026,8-player unranked Rage Forest 2026 (Custom),whole available replay,distinct_order_target_ids,0,52,0,8,,141.0,,140.5,,,62.0,654.0,,,,unavailable,"Original definitions retained; tatoh_ prefix denotes a legacy definition reused for MembTV, not player identity.",No recovered historical replay baseline; current team-game context cannot be pooled with professional 1v1 samples.
MembTV historical baseline unavailable,MembTV,,,2026,8-player unranked Rage Forest 2026 (Custom),whole available replay,distinct_research_type_ids,0,52,0,8,,33.0,,34.0,,,8.0,63.0,,,,unavailable,"Original definitions retained; tatoh_ prefix denotes a legacy definition reused for MembTV, not player identity.",No recovered historical replay baseline; current team-game context cannot be pooled with professional 1v1 samples.
MembTV historical baseline unavailable,MembTV,,,2026,8-player unranked Rage Forest 2026 (Custom),whole available replay,empty_5s_bin_fraction,0,52,0,8,,0.11965811965811966,,0.12007067137809187,,,0.05761316872427984,0.21524663677130046,,,,unavailable,"Original definitions retained; tatoh_ prefix denotes a legacy definition reused for MembTV, not player identity.",No recovered historical replay baseline; current team-game context cannot be pooled with professional 1v1 samples.
MembTV historical baseline unavailable,MembTV,,,2026,8-player unranked Rage Forest 2026 (Custom),whole available replay,explicit_actor_commands,0,52,0,8,,376.0,,403.5,,,201.0,1464.0,,,,unavailable,"Original definitions retained; tatoh_ prefix denotes a legacy definition reused for MembTV, not player identity.",No recovered historical replay baseline; current team-game context cannot be pooled with professional 1v1 samples.
MembTV historical baseline unavailable,MembTV,,,2026,8-player unranked Rage Forest 2026 (Custom),whole available replay,explicit_actor_coverage,0,52,0,8,,0.35039370078740156,,0.3635254814709131,,,0.25557103064066855,0.47324414715719065,,,,unavailable,"Original definitions retained; tatoh_ prefix denotes a legacy definition reused for MembTV, not player identity.",No recovered historical replay baseline; current team-game context cannot be pooled with professional 1v1 samples.
MembTV historical baseline unavailable,MembTV,,,2026,8-player unranked Rage Forest 2026 (Custom),whole available replay,explicitly_commanded_production_building_ids,0,52,0,8,,23.0,,21.0,,,3.0,93.0,,,,unavailable,"Original definitions retained; tatoh_ prefix denotes a legacy definition reused for MembTV, not player identity.",No recovered historical replay baseline; current team-game context cannot be pooled with professional 1v1 samples.
MembTV historical baseline unavailable,MembTV,,,2026,8-player unranked Rage Forest 2026 (Custom),whole available replay,feudal_request_game_s,0,52,0,8,,550.099,,559.7255,,,401.987,878.57,,,,unavailable,"Original definitions retained; tatoh_ prefix denotes a legacy definition reused for MembTV, not player identity.",No recovered historical replay baseline; current team-game context cannot be pooled with professional 1v1 samples.
MembTV historical baseline unavailable,MembTV,,,2026,8-player unranked Rage Forest 2026 (Custom),whole available replay,first_core_command_nominal_s,0,52,0,8,,3.574556091989503,,3.460059054446055,,,2.3999999187401793,4.291124115065035,,,,unavailable,"Original definitions retained; tatoh_ prefix denotes a legacy definition reused for MembTV, not player identity.",No recovered historical replay baseline; current team-game context cannot be pooled with professional 1v1 samples.
MembTV historical baseline unavailable,MembTV,,,2026,8-player unranked Rage Forest 2026 (Custom),whole available replay,imperial_request_game_s,0,44,0,8,,1837.704,,1763.439,,,1097.492,2815.299,,,,unavailable,"Original definitions retained; tatoh_ prefix denotes a legacy definition reused for MembTV, not player identity.",No recovered historical replay baseline; current team-game context cannot be pooled with professional 1v1 samples.
MembTV historical baseline unavailable,MembTV,,,2026,8-player unranked Rage Forest 2026 (Custom),whole available replay,legacy_command_class_entropy_bits,0,52,0,8,,1.6140666678294628,,1.6264451895598766,,,1.2720474753866076,1.8609680399328294,,,,unavailable,"Original definitions retained; tatoh_ prefix denotes a legacy definition reused for MembTV, not player identity.",No recovered historical replay baseline; current team-game context cannot be pooled with professional 1v1 samples.
MembTV historical baseline unavailable,MembTV,,,2026,8-player unranked Rage Forest 2026 (Custom),whole available replay,legacy_core_silence_over5s_fraction,0,52,0,8,,0.3228556448663822,,0.32771062428354764,,,0.2093538295466378,0.4578146485084682,,,,unavailable,"Original definitions retained; tatoh_ prefix denotes a legacy definition reused for MembTV, not player identity.",No recovered historical replay baseline; current team-game context cannot be pooled with professional 1v1 samples.
MembTV historical baseline unavailable,MembTV,,,2026,8-player unranked Rage Forest 2026 (Custom),whole available replay,legacy_duration_game_min,0,52,0,8,,46.45936666666667,,45.3442,,,25.876283333333333,132.21761666666666,,,,unavailable,"Original definitions retained; tatoh_ prefix denotes a legacy definition reused for MembTV, not player identity.",No recovered historical replay baseline; current team-game context cannot be pooled with professional 1v1 samples.
MembTV historical baseline unavailable,MembTV,,,2026,8-player unranked Rage Forest 2026 (Custom),whole available replay,legacy_move_share,0,52,0,8,,0.5677257525083612,,0.5448242673675066,,,0.3597269624573379,0.7277289836888331,,,,unavailable,"Original definitions retained; tatoh_ prefix denotes a legacy definition reused for MembTV, not player identity.",No recovered historical replay baseline; current team-game context cannot be pooled with professional 1v1 samples.
MembTV historical baseline unavailable,MembTV,,,2026,8-player unranked Rage Forest 2026 (Custom),whole available replay,legacy_peak_10s_nominal_cpm,0,52,0,8,,252,,240.0,,,168,354,,,,unavailable,"Original definitions retained; tatoh_ prefix denotes a legacy definition reused for MembTV, not player identity.",No recovered historical replay baseline; current team-game context cannot be pooled with professional 1v1 samples.
MembTV historical baseline unavailable,MembTV,,,2026,8-player unranked Rage Forest 2026 (Custom),whole available replay,legacy_planning_command_share,0,52,0,8,,0.14175104228707563,,0.1375576381649844,,,0.08383751080380294,0.21428571428571427,,,,unavailable,"Original definitions retained; tatoh_ prefix denotes a legacy definition reused for MembTV, not player identity.",No recovered historical replay baseline; current team-game context cannot be pooled with professional 1v1 samples.
MembTV historical baseline unavailable,MembTV,,,2026,8-player unranked Rage Forest 2026 (Custom),whole available replay,legacy_queue_batch_gt1_fraction,0,52,0,8,,0,,0.0,,,0,0.02024035420619861,,,,unavailable,"Original definitions retained; tatoh_ prefix denotes a legacy definition reused for MembTV, not player identity.",No recovered historical replay baseline; current team-game context cannot be pooled with professional 1v1 samples.
MembTV historical baseline unavailable,MembTV,,,2026,8-player unranked Rage Forest 2026 (Custom),whole available replay,legacy_queue_batch_mean,0,52,0,8,,1,,1.0,,,1,1.0771663504111322,,,,unavailable,"Original definitions retained; tatoh_ prefix denotes a legacy definition reused for MembTV, not player identity.",No recovered historical replay baseline; current team-game context cannot be pooled with professional 1v1 samples.
MembTV historical baseline unavailable,MembTV,,,2026,8-player unranked Rage Forest 2026 (Custom),whole available replay,legacy_switches_per_100_commands,0,52,0,8,,31.194690265486727,,31.300709477897037,,,22.719665271966527,43.65234375,,,,unavailable,"Original definitions retained; tatoh_ prefix denotes a legacy definition reused for MembTV, not player identity.",No recovered historical replay baseline; current team-game context cannot be pooled with professional 1v1 samples.
MembTV historical baseline unavailable,MembTV,,,2026,8-player unranked Rage Forest 2026 (Custom),whole available replay,market_commands_nominal_min,0,52,0,8,,0.7046090283985748,,0.671027125376212,,,0.14872026281718925,1.5566477336315765,,,,unavailable,"Original definitions retained; tatoh_ prefix denotes a legacy definition reused for MembTV, not player identity.",No recovered historical replay baseline; current team-game context cannot be pooled with professional 1v1 samples.
MembTV historical baseline unavailable,MembTV,,,2026,8-player unranked Rage Forest 2026 (Custom),whole available replay,move_order_commands,0,52,0,8,,1233.0,,1173.0,,,629.0,3360.0,,,,unavailable,"Original definitions retained; tatoh_ prefix denotes a legacy definition reused for MembTV, not player identity.",No recovered historical replay baseline; current team-game context cannot be pooled with professional 1v1 samples.
MembTV historical baseline unavailable,MembTV,,,2026,8-player unranked Rage Forest 2026 (Custom),whole available replay,noncore_action_fraction,0,52,0,8,,0.2816691505216095,,0.2877208112025331,,,0.17403314917127072,0.464550853749072,,,,unavailable,"Original definitions retained; tatoh_ prefix denotes a legacy definition reused for MembTV, not player identity.",No recovered historical replay baseline; current team-game context cannot be pooled with professional 1v1 samples.
MembTV historical baseline unavailable,MembTV,,,2026,8-player unranked Rage Forest 2026 (Custom),whole available replay,peak_5s_nominal_cpm,0,52,0,8,,276.0,,276.0,,,216.0,396.0,,,,unavailable,"Original definitions retained; tatoh_ prefix denotes a legacy definition reused for MembTV, not player identity.",No recovered historical replay baseline; current team-game context cannot be pooled with professional 1v1 samples.
MembTV historical baseline unavailable,MembTV,,,2026,8-player unranked Rage Forest 2026 (Custom),whole available replay,positive_de_queue_commands,0,52,0,8,,275.0,,259.0,,,83.0,1653.0,,,,unavailable,"Original definitions retained; tatoh_ prefix denotes a legacy definition reused for MembTV, not player identity.",No recovered historical replay baseline; current team-game context cannot be pooled with professional 1v1 samples.
MembTV historical baseline unavailable,MembTV,,,2026,8-player unranked Rage Forest 2026 (Custom),whole available replay,positive_queue_amount_mean,0,52,0,8,,1.0,,1.0,,,1.0,1.0771663504111322,,,,unavailable,"Original definitions retained; tatoh_ prefix denotes a legacy definition reused for MembTV, not player identity.",No recovered historical replay baseline; current team-game context cannot be pooled with professional 1v1 samples.
MembTV historical baseline unavailable,MembTV,,,2026,8-player unranked Rage Forest 2026 (Custom),whole available replay,production_command_revisit_nominal_median_s,0,52,0,8,,0.2485207016447362,,0.2485207016447362,,,0.12307691891007137,16.210058622753262,,,,unavailable,"Original definitions retained; tatoh_ prefix denotes a legacy definition reused for MembTV, not player identity.",No recovered historical replay baseline; current team-game context cannot be pooled with professional 1v1 samples.
MembTV historical baseline unavailable,MembTV,,,2026,8-player unranked Rage Forest 2026 (Custom),whole available replay,rapid_destination_repeat_fraction,0,52,0,8,,0.5271966527196653,,0.5192714933250984,,,0.423562412342216,0.610939907550077,,,,unavailable,"Original definitions retained; tatoh_ prefix denotes a legacy definition reused for MembTV, not player identity.",No recovered historical replay baseline; current team-game context cannot be pooled with professional 1v1 samples.
MembTV historical baseline unavailable,MembTV,,,2026,8-player unranked Rage Forest 2026 (Custom),whole available replay,requested_queue_unit_type_ids,0,52,0,8,,8.0,,8.0,,,3.0,15.0,,,,unavailable,"Original definitions retained; tatoh_ prefix denotes a legacy definition reused for MembTV, not player identity.",No recovered historical replay baseline; current team-game context cannot be pooled with professional 1v1 samples.
MembTV historical baseline unavailable,MembTV,,,2026,8-player unranked Rage Forest 2026 (Custom),whole available replay,research_commands_nominal_min,0,52,0,8,,1.4707782750481386,,1.406977668135604,,,0.4167612980561519,2.2337686509711316,,,,unavailable,"Original definitions retained; tatoh_ prefix denotes a legacy definition reused for MembTV, not player identity.",No recovered historical replay baseline; current team-game context cannot be pooled with professional 1v1 samples.
MembTV historical baseline unavailable,MembTV,,,2026,8-player unranked Rage Forest 2026 (Custom),whole available replay,same_actor_gap_nominal_median_s,0,52,0,8,,0.23431951869361034,,0.23431951869361034,,,0.12307691891007137,0.37278105246710425,,,,unavailable,"Original definitions retained; tatoh_ prefix denotes a legacy definition reused for MembTV, not player identity.",No recovered historical replay baseline; current team-game context cannot be pooled with professional 1v1 samples.
MembTV historical baseline unavailable,MembTV,,,2026,8-player unranked Rage Forest 2026 (Custom),whole available replay,same_actor_pair_count,0,52,0,8,,46.0,,54.0,,,11.0,315.0,,,,unavailable,"Original definitions retained; tatoh_ prefix denotes a legacy definition reused for MembTV, not player identity.",No recovered historical replay baseline; current team-game context cannot be pooled with professional 1v1 samples.
MembTV historical baseline unavailable,MembTV,,,2026,8-player unranked Rage Forest 2026 (Custom),whole available replay,same_actor_recommand_under1s_fraction,0,52,0,8,,0.85,,0.8531372549019608,,,0.6363636363636364,0.9454545454545454,,,,unavailable,"Original definitions retained; tatoh_ prefix denotes a legacy definition reused for MembTV, not player identity.",No recovered historical replay baseline; current team-game context cannot be pooled with professional 1v1 samples.
MembTV historical baseline unavailable,MembTV,,,2026,8-player unranked Rage Forest 2026 (Custom),whole available replay,simultaneous_core_gap_fraction,0,52,0,8,,0.004143646408839779,,0.00523278330004784,,,0.0,0.03536754507628294,,,,unavailable,"Original definitions retained; tatoh_ prefix denotes a legacy definition reused for MembTV, not player identity.",No recovered historical replay baseline; current team-game context cannot be pooled with professional 1v1 samples.
MembTV historical baseline unavailable,MembTV,,,2026,8-player unranked Rage Forest 2026 (Custom),whole available replay,tatoh_cpm_0_5,0,52,0,8,,63.20600214004516,,62.86800212860106,,,34.13800115585327,114.24400386810301,,,,unavailable,"Original definitions retained; tatoh_ prefix denotes a legacy definition reused for MembTV, not player identity.",No recovered historical replay baseline; current team-game context cannot be pooled with professional 1v1 samples.
MembTV historical baseline unavailable,MembTV,,,2026,8-player unranked Rage Forest 2026 (Custom),whole available replay,tatoh_cpm_10_15,0,52,0,8,,50.02400169372558,,46.81300158500671,,,16.224000549316404,96.33000326156615,,,,unavailable,"Original definitions retained; tatoh_ prefix denotes a legacy definition reused for MembTV, not player identity.",No recovered historical replay baseline; current team-game context cannot be pooled with professional 1v1 samples.
MembTV historical baseline unavailable,MembTV,,,2026,8-player unranked Rage Forest 2026 (Custom),whole available replay,tatoh_cpm_10_20,0,52,0,8,,46.475001573562615,,45.37650153636932,,,17.407000589370725,73.34600248336791,,,,unavailable,"Original definitions retained; tatoh_ prefix denotes a legacy definition reused for MembTV, not player identity.",No recovered historical replay baseline; current team-game context cannot be pooled with professional 1v1 samples.
MembTV historical baseline unavailable,MembTV,,,2026,8-player unranked Rage Forest 2026 (Custom),whole available replay,tatoh_cpm_15_20,0,52,0,8,,44.61600151062011,,43.940001487731934,,,13.858000469207761,86.1900029182434,,,,unavailable,"Original definitions retained; tatoh_ prefix denotes a legacy definition reused for MembTV, not player identity.",No recovered historical replay baseline; current team-game context cannot be pooled with professional 1v1 samples.
MembTV historical baseline unavailable,MembTV,,,2026,8-player unranked Rage Forest 2026 (Custom),whole available replay,tatoh_cpm_5_10,0,52,0,8,,52.39000177383422,,50.02400169372558,,,22.308000755310054,100.04800338745116,,,,unavailable,"Original definitions retained; tatoh_ prefix denotes a legacy definition reused for MembTV, not player identity.",No recovered historical replay baseline; current team-game context cannot be pooled with professional 1v1 samples.
MembTV historical baseline unavailable,MembTV,,,2026,8-player unranked Rage Forest 2026 (Custom),whole available replay,tatoh_dedup_open_cpm,0,52,0,8,,31.434001064300535,,30.251001024246214,,,24.16700081825256,38.87000131607055,,,,unavailable,"Original definitions retained; tatoh_ prefix denotes a legacy definition reused for MembTV, not player identity.",No recovered historical replay baseline; current team-game context cannot be pooled with professional 1v1 samples.
MembTV historical baseline unavailable,MembTV,,,2026,8-player unranked Rage Forest 2026 (Custom),whole available replay,tatoh_dedup_whole_cpm,0,52,0,8,,29.063433483973427,,28.930973076742138,,,22.829803714352682,34.19943656697304,,,,unavailable,"Original definitions retained; tatoh_ prefix denotes a legacy definition reused for MembTV, not player identity.",No recovered historical replay baseline; current team-game context cannot be pooled with professional 1v1 samples.
MembTV historical baseline unavailable,MembTV,,,2026,8-player unranked Rage Forest 2026 (Custom),whole available replay,tatoh_gap_p50_open,0,52,0,8,,0.361538449297397,,0.36420117110073136,,,0.23846153038766715,0.7242603305073771,,,,unavailable,"Original definitions retained; tatoh_ prefix denotes a legacy definition reused for MembTV, not player identity.",No recovered historical replay baseline; current team-game context cannot be pooled with professional 1v1 samples.
MembTV historical baseline unavailable,MembTV,,,2026,8-player unranked Rage Forest 2026 (Custom),whole available replay,tatoh_gap_p90_open,0,52,0,8,,2.453964413954452,,2.681538370746246,,,1.5799999465039345,4.05562116445887,,,,unavailable,"Original definitions retained; tatoh_ prefix denotes a legacy definition reused for MembTV, not player identity.",No recovered historical replay baseline; current team-game context cannot be pooled with professional 1v1 samples.
MembTV historical baseline unavailable,MembTV,,,2026,8-player unranked Rage Forest 2026 (Custom),whole available replay,tatoh_gap_p99_10_20,0,52,0,8,,10.389810299106566,,10.602783664676853,,,4.463171446517996,20.24684546832316,,,,unavailable,"Original definitions retained; tatoh_ prefix denotes a legacy definition reused for MembTV, not player identity.",No recovered historical replay baseline; current team-game context cannot be pooled with professional 1v1 samples.
MembTV historical baseline unavailable,MembTV,,,2026,8-player unranked Rage Forest 2026 (Custom),whole available replay,tatoh_gap_p99_open,0,52,0,8,,7.270106262722596,,7.508970159960517,,,4.446520559507736,13.114153402131457,,,,unavailable,"Original definitions retained; tatoh_ prefix denotes a legacy definition reused for MembTV, not player identity.",No recovered historical replay baseline; current team-game context cannot be pooled with professional 1v1 samples.
MembTV historical baseline unavailable,MembTV,,,2026,8-player unranked Rage Forest 2026 (Custom),whole available replay,tatoh_reclick_open,0,52,0,8,,0.47164948453608246,,0.4590936739659367,,,0.29515418502202645,0.6322241681260946,,,,unavailable,"Original definitions retained; tatoh_ prefix denotes a legacy definition reused for MembTV, not player identity.",No recovered historical replay baseline; current team-game context cannot be pooled with professional 1v1 samples.
MembTV historical baseline unavailable,MembTV,,,2026,8-player unranked Rage Forest 2026 (Custom),whole available replay,tatoh_reclick_whole,0,52,0,8,,0.43008739076154806,,0.4300607602271904,,,0.3268398268398268,0.5428690924299456,,,,unavailable,"Original definitions retained; tatoh_ prefix denotes a legacy definition reused for MembTV, not player identity.",No recovered historical replay baseline; current team-game context cannot be pooled with professional 1v1 samples.
MembTV historical baseline unavailable,MembTV,,,2026,8-player unranked Rage Forest 2026 (Custom),whole available replay,valid_target_order_fraction,0,52,0,8,,1.0,,1.0,,,1.0,1.0,,,,unavailable,"Original definitions retained; tatoh_ prefix denotes a legacy definition reused for MembTV, not player identity.",No recovered historical replay baseline; current team-game context cannot be pooled with professional 1v1 samples.
MembTV historical baseline unavailable,MembTV,,,2026,8-player unranked Rage Forest 2026 (Custom),whole available replay,wall_commands_nominal_min,0,52,0,8,,0.6095530240083339,,0.5104912765420133,,,0.07871036367309393,2.6707710548116514,,,,unavailable,"Original definitions retained; tatoh_ prefix denotes a legacy definition reused for MembTV, not player identity.",No recovered historical replay baseline; current team-game context cannot be pooled with professional 1v1 samples.
