game_id,player,year,date,context,cluster,map,map_dimension,civilization_id,profile_id,slot,age_years,window,all_recorded_cpm,core_cpm,noncore_action_fraction,first_core_command_nominal_s,core_gap_p10_s,core_gap_p50_s,core_gap_p90_s,core_gap_p99_s,core_gap_max_s,simultaneous_core_gap_fraction,core_gap_cv,core_gap_burstiness,command_silence_ge5s_time_fraction,command_silence_ge10s_time_fraction,core_count_5s_cv,peak_5s_nominal_cpm,empty_5s_bin_fraction,core_type_entropy_bits,core_category_entropy_bits,core_type_transition_entropy_bits,core_type_switch_fraction,core_category_switch_fraction,core_same_type_triplet_fraction,coordinate_coverage,destination_jump_diagonal_p50,destination_jump_diagonal_p90,destination_jump_ge_quarter_fraction,destination_entropy_4x4_bits,destination_cell_switch_fraction,rapid_destination_repeat_fraction,dedup_core_cpm,core_cpm_nominal,move_order_commands,explicit_actor_commands,explicit_actor_coverage,actor_pair_count,same_actor_pair_count,actor_group_size_median,actor_group_size_p90,actor_group_ge10_fraction,actor_group_change_fraction,actor_overlap_jaccard_median,same_actor_gap_nominal_median_s,same_actor_recommand_under1s_fraction,commanded_actor_ids,destination_coordinate_coverage,destination_jump_diagonal_median,destination_jump_ge_quarter_diagonal_fraction,valid_target_order_fraction,distinct_order_target_ids,distinct_building_type_ids,distinct_research_type_ids,positive_de_queue_commands,requested_queue_unit_type_ids,explicitly_commanded_production_building_ids,production_command_revisit_nominal_median_s,positive_queue_amount_mean,build_commands_nominal_min,wall_commands_nominal_min,research_commands_nominal_min,market_commands_nominal_min
511243727,MembTV,2026,2026-10-04T10:06:19.000Z,8-player unranked Rage Forest 2026 (Custom),2026-10-04,Rage Forest 2026 (Custom),220,5,196407,1,49.20292682259047,whole available replay,70.48580134866549,46.472446754687944,0.340683572216097,2.973964396348161,0.12426035082228282,0.4792899246004936,3.479289823025738,10.803940462599698,23.56035423187319,0.02594142259414226,1.722252988854189,0.26531442588596044,0.39198374615553716,0.17269786380890795,1.0721052570612268,396.0,0.15857605177993528,1.8621347188726292,1.7580319083067093,1.4315295627660007,0.36150627615062764,0.35564853556485354,0.4556113902847571,1.0,0.004545454545454545,0.13994685969632095,0.019128586609989374,1.9574648135788855,0.16684378320935175,0.49946865037194477,28.209863163798868,46.472446754687944,942,327,0.3471337579617834,143,34,1.0,4.400000000000034,0.01529051987767584,0.7622377622377622,0.0,0.2485207016447362,0.8529411764705882,142,1.0,0.004545454545454545,0.019128586609989374,1.0,130,20,38,264,13,21,0.2485207016447362,1.0,4.313078252316356,1.359979629108761,1.7485452374255497,0.5828484124751833
511243727,MembTV,2026,2026-10-04T10:06:19.000Z,8-player unranked Rage Forest 2026 (Custom),2026-10-04,Rage Forest 2026 (Custom),220,5,196407,1,49.20292682259047,first 10 game minutes,70.64200239181518,57.460001945495605,0.18660287081339713,2.973964396348161,0.12307691890970318,0.3710059045981211,2.2092306944300892,10.181301430426757,12.706508445519376,0.0,1.6585116562179514,0.24769936768107406,0.26789999999999947,0.1572116666666664,0.9883753402168577,300.0,0.125,1.384180049405505,1.3148651090190717,1.152640611554462,0.3185840707964602,0.3185840707964602,0.5532544378698225,1.0,0.004545454545454545,0.1732711025880612,0.019867549668874173,1.7839030051888387,0.2052980132450331,0.4768211920529801,33.12400112152099,57.4600019454956,303,103,0.33993399339933994,46,11,1.0,3.0,0.0,0.7608695652173914,0.0,0.6071005711606052,0.9090909090909091,28,1.0,0.004545454545454545,0.019867549668874173,1.0,35,4,1,27,1,1,7.9242600867279185,1.0,1.521000051498413,2.704000091552734,0.16900000572204588,0.0
511239187,MembTV,2026,2026-10-04T09:22:18.000Z,8-player unranked Rage Forest 2026 (Custom),2026-10-04,Rage Forest 2026 (Custom),220,13,196407,1,49.20292682259047,whole available replay,71.93131889363339,44.020735813650106,0.3880171184022825,3.2118342107795104,0.12390532124832135,0.4846153682071872,3.852070875492734,10.453171243706954,16.927810077741356,0.02177293934681182,1.5356876445744487,0.21125931883631127,0.35672629229431846,0.11192918460219806,0.8678281294222787,228.0,0.11965811965811966,1.7758457754053496,1.7029229935160246,1.34188697923274,0.3273716951788491,0.32192846034214617,0.5035019455252918,1.0,0.00591044045804763,0.13990328356080625,0.036889332003988036,2.4514379869258094,0.2143569292123629,0.46161515453639085,28.1842162474341,44.020735813650106,1004,361,0.3595617529880478,174,27,2.0,10.0,0.10526315789473684,0.8448275862068966,0.0,0.37278105246710425,0.7037037037037037,261,1.0,0.00591044045804763,0.036889332003988036,1.0,119,16,39,400,10,34,0.1242603508223681,1.0,5.30164261935957,0.547266334901633,1.4707782750481386,1.060328523871914
511239187,MembTV,2026,2026-10-04T09:22:18.000Z,8-player unranked Rage Forest 2026 (Custom),2026-10-04,Rage Forest 2026 (Custom),220,13,196407,1,49.20292682259047,first 10 game minutes,65.23400220870971,53.404001808166505,0.18134715025906736,3.2118342107795104,0.12307691890974581,0.4846153682071872,2.7661537524967033,7.270106262722596,11.059171223188827,0.0,1.3394417806573027,0.1450952032505512,0.16992166666666647,0.06059499999999994,0.7150498350632202,192.0,0.05555555555555555,0.7743802531113843,0.7743802531113843,0.7032785121121435,0.23492063492063492,0.23492063492063492,0.6560509554140127,1.0,0.004803190076236074,0.13977026406992377,0.033112582781456956,1.9442092829383273,0.1986754966887417,0.46357615894039733,29.744001007080076,53.4040018081665,303,90,0.297029702970297,49,3,1.0,3.0,0.0,0.9387755102040817,0.0,1.5615384086674944,0.3333333333333333,28,1.0,0.004803190076236074,0.033112582781456956,1.0,21,5,1,25,2,2,14.176922596917152,1.0,1.8590000629425047,0.0,0.16900000572204588,0.0
511234303,MembTV,2026,2026-10-04T08:50:52.000Z,8-player unranked Rage Forest 2026 (Custom),2026-10-04,Rage Forest 2026 (Custom),220,14,196407,5,49.20292682259047,whole available replay,53.94590925661422,39.1499341451905,0.27427427427427425,3.7047336023748185,0.12426035082228282,0.4881656639449332,3.876922945657242,13.32165635368562,22.905324668252547,0.004143646408839779,1.7230422143997415,0.2655273614842311,0.4403378242723731,0.24996312136505822,1.170245459378585,276.0,0.21524663677130046,1.5510922728964933,1.516734416572715,1.2135805047030919,0.31767955801104975,0.31629834254143646,0.5283540802213001,1.0,0.004905596422081403,0.12383006648682258,0.054140127388535034,2.261138643169047,0.1926751592356688,0.48089171974522293,22.84196157712494,39.1499341451905,629,201,0.3195548489666137,81,11,1.0,4.0,0.014925373134328358,0.8641975308641975,0.0,0.36213016525374303,0.6363636363636364,51,1.0,0.004905596422081403,0.054140127388535034,1.0,62,14,22,100,7,10,16.210058622753262,1.0,3.02399491328368,0.16199972749734,1.24199791081294,0.64799890998936
511234303,MembTV,2026,2026-10-04T08:50:52.000Z,8-player unranked Rage Forest 2026 (Custom),2026-10-04,Rage Forest 2026 (Custom),220,14,196407,5,49.20292682259047,first 10 game minutes,60.33300204277039,47.151001596450804,0.2184873949579832,3.7047336023748185,0.11798816168559086,0.489940811813824,3.405976216040519,10.444792545765802,12.842603115467682,0.0,1.5221588843162521,0.20702854509413962,0.3109733333333333,0.12864333333333353,1.1124226275154365,252.0,0.1388888888888889,0.9688853905749184,0.9688853905749184,0.857036237465135,0.25539568345323743,0.25539568345323743,0.6245487364620939,1.0,0.006594429800611753,0.15754234959315455,0.06390977443609022,2.1672770691468735,0.2593984962406015,0.44360902255639095,27.209000921249388,47.1510015964508,267,85,0.31835205992509363,36,3,1.0,2.0,0.0,0.9166666666666666,0.0,0.3621301652536926,0.6666666666666666,28,1.0,0.006594429800611753,0.06390977443609022,1.0,17,5,1,30,2,2,14.294082356263921,1.0,1.8590000629425047,0.0,0.16900000572204588,0.0
511121619,MembTV,2026,2026-10-03T21:33:33.000Z,8-player unranked Rage Forest 2026 (Custom),2026-10-03,Rage Forest 2026 (Custom),220,7,196407,1,49.20018891558348,whole available replay,86.51606394388078,53.94259260586425,0.376502002670227,3.713017625762975,0.12307691890974723,0.24852070164467932,3.230769121381047,8.448940542336068,19.09704077352577,0.008034279592929834,1.6866048071411566,0.2555659862277176,0.31425274432979033,0.08400556811457023,0.8711677677305721,288.0,0.09615384615384616,1.6047371639520085,1.56144628935457,1.1912730859108145,0.2785216925549009,0.2763792179967863,0.5627009646302251,1.0,0.0039764670111917,0.07980701318555508,0.038338658146964855,2.4338864811583383,0.16932907348242812,0.5348242811501598,29.772383820474325,53.94259260586424,1566,520,0.33205619412515963,241,60,1.0,13.0,0.1596153846153846,0.7510373443983402,0.0,0.1242603508223681,0.8166666666666667,363,1.0,0.0039764670111917,0.038338658146964855,1.0,158,20,44,544,11,47,0.1242603508223681,1.0,5.659929416889396,0.2598947181224723,1.6459998814423242,0.8085613452699137
511121619,MembTV,2026,2026-10-03T21:33:33.000Z,8-player unranked Rage Forest 2026 (Custom),2026-10-03,Rage Forest 2026 (Custom),220,7,196407,1,49.20018891558348,first 10 game minutes,73.17700247764587,60.33300204277039,0.17551963048498845,3.713017625762975,0.11834319125938464,0.2502958495135914,2.5352070147540138,8.204171319854183,19.09704077352577,0.0,1.7168248102882502,0.2638465342239702,0.2323349999999997,0.05378999999999998,0.9195827154722392,276.0,0.08333333333333333,1.2201863353003715,1.1907904428588234,0.9853347284001643,0.28651685393258425,0.28651685393258425,0.5521126760563381,1.0,0.005204314659812976,0.2069387162877645,0.09198813056379822,2.231684365270571,0.22551928783382788,0.5044510385756676,31.60300107002258,60.33300204277038,338,96,0.28402366863905326,41,6,1.0,3.0,0.0,0.8536585365853658,0.0,0.11715975934677153,0.8333333333333334,29,1.0,0.005204314659812976,0.09198813056379822,1.0,21,5,2,28,2,2,11.07781027581219,1.0,1.8590000629425047,0.5070000171661376,0.33800001144409175,0.0
511107222,MembTV,2026,2026-10-03T20:26:44.000Z,8-player unranked Rage Forest 2026 (Custom),2026-10-03,Rage Forest 2026 (Custom),220,57,196407,2,49.20018891558348,whole available replay,92.44850996974303,57.02133996809627,0.3832097457627119,3.350295744552982,0.12307691890964634,0.24852070164467932,3.0519525593881145,8.975289636940746,24.22307610292569,0.01675257731958763,1.8348341868021678,0.29449136414708676,0.34407929461384423,0.09814883941493398,0.8896476523023518,300.0,0.1364562118126273,1.595766727321634,1.5605290966144953,1.1658285381236089,0.2860824742268041,0.28393470790378006,0.5418994413407822,1.0,0.003367067792595869,0.049627146901223745,0.0068796068796068794,1.6408695365729054,0.11646191646191646,0.5621621621621622,29.012575295059715,57.021339968096264,2036,743,0.3649312377210216,347,147,5.0,18.800000000000068,0.31763122476446837,0.5763688760806917,0.4666666666666667,0.13313609016681335,0.8979591836734694,506,1.0,0.003367067792595869,0.0068796068796068794,1.0,302,17,53,746,11,37,0.15384614863705107,1.0107238605898123,3.6724778854505966,0.26931504493304376,1.5669238977922546,0.6855292052841114
511107222,MembTV,2026,2026-10-03T20:26:44.000Z,8-player unranked Rage Forest 2026 (Custom),2026-10-03,Rage Forest 2026 (Custom),220,57,196407,2,49.20018891558348,first 10 game minutes,65.74100222587586,50.531001710891715,0.23136246786632392,3.350295744552982,0.11834319125938464,0.4881656639449261,2.8698815596355085,8.06143759687615,12.913017314266938,0.0,1.4292411290301856,0.17669762128617902,0.25060333333333323,0.06562499999999995,0.7330978564955387,168.0,0.09722222222222222,1.0323170214329322,0.9890245235161965,0.8791422898784679,0.2550335570469799,0.2550335570469799,0.6026936026936027,1.0,0.004731290043642659,0.07519687913499774,0.0,0.9653427373004035,0.127208480565371,0.4452296819787986,29.237000989913938,50.531001710891715,284,96,0.3380281690140845,54,13,1.0,3.0,0.0,0.7592592592592593,0.0,0.5964496839472861,0.5384615384615384,27,1.0,0.004731290043642659,0.0,1.0,30,3,2,32,2,2,15.17573913114629,1.0,1.1830000400543212,1.0140000343322753,0.33800001144409175,0.0
511098379,MembTV,2026,2026-10-03T19:58:42.000Z,8-player unranked Rage Forest 2026 (Custom),2026-10-03,Rage Forest 2026 (Custom),220,22,196407,7,49.20018891558348,whole available replay,66.3289078351789,50.58057687348761,0.23742786479802144,4.033135958119591,0.12307691890976002,0.248520701644793,3.0501774115190314,11.076076548060247,23.472188554384957,0.0,1.9227316103777776,0.315708636092833,0.39873207475538874,0.15778960810367743,1.199286371687275,348.0,0.17272727272727273,1.327878589169459,1.3074151761382484,1.0242973414335015,0.2554112554112554,0.25216450216450215,0.6218851570964247,1.0,0.002790750384146094,0.12985418277917388,0.054945054945054944,2.51951465220168,0.14285714285714285,0.557997557997558,25.59103781274833,50.580576873487615,820,240,0.2926829268292683,132,31,1.0,4.0,0.0,0.7651515151515151,0.0,0.24852070164460163,0.8064516129032258,78,1.0,0.002790750384146094,0.054945054945054944,1.0,73,19,17,109,6,10,7.493195012565646,1.0,4.155809559335199,0.10936340945618944,1.0936340945618945,0.3280902283685683
511098379,MembTV,2026,2026-10-03T19:58:42.000Z,8-player unranked Rage Forest 2026 (Custom),2026-10-03,Rage Forest 2026 (Custom),220,22,196407,7,49.20018891558348,first 10 game minutes,56.78400192260742,44.9540015220642,0.20833333333333334,4.033135958119591,0.1230769189097547,0.48402365225086896,3.0769229727438123,11.225703761929042,23.472188554384957,0.0,1.932376240991189,0.31795928092639003,0.36465000000000003,0.2107433333333333,1.1932641145151623,276.0,0.19444444444444445,1.061111216880533,1.061111216880533,0.8461900107154264,0.24528301886792453,0.24528301886792453,0.6439393939393939,1.0,0.003126120020347061,0.14247017231759207,0.058823529411764705,1.85250827060117,0.17254901960784313,0.4627450980392157,25.012000846862794,44.9540015220642,256,76,0.296875,42,2,1.0,2.0,0.0,0.9523809523809523,0.0,1.1041419744499852,0.5,29,1.0,0.003126120020347061,0.058823529411764705,1.0,17,4,0,27,2,2,15.261537944809346,1.0,1.6900000572204588,0.0,0.0,0.0
510975120,MembTV,2026,2026-10-03T10:16:20.000Z,8-player unranked Rage Forest 2026 (Custom),2026-10-03,Rage Forest 2026 (Custom),220,21,196407,4,49.20018891558348,whole available replay,65.02965639339243,46.71280831835343,0.2816691505216095,3.5810649675087682,0.117159759346805,0.4721893331249021,3.4846152666323746,10.139833976209554,23.537277309577576,0.011072664359861591,1.6177155976538478,0.2359750609300266,0.3242817109971556,0.11636307333136205,0.8848946999272341,216.0,0.11827956989247312,1.9087748319043116,1.8251776069104002,1.384333267267556,0.3197231833910035,0.3134948096885813,0.49653739612188363,1.0,0.004687933513314896,0.07714510955844915,0.0017241379310344827,1.8648460917063339,0.17586206896551723,0.4663793103448276,29.23588625733738,46.71280831835343,1161,477,0.4108527131782946,227,64,2.0,15.0,0.1320754716981132,0.7180616740088106,0.0,0.23431951869361034,0.796875,221,1.0,0.004687933513314896,0.0017241379310344827,1.0,157,16,42,262,11,25,0.2485207016447362,1.0,4.296544610194333,0.9368405541025238,1.7767665681254763,1.1306696342616667
510975120,MembTV,2026,2026-10-03T10:16:20.000Z,8-player unranked Rage Forest 2026 (Custom),2026-10-03,Rage Forest 2026 (Custom),220,21,196407,4,49.20018891558348,first 10 game minutes,67.26200227737426,53.573001813888546,0.20351758793969849,3.5810649675087682,0.12307691890974581,0.5999999796850375,2.761538368037577,7.627692049431966,9.61538428982442,0.0,1.3533203396959719,0.15013695064634408,0.21560499999999996,0.0,0.8018267215633254,192.0,0.08333333333333333,1.2462542075891232,1.196022833797582,0.8903465577865597,0.22784810126582278,0.22468354430379747,0.653968253968254,1.0,0.005595275528098895,0.08346167542713281,0.0,0.5522254953900427,0.08783783783783784,0.40540540540540543,33.293001127243045,53.573001813888546,297,103,0.3468013468013468,57,7,1.0,2.0,0.009708737864077669,0.8771929824561403,0.0,1.1999999593700679,0.42857142857142855,24,1.0,0.005595275528098895,0.0,1.0,25,3,2,23,1,1,11.419230382595494,1.0,1.0140000343322753,1.8590000629425047,0.33800001144409175,0.0
510971234,MembTV,2026,2026-10-03T09:47:46.000Z,8-player unranked Rage Forest 2026 (Custom),2026-10-03,Rage Forest 2026 (Custom),220,9,196407,2,49.20018891558348,whole available replay,54.710449671460424,37.83866429373461,0.3083832335329341,3.1846152767898532,0.117159759346805,0.6071005711606006,3.9898223501186516,10.824887207452806,20.993490413457323,0.0010834236186348862,1.4789157821388377,0.19319566464885046,0.37134420027349124,0.15036383329819786,0.9018652236020079,216.0,0.15306122448979592,1.957121181745138,1.853106965548501,1.5977088773769483,0.41170097508125675,0.40303358613217766,0.37635574837310193,1.0,0.005475662164962057,0.21050610979879086,0.06451612903225806,2.0351554279995745,0.1879382889200561,0.423562412342216,25.47148180812005,37.83866429373461,714,335,0.469187675070028,177,41,1.0,6.0,0.023880597014925373,0.768361581920904,0.0,0.24319525803802194,0.8780487804878049,111,1.0,0.005475662164962057,0.06451612903225806,1.0,109,17,28,191,7,18,4.276331216157665,1.0,4.955063181322389,0.614264030742445,1.3923318030162084,1.1466261907192306
510971234,MembTV,2026,2026-10-03T09:47:46.000Z,8-player unranked Rage Forest 2026 (Custom),2026-10-03,Rage Forest 2026 (Custom),220,9,196407,2,49.20018891558348,first 10 game minutes,66.07900223731994,54.92500185966492,0.16879795396419436,3.1846152767898532,0.117159759346805,0.489940811813824,2.7725442848246926,6.469786763192788,7.594674299070505,0.0,1.2339859225944794,0.10473921085533774,0.1272116666666664,0.0,0.7384551281773056,216.0,0.041666666666666664,1.4955512817934433,1.4340128202549818,1.238336205828245,0.3395061728395062,0.3395061728395062,0.4674922600619195,1.0,0.004545454545454545,0.22649015434779296,0.07457627118644068,1.400360883323794,0.17966101694915254,0.44745762711864406,32.617001104354856,54.92500185966491,296,141,0.47635135135135137,69,17,1.0,3.0,0.0,0.7536231884057971,0.0,0.23846153038764104,1.0,26,1.0,0.004545454545454545,0.07457627118644068,1.0,34,4,1,25,1,1,9.76686357463645,1.0,1.6900000572204588,1.6900000572204588,0.16900000572204588,0.0
510966979,MembTV,2026,2026-10-03T09:17:04.000Z,8-player unranked Rage Forest 2026 (Custom),2026-10-03,Rage Forest 2026 (Custom),220,37,196407,7,49.20018891558348,whole available replay,70.7410980179059,49.574470264516734,0.2992125984251969,3.710650761937787,0.1230769189097316,0.25384614525137295,3.230769121381081,10.758177150539751,19.00295793647456,0.008032128514056224,1.7220610382850028,0.2652626183356738,0.365511277269128,0.1564299778150795,1.0510653514728219,264.0,0.1291390728476821,1.7561938500771714,1.7127077741037853,1.282342832259551,0.3076305220883534,0.30200803212851407,0.522508038585209,1.0,0.0028550490572668307,0.07394606188334236,0.05703048180924287,1.1755460511816815,0.10816125860373647,0.5781710914454278,26.17977643182344,49.574470264516734,1018,329,0.3231827111984283,156,47,1.0,6.0,0.060790273556231005,0.6987179487179487,0.0,0.2485207016447362,0.8297872340425532,169,1.0,0.0028550490572668307,0.05703048180924287,1.0,128,18,39,268,8,28,0.2485207016447362,1.0,5.808886563900034,0.3182951541863032,1.671049559478092,0.39786894273287904
510966979,MembTV,2026,2026-10-03T09:17:04.000Z,8-player unranked Rage Forest 2026 (Custom),2026-10-03,Rage Forest 2026 (Custom),220,37,196407,7,49.20018891558348,first 10 game minutes,79.59900269508361,66.75500226020813,0.1613588110403397,3.710650761937787,0.11715975934677658,0.24615383781950584,2.2510650125402396,7.348124011560331,17.10414143271788,0.0,1.7428570388357865,0.27083330568008546,0.1917566666666667,0.07836666666666671,0.9427482351605084,264.0,0.08333333333333333,1.0451382574404027,1.0145466423519651,0.8198038011210874,0.21573604060913706,0.21065989847715735,0.6539440203562341,1.0,0.002458469198860302,0.05749044461426958,0.047493403693931395,1.4321843940903176,0.10554089709762533,0.604221635883905,28.05400094985962,66.75500226020812,380,94,0.24736842105263157,43,6,1.0,2.0,0.0,0.8604651162790697,0.0,0.12307691890975185,0.6666666666666666,31,1.0,0.002458469198860302,0.047493403693931395,1.0,21,6,1,29,2,2,13.596449243789907,1.0,1.6900000572204588,0.6760000228881835,0.16900000572204588,0.0
510962960,MembTV,2026,2026-10-03T08:48:37.000Z,8-player unranked Rage Forest 2026 (Custom),2026-10-03,Rage Forest 2026 (Custom),220,23,196407,4,49.20018891558348,whole available replay,63.21666800295195,46.92327375993001,0.25773889636608344,3.9485205763691362,0.11834319125938464,0.37278105246696214,3.4319525465220124,9.81650854336972,28.527809684985527,0.0054446460980036296,1.6598761518929226,0.24808529202508783,0.3272578144829888,0.10293280415178188,0.939685281103588,228.0,0.12014134275618374,1.681701072024666,1.6283855874113184,1.3177207999335847,0.32849364791288566,0.32304900181488205,0.4904632152588556,1.0,0.004428337381615287,0.13072758915143987,0.05150214592274678,2.1485361317779303,0.17167381974248927,0.4924892703862661,27.396725567901115,46.92327375993001,933,323,0.3461950696677385,147,29,1.0,5.0,0.009287925696594427,0.8027210884353742,0.0,0.23431951869354306,0.7586206896551724,95,1.0,0.004428337381615287,0.05150214592274678,1.0,129,19,28,167,8,15,4.876627053820857,1.0,4.126525434916783,0.46795649261942895,1.403869477858287,0.46795649261942895
510962960,MembTV,2026,2026-10-03T08:48:37.000Z,8-player unranked Rage Forest 2026 (Custom),2026-10-03,Rage Forest 2026 (Custom),220,23,196407,4,49.20018891558348,first 10 game minutes,66.24800224304198,53.06600179672241,0.1989795918367347,3.9485205763691362,0.11834319125938464,0.4769230607752917,2.9475738646973246,9.723904996209278,11.730768833585813,0.0,1.5049847053972665,0.20159193160310362,0.2432583333333334,0.12288166666666667,0.8907865909057833,204.0,0.08333333333333333,0.7510723943678651,0.7510723943678651,0.6700487988009899,0.1853035143769968,0.1853035143769968,0.7307692307692307,1.0,0.00445862672721509,0.16434954600608148,0.059602649006622516,1.2775536534387788,0.1357615894039735,0.4602649006622517,29.57500100135803,53.066001796722404,303,83,0.2739273927392739,52,2,1.0,2.0,0.0,0.9615384615384616,0.0,0.12573964071309215,1.0,28,1.0,0.00445862672721509,0.059602649006622516,1.0,19,5,1,28,2,2,14.008875265328848,1.0,1.6900000572204588,0.0,0.16900000572204588,0.0
510959259,MembTV,2026,2026-10-03T08:21:41.000Z,8-player unranked Rage Forest 2026 (Custom),2026-10-03,Rage Forest 2026 (Custom),220,10,196407,4,49.20018891558348,whole available replay,70.32867617570261,54.42748970186804,0.22609819121447028,3.471005799637547,0.11715975934703238,0.25473371918593557,2.9319525634510484,10.501153490603075,28.323075964106806,0.034252297410192145,1.9143076849918848,0.3137306639585074,0.35540785937061126,0.15871346009178672,1.111267624487343,348.0,0.1660377358490566,1.7132022561507785,1.6530450602627471,1.2424214511661793,0.29908103592314117,0.29657477025898077,0.5183946488294314,1.0,0.003214121732666125,0.04465863578971818,0.007797270955165692,1.5011688726641883,0.07894736842105263,0.543859649122807,29.076455266440355,54.42748970186804,1027,419,0.4079844206426485,214,69,1.0,6.0,0.03818615751789976,0.677570093457944,0.0,0.23846153038765786,0.8985507246376812,90,1.0,0.003214121732666125,0.007797270955165692,1.0,140,15,10,127,6,6,10.081064747430108,1.0,3.6799888696588576,0.817775304368635,0.6360474589533828,0.36345569083050444
510959259,MembTV,2026,2026-10-03T08:21:41.000Z,8-player unranked Rage Forest 2026 (Custom),2026-10-03,Rage Forest 2026 (Custom),220,10,196407,4,49.20018891558348,first 10 game minutes,70.81100239753722,58.474001979827875,0.17422434367541767,3.471005799637547,0.11715975934678795,0.361538449297397,2.716922984932805,7.4283074407981315,12.976922637547034,0.0,1.5961962696436498,0.2296422179689376,0.2383866666666665,0.09580999999999991,1.0309617618671199,276.0,0.09722222222222222,1.4371471883216826,1.3810228765034938,1.0905749345005147,0.2753623188405797,0.27246376811594203,0.563953488372093,1.0,0.003214121732666125,0.05820983746665246,0.006269592476489028,1.5088698455371947,0.11285266457680251,0.5329153605015674,29.744001007080076,58.474001979827875,320,137,0.428125,76,28,1.0,2.0,0.0,0.631578947368421,0.0,0.24230768410357237,0.8928571428571429,23,1.0,0.003214121732666125,0.006269592476489028,1.0,42,3,2,25,1,1,8.783431655271007,1.0,1.352000045776367,2.0280000686645505,0.33800001144409175,0.0
510953127,MembTV,2026,2026-10-03T07:36:09.000Z,8-player unranked Rage Forest 2026 (Custom),2026-10-03,Rage Forest 2026 (Custom),220,16,196407,3,49.20018891558348,whole available replay,73.04798541666888,49.244030572941035,0.3258673693456302,2.3999999187401793,0.12307691890971739,0.37278105246684845,3.0659762275521985,11.27014754740631,26.84023577762673,0.011734028683181226,1.7780596074628976,0.2800730428435521,0.3677193746205424,0.15854464530625217,0.9328480687775242,216.0,0.16,1.5238692330434003,1.4843801678776036,1.1982777001219307,0.2953063885267275,0.2926988265971317,0.5459882583170255,1.0,0.0037727841710266928,0.08714208470152823,0.048493754592211606,2.0734418393955782,0.1278471711976488,0.5187362233651727,26.594984589555782,49.24403057294104,1362,507,0.3722466960352423,246,83,2.0,18.800000000000068,0.2485207100591716,0.6626016260162602,0.0,0.23550295060624338,0.891566265060241,233,1.0,0.0037727841710266928,0.048493754592211606,1.0,220,18,33,362,7,14,0.2343195186936776,1.0,3.01559535756121,0.2887272150856478,1.2832320670473236,0.8982624469331265
510953127,MembTV,2026,2026-10-03T07:36:09.000Z,8-player unranked Rage Forest 2026 (Custom),2026-10-03,Rage Forest 2026 (Custom),220,16,196407,3,49.20018891558348,first 10 game minutes,55.6010018825531,41.91200141906739,0.24620060790273557,2.3999999187401793,0.12118342784957577,0.6088757190294913,3.612070883618711,12.583040994078475,14.920709553982306,0.0,1.551152157038298,0.21604048802723927,0.3499749999999998,0.15451666666666658,0.9627559729627992,204.0,0.1527777777777778,1.0515766186355573,1.0515766186355573,0.9363239979438596,0.31983805668016196,0.31983805668016196,0.516260162601626,1.0,0.0092068478158451,0.15619199157471716,0.07692307692307693,1.5828301885018268,0.20512820512820512,0.3547008547008547,27.88500094413757,41.91200141906738,235,84,0.3574468085106383,38,3,1.0,3.0,0.023809523809523808,0.9210526315789473,0.0,0.11715975934677153,0.6666666666666666,26,1.0,0.0092068478158451,0.07692307692307693,1.0,22,4,2,29,2,2,9.526626896379916,1.0,1.8590000629425047,0.0,0.33800001144409175,0.0
510947511,MembTV,2026,2026-10-03T07:06:41.000Z,8-player unranked Rage Forest 2026 (Custom),2026-10-03,Rage Forest 2026 (Custom),220,35,196407,3,49.20018891558348,whole available replay,55.18878922204736,41.89580842936154,0.24086378737541528,3.5940827185473,0.11739644572946872,0.4769230607752917,4.145798676198677,9.792993751266476,19.633135429930917,0.0,1.5981138421846217,0.23021079079494766,0.4120873631701356,0.09488030847887466,1.1244390815372487,288.0,0.14885496183206107,1.6961967639101483,1.5752342232481424,1.3291422522596776,0.3231106243154436,0.3143483023001095,0.5285087719298246,1.0,0.004160284969261022,0.0991731698654608,0.013140604467805518,2.0358134918228203,0.18396846254927726,0.5019710906701709,24.385744074858138,41.89580842936154,762,267,0.35039370078740156,129,25,1.0,4.0,0.0,0.8062015503875969,0.0,0.1301775103853316,0.76,70,1.0,0.004160284969261022,0.013140604467805518,1.0,99,16,17,117,6,9,9.363017434463794,1.0,3.3920019953750042,1.7876767272922318,1.0084330256520282,0.2750271888141895
510947511,MembTV,2026,2026-10-03T07:06:41.000Z,8-player unranked Rage Forest 2026 (Custom),2026-10-03,Rage Forest 2026 (Custom),220,35,196407,3,49.20018891558348,first 10 game minutes,50.19300169944763,40.560001373291016,0.1919191919191919,3.5940827185473,0.12307691890976002,0.7207100347696382,3.8938460220073052,7.980662451682143,9.253845840527049,0.0,1.2135300519090275,0.09646584726729668,0.28127500000000005,0.0,0.8558621384311844,228.0,0.08333333333333333,1.3952085221903734,1.337736880921709,1.0684809521361973,0.29707112970711297,0.29707112970711297,0.5462184873949579,1.0,0.009577213486600556,0.12058690823647414,0.009174311926605505,1.7690353966884877,0.26146788990825687,0.3256880733944954,28.561000967025755,40.56000137329101,219,96,0.4383561643835616,56,10,1.0,3.0,0.0,0.8214285714285714,0.0,0.8999999695275762,0.6,24,1.0,0.009577213486600556,0.009174311926605505,1.0,31,3,3,18,1,1,10.092307350599736,1.0,1.0140000343322753,1.352000045776367,0.5070000171661376,0.0
510872211,MembTV,2026,2026-10-02T23:17:48.000Z,8-player unranked Rage Forest 2026 (Custom),2026-10-02,Rage Forest 2026 (Custom),220,19,196407,2,49.19745100857649,whole available replay,81.33850785814086,59.061716522299015,0.27387755102040817,3.574556091989503,0.117159759346805,0.2538461452514298,2.5653845285251577,7.916715708285196,18.192307076347817,0.0011248593925759281,1.671373828656327,0.2513215565168657,0.26867179194525204,0.10045238261281833,0.944451298216171,300.0,0.09392265193370165,1.5985077630598226,1.5388676231327125,1.2234009073935368,0.29190101237345334,0.2874015748031496,0.53404614518852,1.0,0.0034001404756472797,0.04895335406028492,0.01108213820078227,1.7798215733907703,0.15319426336375488,0.5410691003911343,31.506222023418644,59.061716522299015,1535,554,0.36091205211726385,271,63,2.0,40.0,0.2743682310469314,0.7675276752767528,0.0,0.13668638590444346,0.8888888888888888,220,1.0,0.0034001404756472797,0.01108213820078227,1.0,153,16,39,314,10,24,0.2343195186936776,1.0,4.382319607050855,0.6307884282876229,1.5271719842752978,0.8963835559876747
510872211,MembTV,2026,2026-10-02T23:17:48.000Z,8-player unranked Rage Forest 2026 (Custom),2026-10-02,Rage Forest 2026 (Custom),220,19,196407,2,49.19745100857649,first 10 game minutes,82.97900280952453,72.5010024547577,0.12627291242362526,3.574556091989503,0.1230769189097316,0.23846153038766715,1.684615327577236,10.225171251426701,18.192307076347817,0.0,2.2866386394598646,0.3914755410017678,0.35354333333333365,0.2039383333333335,1.10460738043556,300.0,0.16666666666666666,1.0295752789408235,1.0004468969795242,0.8065221446523115,0.2219626168224299,0.2219626168224299,0.6510538641686182,1.0,0.0026092951696832945,0.03961739241293065,0.01937046004842615,1.5227120616692693,0.1089588377723971,0.6416464891041163,27.716000938415526,72.50100245475768,414,105,0.2536231884057971,43,8,1.0,2.0,0.0,0.813953488372093,0.0,0.3653846030133326,0.875,24,1.0,0.0026092951696832945,0.01937046004842615,1.0,24,4,2,19,1,1,16.661833755385935,1.0,1.352000045776367,0.8450000286102294,0.33800001144409175,0.0
510867517,MembTV,2026,2026-10-02T22:47:19.000Z,8-player unranked Rage Forest 2026 (Custom),2026-10-02,Rage Forest 2026 (Custom),220,1,196407,3,49.19745100857649,whole available replay,84.71839216250139,68.01531211298582,0.1971600218459858,3.936686257243198,0.1183431912593278,0.24852070164467932,2.3999999187401557,7.387431702537192,12.53905282988734,0.0,1.643832239481147,0.2435223498172862,0.24049023150886023,0.05058689430609414,0.851134323006597,312.0,0.06538461538461539,1.5012607054582832,1.4583574366885868,1.1238419805378663,0.269571136827774,0.269571136827774,0.5783378746594006,1.0,0.002588616231347705,0.05919926596721295,0.023112480739599383,1.5734388830044843,0.10939907550077041,0.610939907550077,31.324058707817276,68.01531211298581,1299,387,0.2979214780600462,157,56,1.0,6.0,0.03359173126614987,0.643312101910828,0.0,0.24497040590690428,0.8392857142857143,106,1.0,0.002588616231347705,0.023112480739599383,1.0,108,18,22,163,7,12,7.47633110781118,1.0,5.0895811785227485,0.6477648772665315,1.1104540753140542,0.23134459902376128
510867517,MembTV,2026,2026-10-02T22:47:19.000Z,8-player unranked Rage Forest 2026 (Custom),2026-10-02,Rage Forest 2026 (Custom),220,1,196407,3,49.19745100857649,first 10 game minutes,109.17400369644164,96.4990032672882,0.11609907120743033,3.936686257243198,0.11538461147796397,0.23846153038766715,1.5799999465039345,4.446520559507736,6.743786753915643,0.0,1.4802258820326077,0.1936218332013577,0.05082333333333336,0.0,0.7380472218300258,312.0,0.013888888888888888,0.9268367495331423,0.9027133913705901,0.7191072702370025,0.1824561403508772,0.1824561403508772,0.7082601054481547,1.0,0.0025832614272076806,0.05734364242020044,0.028985507246376812,1.5309210437883625,0.10326086956521739,0.6539855072463768,35.49000120162964,96.4990032672882,553,109,0.19710669077757687,47,7,1.0,2.0,0.0,0.851063829787234,0.0,0.36153844929739287,0.5714285714285714,25,1.0,0.0025832614272076806,0.028985507246376812,1.0,22,6,2,26,2,2,14.848520207314118,1.0,1.6900000572204588,0.8450000286102294,0.33800001144409175,0.0
510860186,MembTV,2026,2026-10-02T22:10:01.000Z,8-player unranked Rage Forest 2026 (Custom),2026-10-02,Rage Forest 2026 (Custom),220,13,196407,3,49.19745100857649,whole available replay,84.07817544501688,58.415629825628756,0.30522243713733077,3.8218933617216018,0.117159759346805,0.248520701644793,2.884615286947335,7.59817725753184,20.13195198108906,0.0,1.6617772625601606,0.24862232909888468,0.26358184261232176,0.0710683312574592,0.8616793816087854,276.0,0.10840108401084012,1.5289009864476,1.4965863385402194,1.156209937623414,0.2763231197771588,0.27298050139275765,0.5663322185061316,1.0,0.0038828608978425973,0.05142606626157093,0.0019292604501607716,1.855799945628484,0.14790996784565916,0.5331189710610933,31.452067951772275,58.415629825628756,1556,537,0.34511568123393316,249,71,1.0,5.0,0.01675977653631285,0.714859437751004,0.0,0.136686385904578,0.8309859154929577,216,1.0,0.0038828608978425973,0.0019292604501607716,1.0,187,16,34,353,11,24,0.37278105246710425,1.0,5.496793675128764,0.2602032508936693,1.3010162544683463,0.3903048763405039
510860186,MembTV,2026,2026-10-02T22:10:01.000Z,8-player unranked Rage Forest 2026 (Custom),2026-10-02,Rage Forest 2026 (Custom),220,13,196407,3,49.19745100857649,first 10 game minutes,85.00700287818908,71.48700242042541,0.15904572564612326,3.8218933617216018,0.11834319125938464,0.24615383781949163,2.0288756709507734,6.942076688030323,10.092307350599725,0.0,1.6429010093144996,0.24325580377346465,0.22669000000000006,0.028426666666666656,0.9417147223970522,276.0,0.08333333333333333,0.9339480610776287,0.9222085759626321,0.6998376640845253,0.17772511848341233,0.17772511848341233,0.7244655581947743,1.0,0.0038437667976519343,0.0524036678390551,0.0,1.5243887646417416,0.12039312039312039,0.5405405405405406,34.307001161575315,71.48700242042541,408,105,0.25735294117647056,47,13,1.0,2.0,0.0,0.723404255319149,0.0,0.3615384492974013,0.6923076923076923,26,1.0,0.0038437667976519343,0.0,1.0,30,5,2,24,1,1,13.223076475366554,1.0,1.8590000629425047,0.16900000572204588,0.33800001144409175,0.0
510732730,MembTV,2026,2026-10-02T11:45:07.000Z,8-player unranked Rage Forest 2026 (Custom),2026-10-02,Rage Forest 2026 (Custom),220,59,196407,1,49.19745100857649,whole available replay,63.45386362858146,40.35762974078361,0.36398467432950193,3.0881655759134605,0.12426035082228282,0.497041403289586,3.673135970308546,11.73031912945905,34.71005799637544,0.0,1.7541925897699377,0.2738343689440166,0.3896116102148025,0.16270077035395977,0.9833436461254941,228.0,0.1659919028340081,1.8506186896880799,1.7784088043450752,1.5063729964789094,0.3848009650180941,0.38118214716525933,0.4323671497584541,1.0,0.00515123483298479,0.14409036316628576,0.05945121951219512,2.0761574958005484,0.19817073170731708,0.4679878048780488,25.430169101722687,40.35762974078361,657,255,0.3881278538812785,126,27,1.0,6.0,0.03137254901960784,0.7857142857142857,0.0,0.3668638929040735,0.8148148148148148,123,1.0,0.00515123483298479,0.05945121951219512,1.0,107,16,26,243,9,18,0.2485207016447362,1.0,5.29997788162098,0.48623650290100734,1.4100858584129212,0.5348601531911081
510732730,MembTV,2026,2026-10-02T11:45:07.000Z,8-player unranked Rage Forest 2026 (Custom),2026-10-02,Rage Forest 2026 (Custom),220,59,196407,1,49.19745100857649,first 10 game minutes,60.33300204277039,47.996001625061034,0.20448179271708683,3.0881655759134605,0.11834319125938464,0.4852070841634486,2.5917158885803757,13.114153402131457,20.83550225312601,0.0,1.9512862965811673,0.322329384879792,0.40680666666666665,0.22119666666666654,1.084598496235406,228.0,0.2361111111111111,1.4523482589409777,1.4018672317559322,1.0555191395214552,0.2756183745583039,0.2756183745583039,0.5780141843971631,1.0,0.004326477958400146,0.11263333748121845,0.03515625,1.837722900958143,0.16015625,0.484375,27.040000915527344,47.99600162506103,257,81,0.3151750972762646,38,4,1.0,2.0,0.012345679012345678,0.8947368421052632,0.0,0.24260354208173063,0.75,30,1.0,0.004326477958400146,0.03515625,1.0,23,3,1,28,2,2,12.683727381201937,1.0,1.8590000629425047,0.8450000286102294,0.16900000572204588,0.0
510729249,MembTV,2026,2026-10-02T11:20:33.000Z,8-player unranked Rage Forest 2026 (Custom),2026-10-02,Rage Forest 2026 (Custom),220,51,196407,1,49.19745100857649,whole available replay,81.15047286963771,63.958513017827556,0.21185286103542234,4.198224709926423,0.11893490721570288,0.248520701644793,2.360946665624624,7.105538220957253,13.04733683634629,0.01643598615916955,1.5880526599782072,0.22721819732337245,0.2236850784845097,0.06183139064204456,0.8016704829282532,264.0,0.09174311926605505,1.5509651058667855,1.4969678626485672,1.1463354661171317,0.28460207612456745,0.27768166089965396,0.5627705627705628,1.0,0.0037313978286018256,0.06444322701741813,0.001932367149758454,1.4792866399166045,0.1072463768115942,0.5198067632850242,34.2180808626061,63.958513017827556,1036,336,0.32432432432432434,150,43,1.0,4.0,0.0,0.7133333333333334,0.0,0.23609466656239173,0.7906976744186046,91,1.0,0.0037313978286018256,0.001932367149758454,1.0,122,12,12,107,4,4,15.035502449503982,1.0,3.2614972066135053,1.0503126597568917,0.7739145913998149,0.27639806835707675
510729249,MembTV,2026,2026-10-02T11:20:33.000Z,8-player unranked Rage Forest 2026 (Custom),2026-10-02,Rage Forest 2026 (Custom),220,51,196407,1,49.19745100857649,first 10 game minutes,83.48600282669067,69.45900235176086,0.1680161943319838,4.198224709926423,0.11834319125938464,0.24852070164470774,2.09467448529098,6.379147713007243,11.687573568776145,0.0024390243902439024,1.5802737222682623,0.22488843616101176,0.20590500000000028,0.06338000000000005,0.8187881169751797,264.0,0.06944444444444445,0.9851825351764701,0.9570161329310846,0.7810193109405027,0.2097560975609756,0.2073170731707317,0.6723716381418093,1.0,0.0046595111177757985,0.062095617311164295,0.0,1.3032770111735674,0.1272264631043257,0.48091603053435117,37.518001270294185,69.45900235176086,394,107,0.2715736040609137,54,8,1.0,3.0,0.0,0.8518518518518519,0.0,1.2307691890975185,0.375,27,1.0,0.0046595111177757985,0.0,1.0,24,5,3,23,2,2,13.492307235481661,1.0,1.521000051498413,0.6760000228881835,0.5070000171661376,0.0
510725857,MembTV,2026,2026-10-02T10:59:11.000Z,8-player unranked Rage Forest 2026 (Custom),2026-10-02,Rage Forest 2026 (Custom),220,44,196407,1,49.19745100857649,whole available replay,67.85789275966566,50.74647033133803,0.2521655437921078,3.471597515593844,0.11834319125937753,0.25207099738247507,3.220414092145859,10.676656443240724,20.43964427836343,0.01288659793814433,1.7768833482190223,0.2797680891843307,0.3281634340841068,0.1669353597277303,0.8302734478678138,228.0,0.125,1.643588286652702,1.5925678524994877,1.2317199099151923,0.3131443298969072,0.30927835051546393,0.512258064516129,1.0,0.002994963549290094,0.04663906715344182,0.0014727540500736377,1.6330948377081567,0.12076583210603829,0.5655375552282769,25.667133642491436,50.746470331338024,680,258,0.37941176470588234,104,37,2.0,4.0,0.007751937984496124,0.6442307692307693,0.0,0.24674555377582022,0.8918918918918919,59,1.0,0.002994963549290094,0.0014727540500736377,1.0,89,10,11,83,3,3,9.753254107641581,1.0,3.6574032671234615,0.5224861810176373,0.8490400441536607,0.32655386313602336
510725857,MembTV,2026,2026-10-02T10:59:11.000Z,8-player unranked Rage Forest 2026 (Custom),2026-10-02,Rage Forest 2026 (Custom),220,44,196407,1,49.19745100857649,first 10 game minutes,59.99500203132629,44.616001510620116,0.2563380281690141,3.471597515593844,0.11834319125937753,0.3698224726855557,3.203431844200114,12.74121850351579,20.43964427836343,0.015209125475285171,1.9186112723395734,0.31474259043864034,0.4208933333333335,0.31780666666666685,0.9812287793146774,168.0,0.19444444444444445,1.322605053850739,1.2832025411590458,1.0763574418051138,0.3155893536121673,0.3155893536121673,0.5114503816793893,1.0,0.003829446514711615,0.038092183637646104,0.0,0.9999523196862128,0.07755102040816327,0.49387755102040815,24.16700081825256,44.61600151062011,246,95,0.3861788617886179,39,6,1.0,3.0,0.010526315789473684,0.8461538461538461,0.0,0.3106508770558698,1.0,32,1.0,0.003829446514711615,0.0,1.0,25,3,2,22,2,2,13.228697776951392,1.0,1.1830000400543212,0.6760000228881835,0.33800001144409175,0.0
510718973,MembTV,2026,2026-10-02T09:59:08.000Z,8-player unranked Rage Forest 2026 (Custom),2026-10-02,Rage Forest 2026 (Custom),220,31,196407,2,49.19745100857649,whole available replay,68.45054699234328,42.126886770353735,0.3845646437994723,3.5834318313339564,0.12307691890970318,0.36153844929739876,4.094792760765426,12.053254029767686,24.772780226325267,0.02520107238605898,1.7613350627589346,0.27571266994243765,0.4578146485084674,0.16885807108913567,1.0433636315514732,384.0,0.18796992481203006,1.9392913123691013,1.8609680399328294,1.3654063772859086,0.31045576407506703,0.30563002680965146,0.5171673819742489,1.0,0.0033847407212036175,0.0891682230654791,0.043121149897330596,2.4163424538121947,0.13415468856947296,0.5297741273100616,24.65303341544817,42.12688677035374,1462,492,0.33652530779753764,213,61,2.0,15.900000000000034,0.1565040650406504,0.7136150234741784,0.0,0.2461538378193355,0.8688524590163934,379,1.0,0.0033847407212036175,0.043121149897330596,1.0,213,20,50,537,15,53,0.1242603508223681,1.0,4.221719092205868,0.6095530240083339,1.648050768615125,0.6772811377870376
510718973,MembTV,2026,2026-10-02T09:59:08.000Z,8-player unranked Rage Forest 2026 (Custom),2026-10-02,Rage Forest 2026 (Custom),220,31,196407,2,49.19745100857649,first 10 game minutes,70.98000240325928,57.29100193977355,0.19285714285714287,3.5834318313339564,0.11538461147796397,0.24615383781950761,2.646153756559687,8.389153562111662,11.061538087014071,0.0,1.5335936710715659,0.21060743763457776,0.22490166666666636,0.06197666666666675,0.766138655328564,252.0,0.08333333333333333,0.999029707534687,0.9665236603115193,0.784497765023957,0.20118343195266272,0.20118343195266272,0.7002967359050445,1.0,0.0026282509857911323,0.05827298413740903,0.0,0.8437582063121658,0.09287925696594428,0.5325077399380805,28.223000955581664,57.29100193977355,324,84,0.25925925925925924,44,4,1.0,4.700000000000003,0.0,0.9090909090909091,0.0,0.12307691890975184,1.0,26,1.0,0.0026282509857911323,0.0,1.0,22,5,3,25,3,2,14.899999495511945,1.0,1.352000045776367,0.6760000228881835,0.5070000171661376,0.0
510617671,MembTV,2026,2026-10-01T21:09:04.000Z,8-player unranked Rage Forest 2026 (Custom),2026-10-01,Rage Forest 2026 (Custom),220,32,196407,1,49.194713101569505,whole available replay,77.30038427235702,56.81710607689941,0.2649828767123288,3.4491123092545624,0.12307691890987371,0.248520701644793,2.7461537531738998,8.195680195881197,16.166271641987237,0.0,1.583999612560938,0.22600607589958202,0.2637479868876429,0.06941195091187652,0.8853209374472141,288.0,0.10192837465564739,1.6569429447932968,1.6047777500093834,1.2969237800493076,0.31585081585081587,0.3094405594405594,0.5142857142857142,1.0,0.0030456906038612507,0.18829787145130714,0.08231292517006802,2.7448836121407467,0.21224489795918366,0.5755102040816327,28.82218951250983,56.81710607689941,1471,497,0.33786539768864715,186,60,2.0,7.0,0.06438631790744467,0.6774193548387096,0.0,0.1242603508223681,0.9,217,1.0,0.0030456906038612507,0.08231292517006802,1.0,158,22,38,293,13,28,0.23284022880282582,1.0136518771331058,4.930546770796745,0.4301819330225348,1.522182224541277,0.8272729481202592
510617671,MembTV,2026,2026-10-01T21:09:04.000Z,8-player unranked Rage Forest 2026 (Custom),2026-10-01,Rage Forest 2026 (Custom),220,32,196407,1,49.194713101569505,first 10 game minutes,88.21800298690796,75.03600254058837,0.14942528735632185,3.4491123092545624,0.11834319125938464,0.24852070164469353,2.045680404109606,6.457739426322556,11.933727406595551,0.0,1.654128231560752,0.24645690580522323,0.19606166666666627,0.033613333333333065,0.8533866704782131,288.0,0.08333333333333333,1.0607774321219203,1.0607774321219203,0.8189547051419663,0.21670428893905191,0.21670428893905191,0.6493212669683258,1.0,0.0025734494417051935,0.13507448451508364,0.07906976744186046,2.293688365019312,0.22093023255813954,0.6255813953488372,29.57500100135803,75.03600254058837,431,114,0.26450116009280744,39,10,1.0,3.0,0.008771929824561403,0.7435897435897436,0.0,0.12426035082234287,0.9,29,1.0,0.0025734494417051935,0.07906976744186046,1.0,22,5,2,28,3,3,13.417159309031943,1.0,1.8590000629425047,0.0,0.33800001144409175,0.0
510612190,MembTV,2026,2026-10-01T20:41:09.000Z,8-player unranked Rage Forest 2026 (Custom),2026-10-01,Rage Forest 2026 (Custom),220,30,196407,6,49.194713101569505,whole available replay,88.66411394175842,69.01175878971918,0.22164948453608246,3.9757395103587934,0.117159759346805,0.25147928142616394,2.3372780273726903,6.907218701044799,24.541419287413532,0.0024096385542168677,1.8945967912901904,0.3090574804691355,0.24605700724268395,0.09984462404098816,0.8385392528333421,276.0,0.10726643598615918,1.3812148628369227,1.3516933300926117,1.0148859700361461,0.2421686746987952,0.2397590361445783,0.6100060277275468,1.0,0.0028987123949759416,0.04528112845063354,0.004632693580410324,2.2931962147211324,0.128391793514229,0.5704831237590999,33.19710732870899,69.01175878971918,1512,409,0.2705026455026455,163,55,2.0,7.0,0.03667481662591687,0.6625766871165644,0.0,0.136686385904578,0.9454545454545454,99,1.0,0.0028987123949759416,0.004632693580410324,1.0,143,15,25,182,7,11,1.9526626557798394,1.0,3.6562521213096253,0.29083823692235655,1.2049012672497628,0.6647731129653864
510612190,MembTV,2026,2026-10-01T20:41:09.000Z,8-player unranked Rage Forest 2026 (Custom),2026-10-01,Rage Forest 2026 (Custom),220,30,196407,6,49.194713101569505,first 10 game minutes,84.83800287246703,72.16300244331359,0.14940239043824702,3.9757395103587934,0.11834319125938464,0.25147928142618525,2.3843194458983206,5.266272011042339,10.798816202418223,0.0,1.4874557489093432,0.19596559622138982,0.11583333333333362,0.030416666666666693,0.7718502009441252,252.0,0.06944444444444445,1.003162950929085,0.9843058817702467,0.8005239817683208,0.20892018779342722,0.20892018779342722,0.6729411764705883,1.0,0.0033528233587963143,0.050246921494234,0.0,1.8524096884262948,0.1975609756097561,0.5463414634146342,34.307001161575315,72.16300244331359,411,114,0.2773722627737226,44,10,1.0,4.0,0.0,0.7727272727272727,0.0,0.11834319125940458,0.9,26,1.0,0.0033528233587963143,0.0,1.0,25,5,2,23,2,2,11.164496663409688,1.0,1.8590000629425047,0.33800001144409175,0.33800001144409175,0.0
510514824,MembTV,2026,2026-10-01T12:07:31.000Z,8-player unranked Rage Forest 2026 (Custom),2026-10-01,Rage Forest 2026 (Custom),220,11,196407,1,49.194713101569505,whole available replay,76.53502370492487,55.09910343609669,0.2800798801797304,3.7082838981125996,0.117159759346805,0.2538461452514582,2.8420117380940066,8.091360672786198,17.320117756766194,0.0006939625260235947,1.5839633565656739,0.22599521586939808,0.2854056649063853,0.06703213801492383,0.8366632454353055,264.0,0.09206349206349207,1.5573944574263903,1.5231439473289687,1.1652325563054147,0.2761970853573907,0.2741151977793199,0.5659722222222222,1.0,0.0032226349006066277,0.15199954430734822,0.052759740259740256,2.9863375539839985,0.1680194805194805,0.5292207792207793,30.18605528052454,55.09910343609669,1233,343,0.2781832927818329,146,33,1.0,8.0,0.07871720116618076,0.773972602739726,0.0,0.2485207016447362,0.8787878787878788,206,1.0,0.0032226349006066277,0.052759740259740256,1.0,146,17,31,292,11,24,0.136686385904578,1.0,5.425847911182892,0.229261179345756,1.375567076074536,0.534942751806764
510514824,MembTV,2026,2026-10-01T12:07:31.000Z,8-player unranked Rage Forest 2026 (Custom),2026-10-01,Rage Forest 2026 (Custom),220,11,196407,1,49.194713101569505,first 10 game minutes,67.60000228881835,55.6010018825531,0.1775,3.7082838981125996,0.117159759346805,0.4272189204463359,2.9699998994409853,7.1750175085456975,9.924851734967746,0.0,1.4089221054577752,0.16975314582870935,0.20540166666666687,0.0,0.8347934535707795,252.0,0.05555555555555555,1.1388354844588648,1.1151264599610524,0.8590535005592859,0.22560975609756098,0.22560975609756098,0.6452599388379205,1.0,0.005641279387020053,0.2075038382464304,0.08143322475570032,2.6264445825815317,0.25732899022801303,0.44299674267100975,32.617001104354856,55.60100188255309,308,105,0.3409090909090909,43,7,1.0,4.0,0.009523809523809525,0.8372093023255814,0.0,0.2538461452513495,1.0,31,1.0,0.005641279387020053,0.08143322475570032,1.0,24,4,1,30,1,1,12.720117912514219,1.0,1.6900000572204588,0.33800001144409175,0.16900000572204588,0.0
510508710,MembTV,2026,2026-10-01T11:18:41.000Z,8-player unranked Rage Forest 2026 (Custom),2026-10-01,Rage Forest 2026 (Custom),220,35,196407,8,49.194713101569505,whole available replay,70.56682290571986,50.64876805329893,0.28225806451612906,3.2118342107795104,0.12307691890974581,0.27692306754693163,3.2307691213811722,10.61136058746328,24.331951838884265,0.012492192379762648,1.7781053717081605,0.28008490233389904,0.3558369950995264,0.14180038232237596,0.9933601359936057,312.0,0.16052631578947368,1.9222396103108872,1.8089624208991484,1.4071073138655505,0.325421611492817,0.3204247345409119,0.4975,1.0,0.003214121732666125,0.07503442736008717,0.01020408163265306,1.6970645982269235,0.1326530612244898,0.5408163265306123,28.86537155596874,50.64876805329893,1275,496,0.38901960784313727,225,74,2.0,8.0,0.08266129032258064,0.6711111111111111,0.0,0.23846153038765786,0.8243243243243243,188,1.0,0.003214121732666125,0.01020408163265306,1.0,188,20,39,251,8,23,0.2461538378196046,1.0,5.532793014561369,1.3911022436611442,1.6124139642435988,0.7271670819137799
510508710,MembTV,2026,2026-10-01T11:18:41.000Z,8-player unranked Rage Forest 2026 (Custom),2026-10-01,Rage Forest 2026 (Custom),220,35,196407,8,49.194713101569505,first 10 game minutes,83.31700282096863,66.41700224876404,0.2028397565922921,3.2118342107795104,0.11538461147789292,0.24615383781950584,2.0461537768746587,8.053845881156919,18.26923015066643,0.0,1.9114137938432898,0.3130485250054935,0.2701616666666665,0.12185333333333329,0.9703668348539577,312.0,0.1111111111111111,1.4354081787985096,1.373842684250337,1.1170071047541044,0.28316326530612246,0.28061224489795916,0.5549872122762148,1.0,0.002657946974534024,0.041744675714512236,0.0,0.7718942044222288,0.07756232686980609,0.5983379501385041,29.913001012802123,66.41700224876404,362,129,0.356353591160221,49,16,1.0,4.0,0.007751937984496124,0.673469387755102,0.0,0.12307691890976866,0.9375,33,1.0,0.002657946974534024,0.0,1.0,43,4,2,32,1,1,11.053845779582161,1.0,1.521000051498413,2.87300009727478,0.33800001144409175,0.0
510382409,MembTV,2026,2026-09-30T19:59:20.000Z,8-player unranked Rage Forest 2026 (Custom),2026-09-30,Rage Forest 2026 (Custom),220,20,196407,1,49.19197519456252,whole available replay,90.66242992479228,51.11505107419207,0.4362047088678979,3.092899303563836,0.12248520295361232,0.2538461452516003,3.4173963339971576,10.07435468848576,26.234318638378852,0.029514757378689346,1.779063122190572,0.28033300718138504,0.3743900995543074,0.11732425469777907,0.9042014371923689,300.0,0.14376996805111822,1.7896618124980017,1.7313177996729725,1.3633576255754485,0.33991995997998997,0.3366683341670835,0.45609206905178884,1.0,0.00484025185531628,0.09402269004524388,0.024114319738017267,2.7248550434196863,0.15480797856504913,0.5025305150342364,29.53910553449809,51.115051074192074,3360,1464,0.4357142857142857,710,315,3.0,15.0,0.16734972677595628,0.5563380281690141,0.4642857142857143,0.1242603508223681,0.9301587301587302,1078,1.0,0.00484025185531628,0.024114319738017267,1.0,654,24,54,1653,15,93,0.124260350822099,1.0193587416817906,3.8601513939499887,0.4984963720663893,0.9330829528422159,0.7541355372286402
510382409,MembTV,2026,2026-09-30T19:59:20.000Z,8-player unranked Rage Forest 2026 (Custom),2026-09-30,Rage Forest 2026 (Custom),220,20,196407,1,49.19197519456252,first 10 game minutes,78.24700264930725,63.20600214004516,0.19222462203023757,3.092899303563836,0.12307691890974581,0.24852070164469353,2.453964413954452,7.589632879122902,12.975739205634483,0.0,1.6757316424311341,0.2525408870290046,0.2650183333333337,0.0877000000000002,0.9618387026105636,252.0,0.125,1.3704960728935227,1.3281987720041752,1.116833609045514,0.3002680965147453,0.3002680965147453,0.5026881720430108,1.0,0.0026629015446321125,0.0859627682047508,0.014285714285714285,1.740835331200042,0.1742857142857143,0.6171428571428571,26.702000904083253,63.20600214004516,351,134,0.3817663817663818,56,23,2.0,3.0,0.0,0.5892857142857143,0.3333333333333333,0.12721893060384984,0.9130434782608695,28,1.0,0.0026629015446321125,0.014285714285714285,1.0,37,3,1,35,1,1,8.152958303836677,1.0,1.1830000400543212,1.521000051498413,0.16900000572204588,0.0
510376686,MembTV,2026,2026-09-30T19:33:19.000Z,8-player unranked Rage Forest 2026 (Custom),2026-09-30,Rage Forest 2026 (Custom),220,26,196407,1,49.19197519456252,whole available replay,68.94690263371245,46.73994354226847,0.3220878421387651,3.9461537125439485,0.117159759346805,0.3656804609914559,3.4111241448602194,10.155117999360565,18.06923015743814,0.0,1.6435814533268607,0.2434505857638449,0.350732428320706,0.11430556186741615,0.9278197447343688,264.0,0.12043795620437957,1.716838100371491,1.6245047917084348,1.3654042713051184,0.33270676691729323,0.32800751879699247,0.4967074317968015,1.0,0.0044399146613885755,0.16998081907995716,0.03508771929824561,2.3748489258729175,0.22923976608187135,0.512280701754386,27.517318874180592,46.73994354226847,856,287,0.3352803738317757,116,25,1.0,7.400000000000034,0.08362369337979095,0.7844827586206896,0.0,0.13668638590444346,0.92,181,1.0,0.0044399146613885755,0.03508771929824561,1.0,99,18,28,228,6,19,0.23431951869354306,1.0,5.617570679258558,0.8777454186341497,1.7116035663365918,0.6583090639756123
510376686,MembTV,2026,2026-09-30T19:33:19.000Z,8-player unranked Rage Forest 2026 (Custom),2026-09-30,Rage Forest 2026 (Custom),220,26,196407,1,49.19197519456252,first 10 game minutes,78.92300267219542,64.05100216865539,0.18843683083511778,3.9461537125439485,0.11834319125938464,0.357692295581451,2.411183350314189,6.551638831427362,9.47041388053168,0.0,1.3851251934700066,0.16146959267563898,0.11050999999999996,0.0,0.777496050091516,264.0,0.041666666666666664,1.205625273692427,1.1525040347939577,0.9603345521948942,0.25396825396825395,0.25132275132275134,0.6021220159151194,1.0,0.0037879644008908735,0.09978832165542348,0.025495750708215296,2.1543129592372514,0.20113314447592068,0.49575070821529743,34.47600116729736,64.05100216865539,354,104,0.2937853107344633,41,9,1.0,2.0,0.009615384615384616,0.7804878048780488,0.0,0.23846153038765786,0.8888888888888888,31,1.0,0.0037879644008908735,0.025495750708215296,1.0,35,5,1,32,2,2,10.835206733730494,1.0,2.1970000743865965,1.352000045776367,0.16900000572204588,0.0
510365141,MembTV,2026,2026-09-30T18:43:19.000Z,8-player unranked Rage Forest 2026 (Custom),2026-09-30,Rage Forest 2026 (Custom),220,24,196407,1,49.19197519456252,whole available replay,89.94400485753226,56.62180274329705,0.37047718930256945,3.808283894726774,0.11715975934703238,0.25384614525137295,2.8579880689139827,7.911940560517751,25.721892620225844,0.010416666666666666,1.6798368294512558,0.2536859042983093,0.2553675977061165,0.07209086414148443,0.861576815467901,336.0,0.10216110019646366,1.860438940608812,1.7741142027047538,1.4656067064176512,0.36291666666666667,0.35875,0.43184660275114634,1.0,0.004728354507646593,0.09267185153697999,0.017948717948717947,2.1473331117284795,0.15794871794871795,0.5066666666666667,33.32220211423521,56.62180274329705,1951,824,0.4223475140953357,392,145,3.0,15.0,0.16747572815533981,0.6301020408163265,0.0,0.1242603508223681,0.8896551724137931,509,1.0,0.004728354507646593,0.017948717948717947,1.0,314,23,63,781,13,53,0.1242603508223681,1.0,5.872065340725101,1.0140514443822464,1.9101899301153942,0.7782255270840495
510365141,MembTV,2026,2026-09-30T18:43:19.000Z,8-player unranked Rage Forest 2026 (Custom),2026-09-30,Rage Forest 2026 (Custom),220,24,196407,1,49.19197519456252,first 10 game minutes,81.28900275230407,65.9100022315979,0.1891891891891892,3.808283894726774,0.11538461147790713,0.3538461418655352,2.39999991874015,6.448230550904905,8.528402078107035,0.002570694087403599,1.493415165367963,0.1978872881745499,0.22788166666666682,0.0,0.9157400731958848,240.0,0.09722222222222222,1.4513972867093503,1.389156863987897,1.163920306425632,0.30848329048843187,0.30848329048843187,0.5180412371134021,1.0,0.0033698197371694826,0.1635711744203897,0.008403361344537815,0.8366854527752362,0.1400560224089636,0.5658263305322129,31.772001075744626,65.91000223159789,358,152,0.4245810055865922,81,28,1.0,3.0,0.0,0.654320987654321,0.0,0.12307691890976866,0.9285714285714286,29,1.0,0.0033698197371694826,0.008403361344537815,1.0,43,3,1,36,1,1,5.046153675299876,1.0,1.6900000572204588,2.535000085830688,0.16900000572204588,0.0
510357263,MembTV,2026,2026-09-30T18:10:03.000Z,8-player unranked Rage Forest 2026 (Custom),2026-09-30,Rage Forest 2026 (Custom),220,11,196407,1,49.19197519456252,whole available replay,70.38089534136735,47.4589924152482,0.32568359375,3.3337276977766694,0.12307691890975292,0.3727810524670758,3.476922959200465,10.173017407038516,19.70059104894858,0.013768115942028985,1.5556242190906542,0.21741233117925185,0.3228556448663822,0.10283571006626056,0.9085494124869897,252.0,0.12,1.8689613652787662,1.805077019604978,1.373500422481296,0.3159420289855073,0.3130434782608696,0.5068890500362582,1.0,0.004226203191956686,0.11539758516047383,0.04981549815498155,2.6111018611612433,0.1900369003690037,0.507380073800738,28.557873060877082,47.458992415248204,1085,399,0.36774193548387096,203,47,2.0,15.199999999999989,0.14285714285714285,0.7684729064039408,0.0,0.23964496230022367,0.8085106382978723,194,1.0,0.004226203191956686,0.04981549815498155,1.0,152,17,47,337,7,42,0.2461538378193355,1.0,6.220186551165767,0.4467537301942264,2.2337686509711316,0.6873134310680405
510357263,MembTV,2026,2026-09-30T18:10:03.000Z,8-player unranked Rage Forest 2026 (Custom),2026-09-30,Rage Forest 2026 (Custom),220,11,196407,1,49.19197519456252,first 10 game minutes,67.09300227165222,54.24900183677673,0.19143576826196473,3.3337276977766694,0.11538461147790713,0.36153844929739876,2.7738460599285544,6.808538231013214,19.70059104894858,0.0,1.6170331894675272,0.2357758365277253,0.3036133333333332,0.055489999999999935,0.8597622902509852,252.0,0.08333333333333333,1.0529979733626396,1.0286980697496169,0.7682635576497195,0.19375,0.190625,0.7115987460815048,1.0,0.0038235314419763746,0.058065748881917456,0.0165016501650165,0.8831796145764862,0.0858085808580858,0.5115511551155115,28.05400094985962,54.24900183677673,304,92,0.3026315789473684,43,4,1.0,3.0,0.0,0.9069767441860465,0.0,1.623076868122362,0.25,24,1.0,0.0038235314419763746,0.0165016501650165,1.0,20,5,1,25,1,1,12.113904915288062,1.0,1.6900000572204588,0.33800001144409175,0.16900000572204588,0.0
510350959,MembTV,2026,2026-09-30T17:35:40.000Z,8-player unranked Rage Forest 2026 (Custom),2026-09-30,Rage Forest 2026 (Custom),220,25,196407,1,49.19197519456252,whole available replay,77.18991906106388,50.73185004469739,0.3427658603377453,2.973964396348161,0.12426035082216913,0.37278105246696214,3.231005807763677,8.633834027199905,18.648520078652666,0.0,1.5449238285941693,0.21412186190860905,0.3022939400846084,0.06294229154969483,0.822226914401026,252.0,0.093841642228739,1.7825949580952392,1.6890626459541611,1.4329759978199923,0.35719249478804727,0.35302293259207784,0.45479833101529904,1.0,0.00468399166443566,0.10513698773558434,0.007582139848357203,1.8358706400504072,0.12973883740522324,0.4903117101937658,30.227727318298857,50.73185004469738,1188,469,0.3947811447811448,233,94,2.0,26.19999999999999,0.24946695095948826,0.5965665236051502,0.0,0.2428994000598132,0.8085106382978723,260,1.0,0.00468399166443566,0.007582139848357203,1.0,186,19,35,349,9,21,0.2461538378193355,1.0,4.967493650209952,1.0921439940177908,1.620600765316722,0.7046090283985748
510350959,MembTV,2026,2026-09-30T17:35:40.000Z,8-player unranked Rage Forest 2026 (Custom),2026-09-30,Rage Forest 2026 (Custom),220,25,196407,1,49.19197519456252,first 10 game minutes,65.40300221443175,51.207001733779904,0.21705426356589147,2.973964396348161,0.12307691890976002,0.4970414032894155,3.0876922031484346,7.207112182015246,18.648520078652666,0.0,1.5614947559680017,0.21920589712697264,0.26191999999999993,0.08239166666666649,0.8721305548682664,228.0,0.1111111111111111,1.3356536374421528,1.277482620991282,1.0442575695764253,0.2980132450331126,0.2980132450331126,0.53156146179402,1.0,0.0060449438077967155,0.1107515583550641,0.0035842293906810036,1.476332539601243,0.12544802867383512,0.41935483870967744,31.434001064300535,51.207001733779904,280,121,0.43214285714285716,75,26,1.0,2.0,0.01652892561983471,0.6533333333333333,0.0,0.657692285423989,0.6923076923076923,25,1.0,0.0060449438077967155,0.0035842293906810036,1.0,43,3,2,26,1,1,13.346153394276321,1.0,1.0140000343322753,2.3660000801086425,0.5070000171661376,0.0
510181138,MembTV,2026,2026-09-29T21:16:45.000Z,8-player unranked Rage Forest 2026 (Custom),2026-09-29,Rage Forest 2026 (Custom),220,61,196407,1,49.18923728755553,whole available replay,75.55667118242856,49.395289955056306,0.3462484624846248,3.7142010576755684,0.11834319125944148,0.4881656639447556,3.2215383524629946,8.906555911457593,18.4455615056429,0.0037647058823529413,1.5228770624927075,0.20725427737492813,0.28995206803548124,0.07547514372829965,0.8374620538879132,276.0,0.10251450676982592,1.7688269224653292,1.645265343994847,1.4377576069309623,0.3548235294117647,0.35058823529411764,0.4599811676082863,1.0,0.006001420961234719,0.10225252730090632,0.019744483159117306,2.107260536851092,0.1753774680603949,0.44889663182346107,31.435478508556535,49.39528995505631,1723,731,0.4242600116076611,357,86,2.0,13.0,0.16826265389876882,0.7591036414565826,0.0,0.13668638590471252,0.8604651162790697,362,1.0,0.006001420961234719,0.019744483159117306,1.0,228,20,40,563,14,44,0.2343195186936776,1.0,5.343799007367334,1.7193092458486203,1.231397162567255,0.48791208328136526
510181138,MembTV,2026,2026-09-29T21:16:45.000Z,8-player unranked Rage Forest 2026 (Custom),2026-09-29,Rage Forest 2026 (Custom),220,61,196407,1,49.18923728755553,first 10 game minutes,62.53000211715698,50.70000171661377,0.1891891891891892,3.7142010576755684,0.12307691890976002,0.6017751275539069,2.7615383680375856,6.4964258155452805,15.138461025899574,0.0033444816053511705,1.4210253807692885,0.17390374512947337,0.21642999999999998,0.0825933333333333,0.7683749084919418,156.0,0.1111111111111111,1.1226520579008576,1.0793838912630371,0.9488298409684316,0.27424749163879597,0.27424749163879597,0.5939597315436241,1.0,0.009043479033493564,0.12154681753123925,0.0,1.482344960151015,0.16487455197132617,0.36200716845878134,33.63100113868713,50.70000171661376,280,108,0.38571428571428573,62,5,1.0,4.0,0.009259259259259259,0.9193548387096774,0.0,1.6958579307468735,0.4,28,1.0,0.009043479033493564,0.0,1.0,23,5,1,28,2,2,13.352958127773725,1.0,2.0280000686645505,0.6760000228881835,0.16900000572204588,0.0
510175846,MembTV,2026,2026-09-29T20:48:08.000Z,8-player unranked Rage Forest 2026 (Custom),2026-09-29,Rage Forest 2026 (Custom),220,4,196407,1,49.18923728755553,whole available replay,56.940277061592255,43.609194597286795,0.234123947972456,3.4479288773419685,0.117159759346805,0.3668638929041208,3.6651478048986412,12.1452836124504,25.05621216939153,0.0,1.8057431789563554,0.28717638342653495,0.4174369061014654,0.19548764931646218,0.9760413586910727,252.0,0.2028985507246377,1.6615533907440174,1.6140666678294628,1.2269912321962149,0.306,0.301,0.5225225225225225,1.0,0.0035296222882158943,0.05862677244160768,0.03953488372093023,2.3794749675890157,0.22674418604651161,0.5162790697674419,24.266055335353393,43.609194597286795,861,319,0.3704994192799071,150,36,1.0,6.0,0.0,0.76,0.0,0.12603549869124622,0.9166666666666666,69,1.0,0.0035296222882158943,0.03953488372093023,1.0,92,15,25,100,6,9,7.810650623118954,1.0,2.7010689960357457,0.3049594027782293,1.3069688690495542,0.7406156924614141
510175846,MembTV,2026,2026-09-29T20:48:08.000Z,8-player unranked Rage Forest 2026 (Custom),2026-09-29,Rage Forest 2026 (Custom),220,4,196407,1,49.18923728755553,first 10 game minutes,69.966002368927,56.95300192832946,0.1859903381642512,3.4479288773419685,0.11775147530309482,0.24852070164470064,2.8109466503883738,8.37171569287962,12.58639010639115,0.0,1.6177940144240035,0.23599794751610262,0.23898500000000034,0.06811333333333341,0.8559532221029631,216.0,0.1111111111111111,0.890949247653826,0.890949247653826,0.7898532717183387,0.22916666666666666,0.22916666666666666,0.6298507462686567,1.0,0.0027466235306144297,0.07461051998286346,0.046296296296296294,1.963159557157764,0.21296296296296297,0.5493827160493827,26.871000909805296,56.95300192832946,325,90,0.27692307692307694,47,3,1.0,3.0,0.0,0.9361702127659575,0.0,0.12781064656012434,1.0,28,1.0,0.0027466235306144297,0.046296296296296294,1.0,24,5,2,24,2,2,6.126331153519832,1.0,1.6900000572204588,0.0,0.33800001144409175,0.0
510168423,MembTV,2026,2026-09-29T20:11:13.000Z,8-player unranked Rage Forest 2026 (Custom),2026-09-29,Rage Forest 2026 (Custom),220,20,196407,1,49.18923728755553,whole available replay,68.14916160538681,45.630037363753054,0.3304387568555759,3.099999895039398,0.12307691890987371,0.36153844929737033,3.727218808714042,11.139052877288798,27.337277180916317,0.015710382513661202,1.7927941238802967,0.28387130905975694,0.4124998118599206,0.16091920481712316,0.9578037230582043,240.0,0.17616580310880828,1.83852562451512,1.7936624257615221,1.3571087801198511,0.32172131147540983,0.31898907103825136,0.507177033492823,1.0,0.003061551394886709,0.05792795832244233,0.017573221757322177,0.6616315804001475,0.0895397489539749,0.5271966527196653,26.007563958180068,45.630037363753054,1196,566,0.47324414715719065,295,157,2.0,12.0,0.127208480565371,0.46779661016949153,1.0,0.2461538378196046,0.8789808917197452,184,1.0,0.003061551394886709,0.017573221757322177,1.0,235,19,44,296,8,19,0.2461538378193355,1.0,4.453989995233234,0.31146783183449184,1.8065134246400527,0.6540824468524329
510168423,MembTV,2026,2026-09-29T20:11:13.000Z,8-player unranked Rage Forest 2026 (Custom),2026-09-29,Rage Forest 2026 (Custom),220,20,196407,1,49.18923728755553,first 10 game minutes,56.27700190544128,38.363001298904415,0.3183183183183183,3.099999895039398,0.12307691890975292,0.7242603305073771,4.05562116445887,10.953993711957054,16.137277560128723,0.0,1.502963105936215,0.20094707139044515,0.40841500000000003,0.14997166666666661,0.9211895105267788,144.0,0.16666666666666666,1.4902645995336492,1.4116770705596933,1.3058977476584732,0.39823008849557523,0.39823008849557523,0.39111111111111113,1.0,0.008752824618826338,0.08314817157635265,0.01951219512195122,1.2856655972401574,0.2097560975609756,0.32682926829268294,27.040000915527344,38.363001298904415,206,105,0.5097087378640777,52,11,1.0,5.0,0.0,0.7884615384615384,0.0,0.12781064656012434,0.7272727272727273,26,1.0,0.008752824618826338,0.01951219512195122,1.0,31,5,2,26,1,1,2.9112425049806836,1.0,1.6900000572204588,1.352000045776367,0.33800001144409175,0.0
510162506,MembTV,2026,2026-09-29T19:44:20.000Z,8-player unranked Rage Forest 2026 (Custom),2026-09-29,Rage Forest 2026 (Custom),220,45,196407,1,49.18923728755553,whole available replay,58.17870658392218,43.55965978708563,0.2512783053323594,3.222485097992854,0.117159759346805,0.49467453946419937,3.627100468908681,10.63143159270093,24.947928149389384,0.0009765625,1.6412947766902415,0.24279561007341874,0.34818808417971564,0.1422701566362311,0.9508577173122582,252.0,0.13780918727915195,1.8641786500051984,1.731069734694347,1.6427157779987653,0.443359375,0.4365234375,0.3519061583577713,1.0,0.004502102598980712,0.07500314185883854,0.008383233532934131,1.623522539854545,0.1568862275449102,0.4802395209580838,26.518270933796522,43.55965978708563,836,368,0.44019138755980863,176,53,1.0,5.0,0.021739130434782608,0.6988636363636364,0.0,0.23846153038764104,0.7547169811320755,98,1.0,0.004502102598980712,0.008383233532934131,1.0,130,18,19,106,6,12,10.317159413992634,1.0,3.4847727829668504,2.1673586820891386,0.9349390393325696,0.6799556649691416
510162506,MembTV,2026,2026-09-29T19:44:20.000Z,8-player unranked Rage Forest 2026 (Custom),2026-09-29,Rage Forest 2026 (Custom),220,45,196407,1,49.18923728755553,first 10 game minutes,79.09200267791748,62.53000211715698,0.2094017094017094,3.222485097992854,0.11715975934678938,0.24852070164469353,2.286390455131182,7.2894198715361025,19.62899341823669,0.0,1.9616253145576632,0.3246951293368749,0.29212499999999986,0.13800166666666674,0.9908124327259987,252.0,0.1111111111111111,1.447494671841179,1.3874686419289517,1.168403562396717,0.3089430894308943,0.3062330623306233,0.5163043478260869,1.0,0.002922195462374488,0.03688884197321231,0.0,1.5079029334646488,0.09734513274336283,0.56047197640118,30.420001029968258,62.530002117156975,340,128,0.3764705882352941,66,28,1.0,2.0,0.0,0.5757575757575758,0.0,0.1831360884738869,0.7857142857142857,24,1.0,0.002922195462374488,0.0,1.0,39,5,1,29,2,2,9.082839929157217,1.0,1.521000051498413,2.3660000801086425,0.16900000572204588,0.0
510156210,MembTV,2026,2026-09-29T19:15:29.000Z,8-player unranked Rage Forest 2026 (Custom),2026-09-29,Rage Forest 2026 (Custom),220,12,196407,1,49.18923728755553,whole available replay,70.91803766945765,40.92938911000885,0.42286348501664817,3.471005799637547,0.11715975934703238,0.4970414032894155,3.7881655522127176,10.171904981040901,24.34851988566072,0.0019249278152069298,1.5756068070918183,0.22348395939431076,0.3737985317490354,0.11627243565486245,0.9073836258048181,216.0,0.15081967213114755,1.67297444711472,1.658277608156449,1.320369929164197,0.3310875842155919,0.3310875842155919,0.49710982658959535,1.0,0.0049679866678407885,0.0881704670504982,0.008464328899637243,1.9642742375499833,0.14993954050785974,0.45102781136638453,26.249906284976827,40.92938911000884,828,295,0.35628019323671495,137,25,2.0,12.0,0.13559322033898305,0.8175182481751825,0.0,0.1301775103853316,0.88,237,1.0,0.0049679866678407885,0.008464328899637243,1.0,118,16,34,368,8,27,0.2343195186936776,1.0,5.7458565481358574,0.07871036367309393,1.8103383644811604,0.47226218203856357
510156210,MembTV,2026,2026-09-29T19:15:29.000Z,8-player unranked Rage Forest 2026 (Custom),2026-09-29,Rage Forest 2026 (Custom),220,12,196407,1,49.18923728755553,first 10 game minutes,61.68500208854675,48.84100165367126,0.20821917808219179,3.471005799637547,0.11834319125940454,0.4952662554204892,2.759289847403672,9.126307383306795,18.335502337771686,0.0,1.611425358915136,0.23413472524795437,0.2916099999999998,0.11633333333333334,0.8910353741722965,216.0,0.1388888888888889,0.9221308286631839,0.9221308286631839,0.8375296239673419,0.2604166666666667,0.2604166666666667,0.5993031358885017,1.0,0.005368585119837693,0.12601099961720386,0.007246376811594203,1.563330031844636,0.17028985507246377,0.4311594202898551,28.730000972747803,48.841001653671256,277,85,0.30685920577617326,36,3,1.0,1.0,0.0,0.9166666666666666,0.0,0.3668638929040735,1.0,23,1.0,0.005368585119837693,0.007246376811594203,1.0,22,4,2,29,1,1,6.667455395553339,1.0,1.521000051498413,0.0,0.33800001144409175,0.0
510148611,MembTV,2026,2026-09-29T18:41:31.000Z,8-player unranked Rage Forest 2026 (Custom),2026-09-29,Rage Forest 2026 (Custom),220,17,196407,1,49.18923728755553,whole available replay,83.34944143720473,55.13836749677233,0.3384674624566808,2.972780964435567,0.12307691890975718,0.24911241760094072,2.9339643977025402,9.033301469296081,18.731360312534207,0.005824111822947,1.697703287683502,0.2586286234178907,0.3022090453972697,0.10050075662645526,0.9030841853068182,276.0,0.10962566844919786,1.4173218527284805,1.3788505455066724,1.1402928818740372,0.2789749563191613,0.2783925451368666,0.5646853146853147,1.0,0.003606343765439236,0.06783973861180125,0.00997340425531915,1.9385048805169105,0.11502659574468085,0.535904255319149,29.27019275730871,55.138367496772325,1505,490,0.32558139534883723,217,57,2.5,18.0,0.2,0.7373271889400922,0.0,0.1242603508223681,0.8596491228070176,240,1.0,0.003606343765439236,0.00997340425531915,1.0,124,17,44,385,11,33,0.23431951869354306,1.0,4.108097229095959,0.3209450960231218,1.7010090089225456,0.5135121536369949
510148611,MembTV,2026,2026-09-29T18:41:31.000Z,8-player unranked Rage Forest 2026 (Custom),2026-09-29,Rage Forest 2026 (Custom),220,17,196407,1,49.18923728755553,first 10 game minutes,91.93600311279297,75.8810025691986,0.17463235294117646,2.972780964435567,0.11834319125938464,0.24852070164467932,1.9949703466549416,6.213615174233163,11.80650847599179,0.0,1.606298532007333,0.23262819840533416,0.17121833333333333,0.0627349999999999,0.8394250422849389,276.0,0.06944444444444445,0.6191055960756735,0.6056493734031425,0.5522512692150295,0.16071428571428573,0.15848214285714285,0.7606263982102909,1.0,0.004311135064076361,0.05387766837163556,0.013636363636363636,1.3640897630001023,0.09772727272727273,0.49772727272727274,38.87000131607056,75.8810025691986,441,90,0.20408163265306123,39,3,1.0,3.0,0.0,0.9230769230769231,0.0,0.1301775103853316,0.6666666666666666,26,1.0,0.004311135064076361,0.013636363636363636,1.0,20,5,1,38,2,2,11.851774746648534,1.0,0.8450000286102294,0.33800001144409175,0.16900000572204588,0.0
510141944,MembTV,2026,2026-09-29T18:14:07.000Z,8-player unranked Rage Forest 2026 (Custom),2026-09-29,Rage Forest 2026 (Custom),220,16,196407,1,49.18923728755553,whole available replay,71.61853476656992,49.962647130472334,0.3023782559456399,2.852662625307299,0.11834319125937043,0.378698212029974,3.312544266541366,9.422331041923032,21.113017036629344,0.012997562956945572,1.5961043773213,0.22961495020333872,0.31427864102986575,0.0880463804470067,0.9168212609281026,276.0,0.09797297297297297,1.644420944889813,1.6061571245268713,1.292634159083489,0.3281884646628757,0.3273761169780666,0.4975609756097561,1.0,0.003230676539376107,0.10355086611008531,0.04924242424242424,2.092955014773808,0.14299242424242425,0.5255681818181818,27.455123463741696,49.962647130472334,1057,408,0.3859981078524125,213,75,2.0,8.0,0.0784313725490196,0.647887323943662,0.0,0.2485207016446689,0.8533333333333334,138,1.0,0.003230676539376107,0.04924242424242424,1.0,136,18,34,198,10,18,0.37100590459812105,1.02020202020202,4.0959637663780075,0.24332458018087175,1.6627179645692904,0.5677573537553674
510141944,MembTV,2026,2026-09-29T18:14:07.000Z,8-player unranked Rage Forest 2026 (Custom),2026-09-29,Rage Forest 2026 (Custom),220,16,196407,1,49.18923728755553,first 10 game minutes,66.24800224304198,51.03800172805786,0.22959183673469388,2.852662625307299,0.11834319125938464,0.4881656639449261,2.7958578935027845,11.131360569857065,13.19585754137691,0.0,1.6205344001314939,0.23679689154256348,0.302585,0.13474166666666657,1.0220798230070114,276.0,0.1111111111111111,1.267995834528159,1.2205236102879173,1.0247119595888634,0.3023255813953488,0.3023255813953488,0.53,1.0,0.004784323029382424,0.12409217111554341,0.06007067137809187,1.7832810853434093,0.19081272084805653,0.4381625441696113,30.08200101852417,51.03800172805786,284,111,0.3908450704225352,58,11,1.0,2.0,0.0,0.8103448275862069,0.0,0.9792899076713678,0.5454545454545454,29,1.0,0.004784323029382424,0.06007067137809187,1.0,26,5,2,26,3,3,10.015975992237442,1.0,1.8590000629425047,0.8450000286102294,0.33800001144409175,0.0
510136293,MembTV,2026,2026-09-29T17:43:47.000Z,8-player unranked Rage Forest 2026 (Custom),2026-09-29,Rage Forest 2026 (Custom),220,41,196407,1,49.18923728755553,whole available replay,76.41385872644851,53.7710870094629,0.2963176064441887,4.066272051672217,0.11715975934690732,0.48520708416339176,2.906035404565273,7.762899145445684,14.296449220089116,0.0024549918166939444,1.4554741748748903,0.18549336805714817,0.21699007804278583,0.054795150151823104,0.7671172664262045,228.0,0.08791208791208792,1.5068226941222886,1.4943572931502611,1.249142402388973,0.3281505728314239,0.3281505728314239,0.4914004914004914,1.0,0.004587466418314543,0.1056622313215578,0.0412573673870334,2.045258108657348,0.137524557956778,0.4715127701375246,32.66714443829186,53.7710870094629,1019,369,0.3621197252208047,158,42,1.0,20.19999999999999,0.17615176151761516,0.7341772151898734,0.0,0.2485207016447362,0.7619047619047619,191,1.0,0.004587466418314543,0.0412573673870334,1.0,111,18,36,245,8,33,0.23431951869354306,1.0,6.3311827713513145,0.08793309404654603,1.9784946160472858,0.2637992821396381
510136293,MembTV,2026,2026-09-29T17:43:47.000Z,8-player unranked Rage Forest 2026 (Custom),2026-09-29,Rage Forest 2026 (Custom),220,41,196407,1,49.18923728755553,first 10 game minutes,68.1070023059845,53.404001808166505,0.21588089330024815,4.066272051672217,0.117159759346805,0.6053254232916885,2.7766862965187653,5.417455437876163,14.296449220089116,0.0031746031746031746,1.278616920629688,0.12227457722586087,0.10555666666666634,0.040268333333333316,0.6234739420772025,156.0,0.05555555555555555,0.8070111591222806,0.7909156960615834,0.7252185299132574,0.20952380952380953,0.20952380952380953,0.6719745222929936,1.0,0.006625638436594208,0.06895708780944494,0.026578073089700997,1.157387954461428,0.10963455149501661,0.38870431893687707,33.63100113868713,53.4040018081665,302,97,0.3211920529801324,48,5,1.0,4.0,0.0,0.8958333333333334,0.0,0.724260330507402,0.6,27,1.0,0.006625638436594208,0.026578073089700997,1.0,20,6,1,31,2,2,16.37633080647271,1.0,2.0280000686645505,0.16900000572204588,0.16900000572204588,0.0
510129467,MembTV,2026,2026-09-29T17:06:09.000Z,8-player unranked Rage Forest 2026 (Custom),2026-09-29,Rage Forest 2026 (Custom),220,59,196407,1,49.18923728755553,whole available replay,100.55345648593202,71.57586021371344,0.28818100625186066,3.334319413732966,0.11715975934703238,0.248520701644793,2.173136021096016,7.892260087811394,22.45621225742326,0.0,1.9667000177454426,0.3258502753777211,0.30941826758291835,0.08173256469278145,0.8796874085179331,288.0,0.10972568578553615,1.3043295679457858,1.2720474753866076,0.9753846600369729,0.23138075313807532,0.22719665271966527,0.6299706990372541,1.0,0.0028787724329810424,0.033842072161149,0.021942110177404293,1.6747224069676026,0.0676937441643324,0.6059757236227824,32.71953793960217,71.57586021371344,2143,628,0.29304713019132056,282,101,7.0,24.0,0.40605095541401276,0.6418439716312057,0.07417582417582418,0.23431951869354306,0.9405940594059405,437,1.0,0.0028787724329810424,0.021942110177404293,1.0,175,13,34,481,6,27,0.2485207016447362,1.0,3.9814259340961473,0.11974213335627511,1.4369056002753013,1.5566477336315765
510129467,MembTV,2026,2026-09-29T17:06:09.000Z,8-player unranked Rage Forest 2026 (Custom),2026-09-29,Rage Forest 2026 (Custom),220,59,196407,1,49.18923728755553,first 10 game minutes,88.04900298118591,77.23300261497496,0.12284069097888675,3.334319413732966,0.117159759346805,0.24615383781949163,1.8218934294381057,6.323550081753585,8.617751187507878,0.0,1.5619425832242675,0.21934237984250568,0.2141983333333336,0.0,0.7066139854343508,216.0,0.05555555555555555,0.720558601732891,0.720558601732891,0.5406385926249608,0.14692982456140352,0.14692982456140352,0.7648351648351648,1.0,0.002878626129886167,0.047698103224423194,0.019955654101995565,1.5714750507042012,0.082039911308204,0.5587583148558758,34.64500117301941,77.23300261497496,452,106,0.2345132743362832,45,7,1.0,2.5,0.0,0.8444444444444444,0.0,0.1260354986912336,1.0,28,1.0,0.002878626129886167,0.019955654101995565,1.0,22,2,1,23,1,1,11.438757009153298,1.0,0.6760000228881835,0.0,0.16900000572204588,0.0
510080509,MembTV,2026,2026-09-29T12:31:56.000Z,8-player unranked Rage Forest 2026 (Custom),2026-09-29,Rage Forest 2026 (Custom),220,19,196407,1,49.18923728755553,whole available replay,70.04828974930236,48.47060049486901,0.3080402010050251,4.291124115065035,0.11834319125938464,0.37100590459817795,3.176922969357931,9.441064769099373,33.77218820564485,0.007994186046511628,1.7663385539552814,0.277022692272997,0.3666539381463337,0.10688659235525053,0.8812719199819232,216.0,0.15249266862170088,1.7066017970221976,1.67119494660449,1.3123358112719947,0.32630813953488375,0.3248546511627907,0.4850909090909091,1.0,0.004443132979101741,0.060139684240913094,0.004288164665523156,1.483902087279814,0.11578044596912522,0.483704974271012,28.617718374966234,48.47060049486901,1167,475,0.4070265638389032,222,63,2.0,9.0,0.08210526315789474,0.7162162162162162,0.0,0.13668638590471252,0.8095238095238095,197,1.0,0.004443132979101741,0.004288164665523156,1.0,189,15,35,264,10,21,0.9763313278899197,1.0,4.048016744306417,0.281601164821316,1.4432059697092443,0.8800036400666125
510080509,MembTV,2026,2026-09-29T12:31:56.000Z,8-player unranked Rage Forest 2026 (Custom),2026-09-29,Rage Forest 2026 (Custom),220,19,196407,1,49.18923728755553,first 10 game minutes,61.17800207138062,45.63000154495239,0.2541436464088398,4.291124115065035,0.11834319125938464,0.6088757190294984,2.9585797814844454,9.999833980949651,17.598815972182052,0.0,1.6215919428845778,0.23710476551153514,0.38576500000000014,0.11273666666666676,0.9865765724632495,192.0,0.16666666666666666,1.207283770450425,1.1561978671005007,1.0549679295505425,0.3048327137546468,0.3048327137546468,0.5111940298507462,1.0,0.005326822604031287,0.05828787353495368,0.0,1.1551112307261322,0.0873015873015873,0.44047619047619047,26.871000909805296,45.630001544952385,253,99,0.391304347826087,52,12,1.0,4.0,0.0,0.7692307692307693,0.0,1.235207058769758,0.4166666666666667,23,1.0,0.005326822604031287,0.0,1.0,26,4,2,26,1,1,13.703549831879638,1.0,1.352000045776367,1.0140000343322753,0.33800001144409175,0.0
510076929,MembTV,2026,2026-09-29T12:01:43.000Z,8-player unranked Rage Forest 2026 (Custom),2026-09-29,Rage Forest 2026 (Custom),220,10,196407,1,49.18923728755553,whole available replay,75.43379494816351,62.30581405939471,0.17403314917127072,3.348520596684091,0.11715975934689596,0.25384614525148663,2.3372780273726903,8.173277829775856,22.6426027836568,0.00502092050209205,1.8197444868440493,0.2907158753811535,0.26692604644997653,0.11244026267469086,0.8866204335068834,264.0,0.10822510822510822,1.6510122129517049,1.561822451799055,1.2548746908171107,0.3188284518828452,0.3129707112970711,0.5108877721943048,1.0,0.002717076026058791,0.059703387274194386,0.0019065776930409914,0.9607723948875448,0.10486177311725453,0.551954242135367,32.142715112580724,62.30581405939471,1050,376,0.3580952380952381,155,38,2.0,4.0,0.010638297872340425,0.7548387096774194,0.0,0.13313609016681335,0.8947368421052632,95,1.0,0.002717076026058791,0.0019065776930409914,1.0,101,15,8,95,4,6,15.85562076493145,1.0,3.1257097354211396,2.1359016525377785,0.4167612980561519,0.4688564603131709
510076929,MembTV,2026,2026-09-29T12:01:43.000Z,8-player unranked Rage Forest 2026 (Custom),2026-09-29,Rage Forest 2026 (Custom),220,10,196407,1,49.18923728755553,first 10 game minutes,94.80900321006774,79.76800270080565,0.1586452762923351,3.348520596684091,0.11834319125937043,0.25147928142618525,1.5887573426571464,5.733905131303746,18.120709445635953,0.0,1.8553752841867543,0.29956667654997077,0.17791833333333334,0.08812333333333343,0.7468212826057046,204.0,0.09722222222222222,1.274624920207646,1.240889018741717,0.9526789004937243,0.25690021231422505,0.25690021231422505,0.5808510638297872,1.0,0.002574750957229817,0.058062587143867646,0.0044444444444444444,0.7604593361561892,0.10222222222222223,0.5822222222222222,35.49000120162964,79.76800270080565,451,155,0.3436807095343681,64,15,2.0,3.5999999999999943,0.0064516129032258064,0.765625,0.0,0.1331360901667797,1.0,32,1.0,0.002574750957229817,0.0044444444444444444,1.0,20,3,1,32,1,1,7.311834071960666,1.0,1.0140000343322753,1.8590000629425047,0.16900000572204588,0.0
510073579,MembTV,2026,2026-09-29T11:34:42.000Z,8-player unranked Rage Forest 2026 (Custom),2026-09-29,Rage Forest 2026 (Custom),220,62,196407,1,49.18923728755553,whole available replay,88.14154242965417,69.05577536811488,0.21653543307086615,3.5816566834650656,0.117159759346805,0.2514792814262137,2.448816485134524,6.844863673570262,10.028402027319686,0.0,1.570218440262141,0.22185602255813844,0.20935382954663725,0.00828570325077454,0.870969182374909,336.0,0.05761316872427984,1.3704643767361073,1.3373510588204836,1.0823103050877718,0.2607758620689655,0.25862068965517243,0.5945363048166786,1.0,0.003214121732666125,0.05240160383594829,0.03750997605746209,2.3185488054616745,0.13248204309656825,0.5682362330407024,33.75949965950197,69.05577536811488,1254,361,0.2878787878787879,143,46,2.0,4.0,0.0,0.6783216783216783,0.0,0.136686385904578,0.782608695652174,95,1.0,0.003214121732666125,0.03750997605746209,1.0,122,18,19,156,11,14,10.3822481691852,1.0,4.412034463576615,0.44616078845156776,1.140188681598451,0.14872026281718925
510073579,MembTV,2026,2026-09-29T11:34:42.000Z,8-player unranked Rage Forest 2026 (Custom),2026-09-29,Rage Forest 2026 (Custom),220,62,196407,1,49.18923728755553,first 10 game minutes,97.34400329589843,85.17600288391114,0.125,3.5816566834650656,0.11834319125938464,0.23846153038766715,1.7995265662900977,6.300366650585849,10.028402027319686,0.0,1.737991663343051,0.2695375859698466,0.20826999999999987,0.028246666666666725,0.870595490418201,336.0,0.08333333333333333,0.5638041128859883,0.5638041128859883,0.4705790333482241,0.12127236580516898,0.12127236580516898,0.8107569721115537,1.0,0.0028957732699874407,0.047019741530149255,0.032520325203252036,2.3374841243858144,0.15447154471544716,0.6117886178861789,34.307001161575315,85.17600288391112,493,86,0.1744421906693712,36,2,1.0,3.5,0.0,0.9444444444444444,0.0,0.6005916956413421,0.5,24,1.0,0.0028957732699874407,0.032520325203252036,1.0,14,5,2,26,3,3,13.012425594924864,1.0,1.521000051498413,0.0,0.33800001144409175,0.0
510069029,MembTV,2026,2026-09-29T10:48:01.000Z,8-player unranked Rage Forest 2026 (Custom),2026-09-29,Rage Forest 2026 (Custom),220,18,196407,1,49.18923728755553,whole available replay,69.36263377134028,50.28016811884544,0.27511160714285715,3.704141886418521,0.12307691890964634,0.36982247268554147,3.1198815511710336,10.440088403913164,18.32781003033989,0.0,1.636602954854399,0.24144816863013568,0.3026961556182342,0.12399811733664957,0.8548848229038792,216.0,0.11254019292604502,1.8433180943515346,1.6922397545097623,1.4040299221955679,0.3389830508474576,0.32819722650231126,0.48419429452582885,1.0,0.004545454545454545,0.08930745633495972,0.05400192864030858,2.224654109054988,0.1359691417550627,0.5043394406943105,30.036497659910744,50.28016811884544,1038,386,0.371868978805395,161,47,2.0,5.0,0.03367875647668394,0.7080745341614907,0.0,0.236094666562459,0.7446808510638298,158,1.0,0.004545454545454545,0.05400192864030858,1.0,133,19,30,227,12,20,0.2461538378193355,1.0,4.722232879522051,2.6707710548116514,1.5869799021344595,0.6193092301012525
510069029,MembTV,2026,2026-09-29T10:48:01.000Z,8-player unranked Rage Forest 2026 (Custom),2026-09-29,Rage Forest 2026 (Custom),220,18,196407,1,49.18923728755553,first 10 game minutes,63.7130021572113,50.531001710891715,0.20689655172413793,3.704141886418521,0.11834319125938464,0.3011834217551197,3.121124154679208,12.649390104258016,18.32781003033989,0.0,1.8635793384401593,0.3015733934267614,0.33321833333333367,0.2017433333333337,1.126365595738508,216.0,0.1527777777777778,1.1080203792343186,1.082855085615491,0.8865188194578849,0.24496644295302014,0.24496644295302014,0.6296296296296297,1.0,0.004422708982717978,0.0880292696127581,0.053003533568904596,1.7601989962556956,0.1166077738515901,0.5300353356890459,25.181000852584837,50.531001710891715,284,88,0.30985915492957744,39,12,1.0,3.0,0.0,0.6923076923076923,0.0,0.12307691890976866,0.75,36,1.0,0.004422708982717978,0.053003533568904596,1.0,21,5,2,31,2,2,8.663905032099038,1.0,1.521000051498413,0.33800001144409175,0.5070000171661376,0.0
510063832,MembTV,2026,2026-09-29T10:10:42.000Z,8-player unranked Rage Forest 2026 (Custom),2026-09-29,Rage Forest 2026 (Custom),220,25,196407,4,49.18923728755553,whole available replay,75.89946009848882,60.377678618887956,0.2045045045045045,3.3408282892522316,0.1183431912593278,0.2514792814262137,2.6889939917955874,9.347112109558594,20.020117665349062,0.006232294617563739,1.7785808196836947,0.2802080883047073,0.28440380582972097,0.09584098566660536,0.8648970908178693,276.0,0.10541310541310542,1.7275405665747252,1.621170947897086,1.2390100658292726,0.28725212464589234,0.2804532577903683,0.5521541950113379,1.0,0.002456017113277669,0.057318531922317145,0.0013123359580052493,1.9887208661787479,0.13451443569553806,0.5853018372703412,29.881138795531182,60.37767861888795,1525,552,0.3619672131147541,243,105,1.0,5.0,0.018115942028985508,0.5679012345679012,0.38461538461538464,0.13668638590444346,0.8761904761904762,107,1.0,0.002456017113277669,0.0013123359580052493,1.0,167,19,19,175,7,18,3.5343194069612887,1.0,3.5214614370019586,2.256470435360478,0.752156811786826,0.8547236497577569
510063832,MembTV,2026,2026-09-29T10:10:42.000Z,8-player unranked Rage Forest 2026 (Custom),2026-09-29,Rage Forest 2026 (Custom),220,25,196407,4,49.18923728755553,first 10 game minutes,89.73900303840637,78.92300267219542,0.12052730696798493,3.3408282892522316,0.11834319125938464,0.25147928142618525,2.218934836113327,4.644733570548049,15.034910733547648,0.02145922746781116,1.5809807920315067,0.2251007809996962,0.08321166666666689,0.04234833333333336,0.6904478405665335,240.0,0.041666666666666664,1.374364677760852,1.3387841576367001,0.9382721516135771,0.24892703862660945,0.24892703862660945,0.6,1.0,0.0030786199173120535,0.07607046214809042,0.0,1.8189520436259357,0.15102974828375287,0.5560640732265446,37.85600128173827,78.92300267219542,438,171,0.3904109589041096,68,29,1.0,3.0,0.0,0.5735294117647058,0.0,0.13313609016679653,0.896551724137931,28,1.0,0.0030786199173120535,0.0,1.0,34,4,1,24,1,1,9.35739613287899,1.0,1.1830000400543212,1.6900000572204588,0.16900000572204588,0.0
509960927,MembTV,2026,2026-09-28T20:57:09.000Z,8-player unranked Rage Forest 2026 (Custom),2026-09-28,Rage Forest 2026 (Custom),220,1,196407,1,49.18649938054854,whole available replay,59.28287322778284,43.33209138647755,0.26906222611744085,3.937277973199495,0.12307691890976002,0.49704140328935864,3.7301773884955995,11.605869429530655,17.897040814155616,0.0,1.5849399898059866,0.22628764772596888,0.33200947317505086,0.12121288204236916,0.9456988915024095,264.0,0.1341991341991342,1.8328220691682475,1.7169813850161766,1.4414581375028481,0.3793517406962785,0.37334933973589435,0.4362980769230769,1.0,0.005086864741465248,0.1121149043938083,0.017569546120058566,2.227635540442072,0.2005856515373353,0.45095168374816985,27.329352601063782,43.33209138647755,684,279,0.40789473684210525,133,35,1.0,5.0,0.0,0.7368421052631579,0.0,0.23846153038764104,0.8285714285714286,67,1.0,0.005086864741465248,0.017569546120058566,1.0,99,16,13,108,3,8,5.482840051046878,1.0,3.7408999758110117,1.6626222114715608,0.7793541616272941,0.2078277764339451
509960927,MembTV,2026,2026-09-28T20:57:09.000Z,8-player unranked Rage Forest 2026 (Custom),2026-09-28,Rage Forest 2026 (Custom),220,1,196407,1,49.18649938054854,first 10 game minutes,80.27500271797179,65.5720022201538,0.1831578947368421,3.937277973199495,0.12307691890974581,0.36153844929739876,2.477633052206309,5.0667808935363805,14.576922583373857,0.0,1.4661868960462325,0.18903145450720657,0.11138500000000008,0.04105833333333336,0.7870241106800954,264.0,0.05555555555555555,1.389829445357473,1.3362095311790863,1.1651383772641695,0.32041343669250644,0.32041343669250644,0.5103626943005182,1.0,0.004545454545454545,0.09033951823548497,0.0,1.5342621238227658,0.15512465373961218,0.5069252077562327,34.64500117301941,65.5720022201538,362,143,0.39502762430939226,66,17,1.0,2.0,0.0,0.7424242424242424,0.0,0.23846153038764104,0.9411764705882353,30,1.0,0.004545454545454545,0.0,1.0,43,3,1,26,1,1,10.712425672798858,1.0,1.352000045776367,2.3660000801086425,0.16900000572204588,0.0
509952488,MembTV,2026,2026-09-28T20:13:39.000Z,8-player unranked Rage Forest 2026 (Custom),2026-09-28,Rage Forest 2026 (Custom),220,5,196407,1,49.18649938054854,whole available replay,63.13608749257363,45.413173032647364,0.2807097361237489,3.0869821440008667,0.1183431912593278,0.48816566394486927,3.5343194069612536,9.732023339129677,16.254437319475528,0.0006329113924050633,1.5005852803524349,0.2001872458762462,0.31924377384487973,0.08888481598863265,0.8806101142190143,312.0,0.11244019138755981,1.9412195642261993,1.8299846057606415,1.5563011407175962,0.380379746835443,0.3740506329113924,0.4046865104496517,1.0,0.004859485298690338,0.11838231999228582,0.017741935483870968,2.4834363140972884,0.20241935483870968,0.45403225806451614,29.241372642147386,45.41317303264736,1241,540,0.43513295729250606,273,92,1.0,9.0,0.09444444444444444,0.663003663003663,0.0,0.23846153038764945,0.7934782608695652,183,1.0,0.004859485298690338,0.017741935483870968,1.0,213,19,34,256,10,23,1.1502958190409927,1.0,5.716142589182052,1.0340760462841905,1.2925950578552379,1.0340760462841905
509952488,MembTV,2026,2026-09-28T20:13:39.000Z,8-player unranked Rage Forest 2026 (Custom),2026-09-28,Rage Forest 2026 (Custom),220,5,196407,1,49.18649938054854,first 10 game minutes,69.12100234031676,55.09400186538696,0.20293398533007334,3.0869821440008667,0.12307691890974581,0.4911242437264036,2.473846070086033,9.638958253523315,12.387573545075384,0.0,1.5597153572227105,0.21866312425847279,0.22665166666666675,0.10112000000000014,0.9485027651923598,252.0,0.1111111111111111,1.534693415757284,1.4552795698854801,1.2864078089625197,0.3507692307692308,0.3507692307692308,0.45987654320987653,1.0,0.004542745193879598,0.07343283749097011,0.0,1.4995562643207154,0.2568493150684932,0.4520547945205479,32.7860011100769,55.09400186538696,293,115,0.3924914675767918,64,25,1.0,2.0,0.0,0.609375,0.0,0.23846153038764945,0.76,23,1.0,0.004542745193879598,0.0,1.0,37,4,2,23,1,1,6.655916934405544,1.0,2.3660000801086425,2.0280000686645505,0.33800001144409175,0.0
509944286,MembTV,2026,2026-09-28T19:36:42.000Z,8-player unranked Rage Forest 2026 (Custom),2026-09-28,Rage Forest 2026 (Custom),220,57,196407,1,49.18649938054854,whole available replay,61.59004487789722,42.91757347332204,0.30317353139770425,3.224851961818042,0.11715975934703238,0.5964496839472986,3.747810523993203,9.98139611175141,23.167454836892063,0.011639185257032008,1.5085748939856,0.2027345865594553,0.3353892958707684,0.11194681155604363,0.9116502363715778,216.0,0.13494809688581316,1.9071327127606907,1.8026108389873154,1.5431869006925087,0.3792434529582929,0.37245392822502427,0.4242718446601942,1.0,0.005541039024468357,0.14262469909857858,0.034229828850855744,1.9817035057087562,0.1821515892420538,0.42665036674816625,28.403781668874952,42.91757347332204,819,387,0.4725274725274725,211,52,1.0,7.0,0.08785529715762273,0.7535545023696683,0.0,0.18550295229899325,0.8269230769230769,138,1.0,0.005541039024468357,0.034229828850855744,1.0,123,15,33,202,8,16,1.2106508465834627,1.0,4.616134356142196,0.9564963080294641,1.6634718400512418,1.2060170840371502
509944286,MembTV,2026,2026-09-28T19:36:42.000Z,8-player unranked Rage Forest 2026 (Custom),2026-09-28,Rage Forest 2026 (Custom),220,57,196407,1,49.18649938054854,first 10 game minutes,58.13600196838379,45.461001539230345,0.2180232558139535,3.224851961818042,0.12307691890974955,0.48461536820713036,3.4071004763574764,11.670236291256561,23.167454836892063,0.0,1.8107814526644985,0.2884541065602639,0.33473,0.1791249999999999,1.1187985410120584,204.0,0.18055555555555555,1.2506569411354431,1.219933288694958,1.0043886989454232,0.2873134328358209,0.2835820895522388,0.5692883895131086,1.0,0.004180096298171069,0.09515456403132623,0.038910505836575876,1.978646142085962,0.17120622568093385,0.46303501945525294,25.350000858306885,45.46100153923034,258,106,0.4108527131782946,57,13,1.0,3.0,0.009433962264150943,0.7719298245614035,0.0,0.1301775103853316,0.9230769230769231,33,1.0,0.004180096298171069,0.038910505836575876,1.0,30,3,2,28,1,1,7.687573704209152,1.0,1.0140000343322753,0.5070000171661376,0.33800001144409175,0.0
509938938,MembTV,2026,2026-09-28T19:13:37.000Z,8-player unranked Rage Forest 2026 (Custom),2026-09-28,Rage Forest 2026 (Custom),220,25,196407,1,49.18649938054854,whole available replay,64.12750484183893,47.10664925475993,0.26542207792207795,3.104141906733477,0.1183431912593278,0.48520708416339176,3.207100483129113,10.863123892548586,18.315975711213696,0.007743362831858407,1.638646604704145,0.2420356722137683,0.33450509196542855,0.13812806425234395,0.8439674554753455,264.0,0.11688311688311688,1.6827469365364132,1.604673664750696,1.2824157331743107,0.32079646017699115,0.31194690265486724,0.49723145071982283,1.0,0.004545454545454545,0.07412438484024594,0.007761966364812419,1.93288888155781,0.1461836998706339,0.47736093143596375,27.899628729890964,47.10664925475993,774,288,0.37209302325581395,139,36,1.0,4.0,0.013888888888888888,0.7410071942446043,0.0,0.23520709262800105,0.7777777777777778,88,1.0,0.004545454545454545,0.007761966364812419,1.0,106,15,18,116,6,11,10.876330992693156,1.0,3.5915566835120827,0.7807731920678441,1.1971855611706943,0.7287216459299878
509938938,MembTV,2026,2026-09-28T19:13:37.000Z,8-player unranked Rage Forest 2026 (Custom),2026-09-28,Rage Forest 2026 (Custom),220,25,196407,1,49.18649938054854,first 10 game minutes,66.75500226020813,51.37600173950195,0.23037974683544304,3.104141906733477,0.11834319125938464,0.4970414032894155,2.9107691322156484,7.77440210363621,12.934910804649974,0.0,1.4718890122051165,0.19090218447314303,0.19417500000000018,0.10118666666666677,0.6500852277387171,132.0,0.09722222222222222,1.160636427295143,1.160636427295143,0.8830571929062937,0.22112211221122113,0.22112211221122113,0.6423841059602649,1.0,0.00438326806373491,0.05709432004053492,0.0,1.1124564358088174,0.07420494699646643,0.4664310954063604,29.068000984191894,51.376001739501945,284,104,0.36619718309859156,53,12,1.0,4.0,0.0,0.7735849056603774,0.0,0.3011834217551416,0.75,28,1.0,0.00438326806373491,0.0,1.0,29,6,4,26,2,2,7.844674290605997,1.0,2.3660000801086425,0.0,1.0140000343322753,0.0
509931662,MembTV,2026,2026-09-28T18:40:48.000Z,8-player unranked Rage Forest 2026 (Custom),2026-09-28,Rage Forest 2026 (Custom),220,31,196407,1,49.18649938054854,whole available replay,69.12810349191511,52.79524587931755,0.23626943005181347,3.2159762224735884,0.12307691890974581,0.36982247268554147,2.9907691295069454,9.465703821519673,19.01183367581916,0.031228784792939578,1.6657044301972266,0.24972927330430755,0.30208530186276583,0.09636683792504738,0.9104214730688462,348.0,0.12202380952380952,1.909054855069134,1.7906951292553188,1.3623930831739708,0.32179226069246436,0.3136456211812627,0.5067934782608695,1.0,0.004491176887919047,0.07622561380086819,0.004244482173174873,1.8910367624721132,0.1264855687606112,0.48896434634974534,32.16426784235221,52.79524587931755,1179,439,0.37234944868532655,182,37,2.0,6.0,0.03189066059225513,0.7967032967032966,0.0,0.12426035082230082,0.8648648648648649,128,1.0,0.004491176887919047,0.004244482173174873,1.0,160,20,30,169,12,18,11.661538066699126,1.0059171597633136,4.262302754164714,1.826701180356306,1.3610714677164633,1.03871243588888
509931662,MembTV,2026,2026-09-28T18:40:48.000Z,8-player unranked Rage Forest 2026 (Custom),2026-09-28,Rage Forest 2026 (Custom),220,31,196407,1,49.18649938054854,first 10 game minutes,78.24700264930725,64.05100216865539,0.18142548596112312,3.2159762224735884,0.11834319125936617,0.37869821203001663,2.284674478857963,6.96558556297395,13.76272142750932,0.026455026455026454,1.5484772809160108,0.21521764585590855,0.18516333333333304,0.07020833333333328,0.7800705769695272,240.0,0.08333333333333333,1.3384656828179229,1.2908678245267067,0.9077633400485094,0.22486772486772486,0.22486772486772486,0.6445623342175066,1.0,0.004572227530665057,0.06104282875766585,0.0,1.2117100255915454,0.09329446064139942,0.478134110787172,36.33500123023987,64.05100216865539,344,135,0.39244186046511625,69,13,1.0,3.0,0.0,0.8115942028985508,0.0,0.12307691890975185,0.8461538461538461,29,1.0,0.004572227530665057,0.0,1.0,32,3,1,31,2,2,9.662129850371878,1.0,1.1830000400543212,2.0280000686645505,0.16900000572204588,0.0
509915433,MembTV,2026,2026-09-28T17:30:30.000Z,8-player unranked Rage Forest 2026 (Custom),2026-09-28,Rage Forest 2026 (Custom),220,22,196407,1,49.18649938054854,whole available replay,99.6385517859822,54.31424815401286,0.4548872180451128,3.091124155694945,0.12307691890964634,0.24852070164467932,3.14378687580529,10.32984580409533,20.48757327082376,0.018396090830698476,1.8415947427962527,0.2961698690250556,0.3712846469347728,0.13171749610080832,0.9139907976708399,300.0,0.14434330299089726,1.7554735820060285,1.70063111711749,1.24993872364602,0.2848519689565967,0.28255245760275943,0.5356526739505463,1.0,0.003623969505405973,0.06732151575581388,0.028706518068220197,2.314638536997865,0.1354272205336035,0.5447483958122256,29.13928198377644,54.31424815401286,2962,1114,0.3760972316002701,499,207,2.0,15.0,0.19838420107719928,0.5851703406813628,0.08108108108108109,0.12307691891007137,0.9033816425120773,985,1.0,0.003623969505405973,0.028706518068220197,1.0,561,19,52,1581,10,62,0.12307691891007137,1.0771663504111322,3.823847930383089,0.468226277189766,1.170565692974415,0.8740223840875633
509915433,MembTV,2026,2026-09-28T17:30:30.000Z,8-player unranked Rage Forest 2026 (Custom),2026-09-28,Rage Forest 2026 (Custom),220,22,196407,1,49.18649938054854,first 10 game minutes,98.69600334167481,84.3310028553009,0.14554794520547945,3.091124155694945,0.1183431912593818,0.24911241760096914,1.5891123722309288,6.11824831355688,11.895265869436344,0.002008032128514056,1.7987566044898962,0.2853969520638177,0.21240999999999988,0.06448333333333332,0.8604805316066804,288.0,0.09722222222222222,1.1009117714938637,1.0703086772117005,0.8834524763427735,0.23493975903614459,0.23493975903614459,0.6197183098591549,1.0,0.0026431543671537622,0.04963711288145808,0.020833333333333332,1.4899620677237506,0.125,0.6229166666666667,33.80000114440917,84.3310028553009,481,128,0.2661122661122661,52,13,1.0,3.0,0.0,0.75,0.0,0.12307691890975185,0.9230769230769231,30,1.0,0.0026431543671537622,0.020833333333333332,1.0,34,3,2,27,1,1,9.565680149495495,1.0,1.0140000343322753,1.6900000572204588,0.33800001144409175,0.0
509908280,MembTV,2026,2026-09-28T16:50:05.000Z,8-player unranked Rage Forest 2026 (Custom),2026-09-28,Rage Forest 2026 (Custom),220,32,196407,2,49.18649938054854,whole available replay,83.98784136791863,59.861442307192625,0.28726061615320564,3.446745445429375,0.117159759346805,0.25384614525125926,2.8337277147057875,8.103668364677162,15.29644918623086,0.0,1.642012868828389,0.24300141623197025,0.27535666662183866,0.04284827086559653,0.862064048645551,276.0,0.09593023255813954,1.6357075458214911,1.589876166313157,1.1694980862529931,0.2682641729982466,0.26417299824663937,0.5660818713450292,1.0,0.0027021775087013545,0.07088645267703574,0.04084411164057182,2.7741115379292527,0.17699115044247787,0.5765827093260721,30.24541331525796,59.86144230719263,1470,458,0.3115646258503401,176,63,2.0,6.0,0.05458515283842795,0.6420454545454546,0.0,0.136686385904578,0.8888888888888888,196,1.0,0.0027021775087013545,0.04084411164057182,1.0,176,17,42,302,10,29,2.0893490416842826,1.0,5.314800952507757,0.41958954888219135,1.8182213784894958,0.629384323323287
509908280,MembTV,2026,2026-09-28T16:50:05.000Z,8-player unranked Rage Forest 2026 (Custom),2026-09-28,Rage Forest 2026 (Custom),220,32,196407,2,49.18649938054854,first 10 game minutes,59.15000200271606,47.4890016078949,0.19714285714285715,3.446745445429375,0.12307691890970318,0.3668638929040924,3.3045561011312152,9.24339021957927,13.155029140392429,0.0,1.5471212505174274,0.21479984527877663,0.31880166666666665,0.07121000000000006,0.9269557540806228,192.0,0.1527777777777778,1.1950008494596336,1.1950008494596336,0.9633202028407799,0.2785714285714286,0.2785714285714286,0.5555555555555556,1.0,0.004852801133798121,0.17640359952478493,0.07835820895522388,1.8442250435154155,0.22014925373134328,0.47388059701492535,26.026000881195067,47.48900160789489,269,90,0.3345724907063197,41,9,1.0,3.0,0.011111111111111112,0.7804878048780488,0.0,0.2485207016446689,0.7777777777777778,29,1.0,0.004852801133798121,0.07835820895522388,1.0,23,5,2,21,2,2,11.013017378597691,1.0,1.521000051498413,0.0,0.5070000171661376,0.0
509857983,MembTV,2026,2026-09-28T11:56:59.000Z,8-player rm_team Nomad,2026-09-28,Nomad,220,31,196407,3,49.18649938054854,whole available replay,66.30450455258408,51.83002262451758,0.21830314585319352,1.2923076485524043,0.11834319125938464,0.36153844929739876,3.2092306605717758,9.423632817026853,20.003549618572606,0.0,1.6600999363212234,0.24814854784520105,0.3231104495326145,0.070964267281037,0.9324604286092092,312.0,0.1368421052631579,1.5897562778966223,1.5098099506738,1.1796107144137027,0.29181929181929184,0.2796092796092796,0.5562347188264058,1.0,0.004545454545454545,0.07710760090229035,0.024489795918367346,1.800573227955406,0.14285714285714285,0.48299319727891155,29.391415268781312,51.83002262451758,736,281,0.38179347826086957,148,74,1.0,6.0,0.042704626334519574,0.5,0.9444444444444444,0.23668638251870827,0.8918918918918919,54,1.0,0.004545454545454545,0.024489795918367346,1.0,92,13,6,59,3,4,14.89230718808009,1.0,1.9594276845854208,1.3273542379449625,0.5688661019764125,0.9481101699606875
509857983,MembTV,2026,2026-09-28T11:56:59.000Z,8-player rm_team Nomad,2026-09-28,Nomad,220,31,196407,3,49.18649938054854,first 10 game minutes,74.0220025062561,56.27700190544128,0.23972602739726026,1.2923076485524043,0.12307691890973302,0.36360945514445575,3.1115383561871783,7.544461283019206,10.150295514316838,0.0,1.428394718698221,0.1764106614957015,0.21238666666666658,0.02859000000000004,0.7614078434493752,2028.8243094965098,0.06944444444444445,0.8909512173082933,0.8692716949393033,0.7866827240985113,0.23493975903614459,0.23493975903614459,0.6435045317220544,1.0,0.008999941877635087,0.10756174906185523,0.03125,1.8576648113497423,0.2,0.371875,36.16600122451782,56.277001905441274,321,103,0.32087227414330216,42,15,1.0,2.0,0.0,0.6428571428571429,0.0,0.13313609016681335,0.9333333333333333,18,1.0,0.008999941877635087,0.03125,1.0,22,3,1,32,2,2,0.2514792814261675,1.0,1.352000045776367,0.33800001144409175,0.16900000572204588,0.0
509855601,MembTV,2026,2026-09-28T11:37:25.000Z,6-player rm_team Oasis,2026-09-28,Oasis,200,13,196407,3,49.18649938054854,whole available replay,65.73150274173229,49.57833557860446,0.24574468085106382,1.8662721261603858,0.12307691890970318,0.4846153682071801,3.0522484173662248,8.608437578355785,17.304141425946227,0.0,1.5185773837279195,0.20590091338005165,0.299750151888067,0.08183956620354288,0.7510243872383402,240.0,0.09883720930232558,1.253272048949399,1.2142434687483876,0.9804232499009525,0.25,0.24293785310734464,0.5968882602545968,1.0,0.012232005702294964,0.16026097389416172,0.04595879556259905,2.2855170330022463,0.19175911251980982,0.3549920760697306,33.91465832951081,49.57833557860445,632,234,0.370253164556962,97,21,1.0,3.700000000000017,0.0,0.7835051546391752,0.0,0.12603549869121677,0.9047619047619048,46,1.0,0.012232005702294964,0.04595879556259905,1.0,46,13,9,84,5,6,8.191715698974154,1.0,3.566283659391858,0.41956278345786563,1.118834089220975,0.06992713057631093
509855601,MembTV,2026,2026-09-28T11:37:25.000Z,6-player rm_team Oasis,2026-09-28,Oasis,200,13,196407,3,49.18649938054854,first 10 game minutes,68.27600231170653,55.43200187683105,0.18811881188118812,1.8662721261603858,0.12307691890974581,0.5999999796850091,2.4538460707632153,6.515692087082298,12.976922637547034,0.0,1.3791604479631134,0.15936732988635824,0.20824500000000004,0.036551666666666593,0.6131612239012945,120.0,0.09722222222222222,0.6970081052817141,0.6818684644169469,0.6076454106991483,0.1743119266055046,0.1712538226299694,0.7361963190184049,1.0,0.02115950910099254,0.16060575602628926,0.028662420382165606,1.5706565420753564,0.2229299363057325,0.2515923566878981,42.08100142478943,55.432001876831045,315,129,0.4095238095238095,50,5,1.0,1.2000000000000028,0.0,0.9,0.0,0.23846153038765786,1.0,28,1.0,0.02115950910099254,0.028662420382165606,1.0,17,5,1,30,1,1,0.8461538175045544,1.0,1.8590000629425047,0.16900000572204588,0.16900000572204588,0.0
509843237,MembTV,2026,2026-09-28T10:13:13.000Z,8-player unranked Rage Forest 2026 (Custom),2026-09-28,Rage Forest 2026 (Custom),220,33,196407,2,49.18649938054854,whole available replay,90.7720125482804,48.60379662245526,0.464550853749072,3.4461537294730777,0.12248520295315757,0.25384614525125926,3.5735501748638066,12.673171168541277,40.09348976676438,0.03536754507628294,1.9896410096059547,0.3310233591344778,0.408455035687045,0.200353356479501,0.9753656818099946,360.0,0.17952314165497896,1.785616879838995,1.7250713677113951,1.2872788384973692,0.3096393897364771,0.30374479889042993,0.5053763440860215,1.0,0.004110123947792695,0.058215731555766585,0.03857201477226098,2.114308237024996,0.14279852277390234,0.5318013951579811,26.769994049594946,48.60379662245526,2438,1008,0.41345365053322397,507,178,3.0,23.0,0.26686507936507936,0.6489151873767258,0.0,0.13668638590464527,0.9325842696629213,739,1.0,0.004110123947792695,0.03857201477226098,1.0,421,22,57,1126,15,46,0.12307691891007137,1.0,3.386261047179725,0.38748260738872475,1.1287536823932418,1.1624478221661743
509843237,MembTV,2026,2026-09-28T10:13:13.000Z,8-player unranked Rage Forest 2026 (Custom),2026-09-28,Rage Forest 2026 (Custom),220,33,196407,2,49.18649938054854,first 10 game minutes,67.43100228309632,52.72800178527832,0.21804511278195488,3.4461537294730777,0.11834319125938464,0.4899408118138524,2.9585797814844454,8.325798534670984,12.39763271633241,0.0,1.4846975317205005,0.19507305236661024,0.2828716666666665,0.034920000000000014,0.8417718703168958,216.0,0.09722222222222222,1.2576403240403355,1.1958319505943602,0.9700051380433484,0.2604501607717042,0.2540192926045016,0.5967741935483871,1.0,0.004834283098921853,0.07344228528054689,0.027972027972027972,1.8859804093224124,0.15034965034965034,0.45454545454545453,30.758001041412353,52.728001785278316,287,105,0.36585365853658536,56,6,1.0,2.0,0.0,0.8928571428571429,0.0,0.4955621133986306,0.8333333333333334,21,1.0,0.004834283098921853,0.027972027972027972,1.0,21,6,1,25,2,2,12.78639009961945,1.0,2.3660000801086425,1.1830000400543212,0.16900000572204588,0.0
509719483,MembTV,2026,2026-09-27T20:02:16.000Z,8-player unranked Rage Forest 2026 (Custom),2026-09-27,Rage Forest 2026 (Custom),220,4,196407,4,49.18376147354155,whole available replay,83.4826302981807,61.0750920569261,0.2684095860566449,3.5810649675087682,0.117159759346805,0.2514792814262137,2.811834224322797,7.800094410458616,24.678105673317987,0.0005959475566150178,1.7110703298352468,0.26228398504086714,0.26328813493655046,0.05174019447818571,1.0022160295451998,336.0,0.09090909090909091,1.4935948381822013,1.4025657147017854,1.0799660085752463,0.24433849821215733,0.2365911799761621,0.616577221228384,1.0,0.003362087243508154,0.06751483839820775,0.023693379790940768,2.548381035595651,0.1505226480836237,0.5965156794425087,29.93734411128659,61.075092056926096,1436,367,0.25557103064066855,163,40,2.0,6.0,0.013623978201634877,0.754601226993865,0.0,0.23431951869361034,0.85,178,1.0,0.003362087243508154,0.023693379790940768,1.0,141,18,28,275,8,24,0.7224851826385029,1.0,4.9107429587165115,1.3822832031942773,1.5277866982673591,0.8366450966702206
509719483,MembTV,2026,2026-09-27T20:02:16.000Z,8-player unranked Rage Forest 2026 (Custom),2026-09-27,Rage Forest 2026 (Custom),220,4,196407,4,49.18376147354155,first 10 game minutes,79.59900269508361,67.26200227737426,0.15498938428874734,3.5810649675087682,0.12071005508454391,0.36153844929737033,2.412425953822421,5.659615192990636,9.434319207197575,0.0025188916876574307,1.3691336742933609,0.1558095595443605,0.1290249999999998,0.0,0.7267346343104516,204.0,0.041666666666666664,0.8731621428686699,0.8355946190502664,0.7175031222304084,0.20151133501259447,0.20151133501259447,0.6893939393939394,1.0,0.004447995305749039,0.06134178981555141,0.005305039787798408,1.755139183138773,0.20689655172413793,0.5013262599469496,35.32100119590759,67.26200227737426,378,107,0.2830687830687831,56,8,1.0,5.400000000000006,0.0,0.8571428571428571,0.0,0.3050295754710351,0.75,27,1.0,0.004447995305749039,0.005305039787798408,1.0,26,5,3,23,2,2,11.892307289654863,1.0,1.352000045776367,1.1830000400543212,0.8450000286102294,0.0
