game_id,player,year,date,context,cluster,map,map_dimension,civilization_id,profile_id,slot,age_years,window,window_game_seconds,window_nominal_seconds,n_recorded_actions,n_core_commands,all_recorded_cpm,core_cpm,burst_p95_10s_core_cpm,peak_10s_core_cpm,complete_10s_bins,adjacent_core_gaps,long_gap_count_gt5s,p_core_gap_gt5s,core_gap_p50_s,core_gap_p99_s,silence_time_gt5s_fraction,approx_repeat_pairs,approx_repeat_pairs_per_core_command,approx_dedup_core_cpm,explicit_actor_coverage,distinct_explicit_actor_ids,distinct_commanded_production_ids,positive_queue_request_cpm,core_category_entropy_bits
511243727,MembTV,2026,2026-10-04T10:06:19.000Z,8-player unranked Rage Forest 2026 (Custom),2026-10-04,Rage Forest 2026 (Custom),220,5,196407,1,49.20292682259047,0-10,600,355.02957377813306,418,340,70.64200239181518,57.460001945495605,173.99999999999983,222,35,339,11,0.032448377581120944,0.3710059045981211,10.181301430426757,0.26789999999999947,144,0.4235294117647059,33.12400112152099,0.33993399339933994,28,1,4.5630001544952385,1.3148651090190717
511243727,MembTV,2026,2026-10-04T10:06:19.000Z,8-player unranked Rage Forest 2026 (Custom),2026-10-04,Rage Forest 2026 (Custom),220,5,196407,1,49.20292682259047,10-20,600,355.02957377813306,322,207,54.418001842498775,34.9830011844635,75.59999999999997,96,35,206,20,0.0970873786407767,0.4979289772238644,10.631922716944644,0.48581499999999933,78,0.37681159420289856,21.80100073814392,0.3651685393258427,29,5,6.253000211715698,1.4978291719514085
511243727,MembTV,2026,2026-10-04T10:06:19.000Z,8-player unranked Rage Forest 2026 (Custom),2026-10-04,Rage Forest 2026 (Custom),220,5,196407,1,49.20292682259047,20-30,600,355.02957377813306,380,240,64.22000217437744,40.560001373291016,113.39999999999995,186,35,239,19,0.0794979079497908,0.4970414032893018,11.439336890790466,0.4658666666666663,104,0.43333333333333335,22.984000778198244,0.3021978021978022,28,7,7.9430002689361565,1.8339278300761874
511243727,MembTV,2026,2026-10-04T10:06:19.000Z,8-player unranked Rage Forest 2026 (Custom),2026-10-04,Rage Forest 2026 (Custom),220,5,196407,1,49.20292682259047,30-40,600,355.02957377813306,507,351,85.68300290107726,59.319002008438105,145.19999999999993,234,35,350,13,0.037142857142857144,0.37278105246696214,8.6087571049722,0.2751000000000012,129,0.36752136752136755,37.518001270294185,0.34439834024896265,70,18,13.858000469207763,1.9917204783390512
511243727,MembTV,2026,2026-10-04T10:06:19.000Z,8-player unranked Rage Forest 2026 (Custom),2026-10-04,Rage Forest 2026 (Custom),220,5,196407,1,49.20292682259047,Feudal request +0-5,300.0,177.51478688906653,162,110,54.75600185394287,37.18000125885009,68.39999999999998,102,17,109,10,0.09174311926605505,0.4970414032894155,10.134366520773291,0.5088166666666665,44,0.4,22.308000755310058,0.30526315789473685,16,4,5.746000194549561,1.4847925954746142
511243727,MembTV,2026,2026-10-04T10:06:19.000Z,8-player unranked Rage Forest 2026 (Custom),2026-10-04,Rage Forest 2026 (Custom),220,5,196407,1,49.20292682259047,Feudal request +5-10,300.0000000000001,177.51478688906658,163,97,55.09400186538694,32.78600111007689,76.79999999999998,96,17,96,11,0.11458333333333333,0.6071005711606432,10.772662357149844,0.48719333333333203,33,0.3402061855670103,21.632000732421865,0.4430379746835443,25,4,7.436000251770017,1.6474864850647493
511243727,MembTV,2026,2026-10-04T10:06:19.000Z,8-player unranked Rage Forest 2026 (Custom),2026-10-04,Rage Forest 2026 (Custom),220,5,196407,1,49.20292682259047,Castle request +0-5,300.0,177.51478688906653,219,142,74.0220025062561,47.996001625061034,140.39999999999998,150,17,141,8,0.05673758865248227,0.2538461452514156,10.845798449348154,0.44593333333333335,69,0.4859154929577465,24.674000835418703,0.2743362831858407,13,7,8.788000297546386,1.6437633186814262
511243727,MembTV,2026,2026-10-04T10:06:19.000Z,8-player unranked Rage Forest 2026 (Custom),2026-10-04,Rage Forest 2026 (Custom),220,5,196407,1,49.20292682259047,Castle request +5-10,300.0000000000002,177.51478688906664,255,180,86.19000291824335,60.840002059936474,142.79999999999998,162,17,179,7,0.03910614525139665,0.24852070164473616,9.138106199475335,0.3255,91,0.5055555555555555,30.08200101852415,0.2929936305732484,23,7,10.816000366210929,1.4093549032453567
511243727,MembTV,2026,2026-10-04T10:06:19.000Z,8-player unranked Rage Forest 2026 (Custom),2026-10-04,Rage Forest 2026 (Custom),220,5,196407,1,49.20292682259047,Imperial request +0-5,300.0,177.51478688906653,236,162,79.76800270080565,54.75600185394287,133.2,138,17,161,7,0.043478260869565216,0.6213017541118404,8.02100564558252,0.27020000000000144,33,0.2037037037037037,43.60200147628784,0.47368421052631576,43,14,15.886000537872313,2.327670613960275
511239187,MembTV,2026,2026-10-04T09:22:18.000Z,8-player unranked Rage Forest 2026 (Custom),2026-10-04,Rage Forest 2026 (Custom),220,13,196407,1,49.20292682259047,0-10,600,355.02957377813306,386,316,65.23400220870971,53.404001808166505,105.59999999999997,138,35,315,8,0.025396825396825397,0.4846153682071872,7.270106262722596,0.16992166666666647,140,0.4430379746835443,29.744001007080076,0.297029702970297,28,2,4.225000143051147,0.7743802531113843
511239187,MembTV,2026,2026-10-04T09:22:18.000Z,8-player unranked Rage Forest 2026 (Custom),2026-10-04,Rage Forest 2026 (Custom),220,13,196407,1,49.20292682259047,10-20,600,355.02957377813306,377,277,63.7130021572113,46.81300158500671,138.0,162,35,276,13,0.04710144927536232,0.4807692144912252,11.474999611476463,0.3445416666666665,106,0.38267148014440433,28.899000978469847,0.28451882845188287,30,4,4.732000160217284,1.450404088178847
511239187,MembTV,2026,2026-10-04T09:22:18.000Z,8-player unranked Rage Forest 2026 (Custom),2026-10-04,Rage Forest 2026 (Custom),220,13,196407,1,49.20292682259047,20-30,600,355.02957377813306,391,247,66.07900223731994,41.74300141334533,103.79999999999998,144,35,246,17,0.06910569105691057,0.37278105246696214,11.706567650973277,0.4172400000000005,85,0.3441295546558704,27.378000926971435,0.39751552795031053,57,11,11.154000377655029,1.8235071036130386
511239187,MembTV,2026,2026-10-04T09:22:18.000Z,8-player unranked Rage Forest 2026 (Custom),2026-10-04,Rage Forest 2026 (Custom),220,13,196407,1,49.20292682259047,30-40,600,355.02957377813306,459,243,77.57100262641906,41.06700139045715,81.59999999999997,96,35,242,19,0.07851239669421488,0.5591715787005143,7.873135828103899,0.35547500000000115,71,0.29218106995884774,29.068000984191894,0.4878048780487805,73,20,18.759000635147093,2.031798342821797
511239187,MembTV,2026,2026-10-04T09:22:18.000Z,8-player unranked Rage Forest 2026 (Custom),2026-10-04,Rage Forest 2026 (Custom),220,13,196407,1,49.20292682259047,Feudal request +0-5,300.0,177.51478688906653,248,232,83.82400283813477,78.41600265502929,156.0,156,17,231,1,0.004329004329004329,0.36153844929738455,4.430887423942314,0.03185000000000023,113,0.4870689655172414,40.22200136184692,0.18636363636363637,19,2,2.0280000686645505,0.8326416133555229
511239187,MembTV,2026,2026-10-04T09:22:18.000Z,8-player unranked Rage Forest 2026 (Custom),2026-10-04,Rage Forest 2026 (Custom),220,13,196407,1,49.20292682259047,Feudal request +5-10,300.0,177.51478688906653,157,104,53.06600179672241,35.152001190185544,64.79999999999998,84,17,103,9,0.08737864077669903,0.6213017541116983,11.661727415805098,0.521966666666667,27,0.25961538461538464,26.026000881195067,0.4625,19,3,5.408000183105469,1.8824875619641832
511239187,MembTV,2026,2026-10-04T09:22:18.000Z,8-player unranked Rage Forest 2026 (Custom),2026-10-04,Rage Forest 2026 (Custom),220,13,196407,1,49.20292682259047,Castle request +0-5,300.0,177.51478688906653,151,109,51.03800172805786,36.842001247406,68.39999999999999,78,17,108,7,0.06481481481481481,0.6248520498495012,11.531573574058019,0.41911333333333345,30,0.27522935779816515,26.702000904083253,0.43529411764705883,18,3,4.056000137329101,1.825540604497936
511239187,MembTV,2026,2026-10-04T09:22:18.000Z,8-player unranked Rage Forest 2026 (Custom),2026-10-04,Rage Forest 2026 (Custom),220,13,196407,1,49.20292682259047,Castle request +5-10,300.0,177.51478688906653,220,129,74.36000251770018,43.60200147628784,89.99999999999996,138,17,128,9,0.0703125,0.24852070164473616,11.544017360618891,0.48457333333333363,71,0.5503875968992248,19.604000663757322,0.28695652173913044,13,5,8.788000297546386,1.1155910668052702
511239187,MembTV,2026,2026-10-04T09:22:18.000Z,8-player unranked Rage Forest 2026 (Custom),2026-10-04,Rage Forest 2026 (Custom),220,13,196407,1,49.20292682259047,Imperial request +0-5,299.9999999999998,177.5147868890664,243,118,82.13400278091437,39.88400135040286,87.6,102,17,117,9,0.07692307692307693,0.49704140328934443,7.997396178926262,0.36890000000000045,42,0.3559322033898305,25.688000869750997,0.4838709677419355,43,14,22.308000755310076,1.6932921796870566
511239187,MembTV,2026,2026-10-04T09:22:18.000Z,8-player unranked Rage Forest 2026 (Custom),2026-10-04,Rage Forest 2026 (Custom),220,13,196407,1,49.20292682259047,Imperial request +5-10,300.0,177.51478688906653,212,124,71.65600242614745,41.91200141906739,72.0,72,17,123,9,0.07317073170731707,0.6213017541118404,7.033313371331871,0.3238500000000021,29,0.23387096774193547,32.11000108718872,0.4927536231884058,51,12,14.872000503540038,2.204678642830156
511234303,MembTV,2026,2026-10-04T08:50:52.000Z,8-player unranked Rage Forest 2026 (Custom),2026-10-04,Rage Forest 2026 (Custom),220,14,196407,5,49.20292682259047,0-10,600,355.02957377813306,357,279,60.33300204277039,47.151001596450804,129.59999999999997,210,35,278,14,0.050359712230215826,0.489940811813824,10.444792545765802,0.3109733333333333,118,0.4229390681003584,27.209000921249388,0.31835205992509363,28,2,5.070000171661377,0.9688853905749184
511234303,MembTV,2026,2026-10-04T08:50:52.000Z,8-player unranked Rage Forest 2026 (Custom),2026-10-04,Rage Forest 2026 (Custom),220,14,196407,5,49.20292682259047,10-20,600,355.02957377813306,304,234,51.37600173950195,39.54600133895874,121.79999999999998,150,35,233,17,0.07296137339055794,0.544970395749397,11.214538081833746,0.42963833333333434,90,0.38461538461538464,24.336000823974608,0.29441624365482233,28,5,3.549000120162964,1.5940569535973224
511234303,MembTV,2026,2026-10-04T08:50:52.000Z,8-player unranked Rage Forest 2026 (Custom),2026-10-04,Rage Forest 2026 (Custom),220,14,196407,5,49.20292682259047,20-30,600,355.02957377813306,294,172,49.68600168228149,29.068000984191894,63.599999999999966,138,35,171,18,0.10526315789473684,0.47928992460057884,16.549963936688528,0.5616950000000002,65,0.37790697674418605,18.08300061225891,0.3798449612403101,27,9,7.9430002689361565,1.8863316534691181
511234303,MembTV,2026,2026-10-04T08:50:52.000Z,8-player unranked Rage Forest 2026 (Custom),2026-10-04,Rage Forest 2026 (Custom),220,14,196407,5,49.20292682259047,Feudal request +0-5,300.0,177.51478688906653,193,167,65.23400220870971,56.44600191116333,146.39999999999998,180,17,166,5,0.030120481927710843,0.3710059045981211,9.852496707831715,0.3214333333333336,72,0.4311377245508982,32.11000108718872,0.2052980132450331,20,2,2.366000080108642,1.2757660305420553
511234303,MembTV,2026,2026-10-04T08:50:52.000Z,8-player unranked Rage Forest 2026 (Custom),2026-10-04,Rage Forest 2026 (Custom),220,14,196407,5,49.20292682259047,Feudal request +5-10,300.0,177.51478688906653,101,66,34.13800115585327,22.308000755310058,49.199999999999996,54,17,65,12,0.18461538461538463,1.8106508262684429,12.555644545301954,0.5914866666666679,17,0.25757575757575757,16.562000560760495,0.4888888888888889,23,2,3.380000114440918,2.003108890577854
511234303,MembTV,2026,2026-10-04T08:50:52.000Z,8-player unranked Rage Forest 2026 (Custom),2026-10-04,Rage Forest 2026 (Custom),220,14,196407,5,49.20292682259047,Castle request +0-5,300.0,177.51478688906653,106,74,35.828001213073726,25.012000846862794,55.199999999999996,60,17,73,11,0.1506849315068493,1.3313609016680061,13.84700544832428,0.5481100000000011,21,0.28378378378378377,17.914000606536863,0.45454545454545453,22,2,2.7040000915527345,1.86151880821375
511234303,MembTV,2026,2026-10-04T08:50:52.000Z,8-player unranked Rage Forest 2026 (Custom),2026-10-04,Rage Forest 2026 (Custom),220,14,196407,5,49.20292682259047,Castle request +5-10,300.0,177.51478688906653,142,82,47.996001625061034,27.716000938415526,93.59999999999997,132,17,81,9,0.1111111111111111,0.3656804609914417,16.32638997976133,0.6303500000000003,35,0.4268292682926829,15.886000537872313,0.36923076923076925,23,4,7.098000240325928,1.7508144435002857
511234303,MembTV,2026,2026-10-04T08:50:52.000Z,8-player unranked Rage Forest 2026 (Custom),2026-10-04,Rage Forest 2026 (Custom),220,14,196407,5,49.20292682259047,Imperial request +0-5,300.0,177.51478688906653,122,79,41.2360013961792,26.702000904083253,62.39999999999999,72,17,78,8,0.10256410256410256,0.7988165410008143,16.463313052048417,0.511899999999999,27,0.34177215189873417,17.576000595092772,0.4727272727272727,16,7,7.098000240325928,2.0280740708207223
511121619,MembTV,2026,2026-10-03T21:33:33.000Z,8-player unranked Rage Forest 2026 (Custom),2026-10-03,Rage Forest 2026 (Custom),220,7,196407,1,49.20018891558348,0-10,600,355.02957377813306,433,357,73.17700247764587,60.33300204277039,144.59999999999988,228,35,356,10,0.028089887640449437,0.2502958495135914,8.204171319854183,0.2323349999999997,170,0.47619047619047616,31.60300107002258,0.28402366863905326,29,2,4.732000160217284,1.1907904428588234
511121619,MembTV,2026,2026-10-03T21:33:33.000Z,8-player unranked Rage Forest 2026 (Custom),2026-10-03,Rage Forest 2026 (Custom),220,7,196407,1,49.20018891558348,10-20,600,355.02957377813306,448,382,75.71200256347655,64.55800218582152,156.0,186,35,381,10,0.026246719160104987,0.24852070164473616,6.369230553579708,0.2027949999999999,182,0.47643979057591623,33.80000114440917,0.20454545454545456,28,3,3.042000102996826,0.9374442110574264
511121619,MembTV,2026,2026-10-03T21:33:33.000Z,8-player unranked Rage Forest 2026 (Custom),2026-10-03,Rage Forest 2026 (Custom),220,7,196407,1,49.20018891558348,20-30,600,355.02957377813306,369,246,62.361002111434935,41.574001407623285,93.59999999999997,108,35,245,17,0.06938775510204082,0.37278105246710425,10.28353811335578,0.3806583333333335,98,0.3983739837398374,25.012000846862794,0.405,36,9,8.281000280380248,1.6426232189592849
511121619,MembTV,2026,2026-10-03T21:33:33.000Z,8-player unranked Rage Forest 2026 (Custom),2026-10-03,Rage Forest 2026 (Custom),220,7,196407,1,49.20018891558348,30-40,600,355.02957377813306,459,255,77.57100262641906,43.0950014591217,97.79999999999998,120,35,254,16,0.06299212598425197,0.24852070164473616,12.506307268865909,0.3705766666666666,94,0.3686274509803922,27.209000921249388,0.47305389221556887,79,14,16.39300055503845,1.9713724966253792
511121619,MembTV,2026,2026-10-03T21:33:33.000Z,8-player unranked Rage Forest 2026 (Custom),2026-10-03,Rage Forest 2026 (Custom),220,7,196407,1,49.20018891558348,40-50,600,355.02957377813306,685,314,115.76500391960144,53.06600179672241,100.7999999999999,132,35,313,19,0.06070287539936102,0.24852070164473616,7.064615145419819,0.33103333333333446,145,0.46178343949044587,28.561000967025755,0.4362934362934363,166,25,33.462001132965085,1.7000725082298027
511121619,MembTV,2026,2026-10-03T21:33:33.000Z,8-player unranked Rage Forest 2026 (Custom),2026-10-03,Rage Forest 2026 (Custom),220,7,196407,1,49.20018891558348,Feudal request +0-5,300.0,177.51478688906653,310,270,104.78000354766846,91.26000308990479,190.79999999999998,210,17,269,1,0.0037174721189591076,0.2485207016446651,4.586887418660468,0.03290666666666652,142,0.5259259259259259,43.26400146484375,0.15057915057915058,17,2,4.056000137329101,0.7064292707345406
511121619,MembTV,2026,2026-10-03T21:33:33.000Z,8-player unranked Rage Forest 2026 (Custom),2026-10-03,Rage Forest 2026 (Custom),220,7,196407,1,49.20018891558348,Feudal request +5-10,299.9999999999999,177.51478688906644,166,142,56.10800189971926,47.996001625061055,79.19999999999999,84,17,141,8,0.05673758865248227,0.48461536820713036,9.885561795469577,0.3388366666666667,53,0.3732394366197183,30.08200101852418,0.328,24,3,2.028000068664552,1.1687920898566386
511121619,MembTV,2026,2026-10-03T21:33:33.000Z,8-player unranked Rage Forest 2026 (Custom),2026-10-03,Rage Forest 2026 (Custom),220,7,196407,1,49.20018891558348,Castle request +0-5,299.9999999999999,177.51478688906644,175,151,59.15000200271609,51.038001728057885,102.0,102,17,150,8,0.05333333333333334,0.3650887450352298,9.653585471962945,0.3388366666666667,63,0.41721854304635764,29.74400100708009,0.2932330827067669,24,3,1.6900000572204599,1.1353327256429677
511121619,MembTV,2026,2026-10-03T21:33:33.000Z,8-player unranked Rage Forest 2026 (Custom),2026-10-03,Rage Forest 2026 (Custom),220,7,196407,1,49.20018891558348,Castle request +5-10,300.0,177.51478688906653,142,99,47.996001625061034,33.462001132965085,69.6,84,17,98,9,0.09183673469387756,0.486390516076046,10.806052888563741,0.44622000000000045,38,0.3838383838383838,20.6180006980896,0.35,12,5,5.746000194549561,1.5931462312439397
511121619,MembTV,2026,2026-10-03T21:33:33.000Z,8-player unranked Rage Forest 2026 (Custom),2026-10-03,Rage Forest 2026 (Custom),220,7,196407,1,49.20018891558348,Imperial request +0-5,300.0,177.51478688906653,146,122,49.348001670837405,41.2360013961792,73.19999999999999,78,17,121,6,0.049586776859504134,0.4917159596826508,10.527336921669214,0.3238333333333338,48,0.39344262295081966,25.012000846862794,0.39215686274509803,14,3,3.042000102996826,1.5133570652106636
511121619,MembTV,2026,2026-10-03T21:33:33.000Z,8-player unranked Rage Forest 2026 (Custom),2026-10-03,Rage Forest 2026 (Custom),220,7,196407,1,49.20018891558348,Imperial request +5-10,300.0,177.51478688906653,204,130,68.95200233459472,43.940001487731934,87.6,102,17,129,8,0.06201550387596899,0.37278105246703697,8.44970385591958,0.3591,53,0.4076923076923077,26.026000881195067,0.4247787610619469,17,6,9.802000331878661,1.4255602987461344
511107222,MembTV,2026,2026-10-03T20:26:44.000Z,8-player unranked Rage Forest 2026 (Custom),2026-10-03,Rage Forest 2026 (Custom),220,57,196407,2,49.20018891558348,0-10,600,355.02957377813306,389,299,65.74100222587586,50.531001710891715,103.79999999999998,150,35,298,12,0.040268456375838924,0.4881656639449261,8.06143759687615,0.25060333333333323,126,0.4214046822742475,29.237000989913938,0.3380281690140845,27,2,5.408000183105469,0.9890245235161965
511107222,MembTV,2026,2026-10-03T20:26:44.000Z,8-player unranked Rage Forest 2026 (Custom),2026-10-03,Rage Forest 2026 (Custom),220,57,196407,2,49.20018891558348,10-20,600,355.02957377813306,263,197,44.44700150489807,33.293001127243045,71.39999999999995,144,35,196,21,0.10714285714285714,0.48816566394495453,15.407679951695554,0.5915016666666667,83,0.4213197969543147,19.26600065231323,0.3221476510067114,30,3,4.056000137329101,1.9229299922569094
511107222,MembTV,2026,2026-10-03T20:26:44.000Z,8-player unranked Rage Forest 2026 (Custom),2026-10-03,Rage Forest 2026 (Custom),220,57,196407,2,49.20018891558348,20-30,600,355.02957377813306,593,450,100.21700339317321,76.05000257492065,168.0,168,35,449,5,0.011135857461024499,0.24852070164473616,5.264331182705669,0.09796999999999995,250,0.5555555555555556,33.80000114440917,0.26616915422885573,52,8,12.337000417709351,1.3709091595016931
511107222,MembTV,2026,2026-10-03T20:26:44.000Z,8-player unranked Rage Forest 2026 (Custom),2026-10-03,Rage Forest 2026 (Custom),220,57,196407,2,49.20018891558348,30-40,600,355.02957377813306,481,300,81.28900275230407,50.70000171661377,108.0,114,35,299,19,0.06354515050167224,0.24852070164473616,8.84260325090067,0.39153166666666694,130,0.43333333333333335,28.730000972747803,0.3203463203463203,85,11,18.928000640869136,1.4205214633561283
511107222,MembTV,2026,2026-10-03T20:26:44.000Z,8-player unranked Rage Forest 2026 (Custom),2026-10-03,Rage Forest 2026 (Custom),220,57,196407,2,49.20018891558348,40-50,600,355.02957377813306,765,504,129.2850043773651,85.17600288391114,175.79999999999998,186,35,503,12,0.02385685884691849,0.24615383781960531,6.338461323852266,0.21401666666666483,280,0.5555555555555556,37.85600128173827,0.4060475161987041,183,10,21.125000715255737,1.466276910281561
511107222,MembTV,2026,2026-10-03T20:26:44.000Z,8-player unranked Rage Forest 2026 (Custom),2026-10-03,Rage Forest 2026 (Custom),220,57,196407,2,49.20018891558348,50-60,600,355.02957377813306,742,358,125.39800424575805,60.50200204849243,101.39999999999995,126,35,357,15,0.04201680672268908,0.24615383781960531,8.2596920280335,0.3029833333333335,168,0.4692737430167598,32.11000108718872,0.43613707165109034,216,24,34.47600116729736,1.4810421775869267
511107222,MembTV,2026,2026-10-03T20:26:44.000Z,8-player unranked Rage Forest 2026 (Custom),2026-10-03,Rage Forest 2026 (Custom),220,57,196407,2,49.20018891558348,Feudal request +0-5,300.0,177.51478688906653,85,66,28.730000972747803,22.308000755310058,73.19999999999999,78,17,65,11,0.16923076923076924,0.9775147598024887,16.124993536876026,0.6475266666666666,21,0.3181818181818182,15.210000514984129,0.4423076923076923,23,2,2.366000080108642,1.6911426923633823
511107222,MembTV,2026,2026-10-03T20:26:44.000Z,8-player unranked Rage Forest 2026 (Custom),2026-10-03,Rage Forest 2026 (Custom),220,57,196407,2,49.20018891558348,Feudal request +5-10,299.9999999999999,177.51478688906644,146,108,49.34800167083742,36.50400123596193,80.39999999999995,138,17,107,11,0.102803738317757,0.2514792814262172,14.961283517105676,0.6082433333333335,45,0.4166666666666667,21.294000720977795,0.28,16,3,5.746000194549563,1.99398111057224
511107222,MembTV,2026,2026-10-03T20:26:44.000Z,8-player unranked Rage Forest 2026 (Custom),2026-10-03,Rage Forest 2026 (Custom),220,57,196407,2,49.20018891558348,Castle request +0-5,299.9999999999999,177.51478688906644,133,110,44.954001522064225,37.18000125885011,99.59999999999997,138,17,109,11,0.10091743119266056,0.4843195102290201,14.753153346637863,0.6297233333333337,40,0.36363636363636365,23.660000801086436,0.3108108108108108,17,2,2.3660000801086434,1.9281604969801833
511107222,MembTV,2026,2026-10-03T20:26:44.000Z,8-player unranked Rage Forest 2026 (Custom),2026-10-03,Rage Forest 2026 (Custom),220,57,196407,2,49.20018891558348,Castle request +5-10,300.0,177.51478688906653,301,230,101.73800344467163,77.74000263214111,165.6,180,17,229,5,0.021834061135371178,0.24852070164460827,5.30418916952186,0.17544666666666592,137,0.5956521739130435,31.434001064300535,0.23076923076923078,19,5,9.802000331878661,1.41372816893244
511107222,MembTV,2026,2026-10-03T20:26:44.000Z,8-player unranked Rage Forest 2026 (Custom),2026-10-03,Rage Forest 2026 (Custom),220,57,196407,2,49.20018891558348,Imperial request +0-5,300.0,177.51478688906653,211,154,71.31800241470336,52.052001762390134,92.39999999999998,126,17,153,7,0.0457516339869281,0.3692307567292801,7.679905065415598,0.263153333333333,58,0.37662337662337664,32.44800109863281,0.3486238532110092,52,5,11.492000389099122,1.6259744005273051
511107222,MembTV,2026,2026-10-03T20:26:44.000Z,8-player unranked Rage Forest 2026 (Custom),2026-10-03,Rage Forest 2026 (Custom),220,57,196407,2,49.20018891558348,Imperial request +5-10,300.0,177.51478688906653,265,153,89.57000303268433,51.71400175094604,95.99999999999997,120,17,152,11,0.07236842105263158,0.24852070164473616,8.482757109238309,0.4226266666666668,72,0.47058823529411764,27.378000926971435,0.296875,65,9,23.322000789642335,1.2473286014956373
511098379,MembTV,2026,2026-10-03T19:58:42.000Z,8-player unranked Rage Forest 2026 (Custom),2026-10-03,Rage Forest 2026 (Custom),220,22,196407,7,49.20018891558348,0-10,600,355.02957377813306,336,266,56.78400192260742,44.9540015220642,149.39999999999995,186,35,265,12,0.045283018867924525,0.48402365225086896,11.225703761929042,0.36465000000000003,118,0.44360902255639095,25.012000846862794,0.296875,29,2,4.5630001544952385,1.061111216880533
511098379,MembTV,2026,2026-10-03T19:58:42.000Z,8-player unranked Rage Forest 2026 (Custom),2026-10-03,Rage Forest 2026 (Custom),220,22,196407,7,49.20018891558348,10-20,600,355.02957377813306,390,311,65.9100022315979,52.55900177955627,174.59999999999988,228,35,310,18,0.05806451612903226,0.24852070164473616,12.456106087133744,0.4648250000000008,167,0.5369774919614148,24.336000823974608,0.26855123674911663,30,4,3.887000131607055,1.2053648702637785
511098379,MembTV,2026,2026-10-03T19:58:42.000Z,8-player unranked Rage Forest 2026 (Custom),2026-10-03,Rage Forest 2026 (Custom),220,22,196407,7,49.20018891558348,20-30,600,355.02957377813306,463,333,78.24700264930725,56.27700190544128,163.19999999999993,228,35,332,17,0.05120481927710843,0.24852070164473616,8.58519497559239,0.36520666666666657,172,0.5165165165165165,27.209000921249388,0.3079710144927536,51,8,8.788000297546386,1.3672903701343722
511098379,MembTV,2026,2026-10-03T19:58:42.000Z,8-player unranked Rage Forest 2026 (Custom),2026-10-03,Rage Forest 2026 (Custom),220,22,196407,7,49.20018891558348,Feudal request +0-5,300.0,177.51478688906653,238,211,80.44400272369384,71.31800241470336,211.2,216,17,210,5,0.023809523809523808,0.24852070164467932,11.937514388715984,0.3379966666666673,124,0.5876777251184834,29.406000995635985,0.18407960199004975,18,2,2.0280000686645505,0.7827508277281849
511098379,MembTV,2026,2026-10-03T19:58:42.000Z,8-player unranked Rage Forest 2026 (Custom),2026-10-03,Rage Forest 2026 (Custom),220,22,196407,7,49.20018891558348,Feudal request +5-10,300.0000000000001,177.51478688906658,156,98,52.7280017852783,33.12400112152098,91.19999999999999,96,17,97,12,0.12371134020618557,0.4721893331249305,11.909443383749274,0.612413333333334,42,0.42857142857142855,18.928000640869136,0.4875,25,4,6.08400020599365,1.75509653948885
511098379,MembTV,2026,2026-10-03T19:58:42.000Z,8-player unranked Rage Forest 2026 (Custom),2026-10-03,Rage Forest 2026 (Custom),220,22,196407,7,49.20018891558348,Castle request +0-5,300.0000000000001,177.51478688906658,155,126,52.390001773834214,42.58800144195555,94.79999999999995,138,17,125,12,0.096,0.36686389290407373,12.660496612757768,0.5660666666666677,62,0.49206349206349204,21.632000732421865,0.21296296296296297,18,3,2.366000080108642,1.1251771027551307
511098379,MembTV,2026,2026-10-03T19:58:42.000Z,8-player unranked Rage Forest 2026 (Custom),2026-10-03,Rage Forest 2026 (Custom),220,22,196407,7,49.20018891558348,Castle request +5-10,300.0,177.51478688906653,181,94,61.17800207138062,31.772001075744626,60.0,60,17,93,10,0.10752688172043011,0.48816566394495453,11.867620899958208,0.4708699999999993,36,0.3829787234042553,19.604000663757322,0.5921052631578947,23,6,11.154000377655029,1.7410716349981334
510975120,MembTV,2026,2026-10-03T10:16:20.000Z,8-player unranked Rage Forest 2026 (Custom),2026-10-03,Rage Forest 2026 (Custom),220,21,196407,4,49.20018891558348,0-10,600,355.02957377813306,398,317,67.26200227737426,53.573001813888546,131.39999999999995,168,35,316,11,0.03481012658227848,0.5999999796850375,7.627692049431966,0.21560499999999996,120,0.3785488958990536,33.293001127243045,0.3468013468013468,24,1,3.887000131607055,1.196022833797582
510975120,MembTV,2026,2026-10-03T10:16:20.000Z,8-player unranked Rage Forest 2026 (Custom),2026-10-03,Rage Forest 2026 (Custom),220,21,196407,4,49.20018891558348,10-20,600,355.02957377813306,249,153,42.08100142478943,25.85700087547302,69.59999999999997,144,35,152,23,0.1513157894736842,1.0846153478922105,16.64269174419979,0.6030816666666665,33,0.21568627450980393,20.280000686645508,0.5048543689320388,23,4,4.225000143051147,2.1428720944574677
510975120,MembTV,2026,2026-10-03T10:16:20.000Z,8-player unranked Rage Forest 2026 (Custom),2026-10-03,Rage Forest 2026 (Custom),220,21,196407,4,49.20018891558348,20-30,600,355.02957377813306,532,440,89.9080030441284,74.36000251770018,139.79999999999998,162,35,439,10,0.022779043280182234,0.25147928142629894,6.983774911470606,0.21955500000000117,218,0.4954545454545455,37.518001270294185,0.38010204081632654,45,5,7.77400026321411,1.5766593700475506
510975120,MembTV,2026,2026-10-03T10:16:20.000Z,8-player unranked Rage Forest 2026 (Custom),2026-10-03,Rage Forest 2026 (Custom),220,21,196407,4,49.20018891558348,30-40,600,355.02957377813306,433,299,73.17700247764587,50.531001710891715,97.79999999999998,132,35,298,8,0.026845637583892617,0.2538461452514298,8.203331083196211,0.1773649999999987,110,0.36789297658862874,31.941001081466677,0.41203703703703703,91,12,15.041000509262085,1.9585702329898038
510975120,MembTV,2026,2026-10-03T10:16:20.000Z,8-player unranked Rage Forest 2026 (Custom),2026-10-03,Rage Forest 2026 (Custom),220,21,196407,4,49.20018891558348,40-50,600,355.02957377813306,336,193,56.78400192260742,32.617001104354856,72.0,84,35,192,16,0.08333333333333333,0.6834319295227829,12.125467045074007,0.374166666666666,52,0.2694300518134715,23.82900080680847,0.5581395348837209,130,19,12.168000411987304,2.015289424680574
510975120,MembTV,2026,2026-10-03T10:16:20.000Z,8-player unranked Rage Forest 2026 (Custom),2026-10-03,Rage Forest 2026 (Custom),220,21,196407,4,49.20018891558348,Feudal request +0-5,300.0,177.51478688906653,164,129,55.43200187683105,43.60200147628784,129.59999999999994,192,17,128,8,0.0625,0.5999999796850504,11.046845779819165,0.3740966666666663,45,0.3488372093023256,28.39200096130371,0.3305084745762712,16,1,1.690000057220459,1.2546171612060812
510975120,MembTV,2026,2026-10-03T10:16:20.000Z,8-player unranked Rage Forest 2026 (Custom),2026-10-03,Rage Forest 2026 (Custom),220,21,196407,4,49.20018891558348,Feudal request +5-10,300.0,177.51478688906653,123,83,41.574001407623285,28.05400094985962,80.39999999999998,114,17,82,11,0.13414634146341464,1.084615347892246,14.905029081140462,0.6419700000000005,15,0.18072289156626506,22.984000778198244,0.5319148936170213,16,3,4.056000137329101,2.2984255038595234
510975120,MembTV,2026,2026-10-03T10:16:20.000Z,8-player unranked Rage Forest 2026 (Custom),2026-10-03,Rage Forest 2026 (Custom),220,21,196407,4,49.20018891558348,Castle request +0-5,300.0,177.51478688906653,127,92,42.92600145339966,31.09600105285644,74.39999999999998,108,17,91,12,0.13186813186813187,1.084615347892246,12.589088331151821,0.582256666666667,18,0.1956521739130435,25.012000846862794,0.5272727272727272,17,3,3.7180001258850095,2.282359438952259
510975120,MembTV,2026,2026-10-03T10:16:20.000Z,8-player unranked Rage Forest 2026 (Custom),2026-10-03,Rage Forest 2026 (Custom),220,21,196407,4,49.20018891558348,Castle request +5-10,300.0,177.51478688906653,165,122,55.77000188827514,41.2360013961792,115.19999999999999,120,17,121,8,0.06611570247933884,0.25147928142615683,14.130413722752227,0.5394666666666679,51,0.4180327868852459,23.998000812530517,0.3644859813084112,14,4,5.070000171661377,1.423316828954255
510975120,MembTV,2026,2026-10-03T10:16:20.000Z,8-player unranked Rage Forest 2026 (Custom),2026-10-03,Rage Forest 2026 (Custom),220,21,196407,4,49.20018891558348,Imperial request +0-5,300.0,177.51478688906653,143,76,48.33400163650512,25.688000869750976,55.199999999999996,60,17,75,9,0.12,0.859171568543216,13.929620830142277,0.47661999999999816,18,0.23684210526315788,19.604000663757322,0.4186046511627907,33,12,13.18200044631958,1.8500801072401398
510975120,MembTV,2026,2026-10-03T10:16:20.000Z,8-player unranked Rage Forest 2026 (Custom),2026-10-03,Rage Forest 2026 (Custom),220,21,196407,4,49.20018891558348,Imperial request +5-10,300.0,177.51478688906653,199,119,67.26200227737426,40.22200136184692,66.0,66,17,118,7,0.059322033898305086,0.5511834132905009,6.663585573199022,0.26810999999999996,34,0.2857142857142857,28.730000972747803,0.5903614457831325,113,15,12.844000434875488,1.9331424566272872
510971234,MembTV,2026,2026-10-03T09:47:46.000Z,8-player unranked Rage Forest 2026 (Custom),2026-10-03,Rage Forest 2026 (Custom),220,9,196407,2,49.20018891558348,0-10,600,355.02957377813306,391,325,66.07900223731994,54.92500185966492,138.0,144,35,324,7,0.021604938271604937,0.489940811813824,6.469786763192788,0.1272116666666664,132,0.40615384615384614,32.617001104354856,0.47635135135135137,26,1,4.225000143051147,1.4340128202549818
510971234,MembTV,2026,2026-10-03T09:47:46.000Z,8-player unranked Rage Forest 2026 (Custom),2026-10-03,Rage Forest 2026 (Custom),220,9,196407,2,49.20018891558348,10-20,600,355.02957377813306,241,166,40.72900137901306,28.05400094985962,61.79999999999998,66,35,165,13,0.07878787878787878,0.8597632844994507,15.023833810845773,0.4249600000000008,50,0.30120481927710846,19.604000663757322,0.4420289855072464,29,2,3.211000108718872,1.6617972529753933
510971234,MembTV,2026,2026-10-03T09:47:46.000Z,8-player unranked Rage Forest 2026 (Custom),2026-10-03,Rage Forest 2026 (Custom),220,9,196407,2,49.20018891558348,20-30,600,355.02957377813306,344,208,58.13600196838379,35.152001190185544,87.59999999999997,96,35,207,17,0.0821256038647343,0.6248520498495509,9.364189032057345,0.38996499999999995,52,0.25,26.36400089263916,0.46956521739130436,41,9,10.985000371932983,2.024630769684427
510971234,MembTV,2026,2026-10-03T09:47:46.000Z,8-player unranked Rage Forest 2026 (Custom),2026-10-03,Rage Forest 2026 (Custom),220,9,196407,2,49.20018891558348,30-40,600,355.02957377813306,357,223,60.33300204277039,37.68700127601623,87.59999999999997,102,35,222,20,0.09009009009009009,0.48816566394509664,10.769715611687568,0.4449799999999999,67,0.3004484304932735,26.36400089263916,0.4785276073619632,73,17,13.858000469207763,1.9081963548502683
510971234,MembTV,2026,2026-10-03T09:47:46.000Z,8-player unranked Rage Forest 2026 (Custom),2026-10-03,Rage Forest 2026 (Custom),220,9,196407,2,49.20018891558348,Feudal request +0-5,300.0,177.51478688906653,146,103,49.348001670837405,34.81400117874146,56.39999999999999,66,17,102,3,0.029411764705882353,0.8520709770675516,10.046153506008622,0.24456333333333397,36,0.34951456310679613,22.64600076675415,0.40217391304347827,18,2,3.042000102996826,1.3342746242006713
510971234,MembTV,2026,2026-10-03T09:47:46.000Z,8-player unranked Rage Forest 2026 (Custom),2026-10-03,Rage Forest 2026 (Custom),220,9,196407,2,49.20018891558348,Feudal request +5-10,299.9999999999999,177.51478688906644,108,61,36.50400123596193,20.618000698089606,37.199999999999996,42,17,60,10,0.16666666666666666,1.2644969986064183,12.890816131586767,0.5518066666666677,11,0.18032786885245902,16.900000572204597,0.5897435897435898,25,3,4.394000148773196,2.0061443633726808
510971234,MembTV,2026,2026-10-03T09:47:46.000Z,8-player unranked Rage Forest 2026 (Custom),2026-10-03,Rage Forest 2026 (Custom),220,9,196407,2,49.20018891558348,Castle request +0-5,300.0000000000001,177.51478688906658,108,62,36.5040012359619,20.956000709533686,38.39999999999999,48,17,61,11,0.18032786885245902,1.0816567681107045,12.884141575599733,0.5920266666666674,13,0.20967741935483872,16.56200056076049,0.5609756097560976,24,3,3.7180001258850086,2.0315141918206314
510971234,MembTV,2026,2026-10-03T09:47:46.000Z,8-player unranked Rage Forest 2026 (Custom),2026-10-03,Rage Forest 2026 (Custom),220,9,196407,2,49.20018891558348,Castle request +5-10,300.0,177.51478688906653,148,86,50.02400169372559,29.068000984191894,51.59999999999999,66,17,85,10,0.11764705882352941,1.0934910872366004,9.314981933131603,0.42950999999999945,23,0.26744186046511625,21.294000720977785,0.5,13,7,10.816000366210938,2.0809845845822643
510971234,MembTV,2026,2026-10-03T09:47:46.000Z,8-player unranked Rage Forest 2026 (Custom),2026-10-03,Rage Forest 2026 (Custom),220,9,196407,2,49.20018891558348,Imperial request +0-5,300.0,177.51478688906653,134,70,45.2920015335083,23.660000801086426,43.199999999999996,48,17,69,11,0.15942028985507245,1.2106508465833201,12.971928554875845,0.5322899999999996,13,0.18571428571428572,19.26600065231323,0.5945945945945946,31,13,13.858000469207763,2.1145901156818776
510971234,MembTV,2026,2026-10-03T09:47:46.000Z,8-player unranked Rage Forest 2026 (Custom),2026-10-03,Rage Forest 2026 (Custom),220,9,196407,2,49.20018891558348,Imperial request +5-10,300.0,177.51478688906653,224,154,75.71200256347655,52.052001762390134,98.39999999999999,108,17,153,9,0.058823529411764705,0.3710059045981211,8.626082548172574,0.3576699999999997,55,0.35714285714285715,33.462001132965085,0.44715447154471544,55,13,13.858000469207763,1.7536826667641738
510966979,MembTV,2026,2026-10-03T09:17:04.000Z,8-player unranked Rage Forest 2026 (Custom),2026-10-03,Rage Forest 2026 (Custom),220,37,196407,7,49.20018891558348,0-10,600,355.02957377813306,471,395,79.59900269508361,66.75500226020813,207.59999999999997,228,35,394,8,0.02030456852791878,0.24615383781950584,7.348124011560331,0.1917566666666667,229,0.579746835443038,28.05400094985962,0.24736842105263157,31,2,4.9010001659393305,1.0145466423519651
510966979,MembTV,2026,2026-10-03T09:17:04.000Z,8-player unranked Rage Forest 2026 (Custom),2026-10-03,Rage Forest 2026 (Custom),220,37,196407,7,49.20018891558348,10-20,600,355.02957377813306,268,197,45.2920015335083,33.293001127243045,84.0,126,35,196,21,0.10714285714285714,0.5369822303394471,14.238904843339233,0.5371316666666663,82,0.41624365482233505,19.43500065803528,0.39490445859872614,26,3,4.394000148773193,1.6873747493628652
510966979,MembTV,2026,2026-10-03T09:17:04.000Z,8-player unranked Rage Forest 2026 (Custom),2026-10-03,Rage Forest 2026 (Custom),220,37,196407,7,49.20018891558348,20-30,600,355.02957377813306,444,292,75.03600254058837,49.348001670837405,143.39999999999995,162,35,291,17,0.058419243986254296,0.2538461452514298,9.560413877484493,0.38688000000000006,138,0.4726027397260274,26.026000881195067,0.27074235807860264,49,9,12.844000434875488,1.7167874336500781
510966979,MembTV,2026,2026-10-03T09:17:04.000Z,8-player unranked Rage Forest 2026 (Custom),2026-10-03,Rage Forest 2026 (Custom),220,37,196407,7,49.20018891558348,30-40,600,355.02957377813306,384,225,64.89600219726562,38.02500128746033,77.39999999999995,120,35,224,19,0.08482142857142858,0.4970414032894723,10.68639017072178,0.3957199999999993,61,0.27111111111111114,27.716000938415526,0.5419847328244275,71,21,16.39300055503845,2.1018477950830317
510966979,MembTV,2026,2026-10-03T09:17:04.000Z,8-player unranked Rage Forest 2026 (Custom),2026-10-03,Rage Forest 2026 (Custom),220,37,196407,7,49.20018891558348,Feudal request +0-5,300.0,177.51478688906653,130,85,43.940001487731934,28.730000972747803,64.79999999999998,84,17,84,12,0.14285714285714285,0.6071005711605721,14.495591225180807,0.5955266666666672,35,0.4117647058823529,16.900000572204586,0.4117647058823529,20,3,5.408000183105469,1.654716688095475
510966979,MembTV,2026,2026-10-03T09:17:04.000Z,8-player unranked Rage Forest 2026 (Custom),2026-10-03,Rage Forest 2026 (Custom),220,37,196407,7,49.20018891558348,Feudal request +5-10,300.0,177.51478688906653,139,109,46.98200159072876,36.842001247406,104.39999999999998,138,17,108,10,0.09259259259259259,0.3710059045981211,12.390745142601082,0.5394566666666657,47,0.43119266055045874,20.956000709533694,0.3793103448275862,13,4,4.394000148773193,1.5514865864023235
510966979,MembTV,2026,2026-10-03T09:17:04.000Z,8-player unranked Rage Forest 2026 (Custom),2026-10-03,Rage Forest 2026 (Custom),220,37,196407,7,49.20018891558348,Castle request +0-5,300.0,177.51478688906653,245,182,82.81000280380249,61.516002082824706,151.19999999999996,204,17,181,7,0.03867403314917127,0.2538461452512877,10.239052907761272,0.3540566666666663,100,0.5494505494505495,27.716000938415526,0.2777777777777778,16,4,5.408000183105469,1.515246496715078
510966979,MembTV,2026,2026-10-03T09:17:04.000Z,8-player unranked Rage Forest 2026 (Custom),2026-10-03,Rage Forest 2026 (Custom),220,37,196407,7,49.20018891558348,Castle request +5-10,300.0,177.51478688906653,230,161,77.74000263214111,54.418001842498775,117.6,132,17,160,8,0.05,0.30266271164583713,9.104289632573007,0.33330000000000015,77,0.4782608695652174,28.39200096130371,0.28346456692913385,30,7,14.196000480651856,1.618592601200521
510966979,MembTV,2026,2026-10-03T09:17:04.000Z,8-player unranked Rage Forest 2026 (Custom),2026-10-03,Rage Forest 2026 (Custom),220,37,196407,7,49.20018891558348,Imperial request +0-5,300.0,177.51478688906653,160,87,54.08000183105469,29.406000995635985,57.59999999999999,72,17,86,11,0.12790697674418605,1.3668638590457718,10.599407925146172,0.43808999999999954,11,0.12643678160919541,25.688000869750976,0.6,30,14,14.872000503540038,2.08506909454815
510966979,MembTV,2026,2026-10-03T09:17:04.000Z,8-player unranked Rage Forest 2026 (Custom),2026-10-03,Rage Forest 2026 (Custom),220,37,196407,7,49.20018891558348,Imperial request +5-10,300.0000000000002,177.51478688906664,202,138,68.2760023117065,46.644001579284634,121.19999999999999,126,17,137,7,0.051094890510948905,0.37278105246696924,8.131597357814305,0.27789999999999926,44,0.3188405797101449,31.772001075744605,0.550561797752809,33,18,13.858000469207754,1.98769843988177
510962960,MembTV,2026,2026-10-03T08:48:37.000Z,8-player unranked Rage Forest 2026 (Custom),2026-10-03,Rage Forest 2026 (Custom),220,23,196407,4,49.20018891558348,0-10,600,355.02957377813306,392,314,66.24800224304198,53.06600179672241,139.19999999999993,162,35,313,11,0.03514376996805112,0.4769230607752917,9.723904996209278,0.2432583333333334,139,0.4426751592356688,29.57500100135803,0.2739273927392739,28,2,4.732000160217284,0.7510723943678651
510962960,MembTV,2026,2026-10-03T08:48:37.000Z,8-player unranked Rage Forest 2026 (Custom),2026-10-03,Rage Forest 2026 (Custom),220,23,196407,4,49.20018891558348,10-20,600,355.02957377813306,336,255,56.78400192260742,43.0950014591217,99.59999999999997,132,35,254,15,0.05905511811023622,0.36449702907887627,9.242307379379309,0.38049833333333327,106,0.41568627450980394,25.181000852584837,0.3761904761904762,35,5,4.9010001659393305,1.7772747745693769
510962960,MembTV,2026,2026-10-03T08:48:37.000Z,8-player unranked Rage Forest 2026 (Custom),2026-10-03,Rage Forest 2026 (Custom),220,23,196407,4,49.20018891558348,20-30,600,355.02957377813306,375,257,63.37500214576721,43.4330014705658,86.99999999999991,108,35,256,16,0.0625,0.6053254232916458,10.51023633053216,0.35572833333333276,95,0.36964980544747084,27.378000926971435,0.39800995024875624,31,10,8.957000303268432,1.782069069290733
510962960,MembTV,2026,2026-10-03T08:48:37.000Z,8-player unranked Rage Forest 2026 (Custom),2026-10-03,Rage Forest 2026 (Custom),220,23,196407,4,49.20018891558348,Feudal request +0-5,300.0,177.51478688906653,133,95,44.9540015220642,32.11000108718872,87.6,102,17,94,9,0.09574468085106383,0.6171597424176838,11.123603173669846,0.5020500000000001,36,0.37894736842105264,19.942000675201413,0.42857142857142855,23,3,4.056000137329101,1.4665781960336224
510962960,MembTV,2026,2026-10-03T08:48:37.000Z,8-player unranked Rage Forest 2026 (Custom),2026-10-03,Rage Forest 2026 (Custom),220,23,196407,4,49.20018891558348,Feudal request +5-10,300.0,177.51478688906653,203,160,68.61400232315063,54.08000183105469,115.19999999999996,168,17,159,7,0.0440251572327044,0.24852070164473616,7.432425783853903,0.2626699999999994,70,0.4375,30.420001029968258,0.344,26,5,5.746000194549561,1.9114199108872139
510962960,MembTV,2026,2026-10-03T08:48:37.000Z,8-player unranked Rage Forest 2026 (Custom),2026-10-03,Rage Forest 2026 (Custom),220,23,196407,4,49.20018891558348,Castle request +0-5,300.0000000000001,177.51478688906658,206,162,69.62800235748288,54.75600185394285,119.99999999999994,192,17,161,8,0.049689440993788817,0.24852070164473616,7.8518695566345915,0.3018866666666659,70,0.43209876543209874,31.096001052856433,0.33064516129032256,26,5,5.746000194549558,1.9469735513183928
510962960,MembTV,2026,2026-10-03T08:48:37.000Z,8-player unranked Rage Forest 2026 (Custom),2026-10-03,Rage Forest 2026 (Custom),220,23,196407,4,49.20018891558348,Castle request +5-10,300.0,177.51478688906653,168,111,56.78400192260742,37.518001270294185,81.6,96,17,110,10,0.09090909090909091,0.5467455436183712,12.539478865375862,0.4776099999999996,47,0.42342342342342343,21.632000732421876,0.3723404255319149,16,7,6.760000228881836,1.6152456536013808
510962960,MembTV,2026,2026-10-03T08:48:37.000Z,8-player unranked Rage Forest 2026 (Custom),2026-10-03,Rage Forest 2026 (Custom),220,23,196407,4,49.20018891558348,Imperial request +0-5,300.0000000000002,177.51478688906664,139,80,46.98200159072873,27.040000915527322,50.39999999999999,60,17,79,10,0.12658227848101267,0.9940828065789447,13.236709610999668,0.48428999999999983,15,0.1875,21.97000074386595,0.4166666666666667,31,9,12.844000434875479,2.207717469130148
510959259,MembTV,2026,2026-10-03T08:21:41.000Z,8-player unranked Rage Forest 2026 (Custom),2026-10-03,Rage Forest 2026 (Custom),220,10,196407,4,49.20018891558348,0-10,600,355.02957377813306,419,346,70.81100239753722,58.474001979827875,175.7999999999998,228,35,345,11,0.03188405797101449,0.361538449297397,7.4283074407981315,0.2383866666666665,170,0.4913294797687861,29.744001007080076,0.428125,23,1,4.225000143051147,1.3810228765034938
510959259,MembTV,2026,2026-10-03T08:21:41.000Z,8-player unranked Rage Forest 2026 (Custom),2026-10-03,Rage Forest 2026 (Custom),220,10,196407,4,49.20018891558348,10-20,600,355.02957377813306,183,103,30.927001047134397,17.40700058937073,37.79999999999998,48,35,102,22,0.21568627450980393,1.6375739090516532,20.24684546832315,0.6519999999999999,13,0.1262135922330097,15.210000514984129,0.5507246376811594,20,3,3.211000108718872,1.9171135141476499
510959259,MembTV,2026,2026-10-03T08:21:41.000Z,8-player unranked Rage Forest 2026 (Custom),2026-10-03,Rage Forest 2026 (Custom),220,10,196407,4,49.20018891558348,20-30,600,355.02957377813306,414,324,69.966002368927,54.75600185394287,148.7999999999999,180,35,323,14,0.043343653250773995,0.3710059045981211,11.572046945468701,0.34575,118,0.36419753086419754,34.81400117874146,0.4291845493562232,59,5,6.422000217437744,1.9950779291634881
510959259,MembTV,2026,2026-10-03T08:21:41.000Z,8-player unranked Rage Forest 2026 (Custom),2026-10-03,Rage Forest 2026 (Custom),220,10,196407,4,49.20018891558348,Feudal request +0-5,300.0,177.51478688906653,89,59,30.08200101852417,19.942000675201413,37.199999999999996,42,17,58,10,0.1724137931034483,1.746153787032135,16.408691752122554,0.5358233333333333,9,0.15254237288135594,16.900000572204586,0.6086956521739131,18,1,1.3520000457763672,1.7837459474885506
510959259,MembTV,2026,2026-10-03T08:21:41.000Z,8-player unranked Rage Forest 2026 (Custom),2026-10-03,Rage Forest 2026 (Custom),220,10,196407,4,49.20018891558348,Feudal request +5-10,300.0,177.51478688906653,94,46,31.772001075744626,15.54800052642822,31.199999999999996,36,17,45,12,0.26666666666666666,1.5905324905261011,21.58508802656296,0.7002966666666663,4,0.08695652173913043,14.196000480651856,0.4583333333333333,8,3,4.394000148773193,1.8475239116381135
510959259,MembTV,2026,2026-10-03T08:21:41.000Z,8-player unranked Rage Forest 2026 (Custom),2026-10-03,Rage Forest 2026 (Custom),220,10,196407,4,49.20018891558348,Castle request +0-5,299.9999999999999,177.51478688906644,93,48,31.43400106430055,16.224000549316415,32.39999999999999,42,17,47,11,0.23404255319148937,1.4627218439658964,21.278815847583644,0.6918766666666667,6,0.125,14.196000480651861,0.48148148148148145,14,3,3.7180001258850113,1.8970807149070423
510959259,MembTV,2026,2026-10-03T08:21:41.000Z,8-player unranked Rage Forest 2026 (Custom),2026-10-03,Rage Forest 2026 (Custom),220,10,196407,4,49.20018891558348,Castle request +5-10,300.0,177.51478688906653,87,52,29.406000995635985,17.576000595092772,31.199999999999996,36,17,51,12,0.23529411764705882,2.0662721193887137,14.303253953586477,0.6220300000000003,6,0.11538461538461539,15.54800052642822,0.56,13,4,5.746000194549561,1.9819025600095146
510959259,MembTV,2026,2026-10-03T08:21:41.000Z,8-player unranked Rage Forest 2026 (Custom),2026-10-03,Rage Forest 2026 (Custom),220,10,196407,4,49.20018891558348,Imperial request +0-5,300.0,177.51478688906653,287,234,97.00600328445434,79.09200267791748,169.2,198,17,233,5,0.02145922746781116,0.2538461452514298,8.088283749813552,0.2567699999999998,93,0.3974358974358974,47.65800161361694,0.38596491228070173,48,5,5.408000183105469,1.9289556397189542
510959259,MembTV,2026,2026-10-03T08:21:41.000Z,8-player unranked Rage Forest 2026 (Custom),2026-10-03,Rage Forest 2026 (Custom),220,10,196407,4,49.20018891558348,Imperial request +5-10,300.0,177.51478688906653,381,304,128.778004360199,102.7520034790039,189.6,204,17,303,2,0.006600660066006601,0.24852070164473616,4.848550131694423,0.06327999999999975,187,0.6151315789473685,39.54600133895874,0.3724137931034483,30,5,11.154000377655029,1.2548310001055718
510953127,MembTV,2026,2026-10-03T07:36:09.000Z,8-player unranked Rage Forest 2026 (Custom),2026-10-03,Rage Forest 2026 (Custom),220,16,196407,3,49.20018891558348,0-10,600,355.02957377813306,329,248,55.6010018825531,41.91200141906739,114.0,174,35,247,15,0.06072874493927125,0.6088757190294913,12.583040994078475,0.3499749999999998,83,0.3346774193548387,27.88500094413757,0.3574468085106383,26,2,4.9010001659393305,1.0515766186355573
510953127,MembTV,2026,2026-10-03T07:36:09.000Z,8-player unranked Rage Forest 2026 (Custom),2026-10-03,Rage Forest 2026 (Custom),220,16,196407,3,49.20018891558348,10-20,600,355.02957377813306,373,327,63.037002134323124,55.263001871109005,138.0,186,35,326,13,0.03987730061349693,0.3621301652536886,8.236390253674518,0.31789499999999954,155,0.4740061162079511,29.068000984191894,0.23208191126279865,27,4,3.211000108718872,1.044956038076677
510953127,MembTV,2026,2026-10-03T07:36:09.000Z,8-player unranked Rage Forest 2026 (Custom),2026-10-03,Rage Forest 2026 (Custom),220,16,196407,3,49.20018891558348,20-30,600,355.02957377813306,361,268,61.009002065658564,45.2920015335083,123.59999999999997,156,35,267,18,0.06741573033707865,0.48816566394486927,9.191964185817469,0.37758333333333344,125,0.4664179104477612,24.16700081825256,0.34615384615384615,37,5,6.59100022315979,1.605721957405578
510953127,MembTV,2026,2026-10-03T07:36:09.000Z,8-player unranked Rage Forest 2026 (Custom),2026-10-03,Rage Forest 2026 (Custom),220,16,196407,3,49.20018891558348,30-40,600,355.02957377813306,502,315,84.83800287246703,53.23500180244445,107.39999999999995,126,35,314,12,0.03821656050955414,0.24852070164473616,10.829396083039693,0.3377150000000006,157,0.4984126984126984,26.702000904083253,0.42696629213483145,68,9,13.013000440597533,1.6873370390589353
510953127,MembTV,2026,2026-10-03T07:36:09.000Z,8-player unranked Rage Forest 2026 (Custom),2026-10-03,Rage Forest 2026 (Custom),220,16,196407,3,49.20018891558348,40-50,600,355.02957377813306,543,304,91.76700310707092,51.37600173950195,129.59999999999997,168,35,303,14,0.0462046204620462,0.24852070164473616,11.345200799303086,0.38968499999999945,150,0.4934210526315789,26.026000881195067,0.45454545454545453,137,11,23.998000812530517,1.5896259091896512
510953127,MembTV,2026,2026-10-03T07:36:09.000Z,8-player unranked Rage Forest 2026 (Custom),2026-10-03,Rage Forest 2026 (Custom),220,16,196407,3,49.20018891558348,Feudal request +0-5,300.0,177.51478688906653,214,187,72.33200244903564,63.20600214004516,178.79999999999995,222,17,186,7,0.03763440860215054,0.2485207016447042,7.73538435347795,0.29772333333333256,93,0.49732620320855614,31.772001075744626,0.19186046511627908,10,2,3.380000114440918,0.9786457463657657
510953127,MembTV,2026,2026-10-03T07:36:09.000Z,8-player unranked Rage Forest 2026 (Custom),2026-10-03,Rage Forest 2026 (Custom),220,16,196407,3,49.20018891558348,Feudal request +5-10,300.0000000000001,177.51478688906658,159,144,53.74200181961058,48.6720016479492,97.19999999999999,102,17,143,6,0.04195804195804196,0.48994081181379556,10.618046977769596,0.2928766666666666,63,0.4375,27.378000926971424,0.2845528455284553,22,2,2.366000080108642,1.1159282692015486
510953127,MembTV,2026,2026-10-03T07:36:09.000Z,8-player unranked Rage Forest 2026 (Custom),2026-10-03,Rage Forest 2026 (Custom),220,16,196407,3,49.20018891558348,Castle request +0-5,300.0,177.51478688906653,132,115,44.616001510620116,38.87000131607056,66.0,66,17,114,7,0.06140350877192982,0.9639052928076381,8.772342898250008,0.3044966666666668,33,0.28695652173913044,27.716000938415526,0.4444444444444444,23,4,2.366000080108642,1.5679222005447375
510953127,MembTV,2026,2026-10-03T07:36:09.000Z,8-player unranked Rage Forest 2026 (Custom),2026-10-03,Rage Forest 2026 (Custom),220,16,196407,3,49.20018891558348,Castle request +5-10,300.0,177.51478688906653,170,123,57.460001945495605,41.574001407623285,87.59999999999997,126,17,122,12,0.09836065573770492,0.4881656639448977,10.247200836479488,0.5223033333333335,58,0.4715447154471545,21.970000743865967,0.3269230769230769,23,4,5.746000194549561,1.6790770944012183
510953127,MembTV,2026,2026-10-03T07:36:09.000Z,8-player unranked Rage Forest 2026 (Custom),2026-10-03,Rage Forest 2026 (Custom),220,16,196407,3,49.20018891558348,Imperial request +0-5,300.0,177.51478688906653,131,84,44.27800149917602,28.39200096130371,57.59999999999999,72,17,83,12,0.14457831325301204,1.2106508465834622,11.158437492017127,0.5223033333333333,21,0.25,21.294000720977785,0.5,21,5,5.746000194549561,1.8756539058782757
510953127,MembTV,2026,2026-10-03T07:36:09.000Z,8-player unranked Rage Forest 2026 (Custom),2026-10-03,Rage Forest 2026 (Custom),220,16,196407,3,49.20018891558348,Imperial request +5-10,300.0,177.51478688906653,239,186,80.78200273513794,62.86800212860107,136.79999999999995,180,17,185,6,0.032432432432432434,0.2538461452514156,6.351692092635163,0.2503900000000005,106,0.5698924731182796,27.040000915527344,0.30857142857142855,34,5,8.450000286102293,1.3307378341535305
510947511,MembTV,2026,2026-10-03T07:06:41.000Z,8-player unranked Rage Forest 2026 (Custom),2026-10-03,Rage Forest 2026 (Custom),220,35,196407,3,49.20018891558348,0-10,600,355.02957377813306,297,240,50.19300169944763,40.560001373291016,73.79999999999998,114,35,239,15,0.06276150627615062,0.7207100347696382,7.980662451682143,0.28127500000000005,71,0.29583333333333334,28.561000967025755,0.4383561643835616,24,1,3.042000102996826,1.337736880921709
510947511,MembTV,2026,2026-10-03T07:06:41.000Z,8-player unranked Rage Forest 2026 (Custom),2026-10-03,Rage Forest 2026 (Custom),220,35,196407,3,49.20018891558348,10-20,600,355.02957377813306,386,307,65.23400220870971,51.88300175666809,145.19999999999993,240,35,306,18,0.058823529411764705,0.24674555377580987,8.368490840917863,0.3659016666666665,159,0.5179153094462541,25.012000846862794,0.3007518796992481,27,3,4.5630001544952385,1.4427592629428982
510947511,MembTV,2026,2026-10-03T07:06:41.000Z,8-player unranked Rage Forest 2026 (Custom),2026-10-03,Rage Forest 2026 (Custom),220,35,196407,3,49.20018891558348,20-30,600,355.02957377813306,352,278,59.48800201416015,46.98200159072876,131.39999999999995,168,35,277,16,0.05776173285198556,0.24852070164473616,11.223123880359564,0.4026116666666661,132,0.4748201438848921,24.674000835418703,0.2925764192139738,39,3,4.225000143051147,1.5675190215305452
510947511,MembTV,2026,2026-10-03T07:06:41.000Z,8-player unranked Rage Forest 2026 (Custom),2026-10-03,Rage Forest 2026 (Custom),220,35,196407,3,49.20018891558348,Feudal request +0-5,300.0,177.51478688906653,192,175,64.89600219726562,59.15000200271606,169.2,198,17,174,7,0.040229885057471264,0.24615383781950584,7.632727552220013,0.2790933333333336,85,0.4857142857142857,30.420001029968258,0.32051282051282054,16,1,3.042000102996826,1.4328337220543603
510947511,MembTV,2026,2026-10-03T07:06:41.000Z,8-player unranked Rage Forest 2026 (Custom),2026-10-03,Rage Forest 2026 (Custom),220,35,196407,3,49.20018891558348,Feudal request +5-10,300.0,177.51478688906653,165,129,55.77000188827514,43.60200147628784,124.79999999999995,168,17,128,10,0.078125,0.48461536820716233,9.287342880812988,0.4041866666666667,58,0.4496124031007752,23.998000812530517,0.3119266055045872,22,2,3.7180001258850095,1.519202116404856
510947511,MembTV,2026,2026-10-03T07:06:41.000Z,8-player unranked Rage Forest 2026 (Custom),2026-10-03,Rage Forest 2026 (Custom),220,35,196407,3,49.20018891558348,Castle request +0-5,300.0,177.51478688906653,160,131,54.08000183105469,44.27800149917602,133.2,162,17,130,10,0.07692307692307693,0.24852070164467222,10.904431583457615,0.49692999999999904,71,0.5419847328244275,20.280000686645508,0.2857142857142857,30,4,3.380000114440918,1.757677560632979
510947511,MembTV,2026,2026-10-03T07:06:41.000Z,8-player unranked Rage Forest 2026 (Custom),2026-10-03,Rage Forest 2026 (Custom),220,35,196407,3,49.20018891558348,Castle request +5-10,300.0000000000002,177.51478688906664,119,57,40.22200136184689,19.26600065231322,46.79999999999998,66,17,56,12,0.21428571428571427,1.1183431574010498,17.446153255457496,0.6573300000000005,6,0.10526315789473684,17.23800058364867,0.6,27,8,12.844000434875479,1.8593186672455513
510872211,MembTV,2026,2026-10-02T23:17:48.000Z,8-player unranked Rage Forest 2026 (Custom),2026-10-02,Rage Forest 2026 (Custom),220,19,196407,2,49.19745100857649,0-10,600,355.02957377813306,491,429,82.97900280952453,72.5010024547577,194.99999999999991,252,35,428,13,0.030373831775700934,0.23846153038766715,10.225171251426701,0.35354333333333365,265,0.6177156177156177,27.716000938415526,0.2536231884057971,24,1,3.211000108718872,1.0004468969795242
510872211,MembTV,2026,2026-10-02T23:17:48.000Z,8-player unranked Rage Forest 2026 (Custom),2026-10-02,Rage Forest 2026 (Custom),220,19,196407,2,49.19745100857649,10-20,600,355.02957377813306,354,271,59.82600202560425,45.79900155067443,90.0,156,35,270,13,0.04814814814814815,0.4852070841634486,10.927804363731374,0.3254333333333334,119,0.43911439114391143,25.688000869750976,0.28870292887029286,31,4,4.732000160217284,1.4506097825994386
510872211,MembTV,2026,2026-10-02T23:17:48.000Z,8-player unranked Rage Forest 2026 (Custom),2026-10-02,Rage Forest 2026 (Custom),220,19,196407,2,49.19745100857649,20-30,600,355.02957377813306,433,330,73.17700247764587,55.77000188827514,143.99999999999983,198,35,329,10,0.030395136778115502,0.2538461452514298,7.536851815821206,0.20838833333333312,146,0.44242424242424244,31.09600105285644,0.3181818181818182,36,9,7.77400026321411,1.7875179002501893
510872211,MembTV,2026,2026-10-02T23:17:48.000Z,8-player unranked Rage Forest 2026 (Custom),2026-10-02,Rage Forest 2026 (Custom),220,19,196407,2,49.19745100857649,30-40,600,355.02957377813306,553,336,93.45700316429138,56.78400192260742,126.59999999999988,174,35,335,13,0.03880597014925373,0.2538461452514298,6.911644736397952,0.230256666666666,128,0.38095238095238093,35.152001190185544,0.4642857142857143,114,13,20.44900069236755,1.8926049383700714
510872211,MembTV,2026,2026-10-02T23:17:48.000Z,8-player unranked Rage Forest 2026 (Custom),2026-10-02,Rage Forest 2026 (Custom),220,19,196407,2,49.19745100857649,40-50,600,355.02957377813306,616,411,104.10400352478027,69.45900235176086,109.19999999999993,192,35,410,8,0.01951219512195122,0.35147927804024093,6.161893282493232,0.15610500000000144,171,0.41605839416058393,40.560001373291016,0.48626373626373626,148,16,16.900000572204586,1.4289274959640388
510872211,MembTV,2026,2026-10-02T23:17:48.000Z,8-player unranked Rage Forest 2026 (Custom),2026-10-02,Rage Forest 2026 (Custom),220,19,196407,2,49.19745100857649,Feudal request +0-5,300.0,177.51478688906653,122,105,41.2360013961792,35.49000120162964,86.39999999999999,96,17,104,7,0.0673076923076923,0.9591715651572805,8.177555936139939,0.3354000000000001,35,0.3333333333333333,23.660000801086426,0.3617021276595745,24,1,0.6760000228881836,1.4676079239199358
510872211,MembTV,2026,2026-10-02T23:17:48.000Z,8-player unranked Rage Forest 2026 (Custom),2026-10-02,Rage Forest 2026 (Custom),220,19,196407,2,49.19745100857649,Feudal request +5-10,300.0000000000001,177.51478688906658,151,107,51.03800172805784,36.16600122451781,73.19999999999999,78,17,106,8,0.07547169811320754,0.6698224625281028,10.772484842363017,0.43015999999999976,43,0.40186915887850466,21.632000732421865,0.2727272727272727,12,3,6.08400020599365,1.5449876746146598
510872211,MembTV,2026,2026-10-02T23:17:48.000Z,8-player unranked Rage Forest 2026 (Custom),2026-10-02,Rage Forest 2026 (Custom),220,19,196407,2,49.19745100857649,Castle request +0-5,300.0,177.51478688906653,140,108,47.32000160217285,36.50400123596191,78.0,78,17,107,9,0.08411214953271028,0.6071005711606468,11.232934530914969,0.45072333333333336,48,0.4444444444444444,20.280000686645508,0.26373626373626374,11,2,3.380000114440918,1.6215525993139617
510872211,MembTV,2026,2026-10-02T23:17:48.000Z,8-player unranked Rage Forest 2026 (Custom),2026-10-02,Rage Forest 2026 (Custom),220,19,196407,2,49.19745100857649,Castle request +5-10,300.0000000000001,177.51478688906658,259,204,87.54200296401974,68.95200233459471,139.2,144,17,203,3,0.014778325123152709,0.24852070164473616,5.844485009216499,0.1586399999999999,109,0.5343137254901961,32.11000108718871,0.28342245989304815,16,4,7.436000251770017,1.328347172475056
510872211,MembTV,2026,2026-10-02T23:17:48.000Z,8-player unranked Rage Forest 2026 (Custom),2026-10-02,Rage Forest 2026 (Custom),220,19,196407,2,49.19745100857649,Imperial request +0-5,300.0,177.51478688906653,130,96,43.940001487731934,32.44800109863281,64.79999999999998,84,17,95,9,0.09473684210526316,1.2301774731411967,8.175112149240485,0.363253333333333,24,0.25,24.336000823974608,0.5,18,6,7.436000251770019,2.1177290353021236
510872211,MembTV,2026,2026-10-02T23:17:48.000Z,8-player unranked Rage Forest 2026 (Custom),2026-10-02,Rage Forest 2026 (Custom),220,19,196407,2,49.19745100857649,Imperial request +5-10,300.0,177.51478688906653,249,138,84.16200284957885,46.64400157928467,79.19999999999997,108,17,137,8,0.058394160583941604,0.48816566394508243,6.9842837871929015,0.28044333333333354,38,0.2753623188405797,33.80000114440917,0.5543478260869565,58,11,20.6180006980896,1.8428385250787807
510867517,MembTV,2026,2026-10-02T22:47:19.000Z,8-player unranked Rage Forest 2026 (Custom),2026-10-02,Rage Forest 2026 (Custom),220,1,196407,3,49.19745100857649,0-10,600,355.02957377813306,646,571,109.17400369644164,96.4990032672882,209.39999999999995,240,35,570,3,0.005263157894736842,0.23846153038766715,4.446520559507736,0.05082333333333336,361,0.6322241681260946,35.49000120162964,0.19710669077757687,25,2,4.394000148773193,0.9027133913705901
510867517,MembTV,2026,2026-10-02T22:47:19.000Z,8-player unranked Rage Forest 2026 (Custom),2026-10-02,Rage Forest 2026 (Custom),220,1,196407,3,49.19745100857649,10-20,600,355.02957377813306,505,383,85.34500288963318,64.72700219154358,129.59999999999997,144,35,382,11,0.028795811518324606,0.24852070164473616,7.7943606828420915,0.2561433333333334,209,0.5456919060052219,29.406000995635985,0.4096045197740113,36,4,8.788000297546386,1.3934649769337757
510867517,MembTV,2026,2026-10-02T22:47:19.000Z,8-player unranked Rage Forest 2026 (Custom),2026-10-02,Rage Forest 2026 (Custom),220,1,196407,3,49.19745100857649,20-30,600,355.02957377813306,478,385,80.78200273513794,65.06500220298767,145.79999999999998,180,35,384,13,0.033854166666666664,0.25384614525140137,7.256674310514641,0.25691000000000025,190,0.4935064935064935,32.95500111579895,0.3136645962732919,49,8,6.59100022315979,1.65258770223664
510867517,MembTV,2026,2026-10-02T22:47:19.000Z,8-player unranked Rage Forest 2026 (Custom),2026-10-02,Rage Forest 2026 (Custom),220,1,196407,3,49.19745100857649,Feudal request +0-5,299.99999999999994,177.5147868890665,274,229,92.61200313568116,77.40200262069703,165.59999999999997,204,17,228,4,0.017543859649122806,0.2461538378195396,7.062703902880959,0.1886566666666666,115,0.5021834061135371,38.53200130462647,0.22009569377990432,19,4,5.070000171661377,1.1651046941536771
510867517,MembTV,2026,2026-10-02T22:47:19.000Z,8-player unranked Rage Forest 2026 (Custom),2026-10-02,Rage Forest 2026 (Custom),220,1,196407,3,49.19745100857649,Feudal request +5-10,300.0,177.51478688906653,330,266,111.54000377655028,89.9080030441284,139.2,144,17,265,2,0.007547169811320755,0.24852070164467222,4.490272037316337,0.08671333333333327,159,0.5977443609022557,36.16600122451782,0.4418604651162791,27,4,10.816000366210938,1.1739238984377818
510867517,MembTV,2026,2026-10-02T22:47:19.000Z,8-player unranked Rage Forest 2026 (Custom),2026-10-02,Rage Forest 2026 (Custom),220,1,196407,3,49.19745100857649,Castle request +0-5,300.0,177.51478688906653,218,184,73.684002494812,62.19200210571288,117.6,132,17,183,4,0.02185792349726776,0.2538461452514156,6.537218713572426,0.15594333333333374,86,0.4673913043478261,33.12400112152099,0.2929936305732484,36,4,3.042000102996826,1.2446105338379323
510867517,MembTV,2026,2026-10-02T22:47:19.000Z,8-player unranked Rage Forest 2026 (Custom),2026-10-02,Rage Forest 2026 (Custom),220,1,196407,3,49.19745100857649,Castle request +5-10,300.0,177.51478688906653,218,141,73.684002494812,47.65800161361694,89.99999999999994,162,17,140,11,0.07857142857142857,0.25384614525142357,9.253863592005699,0.42942999999999926,58,0.41134751773049644,28.05400094985962,0.44329896907216493,42,9,15.886000537872313,1.7954192583031183
510860186,MembTV,2026,2026-10-02T22:10:01.000Z,8-player unranked Rage Forest 2026 (Custom),2026-10-02,Rage Forest 2026 (Custom),220,13,196407,3,49.19745100857649,0-10,600,355.02957377813306,503,423,85.00700287818908,71.48700242042541,186.0,216,35,422,12,0.02843601895734597,0.24615383781949163,6.942076688030323,0.22669000000000006,220,0.5200945626477541,34.307001161575315,0.25735294117647056,26,1,4.056000137329101,0.9222085759626321
510860186,MembTV,2026,2026-10-02T22:10:01.000Z,8-player unranked Rage Forest 2026 (Custom),2026-10-02,Rage Forest 2026 (Custom),220,13,196407,3,49.19745100857649,10-20,600,355.02957377813306,480,397,81.12000274658203,67.09300227165222,133.79999999999998,150,35,396,11,0.027777777777777776,0.24852070164467932,5.931597432302557,0.18115000000000003,209,0.5264483627204031,31.772001075744626,0.2396694214876033,35,3,4.225000143051147,1.2529434532266381
510860186,MembTV,2026,2026-10-02T22:10:01.000Z,8-player unranked Rage Forest 2026 (Custom),2026-10-02,Rage Forest 2026 (Custom),220,13,196407,3,49.19745100857649,20-30,600,355.02957377813306,590,419,99.71000337600707,70.81100239753722,120.0,126,35,418,3,0.007177033492822967,0.25384614525125926,4.804277943844308,0.08737000000000053,199,0.47494033412887826,37.18000125885009,0.42597402597402595,59,8,9.971000337600707,1.3216077823058823
510860186,MembTV,2026,2026-10-02T22:10:01.000Z,8-player unranked Rage Forest 2026 (Custom),2026-10-02,Rage Forest 2026 (Custom),220,13,196407,3,49.19745100857649,30-40,600,355.02957377813306,422,279,71.31800241470336,47.151001596450804,107.39999999999995,144,35,278,13,0.046762589928057555,0.2538461452514298,8.167402090329919,0.3223566666666653,96,0.34408602150537637,30.927001047134397,0.46798029556650245,70,11,13.351000452041626,1.836802535016461
510860186,MembTV,2026,2026-10-02T22:10:01.000Z,8-player unranked Rage Forest 2026 (Custom),2026-10-02,Rage Forest 2026 (Custom),220,13,196407,3,49.19745100857649,40-50,600,355.02957377813306,522,254,88.21800298690796,42.92600145339966,99.59999999999997,114,35,253,17,0.06719367588932806,0.24852070164473616,10.876117974948745,0.3888799999999985,98,0.3858267716535433,26.36400089263916,0.4301675977653631,112,18,24.843000841140746,1.8571786708959213
510860186,MembTV,2026,2026-10-02T22:10:01.000Z,8-player unranked Rage Forest 2026 (Custom),2026-10-02,Rage Forest 2026 (Custom),220,13,196407,3,49.19745100857649,Feudal request +0-5,300.0,177.51478688906653,223,208,75.37400255203247,70.30400238037109,115.19999999999997,144,17,207,4,0.01932367149758454,0.24852070164466866,5.340769049940077,0.12631000000000006,111,0.5336538461538461,32.7860011100769,0.20408163265306123,16,1,0.6760000228881836,1.0019274008398384
510860186,MembTV,2026,2026-10-02T22:10:01.000Z,8-player unranked Rage Forest 2026 (Custom),2026-10-02,Rage Forest 2026 (Custom),220,13,196407,3,49.19745100857649,Feudal request +5-10,300.0000000000001,177.51478688906658,262,202,88.55600299835201,68.27600231170652,118.79999999999995,162,17,201,7,0.03482587064676617,0.24852070164466866,6.368638837623365,0.23598999999999998,114,0.5643564356435643,29.74400100708007,0.2391304347826087,24,3,6.08400020599365,1.2992883567238616
510860186,MembTV,2026,2026-10-02T22:10:01.000Z,8-player unranked Rage Forest 2026 (Custom),2026-10-02,Rage Forest 2026 (Custom),220,13,196407,3,49.19745100857649,Castle request +0-5,300.0000000000001,177.51478688906658,221,167,74.69800252914426,56.44600191116331,87.6,102,17,166,7,0.04216867469879518,0.24852070164473616,6.494970194292751,0.23214333333333298,84,0.5029940119760479,28.05400094985961,0.22972972972972974,25,3,4.732000160217284,1.29766533283224
510860186,MembTV,2026,2026-10-02T22:10:01.000Z,8-player unranked Rage Forest 2026 (Custom),2026-10-02,Rage Forest 2026 (Custom),220,13,196407,3,49.19745100857649,Castle request +5-10,300.0,177.51478688906653,303,251,102.41400346755981,84.83800287246703,139.2,144,17,250,2,0.008,0.2369822404969586,4.377141863631945,0.06734000000000069,130,0.5179282868525896,40.8980013847351,0.31555555555555553,28,3,6.084000205993652,1.3916263089945198
510860186,MembTV,2026,2026-10-02T22:10:01.000Z,8-player unranked Rage Forest 2026 (Custom),2026-10-02,Rage Forest 2026 (Custom),220,13,196407,3,49.19745100857649,Imperial request +0-5,300.0,177.51478688906653,235,111,79.43000268936157,37.518001270294185,85.19999999999999,90,17,110,9,0.08181818181818182,0.6213017541118404,10.00993457232351,0.37675999999999915,35,0.3153153153153153,25.688000869750976,0.4647887323943662,48,15,22.984000778198244,1.9930240302140256
510860186,MembTV,2026,2026-10-02T22:10:01.000Z,8-player unranked Rage Forest 2026 (Custom),2026-10-02,Rage Forest 2026 (Custom),220,13,196407,3,49.19745100857649,Imperial request +5-10,300.0,177.51478688906653,294,141,99.37200336456299,47.65800161361694,99.6,114,17,140,9,0.06428571428571428,0.24852070164473616,12.501940405108268,0.47353999999999663,62,0.4397163120567376,26.702000904083253,0.411214953271028,82,13,27.378000926971435,1.698710007510404
510732730,MembTV,2026,2026-10-02T11:45:07.000Z,8-player unranked Rage Forest 2026 (Custom),2026-10-02,Rage Forest 2026 (Custom),220,59,196407,1,49.19745100857649,0-10,600,355.02957377813306,357,284,60.33300204277039,47.996001625061034,133.19999999999993,180,35,283,15,0.053003533568904596,0.4852070841634486,13.114153402131457,0.40680666666666665,124,0.43661971830985913,27.040000915527344,0.3151750972762646,30,2,4.732000160217284,1.4018672317559322
510732730,MembTV,2026,2026-10-02T11:45:07.000Z,8-player unranked Rage Forest 2026 (Custom),2026-10-02,Rage Forest 2026 (Custom),220,59,196407,1,49.19745100857649,10-20,600,355.02957377813306,258,156,43.60200147628784,26.36400089263916,78.0,84,35,155,20,0.12903225806451613,0.9443786662498326,20.176449021002608,0.559696666666666,50,0.32051282051282054,17.914000606536863,0.42276422764227645,32,5,5.9150002002716064,1.767180346377614
510732730,MembTV,2026,2026-10-02T11:45:07.000Z,8-player unranked Rage Forest 2026 (Custom),2026-10-02,Rage Forest 2026 (Custom),220,59,196407,1,49.19745100857649,20-30,600,355.02957377813306,386,220,65.23400220870971,37.18000125885009,63.599999999999966,102,35,219,15,0.0684931506849315,0.7224851826384935,9.923751143288971,0.31066000000000105,65,0.29545454545454547,26.195000886917114,0.3893129770992366,60,14,16.224000549316404,1.9307778628911032
510732730,MembTV,2026,2026-10-02T11:45:07.000Z,8-player unranked Rage Forest 2026 (Custom),2026-10-02,Rage Forest 2026 (Custom),220,59,196407,1,49.19745100857649,Feudal request +0-5,300.0,177.51478688906653,79,49,26.702000904083253,16.562000560760495,32.39999999999999,42,17,48,11,0.22916666666666666,1.7461537870320925,28.685715005082987,0.7022633333333335,6,0.12244897959183673,14.534000492095947,0.5882352941176471,16,2,2.7040000915527345,1.9313762175518248
510732730,MembTV,2026,2026-10-02T11:45:07.000Z,8-player unranked Rage Forest 2026 (Custom),2026-10-02,Rage Forest 2026 (Custom),220,59,196407,1,49.19745100857649,Feudal request +5-10,300.0,177.51478688906653,181,107,61.17800207138062,36.16600122451782,86.39999999999999,96,17,106,9,0.08490566037735849,0.5405325260772074,10.477632781340256,0.41712999999999867,44,0.411214953271028,21.294000720977785,0.3595505617977528,29,5,9.126000308990477,1.5392128956859557
510732730,MembTV,2026,2026-10-02T11:45:07.000Z,8-player unranked Rage Forest 2026 (Custom),2026-10-02,Rage Forest 2026 (Custom),220,59,196407,1,49.19745100857649,Castle request +0-5,300.0000000000001,177.51478688906658,134,81,45.292001533508284,27.378000926971424,68.39999999999999,78,17,80,9,0.1125,1.1369822100244171,19.382070349673988,0.490893333333333,29,0.35802469135802467,17.57600059509277,0.3548387096774194,28,4,4.732000160217284,1.7220564112710375
510732730,MembTV,2026,2026-10-02T11:45:07.000Z,8-player unranked Rage Forest 2026 (Custom),2026-10-02,Rage Forest 2026 (Custom),220,59,196407,1,49.19745100857649,Castle request +5-10,300.0,177.51478688906653,209,133,70.64200239181518,44.9540015220642,84.0,84,17,132,5,0.03787878787878788,0.6035502754227551,8.424650602329915,0.20673666666666565,45,0.3383458646616541,29.744001007080076,0.3894736842105263,22,8,16.900000572204586,1.605824347027292
510732730,MembTV,2026,2026-10-02T11:45:07.000Z,8-player unranked Rage Forest 2026 (Custom),2026-10-02,Rage Forest 2026 (Custom),220,59,196407,1,49.19745100857649,Imperial request +0-5,300.0,177.51478688906653,193,99,65.23400220870971,33.462001132965085,64.79999999999998,84,17,98,10,0.10204081632653061,0.6213017541117054,9.72958546938967,0.42880000000000196,33,0.3333333333333333,22.308000755310058,0.3148148148148148,37,13,16.562000560760495,2.0217090902113495
510732730,MembTV,2026,2026-10-02T11:45:07.000Z,8-player unranked Rage Forest 2026 (Custom),2026-10-02,Rage Forest 2026 (Custom),220,59,196407,1,49.19745100857649,Imperial request +5-10,300.0000000000002,177.51478688906664,318,180,107.48400363922111,60.840002059936474,97.19999999999999,102,17,179,4,0.0223463687150838,0.37278105246710425,6.416804516465946,0.15399999999999928,73,0.40555555555555556,36.16600122451779,0.47435897435897434,49,10,29.068000984191873,1.6376517074227919
510729249,MembTV,2026,2026-10-02T11:20:33.000Z,8-player unranked Rage Forest 2026 (Custom),2026-10-02,Rage Forest 2026 (Custom),220,51,196407,1,49.19745100857649,0-10,600,355.02957377813306,494,411,83.48600282669067,69.45900235176086,175.7999999999998,228,35,410,9,0.02195121951219512,0.24852070164470774,6.379147713007243,0.20590500000000028,189,0.45985401459854014,37.518001270294185,0.2715736040609137,27,2,3.887000131607055,0.9570161329310846
510729249,MembTV,2026,2026-10-02T11:20:33.000Z,8-player unranked Rage Forest 2026 (Custom),2026-10-02,Rage Forest 2026 (Custom),220,51,196407,1,49.19745100857649,10-20,600,355.02957377813306,416,311,70.30400238037109,52.55900177955627,96.0,108,35,310,13,0.041935483870967745,0.4721893331249021,7.613242345779163,0.2598649999999992,126,0.40514469453376206,31.26500105857849,0.42424242424242425,53,3,6.084000205993652,1.6528012394865383
510729249,MembTV,2026,2026-10-02T11:20:33.000Z,8-player unranked Rage Forest 2026 (Custom),2026-10-02,Rage Forest 2026 (Custom),220,51,196407,1,49.19745100857649,20-30,600,355.02957377813306,557,435,94.13300318717957,73.51500248908995,147.59999999999997,186,35,434,7,0.016129032258064516,0.24852070164473616,5.995810447879858,0.1533699999999999,223,0.5126436781609195,35.828001213073726,0.30952380952380953,52,4,7.9430002689361565,1.627164326412594
510729249,MembTV,2026,2026-10-02T11:20:33.000Z,8-player unranked Rage Forest 2026 (Custom),2026-10-02,Rage Forest 2026 (Custom),220,51,196407,1,49.19745100857649,Feudal request +0-5,300.00000000000006,177.51478688906656,193,154,65.23400220870971,52.05200176239012,105.59999999999994,168,17,153,9,0.058823529411764705,0.49704140328937196,7.793916895874818,0.35189333333333356,45,0.2922077922077922,36.842001247405996,0.35714285714285715,23,2,3.380000114440917,1.69260490780721
510729249,MembTV,2026,2026-10-02T11:20:33.000Z,8-player unranked Rage Forest 2026 (Custom),2026-10-02,Rage Forest 2026 (Custom),220,51,196407,1,49.19745100857649,Feudal request +5-10,300.0,177.51478688906653,215,164,72.67000246047974,55.43200187683105,106.79999999999998,126,17,163,7,0.04294478527607362,0.24852070164473616,7.8569109765821965,0.29099999999999987,84,0.5121951219512195,27.040000915527344,0.3841059602649007,22,2,6.084000205993652,1.285913463521303
510725857,MembTV,2026,2026-10-02T10:59:11.000Z,8-player unranked Rage Forest 2026 (Custom),2026-10-02,Rage Forest 2026 (Custom),220,44,196407,1,49.19745100857649,0-10,600,355.02957377813306,355,264,59.99500203132629,44.616001510620116,127.79999999999998,150,35,263,14,0.053231939163498096,0.3698224726855557,12.74121850351579,0.4208933333333335,121,0.4583333333333333,24.16700081825256,0.3861788617886179,32,2,3.7180001258850095,1.2832025411590458
510725857,MembTV,2026,2026-10-02T10:59:11.000Z,8-player unranked Rage Forest 2026 (Custom),2026-10-02,Rage Forest 2026 (Custom),220,44,196407,1,49.19745100857649,10-20,600,355.02957377813306,418,318,70.64200239181518,53.74200181961059,99.59999999999997,126,35,317,13,0.04100946372239748,0.2514792814262181,8.434378412651462,0.27560333333333353,162,0.5094339622641509,26.36400089263916,0.379182156133829,25,3,5.408000183105469,1.682224346492245
510725857,MembTV,2026,2026-10-02T10:59:11.000Z,8-player unranked Rage Forest 2026 (Custom),2026-10-02,Rage Forest 2026 (Custom),220,44,196407,1,49.19745100857649,Feudal request +0-5,299.99999999999994,177.5147868890665,163,112,55.09400186538697,37.85600128173828,77.99999999999997,102,17,111,7,0.06306306306306306,0.6065088552042965,12.5219640730695,0.4020000000000003,44,0.39285714285714285,22.984000778198247,0.47368421052631576,22,2,3.3800001144409184,1.545291487738271
510725857,MembTV,2026,2026-10-02T10:59:11.000Z,8-player unranked Rage Forest 2026 (Custom),2026-10-02,Rage Forest 2026 (Custom),220,44,196407,1,49.19745100857649,Feudal request +5-10,300.0,177.51478688906653,196,142,66.24800224304198,47.996001625061034,100.79999999999998,120,17,141,8,0.05673758865248227,0.2514792814262137,8.619881364950533,0.3426400000000004,82,0.5774647887323944,20.280000686645508,0.368,15,2,6.084000205993652,1.456986331217454
510718973,MembTV,2026,2026-10-02T09:59:08.000Z,8-player unranked Rage Forest 2026 (Custom),2026-10-02,Rage Forest 2026 (Custom),220,31,196407,2,49.19745100857649,0-10,600,355.02957377813306,420,339,70.98000240325928,57.29100193977355,114.0,132,35,338,10,0.029585798816568046,0.24615383781950761,8.389153562111662,0.22490166666666636,172,0.5073746312684366,28.223000955581664,0.25925925925925924,26,2,4.225000143051147,0.9665236603115193
510718973,MembTV,2026,2026-10-02T09:59:08.000Z,8-player unranked Rage Forest 2026 (Custom),2026-10-02,Rage Forest 2026 (Custom),220,31,196407,2,49.19745100857649,10-20,600,355.02957377813306,338,227,57.12200193405151,38.363001298904415,110.99999999999991,132,35,226,22,0.09734513274336283,0.3615384492973961,10.999999627559149,0.5437849999999992,106,0.4669603524229075,20.44900069236755,0.29411764705882354,23,3,5.408000183105469,1.6756296735146856
510718973,MembTV,2026,2026-10-02T09:59:08.000Z,8-player unranked Rage Forest 2026 (Custom),2026-10-02,Rage Forest 2026 (Custom),220,31,196407,2,49.19745100857649,20-30,600,355.02957377813306,406,289,68.61400232315063,48.84100165367126,114.59999999999988,192,35,288,15,0.052083333333333336,0.2538461452512877,12.54821851005039,0.4085566666666677,150,0.5190311418685121,23.49100079536438,0.39147286821705424,62,4,4.9010001659393305,1.4813967252760403
510718973,MembTV,2026,2026-10-02T09:59:08.000Z,8-player unranked Rage Forest 2026 (Custom),2026-10-02,Rage Forest 2026 (Custom),220,31,196407,2,49.19745100857649,30-40,600,355.02957377813306,324,177,54.75600185394287,29.913001012802123,78.0,126,35,176,25,0.14204545454545456,0.3727810524670332,13.699703678163722,0.6446999999999995,46,0.2598870056497175,22.13900074958801,0.4044943820224719,60,10,14.703000497817992,2.2420067395272865
510718973,MembTV,2026,2026-10-02T09:59:08.000Z,8-player unranked Rage Forest 2026 (Custom),2026-10-02,Rage Forest 2026 (Custom),220,31,196407,2,49.19745100857649,40-50,600,355.02957377813306,444,258,75.03600254058837,43.60200147628784,85.79999999999998,174,35,257,15,0.058365758754863814,0.36923075672913797,9.756922746570611,0.34193333333333314,92,0.35658914728682173,28.05400094985962,0.3388888888888889,137,25,19.26600065231323,1.972930130588111
510718973,MembTV,2026,2026-10-02T09:59:08.000Z,8-player unranked Rage Forest 2026 (Custom),2026-10-02,Rage Forest 2026 (Custom),220,31,196407,2,49.19745100857649,50-60,600,355.02957377813306,446,243,75.37400255203247,41.06700139045715,84.0,222,35,242,16,0.06611570247933884,0.7420118091962422,10.531538104958845,0.3988433333333326,63,0.25925925925925924,30.420001029968258,0.4155844155844156,93,28,16.39300055503845,2.12676520357542
510718973,MembTV,2026,2026-10-02T09:59:08.000Z,8-player unranked Rage Forest 2026 (Custom),2026-10-02,Rage Forest 2026 (Custom),220,31,196407,2,49.19745100857649,60-70,600,355.02957377813306,479,240,80.95100274085998,40.560001373291016,95.39999999999995,120,35,239,21,0.08786610878661087,0.36923075672913797,12.989538021735546,0.5128866666666705,100,0.4166666666666667,23.660000801086426,0.33157894736842103,87,37,17.069000577926634,1.6670037847161827
510718973,MembTV,2026,2026-10-02T09:59:08.000Z,8-player unranked Rage Forest 2026 (Custom),2026-10-02,Rage Forest 2026 (Custom),220,31,196407,2,49.19745100857649,Feudal request +0-5,299.99999999999994,177.5147868890665,137,95,46.30600156784058,32.11000108718873,87.59999999999992,174,17,94,12,0.1276595744680851,0.3615384492973899,11.296845771354603,0.634816666666666,43,0.45263157894736844,17.576000595092776,0.2962962962962963,22,2,4.394000148773194,1.567132518012694
510718973,MembTV,2026,2026-10-02T09:59:08.000Z,8-player unranked Rage Forest 2026 (Custom),2026-10-02,Rage Forest 2026 (Custom),220,31,196407,2,49.19745100857649,Feudal request +5-10,300.0,177.51478688906653,219,169,74.0220025062561,57.12200193405151,112.79999999999995,156,17,168,7,0.041666666666666664,0.23846153038766715,9.655999673064649,0.3168966666666665,91,0.5384615384615384,26.36400089263916,0.27586206896551724,19,2,5.070000171661377,1.5841061524201667
510718973,MembTV,2026,2026-10-02T09:59:08.000Z,8-player unranked Rage Forest 2026 (Custom),2026-10-02,Rage Forest 2026 (Custom),220,31,196407,2,49.19745100857649,Castle request +0-5,300.0,177.51478688906653,135,82,45.63000154495239,27.716000938415526,63.59999999999999,78,17,81,11,0.13580246913580246,0.6213017541117125,16.19431897831576,0.6282499999999996,24,0.2926829268292683,19.604000663757322,0.4117647058823529,19,7,5.746000194549561,2.1582694870912453
510718973,MembTV,2026,2026-10-02T09:59:08.000Z,8-player unranked Rage Forest 2026 (Custom),2026-10-02,Rage Forest 2026 (Custom),220,31,196407,2,49.19745100857649,Castle request +5-10,300.0,177.51478688906653,169,101,57.12200193405151,34.13800115585327,77.99999999999996,126,17,100,11,0.11,0.24852070164473616,12.058224443800441,0.5998699999999979,32,0.31683168316831684,23.322000789642335,0.34545454545454546,25,9,16.900000572204586,2.066943140303451
510718973,MembTV,2026,2026-10-02T09:59:08.000Z,8-player unranked Rage Forest 2026 (Custom),2026-10-02,Rage Forest 2026 (Custom),220,31,196407,2,49.19745100857649,Imperial request +0-5,300.0,177.51478688906653,214,124,72.33200244903564,41.91200141906739,116.39999999999999,126,17,123,11,0.08943089430894309,0.24852070164473616,11.670532149234718,0.534146666666667,54,0.43548387096774194,23.660000801086426,0.25925925925925924,65,15,18.590000629425045,2.007238166047103
510718973,MembTV,2026,2026-10-02T09:59:08.000Z,8-player unranked Rage Forest 2026 (Custom),2026-10-02,Rage Forest 2026 (Custom),220,31,196407,2,49.19745100857649,Imperial request +5-10,300.0,177.51478688906653,199,116,67.26200227737426,39.208001327514644,85.19999999999997,114,17,115,7,0.06086956521739131,0.3763313482048005,8.96662691534051,0.34220999999999996,36,0.3103448275862069,27.040000915527344,0.36904761904761907,93,17,14.872000503540038,1.8433507813175798
510617671,MembTV,2026,2026-10-01T21:09:04.000Z,8-player unranked Rage Forest 2026 (Custom),2026-10-01,Rage Forest 2026 (Custom),220,32,196407,1,49.194713101569505,0-10,600,355.02957377813306,522,444,88.21800298690796,75.03600254058837,179.39999999999995,210,35,443,10,0.022573363431151242,0.24852070164469353,6.457739426322556,0.19606166666666627,269,0.6058558558558559,29.57500100135803,0.26450116009280744,29,3,4.732000160217284,1.0607774321219203
510617671,MembTV,2026,2026-10-01T21:09:04.000Z,8-player unranked Rage Forest 2026 (Custom),2026-10-01,Rage Forest 2026 (Custom),220,32,196407,1,49.194713101569505,10-20,600,355.02957377813306,436,337,73.684002494812,56.95300192832946,124.19999999999985,174,35,336,12,0.03571428571428571,0.2499999915354465,7.9227512110393645,0.2624333333333327,178,0.5281899109792285,26.871000909805296,0.3927392739273927,32,4,5.746000194549561,1.4714237273889978
510617671,MembTV,2026,2026-10-01T21:09:04.000Z,8-player unranked Rage Forest 2026 (Custom),2026-10-01,Rage Forest 2026 (Custom),220,32,196407,1,49.194713101569505,20-30,600,355.02957377813306,439,343,74.19100251197816,57.96700196266174,139.19999999999993,162,35,342,13,0.038011695906432746,0.24852070164473616,8.788064791208853,0.2883800000000001,170,0.4956268221574344,29.237000989913938,0.30662020905923343,47,9,7.098000240325928,1.6439749898074305
510617671,MembTV,2026,2026-10-01T21:09:04.000Z,8-player unranked Rage Forest 2026 (Custom),2026-10-01,Rage Forest 2026 (Custom),220,32,196407,1,49.194713101569505,30-40,600,355.02957377813306,438,299,74.0220025062561,50.531001710891715,113.39999999999995,138,35,298,13,0.0436241610738255,0.4923076756391396,8.178402089957547,0.2554866666666657,119,0.3979933110367893,30.420001029968258,0.37333333333333335,77,13,11.999000406265258,1.8734864396112203
510617671,MembTV,2026,2026-10-01T21:09:04.000Z,8-player unranked Rage Forest 2026 (Custom),2026-10-01,Rage Forest 2026 (Custom),220,32,196407,1,49.194713101569505,40-50,600,355.02957377813306,500,294,84.50000286102295,49.68600168228149,98.99999999999991,174,35,293,10,0.034129692832764506,0.37278105246710425,8.573538171253434,0.2258333333333338,109,0.3707482993197279,31.26500105857849,0.4088888888888889,136,18,19.942000675201413,1.820498986014054
510617671,MembTV,2026,2026-10-01T21:09:04.000Z,8-player unranked Rage Forest 2026 (Custom),2026-10-01,Rage Forest 2026 (Custom),220,32,196407,1,49.194713101569505,Feudal request +0-5,300.0,177.51478688906653,185,133,62.53000211715698,44.9540015220642,110.39999999999999,120,17,132,10,0.07575757575757576,0.24852070164473616,9.613289615339138,0.4340133333333324,68,0.5112781954887218,21.970000743865967,0.3445378151260504,20,4,5.408000183105469,1.4423534348878881
510617671,MembTV,2026,2026-10-01T21:09:04.000Z,8-player unranked Rage Forest 2026 (Custom),2026-10-01,Rage Forest 2026 (Custom),220,32,196407,1,49.194713101569505,Feudal request +5-10,300.0,177.51478688906653,237,188,80.10600271224976,63.54400215148925,104.39999999999995,162,17,187,3,0.016042780748663103,0.2485207016446651,6.92652047553918,0.16083333333333302,98,0.5212765957446809,30.420001029968258,0.3448275862068966,23,4,6.084000205993652,1.3207161001125833
510617671,MembTV,2026,2026-10-01T21:09:04.000Z,8-player unranked Rage Forest 2026 (Custom),2026-10-01,Rage Forest 2026 (Custom),220,32,196407,1,49.194713101569505,Castle request +0-5,300.0,177.51478688906653,207,174,69.966002368927,58.81200199127197,139.2,144,17,173,5,0.028901734104046242,0.24852070164473616,9.572283699567818,0.2812800000000007,94,0.5402298850574713,27.040000915527344,0.2465753424657534,23,3,2.7040000915527345,1.6156082242547578
510617671,MembTV,2026,2026-10-01T21:09:04.000Z,8-player unranked Rage Forest 2026 (Custom),2026-10-01,Rage Forest 2026 (Custom),220,32,196407,1,49.194713101569505,Castle request +5-10,300.0,177.51478688906653,229,166,77.40200262069702,56.10800189971924,110.39999999999995,168,17,165,8,0.048484848484848485,0.24852070164473616,7.42991690819924,0.29547999999999935,70,0.42168674698795183,32.44800109863281,0.38235294117647056,34,8,12.168000411987304,1.7004567644089312
510617671,MembTV,2026,2026-10-01T21:09:04.000Z,8-player unranked Rage Forest 2026 (Custom),2026-10-01,Rage Forest 2026 (Custom),220,32,196407,1,49.194713101569505,Imperial request +0-5,300.0,177.51478688906653,197,126,66.58600225448609,42.58800144195557,70.79999999999998,90,17,125,6,0.048,0.6213017541115704,8.123834044467818,0.22945999999999903,40,0.31746031746031744,29.068000984191894,0.42168674698795183,55,12,11.154000377655029,2.0738960239830586
510617671,MembTV,2026,2026-10-01T21:09:04.000Z,8-player unranked Rage Forest 2026 (Custom),2026-10-01,Rage Forest 2026 (Custom),220,32,196407,1,49.194713101569505,Imperial request +5-10,300.0,177.51478688906653,214,146,72.33200244903564,49.348001670837405,99.59999999999997,138,17,145,4,0.027586206896551724,0.4970414032894723,8.271431672606278,0.1903399999999995,50,0.3424657534246575,32.44800109863281,0.45714285714285713,55,11,13.858000469207763,1.9347996813765334
510612190,MembTV,2026,2026-10-01T20:41:09.000Z,8-player unranked Rage Forest 2026 (Custom),2026-10-01,Rage Forest 2026 (Custom),220,30,196407,6,49.194713101569505,0-10,600,355.02957377813306,502,427,84.83800287246703,72.16300244331359,134.99999999999991,228,35,426,6,0.014084507042253521,0.25147928142618525,5.266272011042339,0.11583333333333362,224,0.5245901639344263,34.307001161575315,0.2773722627737226,26,2,3.887000131607055,0.9843058817702467
510612190,MembTV,2026,2026-10-01T20:41:09.000Z,8-player unranked Rage Forest 2026 (Custom),2026-10-01,Rage Forest 2026 (Custom),220,30,196407,6,49.194713101569505,10-20,600,355.02957377813306,407,334,68.78300232887268,56.44600191116333,123.59999999999997,144,35,333,14,0.042042042042042045,0.25147928142615683,8.998011529662536,0.3341983333333343,155,0.46407185628742514,30.251001024246214,0.27424749163879597,28,3,3.7180001258850095,1.5143502039509917
510612190,MembTV,2026,2026-10-01T20:41:09.000Z,8-player unranked Rage Forest 2026 (Custom),2026-10-01,Rage Forest 2026 (Custom),220,30,196407,6,49.194713101569505,20-30,600,355.02957377813306,652,490,110.18800373077391,82.81000280380249,194.99999999999991,234,35,489,5,0.010224948875255624,0.2366863825186698,4.9097039757777905,0.19435666666666668,261,0.5326530612244897,38.70100131034851,0.28699551569506726,53,6,9.802000331878661,1.3742254395548335
510612190,MembTV,2026,2026-10-01T20:41:09.000Z,8-player unranked Rage Forest 2026 (Custom),2026-10-01,Rage Forest 2026 (Custom),220,30,196407,6,49.194713101569505,30-40,600,355.02957377813306,542,392,91.59800310134887,66.24800224304198,137.39999999999995,186,35,391,16,0.04092071611253197,0.2538461452512819,6.564851848731526,0.3040400000000011,209,0.5331632653061225,30.927001047134397,0.2485207100591716,42,9,12.168000411987304,1.4568318203799966
510612190,MembTV,2026,2026-10-01T20:41:09.000Z,8-player unranked Rage Forest 2026 (Custom),2026-10-01,Rage Forest 2026 (Custom),220,30,196407,6,49.194713101569505,Feudal request +0-5,300.0,177.51478688906653,241,203,81.45800275802613,68.61400232315063,139.2,144,17,202,5,0.024752475247524754,0.25147928142615683,6.761538232604585,0.19560000000000052,96,0.4729064039408867,36.16600122451782,0.27807486631016043,24,2,3.7180001258850095,1.3128896358738746
510612190,MembTV,2026,2026-10-01T20:41:09.000Z,8-player unranked Rage Forest 2026 (Custom),2026-10-01,Rage Forest 2026 (Custom),220,30,196407,6,49.194713101569505,Feudal request +5-10,299.9999999999999,177.51478688906644,195,163,65.91000223159793,55.094001865386986,101.99999999999997,126,17,162,6,0.037037037037037035,0.31065087705585603,7.45666246942387,0.26929666666666746,70,0.4294478527607362,31.43400106430055,0.33098591549295775,19,2,3.3800001144409197,1.5984248389601365
510612190,MembTV,2026,2026-10-01T20:41:09.000Z,8-player unranked Rage Forest 2026 (Custom),2026-10-01,Rage Forest 2026 (Custom),220,30,196407,6,49.194713101569505,Castle request +0-5,300.0,177.51478688906653,207,138,69.966002368927,46.64400157928467,176.39999999999995,234,17,137,8,0.058394160583941604,0.2366863825188119,18.11455559969034,0.5524033333333348,88,0.6376811594202898,16.900000572204586,0.16129032258064516,22,4,4.732000160217284,1.4855052526868027
510612190,MembTV,2026,2026-10-01T20:41:09.000Z,8-player unranked Rage Forest 2026 (Custom),2026-10-01,Rage Forest 2026 (Custom),220,30,196407,6,49.194713101569505,Castle request +5-10,300.0,177.51478688906653,375,300,126.75000429153442,101.40000343322754,178.79999999999998,198,17,299,1,0.0033444816053511705,0.23431951869368106,4.398177365878246,0.05840999999999979,148,0.49333333333333335,51.37600173950195,0.33807829181494664,36,5,11.154000377655029,1.2827990226573622
510612190,MembTV,2026,2026-10-01T20:41:09.000Z,8-player unranked Rage Forest 2026 (Custom),2026-10-01,Rage Forest 2026 (Custom),220,30,196407,6,49.194713101569505,Imperial request +0-5,300.0,177.51478688906653,278,203,93.96400318145751,68.61400232315063,173.99999999999994,222,17,202,9,0.04455445544554455,0.23431951869369527,6.463899189427775,0.32824000000000375,111,0.5467980295566502,31.09600105285644,0.20348837209302326,19,9,11.154000377655029,1.2645590211212419
510514824,MembTV,2026,2026-10-01T12:07:31.000Z,8-player unranked Rage Forest 2026 (Custom),2026-10-01,Rage Forest 2026 (Custom),220,11,196407,1,49.194713101569505,0-10,600,355.02957377813306,400,329,67.60000228881835,55.6010018825531,119.39999999999995,138,35,328,11,0.03353658536585366,0.4272189204463359,7.1750175085456975,0.20540166666666687,136,0.4133738601823708,32.617001104354856,0.3409090909090909,31,1,5.070000171661377,1.1151264599610524
510514824,MembTV,2026,2026-10-01T12:07:31.000Z,8-player unranked Rage Forest 2026 (Custom),2026-10-01,Rage Forest 2026 (Custom),220,11,196407,1,49.194713101569505,10-20,600,355.02957377813306,526,434,88.89400300979614,73.34600248336793,183.59999999999997,204,35,433,4,0.009237875288683603,0.24852070164473616,4.463171446518035,0.09243166666666668,223,0.5138248847926268,35.65900120735168,0.10432569974554708,20,3,4.056000137329101,0.8904216432650578
510514824,MembTV,2026,2026-10-01T12:07:31.000Z,8-player unranked Rage Forest 2026 (Custom),2026-10-01,Rage Forest 2026 (Custom),220,11,196407,1,49.194713101569505,20-30,600,355.02957377813306,313,196,52.89700179100036,33.12400112152099,86.99999999999991,120,35,195,22,0.11282051282051282,0.6053254232916743,10.353620951219511,0.4790083333333339,55,0.28061224489795916,23.82900080680847,0.36752136752136755,29,14,12.506000423431397,1.9091410434104592
510514824,MembTV,2026,2026-10-01T12:07:31.000Z,8-player unranked Rage Forest 2026 (Custom),2026-10-01,Rage Forest 2026 (Custom),220,11,196407,1,49.194713101569505,30-40,600,355.02957377813306,598,406,101.06200342178343,68.61400232315063,129.59999999999997,150,35,405,9,0.022222222222222223,0.24852070164473616,6.706934684157502,0.185925,202,0.4975369458128079,34.47600116729736,0.33429394812680113,89,22,19.77300066947937,1.6519944218485938
510514824,MembTV,2026,2026-10-01T12:07:31.000Z,8-player unranked Rage Forest 2026 (Custom),2026-10-01,Rage Forest 2026 (Custom),220,11,196407,1,49.194713101569505,Feudal request +0-5,300.0,177.51478688906653,280,252,94.6400032043457,85.17600288391114,166.79999999999995,210,17,251,0,0.0,0.24852070164467932,3.8014791612293664,0.0,138,0.5476190476190477,38.53200130462646,0.10699588477366255,16,1,1.0140000343322753,0.6532764312205037
510514824,MembTV,2026,2026-10-01T12:07:31.000Z,8-player unranked Rage Forest 2026 (Custom),2026-10-01,Rage Forest 2026 (Custom),220,11,196407,1,49.194713101569505,Feudal request +5-10,300.0000000000001,177.51478688906658,215,153,72.67000246047971,51.714001750946025,86.39999999999999,96,17,152,4,0.02631578947368421,0.3786982120299385,9.169834009051984,0.19631333333333276,66,0.43137254901960786,29.406000995635974,0.11864406779661017,10,3,8.450000286102291,1.226360841499657
510514824,MembTV,2026,2026-10-01T12:07:31.000Z,8-player unranked Rage Forest 2026 (Custom),2026-10-01,Rage Forest 2026 (Custom),220,11,196407,1,49.194713101569505,Castle request +0-5,300.0000000000001,177.51478688906658,231,173,78.07800264358517,58.474001979827854,111.6,126,17,172,3,0.01744186046511628,0.302366853667678,7.052408045241345,0.1536933333333328,86,0.49710982658959535,29.406000995635974,0.10666666666666667,15,3,4.394000148773192,1.0147137366567278
510514824,MembTV,2026,2026-10-01T12:07:31.000Z,8-player unranked Rage Forest 2026 (Custom),2026-10-01,Rage Forest 2026 (Custom),220,11,196407,1,49.194713101569505,Castle request +5-10,300.0,177.51478688906653,173,115,58.474001979827875,38.87000131607056,86.39999999999999,96,17,114,11,0.09649122807017543,0.6153845945488108,7.508289686610755,0.397223333333334,35,0.30434782608695654,27.040000915527344,0.28169014084507044,7,5,13.18200044631958,1.674178671751812
510514824,MembTV,2026,2026-10-01T12:07:31.000Z,8-player unranked Rage Forest 2026 (Custom),2026-10-01,Rage Forest 2026 (Custom),220,11,196407,1,49.194713101569505,Imperial request +0-5,300.0,177.51478688906653,153,82,51.71400175094604,27.716000938415526,44.39999999999999,54,17,81,11,0.13580246913580246,0.8591715685431041,11.477751090673237,0.503943333333334,15,0.18292682926829268,22.64600076675415,0.5348837209302325,27,13,15.54800052642822,1.968634190487121
510514824,MembTV,2026,2026-10-01T12:07:31.000Z,8-player unranked Rage Forest 2026 (Custom),2026-10-01,Rage Forest 2026 (Custom),220,11,196407,1,49.194713101569505,Imperial request +5-10,300.0,177.51478688906653,318,228,107.48400363922119,77.06400260925292,133.2,162,17,227,4,0.01762114537444934,0.24852070164473616,6.031384411172497,0.13958999999999905,121,0.5307017543859649,36.16600122451782,0.29081632653061223,38,16,21.294000720977785,1.62273251951875
510508710,MembTV,2026,2026-10-01T11:18:41.000Z,8-player unranked Rage Forest 2026 (Custom),2026-10-01,Rage Forest 2026 (Custom),220,35,196407,8,49.194713101569505,0-10,600,355.02957377813306,493,393,83.31700282096863,66.41700224876404,193.79999999999998,216,35,392,11,0.02806122448979592,0.24615383781950584,8.053845881156919,0.2701616666666665,216,0.549618320610687,29.913001012802123,0.356353591160221,33,1,5.408000183105469,1.373842684250337
510508710,MembTV,2026,2026-10-01T11:18:41.000Z,8-player unranked Rage Forest 2026 (Custom),2026-10-01,Rage Forest 2026 (Custom),220,35,196407,8,49.194713101569505,10-20,600,355.02957377813306,322,223,54.418001842498775,37.68700127601623,79.79999999999998,150,35,222,17,0.07657657657657657,0.36153844929739876,14.069076446722436,0.4904099999999999,100,0.4484304932735426,20.787000703811643,0.40828402366863903,21,2,4.732000160217284,1.8542908849071515
510508710,MembTV,2026,2026-10-01T11:18:41.000Z,8-player unranked Rage Forest 2026 (Custom),2026-10-01,Rage Forest 2026 (Custom),220,35,196407,8,49.194713101569505,20-30,600,355.02957377813306,375,323,63.37500214576721,54.58700184822082,123.59999999999997,162,35,322,13,0.040372670807453416,0.3186390424658043,9.79792866234209,0.3412283333333337,157,0.48606811145510836,28.05400094985962,0.40145985401459855,41,3,3.380000114440918,1.6707828767086714
510508710,MembTV,2026,2026-10-01T11:18:41.000Z,8-player unranked Rage Forest 2026 (Custom),2026-10-01,Rage Forest 2026 (Custom),220,35,196407,8,49.194713101569505,30-40,600,355.02957377813306,375,274,63.37500214576721,46.306001567840575,85.19999999999993,108,35,273,15,0.054945054945054944,0.4970414032894723,8.485739357658002,0.31614000000000064,87,0.3175182481751825,31.60300107002258,0.42105263157894735,52,8,6.422000217437744,1.857717211940018
510508710,MembTV,2026,2026-10-01T11:18:41.000Z,8-player unranked Rage Forest 2026 (Custom),2026-10-01,Rage Forest 2026 (Custom),220,35,196407,8,49.194713101569505,40-50,600,355.02957377813306,479,288,80.95100274085998,48.672001647949216,99.59999999999997,180,35,287,16,0.05574912891986063,0.24852070164473616,8.27415356600527,0.3312366666666644,99,0.34375,31.941001081466677,0.36,94,14,13.18200044631958,1.6569904063308243
510508710,MembTV,2026,2026-10-01T11:18:41.000Z,8-player unranked Rage Forest 2026 (Custom),2026-10-01,Rage Forest 2026 (Custom),220,35,196407,8,49.194713101569505,Feudal request +0-5,300.0,177.51478688906653,142,93,47.996001625061034,31.434001064300535,67.19999999999999,72,17,92,9,0.09782608695652174,0.4192307550363523,14.143999521108755,0.5288833333333328,40,0.43010752688172044,17.914000606536863,0.4375,20,2,4.732000160217284,1.6005193953291055
510508710,MembTV,2026,2026-10-01T11:18:41.000Z,8-player unranked Rage Forest 2026 (Custom),2026-10-01,Rage Forest 2026 (Custom),220,35,196407,8,49.194713101569505,Feudal request +5-10,300.0000000000001,177.51478688906658,177,127,59.826002025604225,42.92600145339964,92.39999999999995,150,17,126,8,0.06349206349206349,0.3615384492973934,13.781691841068216,0.4519366666666669,55,0.4330708661417323,24.3360008239746,0.4,18,2,4.732000160217284,1.9525615768456959
510508710,MembTV,2026,2026-10-01T11:18:41.000Z,8-player unranked Rage Forest 2026 (Custom),2026-10-01,Rage Forest 2026 (Custom),220,35,196407,8,49.194713101569505,Castle request +0-5,300.0,177.51478688906653,190,160,64.22000217437744,54.08000183105469,142.79999999999998,162,17,159,8,0.050314465408805034,0.24852070164473616,13.51704096245482,0.47463666666666615,88,0.55,24.336000823974608,0.3586206896551724,26,3,4.394000148773193,1.442031914201349
510508710,MembTV,2026,2026-10-01T11:18:41.000Z,8-player unranked Rage Forest 2026 (Custom),2026-10-01,Rage Forest 2026 (Custom),220,35,196407,8,49.194713101569505,Castle request +5-10,300.0,177.51478688906653,197,172,66.58600225448609,58.13600196838379,110.39999999999998,144,17,171,5,0.029239766081871343,0.4970414032894723,7.977514522794697,0.2078200000000008,75,0.436046511627907,32.7860011100769,0.4931506849315068,26,4,3.7180001258850095,1.6243562176110795
510508710,MembTV,2026,2026-10-01T11:18:41.000Z,8-player unranked Rage Forest 2026 (Custom),2026-10-01,Rage Forest 2026 (Custom),220,35,196407,8,49.194713101569505,Imperial request +0-5,300.0,177.51478688906653,178,147,60.16400203704834,49.68600168228149,82.79999999999998,102,17,146,4,0.0273972602739726,0.6213017541117098,6.989644733757065,0.15400000000000097,47,0.3197278911564626,33.80000114440917,0.5470085470085471,36,4,3.7180001258850095,1.8032036564050975
510508710,MembTV,2026,2026-10-01T11:18:41.000Z,8-player unranked Rage Forest 2026 (Custom),2026-10-01,Rage Forest 2026 (Custom),220,35,196407,8,49.194713101569505,Imperial request +5-10,299.9999999999998,177.5147868890664,170,128,57.46000194549565,43.26400146484379,67.19999999999997,96,17,127,9,0.07086614173228346,0.4970414032894048,8.667159469858824,0.40696000000000165,35,0.2734375,31.434001064300563,0.3068181818181818,36,3,6.760000228881841,1.9165943699975851
510382409,MembTV,2026,2026-09-30T19:59:20.000Z,8-player unranked Rage Forest 2026 (Custom),2026-09-30,Rage Forest 2026 (Custom),220,20,196407,1,49.19197519456252,0-10,600,355.02957377813306,463,374,78.24700264930725,63.20600214004516,157.79999999999998,240,35,373,10,0.02680965147453083,0.24852070164469353,7.589632879122902,0.2650183333333337,216,0.5775401069518716,26.702000904083253,0.3817663817663818,28,1,5.9150002002716064,1.3281987720041752
510382409,MembTV,2026,2026-09-30T19:59:20.000Z,8-player unranked Rage Forest 2026 (Custom),2026-09-30,Rage Forest 2026 (Custom),220,20,196407,1,49.19197519456252,10-20,600,355.02957377813306,256,170,43.26400146484375,28.730000972747803,87.59999999999997,144,35,169,24,0.14201183431952663,0.7455621049340664,15.614579352974369,0.6200750000000003,56,0.32941176470588235,19.26600065231323,0.3709677419354839,28,4,5.070000171661377,1.9756231374029114
510382409,MembTV,2026,2026-09-30T19:59:20.000Z,8-player unranked Rage Forest 2026 (Custom),2026-09-30,Rage Forest 2026 (Custom),220,20,196407,1,49.19197519456252,20-30,600,355.02957377813306,404,297,68.27600231170653,50.19300169944763,97.79999999999998,108,35,296,11,0.037162162162162164,0.6008875536194518,6.65272166824158,0.2227500000000004,110,0.37037037037037035,31.60300107002258,0.4,51,10,9.633000326156616,1.6906902251281655
510382409,MembTV,2026,2026-09-30T19:59:20.000Z,8-player unranked Rage Forest 2026 (Custom),2026-09-30,Rage Forest 2026 (Custom),220,20,196407,1,49.19197519456252,30-40,600,355.02957377813306,386,268,65.23400220870971,45.2920015335083,105.59999999999997,180,35,267,14,0.052434456928838954,0.3514792780403866,9.475277785692438,0.31403499999999895,89,0.332089552238806,30.251001024246214,0.3902439024390244,88,23,11.661000394821167,2.000252816956136
510382409,MembTV,2026,2026-09-30T19:59:20.000Z,8-player unranked Rage Forest 2026 (Custom),2026-09-30,Rage Forest 2026 (Custom),220,20,196407,1,49.19197519456252,40-50,600,355.02957377813306,637,439,107.65300364494324,74.19100251197816,139.79999999999998,180,35,438,11,0.02511415525114155,0.24852070164473616,7.5597867262871645,0.2364299999999979,224,0.510250569476082,36.33500123023987,0.373134328358209,95,28,20.11100068092346,1.438274775949034
510382409,MembTV,2026,2026-09-30T19:59:20.000Z,8-player unranked Rage Forest 2026 (Custom),2026-09-30,Rage Forest 2026 (Custom),220,20,196407,1,49.19197519456252,50-60,600,355.02957377813306,572,311,96.66800327301024,52.55900177955627,113.39999999999995,246,35,310,17,0.054838709677419356,0.24852070164473616,8.967875436008331,0.37378666666666727,126,0.40514469453376206,31.26500105857849,0.4126984126984127,148,34,21.294000720977785,1.8172444478840868
510382409,MembTV,2026,2026-09-30T19:59:20.000Z,8-player unranked Rage Forest 2026 (Custom),2026-09-30,Rage Forest 2026 (Custom),220,20,196407,1,49.19197519456252,60-70,600,355.02957377813306,580,357,98.02000331878662,60.33300204277039,108.0,108,35,356,16,0.0449438202247191,0.27692306754684637,9.198768919314794,0.33085333333333494,162,0.453781512605042,32.95500111579895,0.47540983606557374,126,38,21.80100073814392,1.6397541230793427
510382409,MembTV,2026,2026-09-30T19:59:20.000Z,8-player unranked Rage Forest 2026 (Custom),2026-09-30,Rage Forest 2026 (Custom),220,20,196407,1,49.19197519456252,70-80,600,355.02957377813306,588,326,99.37200336456299,55.09400186538696,95.39999999999995,132,35,325,15,0.046153846153846156,0.2556212931201003,9.19999968850388,0.3275166666666654,113,0.34662576687116564,35.99700121879577,0.518796992481203,165,49,24.505000829696655,1.7538369035581434
510382409,MembTV,2026,2026-09-30T19:59:20.000Z,8-player unranked Rage Forest 2026 (Custom),2026-09-30,Rage Forest 2026 (Custom),220,20,196407,1,49.19197519456252,80-90,600,355.02957377813306,534,256,90.2460030555725,43.26400146484375,91.79999999999998,102,35,255,19,0.07450980392156863,0.36923075672912375,10.467691953274283,0.4181116666666638,98,0.3828125,26.702000904083253,0.5069767441860465,131,34,25.012000846862794,1.6964167015554596
510382409,MembTV,2026,2026-09-30T19:59:20.000Z,8-player unranked Rage Forest 2026 (Custom),2026-09-30,Rage Forest 2026 (Custom),220,20,196407,1,49.19197519456252,90-100,600,355.02957377813306,547,211,92.4430031299591,35.65900120735168,73.79999999999998,84,35,210,23,0.10952380952380952,0.36923075672913797,9.825875406957993,0.49395499999999803,65,0.3080568720379147,24.674000835418703,0.5117647058823529,167,37,32.44800109863281,1.608595252037731
510382409,MembTV,2026,2026-09-30T19:59:20.000Z,8-player unranked Rage Forest 2026 (Custom),2026-09-30,Rage Forest 2026 (Custom),220,20,196407,1,49.19197519456252,100-110,600,355.02957377813306,644,278,108.83600368499755,46.98200159072876,90.59999999999988,186,35,277,23,0.08303249097472924,0.24497040590733832,8.922070703831267,0.4503633333333313,133,0.4784172661870504,24.505000829696655,0.42105263157894735,174,29,35.152001190185544,1.5358879248299504
510382409,MembTV,2026,2026-09-30T19:59:20.000Z,8-player unranked Rage Forest 2026 (Custom),2026-09-30,Rage Forest 2026 (Custom),220,20,196407,1,49.19197519456252,110-120,600,355.02957377813306,630,295,106.4700036048889,49.85500168800353,105.59999999999997,114,35,294,12,0.04081632653061224,0.24615383781960531,16.14951424610455,0.36429499999999887,113,0.38305084745762713,30.758001041412353,0.44921875,122,40,30.420001029968258,1.5901442909721646
510382409,MembTV,2026,2026-09-30T19:59:20.000Z,8-player unranked Rage Forest 2026 (Custom),2026-09-30,Rage Forest 2026 (Custom),220,20,196407,1,49.19197519456252,120-130,600,355.02957377813306,673,330,113.73700385093687,55.77000188827514,125.39999999999995,144,35,329,16,0.0486322188449848,0.24615383781960531,11.085443411648502,0.4172633333333321,150,0.45454545454545453,30.420001029968258,0.44654088050314467,171,35,29.237000989913938,1.1927130360621943
510382409,MembTV,2026,2026-09-30T19:59:20.000Z,8-player unranked Rage Forest 2026 (Custom),2026-09-30,Rage Forest 2026 (Custom),220,20,196407,1,49.19197519456252,Feudal request +0-5,300.0,177.51478688906653,140,110,47.32000160217285,37.18000125885009,112.79999999999995,156,17,109,12,0.11009174311926606,0.4970414032894084,12.678721464211673,0.5947900000000005,47,0.42727272727272725,21.294000720977785,0.3368421052631579,17,2,3.380000114440918,1.4664003400732053
510382409,MembTV,2026,2026-09-30T19:59:20.000Z,8-player unranked Rage Forest 2026 (Custom),2026-09-30,Rage Forest 2026 (Custom),220,20,196407,1,49.19197519456252,Feudal request +5-10,300.0000000000001,177.51478688906658,120,67,40.560001373291,22.646000766754142,49.199999999999996,54,17,66,12,0.18181818181818182,0.8639052961934794,17.171537880140132,0.5998766666666665,11,0.16417910447761194,18.928000640869136,0.48484848484848486,18,4,7.098000240325925,2.3160391381660794
510382409,MembTV,2026,2026-09-30T19:59:20.000Z,8-player unranked Rage Forest 2026 (Custom),2026-09-30,Rage Forest 2026 (Custom),220,20,196407,1,49.19197519456252,Castle request +0-5,300.0,177.51478688906653,208,156,70.30400238037109,52.72800178527832,103.19999999999999,108,17,155,5,0.03225806451612903,0.48816566394496874,8.205869544648797,0.22616000000000064,64,0.41025641025641024,31.09600105285644,0.35833333333333334,25,8,8.450000286102293,1.5998766379548595
510382409,MembTV,2026,2026-09-30T19:59:20.000Z,8-player unranked Rage Forest 2026 (Custom),2026-09-30,Rage Forest 2026 (Custom),220,20,196407,1,49.19197519456252,Castle request +5-10,300.0,177.51478688906653,207,145,69.966002368927,49.01000165939331,85.19999999999999,90,17,144,6,0.041666666666666664,0.6248520498495367,5.6152719992258255,0.18567999999999982,45,0.3103448275862069,33.80000114440917,0.4666666666666667,36,9,13.520000457763672,1.8162611936340862
510382409,MembTV,2026,2026-09-30T19:59:20.000Z,8-player unranked Rage Forest 2026 (Custom),2026-09-30,Rage Forest 2026 (Custom),220,20,196407,1,49.19197519456252,Imperial request +0-5,300.0,177.51478688906653,196,150,66.24800224304198,50.70000171661377,116.39999999999999,126,17,149,7,0.04697986577181208,0.2538461452514156,8.986934606960624,0.31227999999999856,58,0.38666666666666666,31.09600105285644,0.3673469387755102,53,8,9.464000320434568,1.9282851741262392
510382409,MembTV,2026,2026-09-30T19:59:20.000Z,8-player unranked Rage Forest 2026 (Custom),2026-09-30,Rage Forest 2026 (Custom),220,20,196407,1,49.19197519456252,Imperial request +5-10,300.0,177.51478688906653,200,124,67.60000228881835,41.91200141906739,75.6,90,17,123,8,0.06504065040650407,0.3514792780401166,9.6652896135785,0.3685299999999976,41,0.33064516129032256,28.05400094985962,0.35802469135802467,47,22,14.196000480651856,1.8343945328552862
510376686,MembTV,2026,2026-09-30T19:33:19.000Z,8-player unranked Rage Forest 2026 (Custom),2026-09-30,Rage Forest 2026 (Custom),220,26,196407,1,49.19197519456252,0-10,600,355.02957377813306,467,379,78.92300267219542,64.05100216865539,157.79999999999998,180,35,378,5,0.013227513227513227,0.357692295581451,6.551638831427362,0.11050999999999996,175,0.46174142480211083,34.47600116729736,0.2937853107344633,31,2,5.408000183105469,1.1525040347939577
510376686,MembTV,2026,2026-09-30T19:33:19.000Z,8-player unranked Rage Forest 2026 (Custom),2026-09-30,Rage Forest 2026 (Custom),220,26,196407,1,49.19197519456252,10-20,600,355.02957377813306,280,181,47.32000160217285,30.58900103569031,78.0,102,35,180,24,0.13333333333333333,0.6627218710525256,12.516484783314187,0.5606966666666654,61,0.3370165745856354,20.280000686645508,0.3597122302158273,34,5,4.5630001544952385,1.6861345933302365
510376686,MembTV,2026,2026-09-30T19:33:19.000Z,8-player unranked Rage Forest 2026 (Custom),2026-09-30,Rage Forest 2026 (Custom),220,26,196407,1,49.19197519456252,20-30,600,355.02957377813306,357,248,60.33300204277039,41.91200141906739,72.0,120,35,247,15,0.06072874493927125,0.6053254232916601,13.211360499431837,0.37235999999999997,79,0.3185483870967742,28.561000967025755,0.36129032258064514,52,11,10.985000371932983,1.8118132651888683
510376686,MembTV,2026,2026-09-30T19:33:19.000Z,8-player unranked Rage Forest 2026 (Custom),2026-09-30,Rage Forest 2026 (Custom),220,26,196407,1,49.19197519456252,Feudal request +0-5,300.0,177.51478688906653,105,73,35.49000120162964,24.674000835418703,60.0,60,17,72,11,0.1527777777777778,1.2121301364741726,12.071413792466398,0.5366199999999993,10,0.136986301369863,21.294000720977785,0.5,17,3,3.380000114440918,2.1348320109115524
510376686,MembTV,2026,2026-09-30T19:33:19.000Z,8-player unranked Rage Forest 2026 (Custom),2026-09-30,Rage Forest 2026 (Custom),220,26,196407,1,49.19197519456252,Feudal request +5-10,300.0,177.51478688906653,164,100,55.43200187683105,33.80000114440917,109.19999999999999,114,17,99,11,0.1111111111111111,0.48816566394495453,11.21030731274608,0.5995299999999986,42,0.42,19.604000663757322,0.34177215189873417,25,5,7.436000251770019,1.3480648277834402
510376686,MembTV,2026,2026-09-30T19:33:19.000Z,8-player unranked Rage Forest 2026 (Custom),2026-09-30,Rage Forest 2026 (Custom),220,26,196407,1,49.19197519456252,Castle request +0-5,299.9999999999999,177.51478688906644,160,111,54.080001831054716,37.51800127029421,88.79999999999995,132,17,110,11,0.1,0.48639051607604955,10.84308247310876,0.49506666666666604,46,0.4144144144144144,21.970000743865977,0.34444444444444444,24,5,5.070000171661379,1.462680576870027
510376686,MembTV,2026,2026-09-30T19:33:19.000Z,8-player unranked Rage Forest 2026 (Custom),2026-09-30,Rage Forest 2026 (Custom),220,26,196407,1,49.19197519456252,Castle request +5-10,300.0,177.51478688906653,167,105,56.44600191116333,35.49000120162964,73.19999999999999,78,17,104,6,0.057692307692307696,0.6053254232917382,15.57372728335161,0.4030799999999999,32,0.3047619047619048,24.674000835418703,0.3835616438356164,18,6,14.196000480651856,1.3834260616543474
510376686,MembTV,2026,2026-09-30T19:33:19.000Z,8-player unranked Rage Forest 2026 (Custom),2026-09-30,Rage Forest 2026 (Custom),220,26,196407,1,49.19197519456252,Imperial request +0-5,300.0,177.51478688906653,182,126,61.516002082824706,42.58800144195557,86.39999999999995,144,17,125,8,0.064,0.48816566394495453,8.773703844949495,0.3599800000000009,36,0.2857142857142857,30.420001029968258,0.391304347826087,39,13,11.154000377655029,2.0165298906010607
510376686,MembTV,2026,2026-09-30T19:33:19.000Z,8-player unranked Rage Forest 2026 (Custom),2026-09-30,Rage Forest 2026 (Custom),220,26,196407,1,49.19197519456252,Imperial request +5-10,299.9999999999998,177.5147868890664,309,175,104.44200353622445,59.15000200271611,132.0,132,17,174,6,0.034482758620689655,0.24852070164459406,7.104461297916811,0.23785999999999927,88,0.5028571428571429,29.40600099563601,0.3669064748201439,84,14,20.956000709533708,1.6554780242519977
510365141,MembTV,2026,2026-09-30T18:43:19.000Z,8-player unranked Rage Forest 2026 (Custom),2026-09-30,Rage Forest 2026 (Custom),220,24,196407,1,49.19197519456252,0-10,600,355.02957377813306,481,390,81.28900275230407,65.9100022315979,164.99999999999991,210,35,389,11,0.028277634961439587,0.3538461418655352,6.448230550904905,0.22788166666666682,202,0.517948717948718,31.772001075744626,0.4245810055865922,29,1,6.084000205993652,1.389156863987897
510365141,MembTV,2026,2026-09-30T18:43:19.000Z,8-player unranked Rage Forest 2026 (Custom),2026-09-30,Rage Forest 2026 (Custom),220,24,196407,1,49.19197519456252,10-20,600,355.02957377813306,309,240,52.22100176811218,40.560001373291016,113.39999999999995,168,35,239,17,0.07112970711297072,0.5999999796850659,10.573644612409032,0.39909333333333347,83,0.3458333333333333,26.533000898361205,0.45544554455445546,23,4,3.380000114440918,1.6648939783002865
510365141,MembTV,2026,2026-09-30T18:43:19.000Z,8-player unranked Rage Forest 2026 (Custom),2026-09-30,Rage Forest 2026 (Custom),220,24,196407,1,49.19197519456252,20-30,600,355.02957377813306,429,325,72.5010024547577,54.92500185966492,114.0,126,35,324,11,0.033950617283950615,0.2538461452514298,7.973567777366145,0.30423000000000044,145,0.4461538461538462,30.420001029968258,0.3319838056680162,65,9,10.3090003490448,1.7714256370797847
510365141,MembTV,2026,2026-09-30T18:43:19.000Z,8-player unranked Rage Forest 2026 (Custom),2026-09-30,Rage Forest 2026 (Custom),220,24,196407,1,49.19197519456252,30-40,600,355.02957377813306,459,266,77.57100262641906,44.9540015220642,85.79999999999998,90,35,265,13,0.04905660377358491,0.48816566394482663,8.098863631112055,0.26939999999999975,90,0.3383458646616541,29.744001007080076,0.5135135135135135,91,20,17.40700058937073,1.9519961740518617
510365141,MembTV,2026,2026-09-30T18:43:19.000Z,8-player unranked Rage Forest 2026 (Custom),2026-09-30,Rage Forest 2026 (Custom),220,24,196407,1,49.19197519456252,40-50,600,355.02957377813306,602,316,101.73800344467163,53.404001808166505,103.79999999999998,120,35,315,10,0.031746031746031744,0.25384614525140137,6.45521871634874,0.18008499999999975,109,0.3449367088607595,34.9830011844635,0.4104803493449782,163,33,32.617001104354856,1.8388837208417828
510365141,MembTV,2026,2026-09-30T18:43:19.000Z,8-player unranked Rage Forest 2026 (Custom),2026-09-30,Rage Forest 2026 (Custom),220,24,196407,1,49.19197519456252,50-60,600,355.02957377813306,671,431,113.39900383949279,72.83900246620178,128.99999999999991,216,35,430,5,0.011627906976744186,0.24852070164473616,5.976638850895843,0.10485500000000016,159,0.3689095127610209,45.96800155639649,0.44837758112094395,131,30,23.153000783920287,1.8142760741410064
510365141,MembTV,2026,2026-09-30T18:43:19.000Z,8-player unranked Rage Forest 2026 (Custom),2026-09-30,Rage Forest 2026 (Custom),220,24,196407,1,49.19197519456252,60-70,600,355.02957377813306,803,398,135.70700459480287,67.26200227737426,126.0,162,35,397,9,0.022670025188916875,0.24852070164473616,6.60319504269955,0.25260999999999956,192,0.4824120603015075,34.81400117874146,0.39502762430939226,189,29,37.01100125312805,1.5017179765194355
510365141,MembTV,2026,2026-09-30T18:43:19.000Z,8-player unranked Rage Forest 2026 (Custom),2026-09-30,Rage Forest 2026 (Custom),220,24,196407,1,49.19197519456252,Feudal request +0-5,300.0,177.51478688906653,176,148,59.48800201416015,50.02400169372559,135.59999999999997,174,17,147,7,0.047619047619047616,0.4769230607753343,7.035692069475992,0.3325400000000002,66,0.44594594594594594,27.716000938415526,0.4140625,15,2,3.380000114440918,1.5601953715637864
510365141,MembTV,2026,2026-09-30T18:43:19.000Z,8-player unranked Rage Forest 2026 (Custom),2026-09-30,Rage Forest 2026 (Custom),220,24,196407,1,49.19197519456252,Feudal request +5-10,300.0,177.51478688906653,143,97,48.33400163650512,32.7860011100769,67.19999999999999,72,17,96,12,0.125,0.8511834031330605,9.723727481422461,0.5499033333333327,27,0.27835051546391754,23.660000801086426,0.4230769230769231,16,5,5.070000171661377,1.7502168937133613
510365141,MembTV,2026,2026-09-30T18:43:19.000Z,8-player unranked Rage Forest 2026 (Custom),2026-09-30,Rage Forest 2026 (Custom),220,24,196407,1,49.19197519456252,Castle request +0-5,300.0,177.51478688906653,143,85,48.33400163650512,28.730000972747803,72.0,72,17,84,13,0.15476190476190477,0.8671597339531019,14.098413723835678,0.6257733333333333,25,0.29411764705882354,20.280000686645508,0.4411764705882353,17,6,6.760000228881836,1.7305087828765
510365141,MembTV,2026,2026-09-30T18:43:19.000Z,8-player unranked Rage Forest 2026 (Custom),2026-09-30,Rage Forest 2026 (Custom),220,24,196407,1,49.19197519456252,Castle request +5-10,300.0,177.51478688906653,234,178,79.09200267791748,60.16400203704834,116.39999999999999,126,17,177,3,0.01694915254237288,0.2538461452514156,6.242271977996714,0.2054533333333338,81,0.4550561797752809,32.7860011100769,0.2727272727272727,42,8,12.844000434875488,1.5630903305247348
510365141,MembTV,2026,2026-09-30T18:43:19.000Z,8-player unranked Rage Forest 2026 (Custom),2026-09-30,Rage Forest 2026 (Custom),220,24,196407,1,49.19197519456252,Imperial request +0-5,300.0,177.51478688906653,234,171,79.09200267791748,57.79800195693969,121.19999999999999,126,17,170,1,0.0058823529411764705,0.35147927804031553,4.796698062444214,0.08490666666666669,55,0.3216374269005848,39.208001327514644,0.4482758620689655,45,11,13.858000469207763,1.9267161045690964
510365141,MembTV,2026,2026-09-30T18:43:19.000Z,8-player unranked Rage Forest 2026 (Custom),2026-09-30,Rage Forest 2026 (Custom),220,24,196407,1,49.19197519456252,Imperial request +5-10,299.9999999999998,177.5147868890664,246,134,83.14800281524664,45.29200153350833,91.19999999999999,96,17,133,7,0.05263157894736842,0.48816566394481953,8.403638768721787,0.28631999999999874,52,0.3880597014925373,27.716000938415547,0.5104166666666666,64,14,18.252000617980972,1.9156993197393124
510357263,MembTV,2026,2026-09-30T18:10:03.000Z,8-player unranked Rage Forest 2026 (Custom),2026-09-30,Rage Forest 2026 (Custom),220,11,196407,1,49.19197519456252,0-10,600,355.02957377813306,397,321,67.09300227165222,54.24900183677673,132.0,198,35,320,16,0.05,0.36153844929739876,6.808538231013214,0.3036133333333332,155,0.48286604361370716,28.05400094985962,0.3026315789473684,24,1,4.225000143051147,1.0286980697496169
510357263,MembTV,2026,2026-09-30T18:10:03.000Z,8-player unranked Rage Forest 2026 (Custom),2026-09-30,Rage Forest 2026 (Custom),220,11,196407,1,49.19197519456252,10-20,600,355.02957377813306,321,234,54.24900183677673,39.54600133895874,87.59999999999997,144,35,233,12,0.05150214592274678,0.6213017541116983,10.205396104167217,0.30293166666666693,78,0.3333333333333333,26.36400089263916,0.3575418994413408,29,3,7.2670002460479735,1.7651174297285515
510357263,MembTV,2026,2026-09-30T18:10:03.000Z,8-player unranked Rage Forest 2026 (Custom),2026-09-30,Rage Forest 2026 (Custom),220,11,196407,1,49.19197519456252,20-30,600,355.02957377813306,283,182,47.827001619338986,30.758001041412353,61.79999999999998,90,35,181,18,0.09944751381215469,0.7455621049340948,12.947928555688467,0.4487000000000005,32,0.17582417582417584,25.350000858306885,0.5052631578947369,66,10,11.830000400543213,2.0042606059238883
510357263,MembTV,2026,2026-09-30T18:10:03.000Z,8-player unranked Rage Forest 2026 (Custom),2026-09-30,Rage Forest 2026 (Custom),220,11,196407,1,49.19197519456252,30-40,600,355.02957377813306,554,308,93.62600317001342,52.052001762390134,115.79999999999981,168,35,307,16,0.05211726384364821,0.3692307567291664,7.821301510332177,0.3201266666666657,125,0.40584415584415584,30.927001047134397,0.36637931034482757,99,28,18.759000635147093,1.9511812831318962
510357263,MembTV,2026,2026-09-30T18:10:03.000Z,8-player unranked Rage Forest 2026 (Custom),2026-09-30,Rage Forest 2026 (Custom),220,11,196407,1,49.19197519456252,Feudal request +0-5,300.0,177.51478688906653,167,156,56.44600191116333,52.72800178527832,113.99999999999997,138,17,155,2,0.012903225806451613,0.4881656639448835,5.461289755918653,0.14610666666666663,59,0.3782051282051282,32.7860011100769,0.3484848484848485,25,1,0.6760000228881836,1.597993481937329
510357263,MembTV,2026,2026-09-30T18:10:03.000Z,8-player unranked Rage Forest 2026 (Custom),2026-09-30,Rage Forest 2026 (Custom),220,11,196407,1,49.19197519456252,Feudal request +5-10,300.0,177.51478688906653,134,76,45.2920015335083,25.688000869750976,53.99999999999998,78,17,75,9,0.12,0.9940828065788025,10.656082479440252,0.47941666666666566,17,0.2236842105263158,19.942000675201413,0.40816326530612246,19,3,9.464000320434568,1.793567208736408
510357263,MembTV,2026,2026-09-30T18:10:03.000Z,8-player unranked Rage Forest 2026 (Custom),2026-09-30,Rage Forest 2026 (Custom),220,11,196407,1,49.19197519456252,Castle request +0-5,300.0,177.51478688906653,170,133,57.460001945495605,44.9540015220642,98.39999999999998,132,17,132,7,0.05303030303030303,0.49704140328940305,10.450046983457677,0.351223333333333,51,0.38345864661654133,27.716000938415526,0.26851851851851855,20,3,4.056000137329101,1.6356409057776402
510357263,MembTV,2026,2026-09-30T18:10:03.000Z,8-player unranked Rage Forest 2026 (Custom),2026-09-30,Rage Forest 2026 (Custom),220,11,196407,1,49.19197519456252,Castle request +5-10,300.0,177.51478688906653,139,63,46.98200159072876,21.294000720977785,37.199999999999996,42,17,62,11,0.1774193548387097,1.3668638590458428,11.786094275499565,0.5526833333333335,7,0.1111111111111111,18.928000640869136,0.6538461538461539,15,5,16.562000560760495,1.6664545163439834
510357263,MembTV,2026,2026-09-30T18:10:03.000Z,8-player unranked Rage Forest 2026 (Custom),2026-09-30,Rage Forest 2026 (Custom),220,11,196407,1,49.19197519456252,Imperial request +0-5,300.0,177.51478688906653,156,110,52.72800178527832,37.18000125885009,67.19999999999999,72,17,109,6,0.05504587155963303,0.7455621049342085,10.140733384463108,0.27650666666666907,26,0.23636363636363636,28.39200096130371,0.42424242424242425,46,9,11.154000377655029,2.060166773708188
510357263,MembTV,2026,2026-09-30T18:10:03.000Z,8-player unranked Rage Forest 2026 (Custom),2026-09-30,Rage Forest 2026 (Custom),220,11,196407,1,49.19197519456252,Imperial request +5-10,300.0,177.51478688906653,345,177,116.61000394821167,59.82600202560425,157.2,162,17,176,8,0.045454545454545456,0.24852070164473616,6.935798581733916,0.2972866666666664,84,0.4745762711864407,31.434001064300535,0.36,60,25,24.674000835418703,1.6804401992531153
510350959,MembTV,2026,2026-09-30T17:35:40.000Z,8-player unranked Rage Forest 2026 (Custom),2026-09-30,Rage Forest 2026 (Custom),220,25,196407,1,49.19197519456252,0-10,600,355.02957377813306,387,303,65.40300221443175,51.207001733779904,126.0,180,35,302,12,0.039735099337748346,0.4970414032894155,7.207112182015246,0.26191999999999993,117,0.38613861386138615,31.434001064300535,0.43214285714285716,25,1,4.394000148773193,1.277482620991282
510350959,MembTV,2026,2026-09-30T17:35:40.000Z,8-player unranked Rage Forest 2026 (Custom),2026-09-30,Rage Forest 2026 (Custom),220,25,196407,1,49.19197519456252,10-20,600,355.02957377813306,314,242,53.06600179672241,40.8980013847351,72.0,96,35,241,16,0.06639004149377593,0.5964496839472986,10.238697878187553,0.34131666666666605,93,0.384297520661157,25.181000852584837,0.29901960784313725,30,2,3.887000131607055,1.4769065753243096
510350959,MembTV,2026,2026-09-30T17:35:40.000Z,8-player unranked Rage Forest 2026 (Custom),2026-09-30,Rage Forest 2026 (Custom),220,25,196407,1,49.19197519456252,20-30,600,355.02957377813306,402,283,67.93800230026245,47.827001619338986,97.79999999999998,216,35,282,18,0.06382978723404255,0.30976330312142863,8.218579603390033,0.3662150000000006,126,0.4452296819787986,26.533000898361205,0.319047619047619,39,9,8.61900029182434,1.8803178753247878
510350959,MembTV,2026,2026-09-30T17:35:40.000Z,8-player unranked Rage Forest 2026 (Custom),2026-09-30,Rage Forest 2026 (Custom),220,25,196407,1,49.19197519456252,30-40,600,355.02957377813306,576,324,97.34400329589843,54.75600185394287,109.79999999999998,114,35,323,12,0.03715170278637771,0.3727810524670758,7.905514525232413,0.23269666666666716,118,0.36419753086419754,34.81400117874146,0.428,131,16,23.998000812530517,1.7137000440719463
510350959,MembTV,2026,2026-09-30T17:35:40.000Z,8-player unranked Rage Forest 2026 (Custom),2026-09-30,Rage Forest 2026 (Custom),220,25,196407,1,49.19197519456252,Feudal request +0-5,300.0,177.51478688906653,171,131,57.79800195693969,44.27800149917602,72.0,72,17,130,5,0.038461538461538464,0.54852069148723,8.001715705407136,0.26313666666666646,45,0.3435114503816794,29.068000984191894,0.3135593220338983,19,2,3.042000102996826,1.2075825506010471
510350959,MembTV,2026,2026-09-30T17:35:40.000Z,8-player unranked Rage Forest 2026 (Custom),2026-09-30,Rage Forest 2026 (Custom),220,25,196407,1,49.19197519456252,Feudal request +5-10,300.0,177.51478688906653,137,101,46.306001567840575,34.13800115585327,73.19999999999999,78,17,100,10,0.1,0.6710058944406789,10.849526259872846,0.5116666666666658,40,0.39603960396039606,20.6180006980896,0.30864197530864196,26,2,4.056000137329101,1.6174472277139156
510350959,MembTV,2026,2026-09-30T17:35:40.000Z,8-player unranked Rage Forest 2026 (Custom),2026-09-30,Rage Forest 2026 (Custom),220,25,196407,1,49.19197519456252,Castle request +0-5,299.9999999999999,177.51478688906644,149,118,50.3620017051697,39.88400135040285,69.6,84,17,117,10,0.08547008547008547,0.596449683947128,8.78603520547864,0.3964799999999996,49,0.4152542372881356,23.322000789642345,0.3191489361702128,28,2,3.7180001258850113,1.6605806665327032
510350959,MembTV,2026,2026-09-30T17:35:40.000Z,8-player unranked Rage Forest 2026 (Custom),2026-09-30,Rage Forest 2026 (Custom),220,25,196407,1,49.19197519456252,Castle request +5-10,300.0,177.51478688906653,221,167,74.69800252914429,56.44600191116333,151.2,156,17,166,8,0.04819277108433735,0.24852070164473616,7.629585540492145,0.31117000000000117,93,0.5568862275449101,25.012000846862794,0.2605633802816901,19,4,5.746000194549561,1.6704916161857128
510350959,MembTV,2026,2026-09-30T17:35:40.000Z,8-player unranked Rage Forest 2026 (Custom),2026-09-30,Rage Forest 2026 (Custom),220,25,196407,1,49.19197519456252,Imperial request +0-5,300.0,177.51478688906653,301,178,101.73800344467163,60.16400203704834,109.19999999999999,114,17,177,5,0.02824858757062147,0.24852070164473616,5.905798616607902,0.17704000000000034,64,0.3595505617977528,38.53200130462646,0.4295774647887324,80,12,21.970000743865967,1.7172574241447593
510350959,MembTV,2026,2026-09-30T17:35:40.000Z,8-player unranked Rage Forest 2026 (Custom),2026-09-30,Rage Forest 2026 (Custom),220,25,196407,1,49.19197519456252,Imperial request +5-10,300.0,177.51478688906653,327,176,110.52600374221801,59.48800201416015,103.19999999999997,132,17,175,6,0.03428571428571429,0.24852070164473616,7.60589323360186,0.28325333333333064,78,0.4431818181818182,33.12400112152099,0.4594594594594595,121,16,23.998000812530517,1.7286247603653304
510181138,MembTV,2026,2026-09-29T21:16:45.000Z,8-player unranked Rage Forest 2026 (Custom),2026-09-29,Rage Forest 2026 (Custom),220,61,196407,1,49.18923728755553,0-10,600,355.02957377813306,370,300,62.53000211715698,50.70000171661377,109.19999999999993,138,35,299,10,0.033444816053511704,0.6017751275539069,6.4964258155452805,0.21642999999999998,101,0.33666666666666667,33.63100113868713,0.38571428571428573,28,2,4.732000160217284,1.0793838912630371
510181138,MembTV,2026,2026-09-29T21:16:45.000Z,8-player unranked Rage Forest 2026 (Custom),2026-09-29,Rage Forest 2026 (Custom),220,61,196407,1,49.18923728755553,10-20,600,355.02957377813306,381,294,64.3890021800995,49.68600168228149,137.39999999999995,162,35,293,12,0.040955631399317405,0.25384614525125926,9.643526300705837,0.3232366666666664,132,0.4489795918367347,27.378000926971435,0.23574144486692014,25,4,3.887000131607055,1.2414253341023767
510181138,MembTV,2026,2026-09-29T21:16:45.000Z,8-player unranked Rage Forest 2026 (Custom),2026-09-29,Rage Forest 2026 (Custom),220,61,196407,1,49.18923728755553,20-30,600,355.02957377813306,467,327,78.92300267219542,55.263001871109005,91.79999999999998,168,35,326,7,0.02147239263803681,0.6053254232916601,6.224112215297971,0.13612500000000075,115,0.3516819571865443,35.828001213073726,0.40977443609022557,56,9,10.3090003490448,1.4634788360324702
510181138,MembTV,2026,2026-09-29T21:16:45.000Z,8-player unranked Rage Forest 2026 (Custom),2026-09-29,Rage Forest 2026 (Custom),220,61,196407,1,49.18923728755553,30-40,600,355.02957377813306,540,342,91.26000308990479,57.79800195693969,97.79999999999998,192,35,341,11,0.03225806451612903,0.3710059045981211,6.737307464194108,0.21367000000000042,127,0.3713450292397661,36.33500123023987,0.449438202247191,140,16,17.914000606536863,1.7732226615595321
510181138,MembTV,2026,2026-09-29T21:16:45.000Z,8-player unranked Rage Forest 2026 (Custom),2026-09-29,Rage Forest 2026 (Custom),220,61,196407,1,49.18923728755553,40-50,600,355.02957377813306,585,388,98.86500334739684,65.5720022201538,127.79999999999998,186,35,387,11,0.028423772609819122,0.37278105246683424,5.666271997498906,0.18023499999999965,166,0.42783505154639173,37.518001270294185,0.532258064516129,155,16,14.196000480651856,1.7059083035547926
510181138,MembTV,2026,2026-09-29T21:16:45.000Z,8-player unranked Rage Forest 2026 (Custom),2026-09-29,Rage Forest 2026 (Custom),220,61,196407,1,49.18923728755553,50-60,600,355.02957377813306,339,184,57.29100193977355,31.09600105285644,55.79999999999998,60,35,183,19,0.10382513661202186,0.8698224557563066,11.684496645803398,0.4250816666666666,38,0.20652173913043478,24.674000835418703,0.5447154471544715,82,19,16.731000566482543,1.9246292981891948
510181138,MembTV,2026,2026-09-29T21:16:45.000Z,8-player unranked Rage Forest 2026 (Custom),2026-09-29,Rage Forest 2026 (Custom),220,61,196407,1,49.18923728755553,60-70,600,355.02957377813306,448,209,75.71200256347655,35.32100119590759,73.79999999999998,90,35,208,26,0.125,0.3692307567294222,11.173573586179028,0.5569000000000012,77,0.3684210526315789,22.308000755310058,0.445859872611465,75,17,23.49100079536438,1.7667951243184619
510181138,MembTV,2026,2026-09-29T21:16:45.000Z,8-player unranked Rage Forest 2026 (Custom),2026-09-29,Rage Forest 2026 (Custom),220,61,196407,1,49.18923728755553,Feudal request +0-5,300.0,177.51478688906653,206,178,69.62800235748291,60.16400203704834,151.2,156,17,177,5,0.02824858757062147,0.2514792814262279,9.59626003011699,0.2815233333333334,75,0.42134831460674155,34.81400117874146,0.1951219512195122,16,2,1.690000057220459,1.1726582062826298
510181138,MembTV,2026,2026-09-29T21:16:45.000Z,8-player unranked Rage Forest 2026 (Custom),2026-09-29,Rage Forest 2026 (Custom),220,61,196407,1,49.18923728755553,Feudal request +5-10,299.9999999999999,177.51478688906644,202,151,68.27600231170656,51.038001728057885,124.79999999999998,144,17,150,6,0.04,0.25266271333875334,8.504206812654074,0.26103999999999977,73,0.48344370860927155,26.36400089263917,0.26119402985074625,20,3,5.070000171661379,1.1133654295376763
510181138,MembTV,2026,2026-09-29T21:16:45.000Z,8-player unranked Rage Forest 2026 (Custom),2026-09-29,Rage Forest 2026 (Custom),220,61,196407,1,49.18923728755553,Castle request +0-5,300.0000000000001,177.51478688906658,168,129,56.7840019226074,43.602001476287825,99.6,114,17,128,6,0.046875,0.2514792814262208,9.175425724839014,0.31970000000000004,58,0.4496124031007752,23.998000812530506,0.23008849557522124,17,3,3.3800001144409166,1.2139944635894975
510181138,MembTV,2026,2026-09-29T21:16:45.000Z,8-player unranked Rage Forest 2026 (Custom),2026-09-29,Rage Forest 2026 (Custom),220,61,196407,1,49.18923728755553,Castle request +5-10,300.0,177.51478688906653,251,176,84.83800287246703,59.48800201416015,163.2,168,17,175,6,0.03428571428571429,0.2538461452514156,7.3822364364407616,0.2936600000000006,89,0.5056818181818182,29.406000995635985,0.2716049382716049,25,4,8.788000297546386,0.949252613730414
510181138,MembTV,2026,2026-09-29T21:16:45.000Z,8-player unranked Rage Forest 2026 (Custom),2026-09-29,Rage Forest 2026 (Custom),220,61,196407,1,49.18923728755553,Imperial request +0-5,299.9999999999998,177.5147868890664,247,129,83.48600282669074,43.602001476287874,85.19999999999997,114,17,128,9,0.0703125,0.3710059045981211,7.754307429760479,0.3575600000000011,36,0.27906976744186046,31.434001064300563,0.4946236559139785,83,12,21.2940007209778,1.9249658578523616
510181138,MembTV,2026,2026-09-29T21:16:45.000Z,8-player unranked Rage Forest 2026 (Custom),2026-09-29,Rage Forest 2026 (Custom),220,61,196407,1,49.18923728755553,Imperial request +5-10,300.0,177.51478688906653,355,208,119.99000406265257,70.30400238037109,115.19999999999999,120,17,207,1,0.004830917874396135,0.4837277942727738,4.349112278782073,0.04916000000000017,83,0.39903846153846156,42.250001430511475,0.5659340659340659,114,16,22.984000778198244,1.4696549295293373
510175846,MembTV,2026,2026-09-29T20:48:08.000Z,8-player unranked Rage Forest 2026 (Custom),2026-09-29,Rage Forest 2026 (Custom),220,4,196407,1,49.18923728755553,0-10,600,355.02957377813306,414,337,69.966002368927,56.95300192832946,136.7999999999999,186,35,336,10,0.02976190476190476,0.24852070164470064,8.37171569287962,0.23898500000000034,178,0.5281899109792285,26.871000909805296,0.27692307692307694,28,2,4.056000137329101,0.890949247653826
510175846,MembTV,2026,2026-09-29T20:48:08.000Z,8-player unranked Rage Forest 2026 (Custom),2026-09-29,Rage Forest 2026 (Custom),220,4,196407,1,49.18923728755553,10-20,600,355.02957377813306,252,185,42.58800144195557,31.26500105857849,66.0,72,35,184,20,0.10869565217391304,0.7455621049340664,11.581928601938957,0.46989499999999995,71,0.3837837837837838,19.26600065231323,0.5285714285714286,22,2,3.211000108718872,1.803296752714125
510175846,MembTV,2026,2026-09-29T20:48:08.000Z,8-player unranked Rage Forest 2026 (Custom),2026-09-29,Rage Forest 2026 (Custom),220,4,196407,1,49.18923728755553,20-30,600,355.02957377813306,268,211,45.2920015335083,35.65900120735168,89.39999999999995,204,35,210,18,0.08571428571428572,0.37100590459817795,18.706265638827738,0.5614399999999997,81,0.38388625592417064,21.970000743865967,0.35443037974683544,18,4,2.8730000972747805,1.9419747441903958
510175846,MembTV,2026,2026-09-29T20:48:08.000Z,8-player unranked Rage Forest 2026 (Custom),2026-09-29,Rage Forest 2026 (Custom),220,4,196407,1,49.18923728755553,Feudal request +0-5,300.0,177.51478688906653,184,148,62.19200210571288,50.02400169372559,105.6,120,17,147,8,0.05442176870748299,0.3656804609914772,9.274177200785394,0.3847266666666671,73,0.49324324324324326,25.350000858306885,0.40298507462686567,26,2,3.042000102996826,1.3626799350486896
510175846,MembTV,2026,2026-09-29T20:48:08.000Z,8-player unranked Rage Forest 2026 (Custom),2026-09-29,Rage Forest 2026 (Custom),220,4,196407,1,49.18923728755553,Feudal request +5-10,300.0,177.51478688906653,133,94,44.9540015220642,31.772001075744626,69.6,84,17,93,8,0.08602150537634409,0.8639052961934786,9.627384289418039,0.36458666666666656,34,0.3617021276595745,20.280000686645508,0.5294117647058824,19,2,4.394000148773193,1.5697305433309927
510175846,MembTV,2026,2026-09-29T20:48:08.000Z,8-player unranked Rage Forest 2026 (Custom),2026-09-29,Rage Forest 2026 (Custom),220,4,196407,1,49.18923728755553,Castle request +0-5,300.0,177.51478688906653,89,70,30.08200101852417,23.660000801086426,55.19999999999993,132,17,69,8,0.11594202898550725,0.7420118091962422,21.044212305231007,0.6173100000000009,24,0.34285714285714286,15.54800052642822,0.4,13,2,1.690000057220459,2.1593080196478427
510175846,MembTV,2026,2026-09-29T20:48:08.000Z,8-player unranked Rage Forest 2026 (Custom),2026-09-29,Rage Forest 2026 (Custom),220,4,196407,1,49.18923728755553,Castle request +5-10,300.0,177.51478688906653,166,132,56.10800189971924,44.616001510620116,112.79999999999993,204,17,131,10,0.07633587786259542,0.2538461452514156,12.950058733131105,0.5386366666666653,52,0.3939393939393939,27.040000915527344,0.33653846153846156,16,4,3.380000114440918,1.8335653947387245
510175846,MembTV,2026,2026-09-29T20:48:08.000Z,8-player unranked Rage Forest 2026 (Custom),2026-09-29,Rage Forest 2026 (Custom),220,4,196407,1,49.18923728755553,Imperial request +0-5,300.0,177.51478688906653,150,120,50.70000171661377,40.560001373291016,112.79999999999993,204,17,119,10,0.08403361344537816,0.2538461452514298,14.122721415320333,0.5395233333333322,49,0.4083333333333333,23.998000812530517,0.3111111111111111,15,4,2.7040000915527345,1.954407402420931
510175846,MembTV,2026,2026-09-29T20:48:08.000Z,8-player unranked Rage Forest 2026 (Custom),2026-09-29,Rage Forest 2026 (Custom),220,4,196407,1,49.18923728755553,Imperial request +5-10,300.0,177.51478688906653,221,157,74.69800252914429,53.06600179672241,94.79999999999998,114,17,156,8,0.05128205128205128,0.3514792780403848,8.583905034807708,0.3538066666666669,72,0.4585987261146497,28.730000972747803,0.4315068493150685,20,6,7.77400026321411,1.2144483313163779
510168423,MembTV,2026,2026-09-29T20:11:13.000Z,8-player unranked Rage Forest 2026 (Custom),2026-09-29,Rage Forest 2026 (Custom),220,20,196407,1,49.18923728755553,0-10,600,355.02957377813306,333,227,56.27700190544128,38.363001298904415,91.79999999999998,96,35,226,18,0.07964601769911504,0.7242603305073771,10.953993711957054,0.40841500000000003,67,0.29515418502202645,27.040000915527344,0.5097087378640777,26,1,4.394000148773193,1.4116770705596933
510168423,MembTV,2026,2026-09-29T20:11:13.000Z,8-player unranked Rage Forest 2026 (Custom),2026-09-29,Rage Forest 2026 (Custom),220,20,196407,1,49.18923728755553,10-20,600,355.02957377813306,446,366,75.37400255203247,61.85400209426879,141.59999999999997,204,35,365,12,0.03287671232876712,0.24852070164473616,8.127260079854718,0.27928666666666707,216,0.5901639344262295,25.350000858306885,0.421875,28,1,3.042000102996826,1.4295865584367788
510168423,MembTV,2026,2026-09-29T20:11:13.000Z,8-player unranked Rage Forest 2026 (Custom),2026-09-29,Rage Forest 2026 (Custom),220,20,196407,1,49.18923728755553,20-30,600,355.02957377813306,237,173,40.05300135612488,29.237000989913938,61.79999999999998,114,35,172,19,0.11046511627906977,0.8494082552641418,14.332348627157641,0.5460100000000006,48,0.2774566473988439,21.125000715255737,0.48484848484848486,25,4,2.7040000915527345,1.960288538682147
510168423,MembTV,2026,2026-09-29T20:11:13.000Z,8-player unranked Rage Forest 2026 (Custom),2026-09-29,Rage Forest 2026 (Custom),220,20,196407,1,49.18923728755553,30-40,600,355.02957377813306,389,225,65.74100222587586,38.02500128746033,102.0,114,35,224,22,0.09821428571428571,0.24852070164473616,11.156626841190896,0.5646183333333338,99,0.44,21.294000720977785,0.5028571428571429,54,10,11.323000383377074,1.8069564763948325
510168423,MembTV,2026,2026-09-29T20:11:13.000Z,8-player unranked Rage Forest 2026 (Custom),2026-09-29,Rage Forest 2026 (Custom),220,20,196407,1,49.18923728755553,40-50,600,355.02957377813306,541,311,91.42900309562683,52.55900177955627,97.79999999999998,102,35,310,12,0.03870967741935484,0.24852070164473616,8.942644667631647,0.2988766666666652,121,0.3890675241157556,32.11000108718872,0.4690265486725664,93,16,22.64600076675415,1.9058416462587258
510168423,MembTV,2026,2026-09-29T20:11:13.000Z,8-player unranked Rage Forest 2026 (Custom),2026-09-29,Rage Forest 2026 (Custom),220,20,196407,1,49.18923728755553,Feudal request +0-5,300.0,177.51478688906653,167,132,56.44600191116333,44.616001510620116,98.39999999999999,108,17,131,9,0.06870229007633588,0.6171597424176474,10.98994637346167,0.42123000000000005,53,0.4015151515151515,26.702000904083253,0.4056603773584906,23,1,2.7040000915527345,1.7142919739445321
510168423,MembTV,2026,2026-09-29T20:11:13.000Z,8-player unranked Rage Forest 2026 (Custom),2026-09-29,Rage Forest 2026 (Custom),220,20,196407,1,49.18923728755553,Feudal request +5-10,300.0,177.51478688906653,191,148,64.55800218582152,50.02400169372559,113.99999999999997,138,17,147,7,0.047619047619047616,0.3668638929040071,7.919502690439265,0.2785033333333334,79,0.5337837837837838,23.322000789642335,0.48484848484848486,25,1,2.7040000915527345,1.3711805699438582
510168423,MembTV,2026,2026-09-29T20:11:13.000Z,8-player unranked Rage Forest 2026 (Custom),2026-09-29,Rage Forest 2026 (Custom),220,20,196407,1,49.18923728755553,Castle request +0-5,300.0,177.51478688906653,121,96,40.8980013847351,32.44800109863281,68.39999999999995,126,17,95,9,0.09473684210526316,0.6053254232916672,14.413384127372497,0.554233333333334,25,0.2604166666666667,23.998000812530517,0.49333333333333335,19,2,1.690000057220459,1.824045271227707
510168423,MembTV,2026,2026-09-29T20:11:13.000Z,8-player unranked Rage Forest 2026 (Custom),2026-09-29,Rage Forest 2026 (Custom),220,20,196407,1,49.18923728755553,Castle request +5-10,300.0,177.51478688906653,117,78,39.54600133895874,26.36400089263916,64.79999999999998,84,17,77,11,0.14285714285714285,1.0934910872366217,13.565916700444992,0.5390433333333331,23,0.2948717948717949,18.590000629425045,0.47368421052631576,22,4,3.7180001258850095,2.0198237060812256
510168423,MembTV,2026,2026-09-29T20:11:13.000Z,8-player unranked Rage Forest 2026 (Custom),2026-09-29,Rage Forest 2026 (Custom),220,20,196407,1,49.18923728755553,Imperial request +0-5,300.0,177.51478688906653,112,79,37.85600128173827,26.702000904083253,60.0,60,17,78,10,0.1282051282051282,1.0934910872366217,13.550177056007508,0.5147533333333338,22,0.27848101265822783,19.26600065231323,0.48214285714285715,21,3,2.7040000915527345,2.075331039922486
510168423,MembTV,2026,2026-09-29T20:11:13.000Z,8-player unranked Rage Forest 2026 (Custom),2026-09-29,Rage Forest 2026 (Custom),220,20,196407,1,49.18923728755553,Imperial request +5-10,299.9999999999998,177.5147868890664,146,71,49.34800167083744,23.998000812530535,58.79999999999996,102,17,70,12,0.17142857142857143,0.7437869570651614,20.008987488211005,0.6514699999999991,24,0.3380281690140845,15.886000537872325,0.45614035087719296,12,5,10.816000366210947,1.811788635233754
510162506,MembTV,2026,2026-09-29T19:44:20.000Z,8-player unranked Rage Forest 2026 (Custom),2026-09-29,Rage Forest 2026 (Custom),220,45,196407,1,49.18923728755553,0-10,600,355.02957377813306,468,370,79.09200267791748,62.53000211715698,155.39999999999995,198,35,369,12,0.032520325203252036,0.24852070164469353,7.2894198715361025,0.29212499999999986,190,0.5135135135135135,30.420001029968258,0.3764705882352941,24,2,4.9010001659393305,1.3874686419289517
510162506,MembTV,2026,2026-09-29T19:44:20.000Z,8-player unranked Rage Forest 2026 (Custom),2026-09-29,Rage Forest 2026 (Custom),220,45,196407,1,49.18923728755553,10-20,600,355.02957377813306,276,211,46.64400157928467,35.65900120735168,78.0,96,35,210,15,0.07142857142857142,0.7366863655896054,13.89634272476027,0.4238916666666666,63,0.2985781990521327,25.012000846862794,0.49696969696969695,30,2,2.8730000972747805,1.7901739081741157
510162506,MembTV,2026,2026-09-29T19:44:20.000Z,8-player unranked Rage Forest 2026 (Custom),2026-09-29,Rage Forest 2026 (Custom),220,45,196407,1,49.18923728755553,20-30,600,355.02957377813306,294,191,49.68600168228149,32.27900109291076,60.0,72,35,190,14,0.07368421052631578,0.9766271858680753,11.700626822772032,0.34133333333333354,52,0.27225130890052357,23.49100079536438,0.5223880597014925,36,8,5.9150002002716064,1.835139618530703
510162506,MembTV,2026,2026-09-29T19:44:20.000Z,8-player unranked Rage Forest 2026 (Custom),2026-09-29,Rage Forest 2026 (Custom),220,45,196407,1,49.18923728755553,Feudal request +0-5,300.0,177.51478688906653,115,87,38.87000131607056,29.406000995635985,58.79999999999998,78,17,86,8,0.09302325581395349,1.032840201716212,20.31819457833351,0.47308999999999973,15,0.1724137931034483,24.336000823974608,0.5245901639344263,20,2,3.042000102996826,1.9336949112365271
510162506,MembTV,2026,2026-09-29T19:44:20.000Z,8-player unranked Rage Forest 2026 (Custom),2026-09-29,Rage Forest 2026 (Custom),220,45,196407,1,49.18923728755553,Feudal request +5-10,300.0,177.51478688906653,167,151,56.44600191116333,51.03800172805786,89.99999999999997,114,17,150,2,0.013333333333333334,0.6059171392480103,5.014887404169136,0.05936666666666645,59,0.39072847682119205,31.09600105285644,0.44537815126050423,24,3,2.366000080108642,1.7061653391979728
510162506,MembTV,2026,2026-09-29T19:44:20.000Z,8-player unranked Rage Forest 2026 (Custom),2026-09-29,Rage Forest 2026 (Custom),220,45,196407,1,49.18923728755553,Castle request +0-5,300.0,177.51478688906653,166,151,56.10800189971924,51.03800172805786,80.39999999999998,114,17,150,2,0.013333333333333334,0.6014792695756892,5.151289766414764,0.07002000000000028,59,0.39072847682119205,31.09600105285644,0.44537815126050423,24,3,2.0280000686645505,1.718747918341791
510162506,MembTV,2026,2026-09-29T19:44:20.000Z,8-player unranked Rage Forest 2026 (Custom),2026-09-29,Rage Forest 2026 (Custom),220,45,196407,1,49.18923728755553,Castle request +5-10,300.0,177.51478688906653,126,77,42.58800144195557,26.026000881195067,58.79999999999998,78,17,76,7,0.09210526315789473,0.9772189018243509,12.126922666326587,0.4551433333333337,20,0.2597402597402597,19.26600065231323,0.5686274509803921,22,4,5.408000183105469,1.8574585706342626
510156210,MembTV,2026,2026-09-29T19:15:29.000Z,8-player unranked Rage Forest 2026 (Custom),2026-09-29,Rage Forest 2026 (Custom),220,12,196407,1,49.18923728755553,0-10,600,355.02957377813306,365,289,61.68500208854675,48.84100165367126,127.79999999999998,156,35,288,12,0.041666666666666664,0.4952662554204892,9.126307383306795,0.2916099999999998,119,0.4117647058823529,28.730000972747803,0.30685920577617326,23,1,4.9010001659393305,0.9221308286631839
510156210,MembTV,2026,2026-09-29T19:15:29.000Z,8-player unranked Rage Forest 2026 (Custom),2026-09-29,Rage Forest 2026 (Custom),220,12,196407,1,49.18923728755553,10-20,600,355.02957377813306,326,203,55.09400186538696,34.307001161575315,93.59999999999997,126,35,202,15,0.07425742574257425,0.8573964206741636,12.290532128242603,0.3836999999999998,58,0.2857142857142857,24.505000829696655,0.2987012987012987,31,4,6.9290002346038815,1.708652056616411
510156210,MembTV,2026,2026-09-29T19:15:29.000Z,8-player unranked Rage Forest 2026 (Custom),2026-09-29,Rage Forest 2026 (Custom),220,12,196407,1,49.18923728755553,20-30,600,355.02957377813306,279,151,47.151001596450804,25.51900086402893,54.0,66,35,150,22,0.14666666666666667,0.9763313278899375,15.282123742928949,0.5483699999999997,15,0.09933774834437085,22.984000778198244,0.5571428571428572,55,15,15.210000514984129,1.9184719053887698
510156210,MembTV,2026,2026-09-29T19:15:29.000Z,8-player unranked Rage Forest 2026 (Custom),2026-09-29,Rage Forest 2026 (Custom),220,12,196407,1,49.18923728755553,30-40,600,355.02957377813306,686,332,115.93400392532348,56.10800189971924,93.59999999999997,120,35,331,12,0.03625377643504532,0.2538461452512806,6.926982013985087,0.24315500000000043,156,0.46987951807228917,29.744001007080076,0.35611510791366907,146,23,28.05400094985962,1.6101892476444564
510156210,MembTV,2026,2026-09-29T19:15:29.000Z,8-player unranked Rage Forest 2026 (Custom),2026-09-29,Rage Forest 2026 (Custom),220,12,196407,1,49.18923728755553,Feudal request +0-5,299.99999999999994,177.5147868890665,181,172,61.17800207138062,58.136001968383795,103.19999999999997,132,17,171,2,0.011695906432748537,0.546745543618318,4.931597466160809,0.07971000000000003,77,0.4476744186046512,32.11000108718873,0.21951219512195122,17,1,0.6760000228881837,0.8258444635274438
510156210,MembTV,2026,2026-09-29T19:15:29.000Z,8-player unranked Rage Forest 2026 (Custom),2026-09-29,Rage Forest 2026 (Custom),220,12,196407,1,49.18923728755553,Feudal request +5-10,300.0,177.51478688906653,140,66,47.32000160217285,22.308000755310058,49.199999999999974,78,17,65,10,0.15384615384615385,1.2372780646168167,17.160449123119076,0.5328033333333331,9,0.13636363636363635,19.26600065231323,0.4166666666666667,11,3,8.450000286102293,1.9315219294170178
510156210,MembTV,2026,2026-09-29T19:15:29.000Z,8-player unranked Rage Forest 2026 (Custom),2026-09-29,Rage Forest 2026 (Custom),220,12,196407,1,49.18923728755553,Castle request +0-5,300.0,177.51478688906653,162,111,54.75600185394287,37.518001270294185,99.6,114,17,110,7,0.06363636363636363,0.7455621049340664,9.005561825264849,0.38432333333333274,36,0.32432432432432434,25.350000858306885,0.26881720430107525,20,3,4.394000148773193,1.512031715973956
510156210,MembTV,2026,2026-09-29T19:15:29.000Z,8-player unranked Rage Forest 2026 (Custom),2026-09-29,Rage Forest 2026 (Custom),220,12,196407,1,49.18923728755553,Castle request +5-10,300.0,177.51478688906653,150,64,50.70000171661377,21.632000732421876,38.39999999999999,48,17,63,12,0.19047619047619047,1.237278064616799,12.604650460802425,0.5921333333333342,3,0.046875,20.6180006980896,0.6956521739130435,16,5,13.18200044631958,1.4533056186464828
510156210,MembTV,2026,2026-09-29T19:15:29.000Z,8-player unranked Rage Forest 2026 (Custom),2026-09-29,Rage Forest 2026 (Custom),220,12,196407,1,49.18923728755553,Imperial request +0-5,300.0,177.51478688906653,163,82,55.09400186538696,27.716000938415526,48.0,48,17,81,10,0.12345679012345678,0.8591715685430827,10.06402332788876,0.49220333333333366,11,0.13414634146341464,23.998000812530517,0.5,29,14,17.914000606536863,1.9550014121790769
510156210,MembTV,2026,2026-09-29T19:15:29.000Z,8-player unranked Rage Forest 2026 (Custom),2026-09-29,Rage Forest 2026 (Custom),220,12,196407,1,49.18923728755553,Imperial request +5-10,300.0,177.51478688906653,344,152,116.27200393676758,51.37600173950195,92.39999999999999,102,17,151,5,0.033112582781456956,0.25384614525140137,8.249999720669365,0.22902000000000042,71,0.46710526315789475,27.378000926971435,0.3968253968253968,85,16,31.434001064300535,1.6376050072042176
510148611,MembTV,2026,2026-09-29T18:41:31.000Z,8-player unranked Rage Forest 2026 (Custom),2026-09-29,Rage Forest 2026 (Custom),220,17,196407,1,49.18923728755553,0-10,600,355.02957377813306,544,449,91.93600311279297,75.8810025691986,211.79999999999998,216,35,448,8,0.017857142857142856,0.24852070164467932,6.213615174233163,0.17121833333333333,219,0.48775055679287305,38.87000131607056,0.20408163265306123,26,2,6.422000217437744,0.6056493734031425
510148611,MembTV,2026,2026-09-29T18:41:31.000Z,8-player unranked Rage Forest 2026 (Custom),2026-09-29,Rage Forest 2026 (Custom),220,17,196407,1,49.18923728755553,10-20,600,355.02957377813306,471,379,79.59900269508361,64.05100216865539,144.0,174,35,378,12,0.031746031746031744,0.2526627133387649,7.2684849610023905,0.2725733333333333,187,0.49340369393139843,32.44800109863281,0.3096590909090909,36,5,5.239000177383423,1.2000124700375507
510148611,MembTV,2026,2026-09-29T18:41:31.000Z,8-player unranked Rage Forest 2026 (Custom),2026-09-29,Rage Forest 2026 (Custom),220,17,196407,1,49.18923728755553,20-30,600,355.02957377813306,338,178,57.12200193405151,30.08200101852417,63.599999999999966,90,35,177,19,0.10734463276836158,0.7396449453711078,14.126626740631952,0.5139383333333332,57,0.3202247191011236,20.44900069236755,0.43548387096774194,50,12,10.647000360488892,1.8721780572034958
510148611,MembTV,2026,2026-09-29T18:41:31.000Z,8-player unranked Rage Forest 2026 (Custom),2026-09-29,Rage Forest 2026 (Custom),220,17,196407,1,49.18923728755553,30-40,600,355.02957377813306,542,306,91.59800310134887,51.71400175094604,119.99999999999983,210,35,305,13,0.04262295081967213,0.24852070164473616,7.123810409687749,0.2841133333333326,161,0.5261437908496732,24.505000829696655,0.39622641509433965,76,17,18.759000635147093,1.521192511474997
510148611,MembTV,2026,2026-09-29T18:41:31.000Z,8-player unranked Rage Forest 2026 (Custom),2026-09-29,Rage Forest 2026 (Custom),220,17,196407,1,49.18923728755553,40-50,600,355.02957377813306,555,324,93.79500317573546,54.75600185394287,107.39999999999995,144,35,323,14,0.043343653250773995,0.24852070164473616,7.046626980348271,0.2732649999999976,140,0.43209876543209874,31.09600105285644,0.4180327868852459,146,29,19.26600065231323,1.7737536299870007
510148611,MembTV,2026,2026-09-29T18:41:31.000Z,8-player unranked Rage Forest 2026 (Custom),2026-09-29,Rage Forest 2026 (Custom),220,17,196407,1,49.18923728755553,Feudal request +0-5,300.0,177.51478688906653,173,142,58.474001979827875,47.996001625061034,102.0,102,17,141,8,0.05673758865248227,0.3674556088603538,8.219052976155055,0.35864000000000046,64,0.4507042253521127,26.36400089263916,0.2153846153846154,19,4,3.042000102996826,0.967812508288267
510148611,MembTV,2026,2026-09-29T18:41:31.000Z,8-player unranked Rage Forest 2026 (Custom),2026-09-29,Rage Forest 2026 (Custom),220,17,196407,1,49.18923728755553,Feudal request +5-10,300.0,177.51478688906653,310,250,104.78000354766846,84.50000286102295,125.99999999999997,150,17,249,4,0.01606425702811245,0.25147928142615683,5.694485014295257,0.14461333333333298,134,0.536,39.208001327514644,0.35319148936170214,33,4,7.77400026321411,1.23494829671618
510148611,MembTV,2026,2026-09-29T18:41:31.000Z,8-player unranked Rage Forest 2026 (Custom),2026-09-29,Rage Forest 2026 (Custom),220,17,196407,1,49.18923728755553,Castle request +0-5,299.9999999999999,177.51478688906644,238,182,80.44400272369388,61.516002082824734,118.79999999999998,138,17,181,6,0.03314917127071823,0.36686389290407817,6.843786750529744,0.2738999999999999,83,0.45604395604395603,33.4620011329651,0.29518072289156627,31,4,6.084000205993655,1.2252603242049807
510148611,MembTV,2026,2026-09-29T18:41:31.000Z,8-player unranked Rage Forest 2026 (Custom),2026-09-29,Rage Forest 2026 (Custom),220,17,196407,1,49.18923728755553,Castle request +5-10,300.0,177.51478688906653,239,166,80.78200273513794,56.10800189971924,125.99999999999997,150,17,165,6,0.03636363636363636,0.2562130090765464,8.997372476429675,0.27509333333333197,81,0.4879518072289157,28.730000972747803,0.4513888888888889,33,6,8.450000286102293,1.605017992435099
510148611,MembTV,2026,2026-09-29T18:41:31.000Z,8-player unranked Rage Forest 2026 (Custom),2026-09-29,Rage Forest 2026 (Custom),220,17,196407,1,49.18923728755553,Imperial request +0-5,300.0,177.51478688906653,189,101,63.882002162933354,34.13800115585327,82.79999999999995,126,17,100,7,0.07,0.7224851826384935,14.055620825876296,0.4558533333333343,39,0.38613861386138615,20.956000709533694,0.36764705882352944,27,16,13.18200044631958,1.8209584352843613
510148611,MembTV,2026,2026-09-29T18:41:31.000Z,8-player unranked Rage Forest 2026 (Custom),2026-09-29,Rage Forest 2026 (Custom),220,17,196407,1,49.18923728755553,Imperial request +5-10,299.9999999999998,177.5147868890664,272,160,91.93600311279303,54.08000183105473,106.79999999999994,174,17,159,6,0.03773584905660377,0.24852070164473616,6.007987962260428,0.19748999999999972,80,0.5,27.040000915527365,0.46808510638297873,43,15,18.590000629425063,1.581825112615505
510141944,MembTV,2026,2026-09-29T18:14:07.000Z,8-player unranked Rage Forest 2026 (Custom),2026-09-29,Rage Forest 2026 (Custom),220,16,196407,1,49.18923728755553,0-10,600,355.02957377813306,392,302,66.24800224304198,51.03800172805786,137.39999999999995,216,35,301,13,0.04318936877076412,0.4881656639449261,11.131360569857065,0.302585,124,0.4105960264900662,30.08200101852417,0.3908450704225352,29,3,4.394000148773193,1.2205236102879173
510141944,MembTV,2026,2026-09-29T18:14:07.000Z,8-player unranked Rage Forest 2026 (Custom),2026-09-29,Rage Forest 2026 (Custom),220,16,196407,1,49.18923728755553,10-20,600,355.02957377813306,374,275,63.20600214004516,46.475001573562615,123.59999999999997,138,35,274,16,0.058394160583941604,0.3668638929040995,8.10627783204437,0.3223583333333327,134,0.48727272727272725,23.82900080680847,0.47717842323651455,26,3,5.070000171661377,1.626894841127758
510141944,MembTV,2026,2026-09-29T18:14:07.000Z,8-player unranked Rage Forest 2026 (Custom),2026-09-29,Rage Forest 2026 (Custom),220,16,196407,1,49.18923728755553,20-30,600,355.02957377813306,497,387,83.9930028438568,65.40300221443175,138.0,144,35,386,8,0.02072538860103627,0.3710059045981211,5.641242412547586,0.15396833333333354,184,0.4754521963824289,34.307001161575315,0.28307692307692306,51,7,6.9290002346038815,1.4912063266687294
510141944,MembTV,2026,2026-09-29T18:14:07.000Z,8-player unranked Rage Forest 2026 (Custom),2026-09-29,Rage Forest 2026 (Custom),220,16,196407,1,49.18923728755553,30-40,600,355.02957377813306,427,211,72.16300244331359,35.65900120735168,79.79999999999998,102,35,210,19,0.09047619047619047,0.6195266062428573,10.388697873108635,0.445063333333332,85,0.4028436018957346,21.294000720977785,0.46153846153846156,74,14,16.39300055503845,1.9339633448373599
510141944,MembTV,2026,2026-09-29T18:14:07.000Z,8-player unranked Rage Forest 2026 (Custom),2026-09-29,Rage Forest 2026 (Custom),220,16,196407,1,49.18923728755553,Feudal request +0-5,299.99999999999994,177.5147868890665,158,93,53.40400180816651,31.434001064300542,50.39999999999999,60,17,92,7,0.07608695652173914,1.1124259978381463,6.695621075073036,0.27336999999999967,22,0.23655913978494625,23.99800081253052,0.6049382716049383,29,4,6.084000205993653,1.5433736681796915
510141944,MembTV,2026,2026-09-29T18:14:07.000Z,8-player unranked Rage Forest 2026 (Custom),2026-09-29,Rage Forest 2026 (Custom),220,16,196407,1,49.18923728755553,Feudal request +5-10,300.0,177.51478688906653,222,183,75.03600254058837,61.85400209426879,118.79999999999998,138,17,182,4,0.02197802197802198,0.36035501738479425,5.964810448929457,0.19834666666666628,101,0.5519125683060109,27.716000938415526,0.4484848484848485,17,3,4.394000148773193,1.4939507590651413
510141944,MembTV,2026,2026-09-29T18:14:07.000Z,8-player unranked Rage Forest 2026 (Custom),2026-09-29,Rage Forest 2026 (Custom),220,16,196407,1,49.18923728755553,Castle request +0-5,300.0,177.51478688906653,250,214,84.50000286102295,72.33200244903564,137.99999999999997,162,17,213,5,0.023474178403755867,0.3479289823025482,6.716236458990415,0.18351666666666688,115,0.5373831775700935,33.462001132965085,0.23369565217391305,34,4,4.732000160217284,1.4117582709537932
510141944,MembTV,2026,2026-09-29T18:14:07.000Z,8-player unranked Rage Forest 2026 (Custom),2026-09-29,Rage Forest 2026 (Custom),220,16,196407,1,49.18923728755553,Castle request +5-10,300.0,177.51478688906653,248,175,83.82400283813477,59.15000200271606,104.39999999999999,114,17,174,4,0.022988505747126436,0.4295857842715396,5.655301583669225,0.13333333333333341,69,0.3942857142857143,35.828001213073726,0.34507042253521125,29,7,8.112000274658202,1.5412500352068763
510141944,MembTV,2026,2026-09-29T18:14:07.000Z,8-player unranked Rage Forest 2026 (Custom),2026-09-29,Rage Forest 2026 (Custom),220,16,196407,1,49.18923728755553,Imperial request +0-5,299.9999999999998,177.5147868890664,155,70,52.390001773834264,23.660000801086444,48.0,48,17,69,11,0.15942028985507245,1.2106508465834622,14.782697724335623,0.574656666666666,11,0.15714285714285714,19.94200067520143,0.5882352941176471,24,8,13.858000469207774,2.296153614206129
510141944,MembTV,2026,2026-09-29T18:14:07.000Z,8-player unranked Rage Forest 2026 (Custom),2026-09-29,Rage Forest 2026 (Custom),220,16,196407,1,49.18923728755553,Imperial request +5-10,300.0,177.51478688906653,267,138,90.2460030555725,46.64400157928467,99.6,114,17,137,9,0.06569343065693431,0.37278105246710425,8.052159490681708,0.348546666666666,73,0.5289855072463768,21.970000743865967,0.4166666666666667,56,11,17.914000606536863,1.4968768311039176
510136293,MembTV,2026,2026-09-29T17:43:47.000Z,8-player unranked Rage Forest 2026 (Custom),2026-09-29,Rage Forest 2026 (Custom),220,41,196407,1,49.18923728755553,0-10,600,355.02957377813306,403,316,68.1070023059845,53.404001808166505,90.0,108,35,315,5,0.015873015873015872,0.6053254232916885,5.417455437876163,0.10555666666666634,117,0.370253164556962,33.63100113868713,0.3211920529801324,27,2,5.239000177383423,0.7909156960615834
510136293,MembTV,2026,2026-09-29T17:43:47.000Z,8-player unranked Rage Forest 2026 (Custom),2026-09-29,Rage Forest 2026 (Custom),220,41,196407,1,49.18923728755553,10-20,600,355.02957377813306,415,313,70.13500237464905,52.89700179100036,121.79999999999998,168,35,312,15,0.04807692307692308,0.36686389290406396,11.475709670624092,0.3539999999999995,133,0.4249201277955272,30.420001029968258,0.3333333333333333,33,7,6.084000205993652,1.3820389607313022
510136293,MembTV,2026,2026-09-29T17:43:47.000Z,8-player unranked Rage Forest 2026 (Custom),2026-09-29,Rage Forest 2026 (Custom),220,41,196407,1,49.18923728755553,20-30,600,355.02957377813306,417,289,70.47300238609313,48.84100165367126,85.79999999999998,114,35,288,10,0.034722222222222224,0.673668616244008,6.631153621634525,0.18683666666666657,88,0.3044982698961938,33.96900115013123,0.3978494623655914,71,14,14.534000492095947,1.788624383782274
510136293,MembTV,2026,2026-09-29T17:43:47.000Z,8-player unranked Rage Forest 2026 (Custom),2026-09-29,Rage Forest 2026 (Custom),220,41,196407,1,49.18923728755553,Feudal request +0-5,300.0,177.51478688906653,216,191,73.00800247192382,64.55800218582152,146.39999999999998,180,17,190,6,0.031578947368421054,0.36331359716631084,9.70292866555853,0.29594333333333306,94,0.49214659685863876,32.7860011100769,0.2896174863387978,25,2,2.0280000686645505,1.0939667240588535
510136293,MembTV,2026,2026-09-29T17:43:47.000Z,8-player unranked Rage Forest 2026 (Custom),2026-09-29,Rage Forest 2026 (Custom),220,41,196407,1,49.18923728755553,Feudal request +5-10,299.9999999999999,177.51478688906644,214,138,72.33200244903568,46.64400157928469,110.39999999999999,120,17,137,8,0.058394160583941604,0.36686389290407817,11.330650503937827,0.3697333333333331,51,0.3695652173913043,29.406000995636,0.3486238532110092,19,7,9.802000331878666,1.562844110773488
510136293,MembTV,2026,2026-09-29T17:43:47.000Z,8-player unranked Rage Forest 2026 (Custom),2026-09-29,Rage Forest 2026 (Custom),220,41,196407,1,49.18923728755553,Castle request +0-5,300.0000000000001,177.51478688906658,255,198,86.19000291824338,66.92400226593014,140.39999999999998,174,17,197,6,0.030456852791878174,0.24852070164473616,9.35124228693346,0.3093433333333326,107,0.5404040404040404,30.75800104141234,0.30726256983240224,19,5,4.732000160217284,1.3007096272706065
510136293,MembTV,2026,2026-09-29T17:43:47.000Z,8-player unranked Rage Forest 2026 (Custom),2026-09-29,Rage Forest 2026 (Custom),220,41,196407,1,49.18923728755553,Castle request +5-10,300.0,177.51478688906653,206,125,69.62800235748291,42.250001430511475,62.39999999999999,72,17,124,7,0.056451612903225805,0.8360946462475063,6.942177279742946,0.2923533333333337,22,0.176,34.81400117874146,0.5465116279069767,30,9,17.914000606536863,1.7049954445765585
510136293,MembTV,2026,2026-09-29T17:43:47.000Z,8-player unranked Rage Forest 2026 (Custom),2026-09-29,Rage Forest 2026 (Custom),220,41,196407,1,49.18923728755553,Imperial request +0-5,300.0,177.51478688906653,190,145,64.22000217437744,49.01000165939331,96.0,96,17,144,4,0.027777777777777776,0.6639053029651407,5.5992246624910385,0.13070000000000012,41,0.2827586206896552,35.152001190185544,0.40476190476190477,41,12,9.802000331878661,1.9792990737292293
510136293,MembTV,2026,2026-09-29T17:43:47.000Z,8-player unranked Rage Forest 2026 (Custom),2026-09-29,Rage Forest 2026 (Custom),220,41,196407,1,49.18923728755553,Imperial request +5-10,300.0000000000002,177.51478688906664,330,201,111.54000377655022,67.9380023002624,121.19999999999997,150,17,200,6,0.03,0.2538461452514156,5.73008856338567,0.20392999999999942,101,0.5024875621890548,33.80000114440916,0.3872832369942196,63,17,22.308000755310044,1.590133031061974
510129467,MembTV,2026,2026-09-29T17:06:09.000Z,8-player unranked Rage Forest 2026 (Custom),2026-09-29,Rage Forest 2026 (Custom),220,59,196407,1,49.18923728755553,0-10,600,355.02957377813306,521,457,88.04900298118591,77.23300261497496,164.99999999999991,192,35,456,12,0.02631578947368421,0.24615383781949163,6.323550081753585,0.2141983333333336,252,0.5514223194748359,34.64500117301941,0.2345132743362832,28,1,3.887000131607055,0.720558601732891
510129467,MembTV,2026,2026-09-29T17:06:09.000Z,8-player unranked Rage Forest 2026 (Custom),2026-09-29,Rage Forest 2026 (Custom),220,59,196407,1,49.18923728755553,10-20,600,355.02957377813306,311,203,52.55900177955627,34.307001161575315,86.39999999999986,174,35,202,22,0.10891089108910891,0.3627218812100068,18.21101713488602,0.5859816666666668,94,0.4630541871921182,18.421000623703,0.24705882352941178,31,2,5.070000171661377,1.5304361665693498
510129467,MembTV,2026,2026-09-29T17:06:09.000Z,8-player unranked Rage Forest 2026 (Custom),2026-09-29,Rage Forest 2026 (Custom),220,59,196407,1,49.18923728755553,20-30,600,355.02957377813306,693,458,117.1170039653778,77.40200262069702,230.99999999999991,258,35,457,21,0.045951859956236324,0.23431951869355316,9.825443454309855,0.5070449999999995,305,0.665938864628821,25.85700087547302,0.1971153846153846,88,6,15.54800052642822,1.0704173053886574
510129467,MembTV,2026,2026-09-29T17:06:09.000Z,8-player unranked Rage Forest 2026 (Custom),2026-09-29,Rage Forest 2026 (Custom),220,59,196407,1,49.18923728755553,30-40,600,355.02957377813306,607,450,102.58300347328185,76.05000257492065,186.0,216,35,449,12,0.026726057906458798,0.24852070164473616,6.602129953978215,0.21741500000000138,235,0.5222222222222223,36.33500123023987,0.3237597911227154,102,8,15.886000537872313,1.3782429683090054
510129467,MembTV,2026,2026-09-29T17:06:09.000Z,8-player unranked Rage Forest 2026 (Custom),2026-09-29,Rage Forest 2026 (Custom),220,59,196407,1,49.18923728755553,40-50,600,355.02957377813306,742,529,125.39800424575805,89.40100302696227,168.0,168,35,528,8,0.015151515151515152,0.24852070164473616,5.094674383716292,0.1288199999999991,272,0.5141776937618148,43.4330014705658,0.36942675159235666,213,12,21.125000715255737,1.3028265448507845
510129467,MembTV,2026,2026-09-29T17:06:09.000Z,8-player unranked Rage Forest 2026 (Custom),2026-09-29,Rage Forest 2026 (Custom),220,59,196407,1,49.18923728755553,Feudal request +0-5,300.0,177.51478688906653,263,239,88.89400300979614,80.78200273513794,195.6,210,17,238,5,0.02100840336134454,0.244970405906912,6.827751248114145,0.2108199999999999,126,0.5271966527196653,38.194001293182374,0.22608695652173913,26,1,1.0140000343322753,0.8608502504548711
510129467,MembTV,2026,2026-09-29T17:06:09.000Z,8-player unranked Rage Forest 2026 (Custom),2026-09-29,Rage Forest 2026 (Custom),220,59,196407,1,49.18923728755553,Feudal request +5-10,300.0,177.51478688906653,110,57,37.18000125885009,19.26600065231323,45.59999999999999,60,17,56,11,0.19642857142857142,0.7828402101807761,20.21032475950055,0.7267466666666675,18,0.3157894736842105,13.18200044631958,0.35135135135135137,17,2,6.084000205993652,1.9829288692182785
510129467,MembTV,2026,2026-09-29T17:06:09.000Z,8-player unranked Rage Forest 2026 (Custom),2026-09-29,Rage Forest 2026 (Custom),220,59,196407,1,49.18923728755553,Castle request +0-5,300.0,177.51478688906653,132,96,44.616001510620116,32.44800109863281,73.19999999999999,78,17,95,12,0.12631578947368421,0.3621301652537454,12.552839811669163,0.589976666666667,42,0.4375,18.252000617980954,0.2948717948717949,16,1,2.366000080108642,1.6770080941796353
510129467,MembTV,2026,2026-09-29T17:06:09.000Z,8-player unranked Rage Forest 2026 (Custom),2026-09-29,Rage Forest 2026 (Custom),220,59,196407,1,49.18923728755553,Castle request +5-10,300.0000000000001,177.51478688906658,195,106,65.91000223159789,35.82800121307372,161.99999999999994,234,17,105,11,0.10476190476190476,0.24852070164460827,17.816283420440307,0.7053600000000002,64,0.6037735849056604,14.19600048065185,0.17582417582417584,16,3,10.816000366210933,1.2201198468101921
510129467,MembTV,2026,2026-09-29T17:06:09.000Z,8-player unranked Rage Forest 2026 (Custom),2026-09-29,Rage Forest 2026 (Custom),220,59,196407,1,49.18923728755553,Imperial request +0-5,300.0,177.51478688906653,281,209,94.9780032157898,70.64200239181518,140.39999999999992,222,17,208,7,0.03365384615384615,0.24852070164473616,6.551804511895153,0.2535600000000014,110,0.5263157894736842,33.462001132965085,0.3128491620111732,54,7,14.196000480651856,1.288424535763733
510129467,MembTV,2026,2026-09-29T17:06:09.000Z,8-player unranked Rage Forest 2026 (Custom),2026-09-29,Rage Forest 2026 (Custom),220,59,196407,1,49.18923728755553,Imperial request +5-10,300.0,177.51478688906653,412,293,139.25600471496583,99.03400335311889,159.6,174,17,292,6,0.02054794520547945,0.24852070164473616,5.760301580113971,0.19695999999999914,164,0.5597269624573379,43.60200147628784,0.3492647058823529,130,8,21.294000720977785,1.1009369725626708
510080509,MembTV,2026,2026-09-29T12:31:56.000Z,8-player unranked Rage Forest 2026 (Custom),2026-09-29,Rage Forest 2026 (Custom),220,19,196407,1,49.18923728755553,0-10,600,355.02957377813306,362,270,61.17800207138062,45.63000154495239,135.59999999999997,186,35,269,17,0.06319702602230483,0.6088757190294984,9.999833980949651,0.38576500000000014,111,0.4111111111111111,26.871000909805296,0.391304347826087,23,1,4.394000148773193,1.1561978671005007
510080509,MembTV,2026,2026-09-29T12:31:56.000Z,8-player unranked Rage Forest 2026 (Custom),2026-09-29,Rage Forest 2026 (Custom),220,19,196407,1,49.18923728755553,10-20,600,355.02957377813306,224,180,37.85600128173827,30.420001029968258,67.79999999999998,90,35,179,16,0.0893854748603352,0.7396449453711114,15.676922546129791,0.48198666666666656,65,0.3611111111111111,19.43500065803528,0.36363636363636365,26,2,2.1970000743865965,1.4795215402329147
510080509,MembTV,2026,2026-09-29T12:31:56.000Z,8-player unranked Rage Forest 2026 (Custom),2026-09-29,Rage Forest 2026 (Custom),220,19,196407,1,49.18923728755553,20-30,600,355.02957377813306,371,272,62.69900212287902,45.96800155639649,102.0,114,35,271,16,0.05904059040590406,0.48816566394498295,9.964076585710556,0.35942999999999997,101,0.3713235294117647,28.899000978469847,0.4444444444444444,44,7,7.098000240325928,1.6257464515867297
510080509,MembTV,2026,2026-09-29T12:31:56.000Z,8-player unranked Rage Forest 2026 (Custom),2026-09-29,Rage Forest 2026 (Custom),220,19,196407,1,49.18923728755553,30-40,600,355.02957377813306,564,383,95.31600322723388,64.72700219154358,150.0,156,35,382,13,0.034031413612565446,0.24852070164473616,8.469751192518881,0.28222499999999934,178,0.46475195822454307,34.64500117301941,0.369281045751634,81,5,14.872000503540038,1.7806936428557918
510080509,MembTV,2026,2026-09-29T12:31:56.000Z,8-player unranked Rage Forest 2026 (Custom),2026-09-29,Rage Forest 2026 (Custom),220,19,196407,1,49.18923728755553,Feudal request +0-5,300.0,177.51478688906653,171,149,57.79800195693969,50.362001705169675,74.39999999999999,84,17,148,3,0.02027027027027027,0.6065088552042965,6.598076699677504,0.15625000000000008,66,0.4429530201342282,28.05400094985962,0.29927007299270075,21,1,2.7040000915527345,1.0843112119333886
510080509,MembTV,2026,2026-09-29T12:31:56.000Z,8-player unranked Rage Forest 2026 (Custom),2026-09-29,Rage Forest 2026 (Custom),220,19,196407,1,49.18923728755553,Feudal request +5-10,300.0,177.51478688906653,65,44,21.970000743865967,14.872000503540038,30.0,30,17,43,12,0.27906976744186046,1.4792898907422227,27.66479196272652,0.7336666666666658,7,0.1590909090909091,12.506000423431397,0.5666666666666667,11,2,1.690000057220459,1.7779027131780154
510080509,MembTV,2026,2026-09-29T12:31:56.000Z,8-player unranked Rage Forest 2026 (Custom),2026-09-29,Rage Forest 2026 (Custom),220,19,196407,1,49.18923728755553,Castle request +0-5,299.9999999999999,177.51478688906644,61,43,20.618000698089606,14.534000492095954,30.0,30,17,42,12,0.2857142857142857,1.6642011270850006,27.810206158986453,0.7460733333333329,6,0.13953488372093023,12.506000423431402,0.5714285714285714,10,2,1.6900000572204599,1.8153930495612216
510080509,MembTV,2026,2026-09-29T12:31:56.000Z,8-player unranked Rage Forest 2026 (Custom),2026-09-29,Rage Forest 2026 (Custom),220,19,196407,1,49.18923728755553,Castle request +5-10,300.0,177.51478688906653,117,75,39.54600133895874,25.350000858306885,52.79999999999998,72,17,74,13,0.17567567567567569,1.0934910872366288,14.315242118861043,0.6511166666666661,18,0.24,19.26600065231323,0.5535714285714286,16,5,5.746000194549561,1.9477355943287866
510080509,MembTV,2026,2026-09-29T12:31:56.000Z,8-player unranked Rage Forest 2026 (Custom),2026-09-29,Rage Forest 2026 (Custom),220,19,196407,1,49.18923728755553,Imperial request +0-5,300.0,177.51478688906653,106,72,35.828001213073726,24.336000823974608,44.39999999999999,54,17,71,15,0.2112676056338028,1.0952662351055409,14.37762081497384,0.706313333333331,16,0.2222222222222222,18.928000640869136,0.5576923076923077,16,5,4.732000160217284,2.0454014190439884
510080509,MembTV,2026,2026-09-29T12:31:56.000Z,8-player unranked Rage Forest 2026 (Custom),2026-09-29,Rage Forest 2026 (Custom),220,19,196407,1,49.18923728755553,Imperial request +5-10,300.0,177.51478688906653,217,155,73.34600248336793,52.39000177383423,75.6,90,17,154,5,0.032467532467532464,0.5467455436183144,6.58769800180411,0.18711000000000094,61,0.3935483870967742,31.772001075744626,0.4244604316546763,28,5,8.112000274658202,1.4814261444287549
510076929,MembTV,2026,2026-09-29T12:01:43.000Z,8-player unranked Rage Forest 2026 (Custom),2026-09-29,Rage Forest 2026 (Custom),220,10,196407,1,49.18923728755553,0-10,600,355.02957377813306,561,472,94.80900321006774,79.76800270080565,174.0,180,35,471,7,0.014861995753715499,0.25147928142618525,5.733905131303746,0.17791833333333334,262,0.5550847457627118,35.49000120162964,0.3436807095343681,32,1,5.408000183105469,1.240889018741717
510076929,MembTV,2026,2026-09-29T12:01:43.000Z,8-player unranked Rage Forest 2026 (Custom),2026-09-29,Rage Forest 2026 (Custom),220,10,196407,1,49.18923728755553,10-20,600,355.02957377813306,312,266,52.72800178527832,44.9540015220642,118.19999999999985,252,35,265,14,0.052830188679245285,0.4881656639449261,14.338484721624395,0.40968833333333315,103,0.38721804511278196,27.54700093269348,0.4182692307692308,35,3,3.887000131607055,1.7836403022363783
510076929,MembTV,2026,2026-09-29T12:01:43.000Z,8-player unranked Rage Forest 2026 (Custom),2026-09-29,Rage Forest 2026 (Custom),220,10,196407,1,49.18923728755553,20-30,600,355.02957377813306,462,379,78.0780026435852,64.05100216865539,161.39999999999995,192,35,378,11,0.0291005291005291,0.2538461452514298,6.61692285288558,0.20615833333333347,182,0.48021108179419525,33.293001127243045,0.32298136645962733,63,5,3.549000120162964,1.5804115553165379
510076929,MembTV,2026,2026-09-29T12:01:43.000Z,8-player unranked Rage Forest 2026 (Custom),2026-09-29,Rage Forest 2026 (Custom),220,10,196407,1,49.18923728755553,Feudal request +0-5,300.0,177.51478688906653,152,126,51.37600173950195,42.58800144195557,127.19999999999997,156,17,125,7,0.056,0.6076922871169188,10.194934566059857,0.37724666666666656,43,0.3412698412698413,28.05400094985962,0.4111111111111111,23,3,4.732000160217284,1.8854374119797894
510076929,MembTV,2026,2026-09-29T12:01:43.000Z,8-player unranked Rage Forest 2026 (Custom),2026-09-29,Rage Forest 2026 (Custom),220,10,196407,1,49.18923728755553,Feudal request +5-10,300.0,177.51478688906653,248,227,83.82400283813477,76.72600259780883,163.2,168,17,226,2,0.008849557522123894,0.2538461452514156,4.1289939430396565,0.08866000000000064,122,0.5374449339207048,35.49000120162964,0.24338624338624337,17,3,3.042000102996826,1.5840021934278423
510076929,MembTV,2026,2026-09-29T12:01:43.000Z,8-player unranked Rage Forest 2026 (Custom),2026-09-29,Rage Forest 2026 (Custom),220,10,196407,1,49.18923728755553,Castle request +0-5,300.0,177.51478688906653,224,179,75.71200256347655,60.50200204849243,153.6,168,17,178,7,0.03932584269662921,0.3514792780403191,6.771053025181746,0.2612500000000001,77,0.4301675977653631,34.47600116729736,0.3708609271523179,49,2,1.690000057220459,1.5520459055992326
510073579,MembTV,2026,2026-09-29T11:34:42.000Z,8-player unranked Rage Forest 2026 (Custom),2026-09-29,Rage Forest 2026 (Custom),220,62,196407,1,49.18923728755553,0-10,600,355.02957377813306,576,504,97.34400329589843,85.17600288391114,211.19999999999993,240,35,503,10,0.019880715705765408,0.23846153038766715,6.300366650585849,0.20826999999999987,301,0.5972222222222222,34.307001161575315,0.1744421906693712,24,3,4.394000148773193,0.5638041128859883
510073579,MembTV,2026,2026-09-29T11:34:42.000Z,8-player unranked Rage Forest 2026 (Custom),2026-09-29,Rage Forest 2026 (Custom),220,62,196407,1,49.18923728755553,10-20,600,355.02957377813306,516,411,87.20400295257568,69.45900235176086,156.0,180,35,410,8,0.01951219512195122,0.25147928142624565,6.711786754999053,0.15600999999999995,212,0.5158150851581509,33.63100113868713,0.3395225464190981,29,5,7.2670002460479735,1.321451123803069
510073579,MembTV,2026,2026-09-29T11:34:42.000Z,8-player unranked Rage Forest 2026 (Custom),2026-09-29,Rage Forest 2026 (Custom),220,62,196407,1,49.18923728755553,20-30,600,355.02957377813306,476,323,80.44400272369384,54.58700184822082,119.99999999999983,228,35,322,15,0.046583850931677016,0.2550295771639881,7.34123052066954,0.2950899999999995,147,0.4551083591331269,29.744001007080076,0.3522727272727273,36,11,9.633000326156616,1.6838186278372043
510073579,MembTV,2026,2026-09-29T11:34:42.000Z,8-player unranked Rage Forest 2026 (Custom),2026-09-29,Rage Forest 2026 (Custom),220,62,196407,1,49.18923728755553,Feudal request +0-5,300.00000000000006,177.51478688906656,314,263,106.13200359344481,88.89400300979612,200.39999999999998,234,17,262,7,0.026717557251908396,0.2366863825187977,6.293733514715785,0.25739333333333303,166,0.6311787072243346,32.786001110076896,0.14741035856573706,12,3,5.070000171661376,0.7240350041318404
510073579,MembTV,2026,2026-09-29T11:34:42.000Z,8-player unranked Rage Forest 2026 (Custom),2026-09-29,Rage Forest 2026 (Custom),220,62,196407,1,49.18923728755553,Feudal request +5-10,300.0,177.51478688906653,288,237,97.34400329589843,80.10600271224976,145.2,150,17,236,1,0.00423728813559322,0.3698224726855486,4.231508732468102,0.04707666666666681,120,0.5063291139240507,39.54600133895874,0.38461538461538464,19,4,7.77400026321411,1.2847663533741287
510073579,MembTV,2026,2026-09-29T11:34:42.000Z,8-player unranked Rage Forest 2026 (Custom),2026-09-29,Rage Forest 2026 (Custom),220,62,196407,1,49.18923728755553,Castle request +0-5,300.0,177.51478688906653,226,186,76.38800258636475,62.86800212860107,132.0,132,17,185,6,0.032432432432432434,0.3710059045981211,5.975266069877173,0.20715000000000006,83,0.44623655913978494,34.81400117874146,0.3860759493670886,20,7,5.746000194549561,1.6053540558310988
510073579,MembTV,2026,2026-09-29T11:34:42.000Z,8-player unranked Rage Forest 2026 (Custom),2026-09-29,Rage Forest 2026 (Custom),220,62,196407,1,49.18923728755553,Castle request +5-10,300.0,177.51478688906653,254,138,85.85200290679931,46.64400157928467,105.59999999999991,216,17,137,9,0.06569343065693431,0.2538461452514156,8.376922793295051,0.35210999999999953,64,0.463768115942029,25.012000846862794,0.2897196261682243,21,11,14.196000480651856,1.7133976699067555
510069029,MembTV,2026,2026-09-29T10:48:01.000Z,8-player unranked Rage Forest 2026 (Custom),2026-09-29,Rage Forest 2026 (Custom),220,18,196407,1,49.18923728755553,0-10,600,355.02957377813306,377,299,63.7130021572113,50.531001710891715,165.59999999999997,216,35,298,13,0.0436241610738255,0.3011834217551197,12.649390104258016,0.33321833333333367,150,0.5016722408026756,25.181000852584837,0.30985915492957744,36,2,5.239000177383423,1.082855085615491
510069029,MembTV,2026,2026-09-29T10:48:01.000Z,8-player unranked Rage Forest 2026 (Custom),2026-09-29,Rage Forest 2026 (Custom),220,18,196407,1,49.18923728755553,10-20,600,355.02957377813306,444,342,75.03600254058837,57.79800195693969,107.39999999999995,132,35,341,11,0.03225806451612903,0.36982247268554147,7.034674318031194,0.20599166666666638,159,0.4649122807017544,30.927001047134397,0.3818770226537217,31,5,5.746000194549561,1.255613064400972
510069029,MembTV,2026,2026-09-29T10:48:01.000Z,8-player unranked Rage Forest 2026 (Custom),2026-09-29,Rage Forest 2026 (Custom),220,18,196407,1,49.18923728755553,20-30,600,355.02957377813306,333,225,56.27700190544128,38.02500128746033,101.39999999999995,120,35,224,16,0.07142857142857142,0.43047335820603294,12.332283606119008,0.4549683333333331,89,0.39555555555555555,22.984000778198244,0.3583815028901734,30,9,6.422000217437744,1.7740877791555618
510069029,MembTV,2026,2026-09-29T10:48:01.000Z,8-player unranked Rage Forest 2026 (Custom),2026-09-29,Rage Forest 2026 (Custom),220,18,196407,1,49.18923728755553,30-40,600,355.02957377813306,412,299,69.62800235748291,50.531001710891715,85.79999999999998,102,35,298,13,0.0436241610738255,0.6213017541117125,8.238863626371787,0.27053333333333257,80,0.26755852842809363,37.01100125312805,0.4367816091954023,65,13,11.999000406265258,1.9579925050828086
510069029,MembTV,2026,2026-09-29T10:48:01.000Z,8-player unranked Rage Forest 2026 (Custom),2026-09-29,Rage Forest 2026 (Custom),220,18,196407,1,49.18923728755553,Feudal request +0-5,300.0,177.51478688906653,153,106,51.71400175094604,35.828001213073726,64.79999999999998,84,17,105,8,0.0761904761904762,0.5029585628522995,7.459526374652337,0.32332666666666615,43,0.4056603773584906,21.294000720977785,0.425531914893617,18,4,5.408000183105469,1.4886129478808972
510069029,MembTV,2026,2026-09-29T10:48:01.000Z,8-player unranked Rage Forest 2026 (Custom),2026-09-29,Rage Forest 2026 (Custom),220,18,196407,1,49.18923728755553,Feudal request +5-10,300.0,177.51478688906653,264,214,89.23200302124023,72.33200244903564,128.39999999999998,138,17,213,3,0.014084507042253521,0.3698224726855557,4.974532375949726,0.12249333333333351,99,0.46261682242990654,38.87000131607056,0.3917525773195876,22,3,5.408000183105469,1.1518139609021458
510069029,MembTV,2026,2026-09-29T10:48:01.000Z,8-player unranked Rage Forest 2026 (Custom),2026-09-29,Rage Forest 2026 (Custom),220,18,196407,1,49.18923728755553,Castle request +0-5,300.0,177.51478688906653,129,74,43.60200147628784,25.012000846862794,61.199999999999996,66,17,73,10,0.136986301369863,0.6461538242761264,13.602224391523405,0.6152733333333325,26,0.35135135135135137,16.224000549316404,0.42,14,6,6.760000228881836,2.021171491977775
510069029,MembTV,2026,2026-09-29T10:48:01.000Z,8-player unranked Rage Forest 2026 (Custom),2026-09-29,Rage Forest 2026 (Custom),220,18,196407,1,49.18923728755553,Castle request +5-10,300.0,177.51478688906653,185,120,62.53000211715698,40.560001373291016,79.19999999999999,84,17,119,8,0.06722689075630252,0.6213017541116983,9.307052939317256,0.3410399999999997,30,0.25,30.420001029968258,0.42857142857142855,34,9,11.492000389099122,1.7249827048547495
510069029,MembTV,2026,2026-09-29T10:48:01.000Z,8-player unranked Rage Forest 2026 (Custom),2026-09-29,Rage Forest 2026 (Custom),220,18,196407,1,49.18923728755553,Imperial request +0-5,300.0,177.51478688906653,249,176,84.16200284957885,59.48800201416015,92.39999999999999,102,17,175,5,0.02857142857142857,0.37278105246683424,6.315384401556633,0.1795866666666659,58,0.32954545454545453,39.884001350402826,0.4,47,15,15.886000537872313,1.9060681621627134
510063832,MembTV,2026,2026-09-29T10:10:42.000Z,8-player unranked Rage Forest 2026 (Custom),2026-09-29,Rage Forest 2026 (Custom),220,25,196407,4,49.18923728755553,0-10,600,355.02957377813306,531,467,89.73900303840637,78.92300267219542,150.0,168,35,466,3,0.006437768240343348,0.25147928142618525,4.644733570548049,0.08321166666666689,243,0.5203426124197003,37.85600128173827,0.3904109589041096,28,1,4.056000137329101,1.3387841576367001
510063832,MembTV,2026,2026-09-29T10:10:42.000Z,8-player unranked Rage Forest 2026 (Custom),2026-09-29,Rage Forest 2026 (Custom),220,25,196407,4,49.18923728755553,10-20,600,355.02957377813306,503,422,85.00700287818908,71.31800241470336,161.39999999999995,216,35,421,12,0.028503562945368172,0.25147928142615683,7.119526386164181,0.23547666666666695,233,0.5521327014218009,31.941001081466677,0.33695652173913043,29,2,4.225000143051147,1.5355699425613896
510063832,MembTV,2026,2026-09-29T10:10:42.000Z,8-player unranked Rage Forest 2026 (Custom),2026-09-29,Rage Forest 2026 (Custom),220,25,196407,4,49.18923728755553,20-30,600,355.02957377813306,487,391,82.30300278663636,66.07900223731994,143.39999999999995,168,35,390,15,0.038461538461538464,0.2538461452512877,9.530129854841142,0.32750833333333274,214,0.5473145780051151,29.913001012802123,0.2714285714285714,40,3,4.9010001659393305,1.4911588921890522
510063832,MembTV,2026,2026-09-29T10:10:42.000Z,8-player unranked Rage Forest 2026 (Custom),2026-09-29,Rage Forest 2026 (Custom),220,25,196407,4,49.18923728755553,30-40,600,355.02957377813306,381,288,64.3890021800995,48.672001647949216,95.39999999999995,168,35,287,11,0.03832752613240418,0.35147927804035817,11.197810271749224,0.2896899999999992,131,0.4548611111111111,26.533000898361205,0.4309623430962343,68,6,5.070000171661377,1.7108074451092021
510063832,MembTV,2026,2026-09-29T10:10:42.000Z,8-player unranked Rage Forest 2026 (Custom),2026-09-29,Rage Forest 2026 (Custom),220,25,196407,4,49.18923728755553,Feudal request +0-5,300.0000000000001,177.51478688906658,197,157,66.58600225448606,53.0660017967224,116.39999999999998,150,17,156,9,0.057692307692307696,0.37721892213922104,7.453490871898132,0.32014333333333406,78,0.4968152866242038,26.702000904083242,0.31746031746031744,20,2,3.3800001144409166,1.5765616657451462
510063832,MembTV,2026,2026-09-29T10:10:42.000Z,8-player unranked Rage Forest 2026 (Custom),2026-09-29,Rage Forest 2026 (Custom),220,25,196407,4,49.18923728755553,Feudal request +5-10,300.0,177.51478688906653,285,224,96.33000326156616,75.71200256347655,149.99999999999994,198,17,223,7,0.03139013452914798,0.25384614525127347,6.451916941312669,0.2785466666666671,124,0.5535714285714286,33.80000114440917,0.21287128712871287,21,3,5.746000194549561,1.3444665390628923
510063832,MembTV,2026,2026-09-29T10:10:42.000Z,8-player unranked Rage Forest 2026 (Custom),2026-09-29,Rage Forest 2026 (Custom),220,25,196407,4,49.18923728755553,Castle request +0-5,300.0,177.51478688906653,172,140,58.13600196838379,47.32000160217285,130.79999999999998,150,17,139,7,0.050359712230215826,0.24852070164473616,10.4052777542042,0.4222299999999996,74,0.5285714285714286,22.308000755310058,0.3391304347826087,20,3,3.7180001258850095,1.6235787403073851
510063832,MembTV,2026,2026-09-29T10:10:42.000Z,8-player unranked Rage Forest 2026 (Custom),2026-09-29,Rage Forest 2026 (Custom),220,25,196407,4,49.18923728755553,Castle request +5-10,300.0,177.51478688906653,219,169,74.0220025062561,57.12200193405151,115.19999999999996,168,17,168,4,0.023809523809523808,0.2538461452514156,7.856857722146298,0.20112999999999978,84,0.4970414201183432,28.730000972747803,0.4178082191780822,57,6,6.422000217437744,1.5329219296519043
509960927,MembTV,2026,2026-09-28T20:57:09.000Z,8-player unranked Rage Forest 2026 (Custom),2026-09-28,Rage Forest 2026 (Custom),220,1,196407,1,49.18649938054854,0-10,600,355.02957377813306,475,388,80.27500271797179,65.5720022201538,163.79999999999998,192,35,387,5,0.012919896640826873,0.36153844929739876,5.0667808935363805,0.11138500000000008,183,0.47164948453608246,34.64500117301941,0.39502762430939226,30,1,4.394000148773193,1.3362095311790863
509960927,MembTV,2026,2026-09-28T20:57:09.000Z,8-player unranked Rage Forest 2026 (Custom),2026-09-28,Rage Forest 2026 (Custom),220,1,196407,1,49.18649938054854,10-20,600,355.02957377813306,257,203,43.4330014705658,34.307001161575315,71.39999999999995,114,35,202,15,0.07425742574257425,0.8579881366305244,11.84114752807351,0.35734666666666687,39,0.1921182266009852,27.716000938415526,0.4797297297297297,24,1,2.5350000858306885,2.019173333559988
509960927,MembTV,2026,2026-09-28T20:57:09.000Z,8-player unranked Rage Forest 2026 (Custom),2026-09-28,Rage Forest 2026 (Custom),220,1,196407,1,49.18649938054854,20-30,600,355.02957377813306,342,209,57.79800195693969,35.32100119590759,73.79999999999998,78,35,208,19,0.09134615384615384,0.4970414032893302,12.09524219402638,0.4759316666666668,85,0.40669856459330145,20.956000709533694,0.3375,38,6,9.126000308990477,1.570400974714384
509960927,MembTV,2026,2026-09-28T20:57:09.000Z,8-player unranked Rage Forest 2026 (Custom),2026-09-28,Rage Forest 2026 (Custom),220,1,196407,1,49.18649938054854,Feudal request +0-5,300.0,177.51478688906653,145,125,49.01000165939331,42.250001430511475,86.39999999999999,96,17,124,5,0.04032258064516129,0.7455621049340699,11.002413828660876,0.24768666666666705,34,0.272,30.758001041412353,0.4537037037037037,23,1,3.042000102996826,1.5848635556140682
509960927,MembTV,2026,2026-09-28T20:57:09.000Z,8-player unranked Rage Forest 2026 (Custom),2026-09-28,Rage Forest 2026 (Custom),220,1,196407,1,49.18649938054854,Feudal request +5-10,300.0,177.51478688906653,119,86,40.22200136184692,29.068000984191894,66.0,66,17,85,9,0.10588235294117647,0.7455621049340664,17.56004674272546,0.49690333333333325,19,0.22093023255813954,22.64600076675415,0.39215686274509803,13,1,1.690000057220459,2.14840645143115
509960927,MembTV,2026,2026-09-28T20:57:09.000Z,8-player unranked Rage Forest 2026 (Custom),2026-09-28,Rage Forest 2026 (Custom),220,1,196407,1,49.18649938054854,Castle request +0-5,300.0,177.51478688906653,122,94,41.2360013961792,31.772001075744626,68.39999999999999,78,17,93,10,0.10752688172043011,0.49704140328934443,10.544141654828021,0.4466733333333331,35,0.3723404255319149,19.942000675201413,0.26666666666666666,14,1,1.690000057220459,2.1005551295551097
509960927,MembTV,2026,2026-09-28T20:57:09.000Z,8-player unranked Rage Forest 2026 (Custom),2026-09-28,Rage Forest 2026 (Custom),220,1,196407,1,49.18649938054854,Castle request +5-10,300.0,177.51478688906653,192,89,64.89600219726562,30.08200101852417,60.0,60,17,88,10,0.11363636363636363,0.3710059045981211,14.03900544182349,0.5584999999999999,39,0.43820224719101125,16.900000572204586,0.375,22,6,14.534000492095947,1.3598969877748843
509952488,MembTV,2026,2026-09-28T20:13:39.000Z,8-player unranked Rage Forest 2026 (Custom),2026-09-28,Rage Forest 2026 (Custom),220,5,196407,1,49.18649938054854,0-10,600,355.02957377813306,409,326,69.12100234031676,55.09400186538696,128.39999999999986,222,35,325,9,0.027692307692307693,0.4911242437264036,9.638958253523315,0.22665166666666675,132,0.4049079754601227,32.7860011100769,0.3924914675767918,23,1,3.887000131607055,1.4552795698854801
509952488,MembTV,2026,2026-09-28T20:13:39.000Z,8-player unranked Rage Forest 2026 (Custom),2026-09-28,Rage Forest 2026 (Custom),220,5,196407,1,49.18649938054854,10-20,600,355.02957377813306,360,260,60.840002059936516,43.940001487731934,91.79999999999998,180,35,259,15,0.05791505791505792,0.4881656639449261,10.389810299106609,0.35379000000000016,114,0.43846153846153846,24.674000835418703,0.42290748898678415,31,3,5.239000177383423,1.5308916340342686
509952488,MembTV,2026,2026-09-28T20:13:39.000Z,8-player unranked Rage Forest 2026 (Custom),2026-09-28,Rage Forest 2026 (Custom),220,5,196407,1,49.18649938054854,20-30,600,355.02957377813306,425,319,71.8250024318695,53.91100182533263,120.0,186,35,318,11,0.03459119496855346,0.3704141886418384,8.595425744476787,0.23864166666666625,138,0.43260188087774293,30.58900103569031,0.3568904593639576,66,7,5.239000177383423,1.473311226320344
509952488,MembTV,2026,2026-09-28T20:13:39.000Z,8-player unranked Rage Forest 2026 (Custom),2026-09-28,Rage Forest 2026 (Custom),220,5,196407,1,49.18649938054854,30-40,600,355.02957377813306,316,223,53.404001808166505,37.68700127601623,72.0,84,35,222,18,0.08108108108108109,0.7224851826385006,10.400709707021697,0.38525333333333156,61,0.273542600896861,27.378000926971435,0.47435897435897434,42,8,5.746000194549561,2.008293142906328
509952488,MembTV,2026,2026-09-28T20:13:39.000Z,8-player unranked Rage Forest 2026 (Custom),2026-09-28,Rage Forest 2026 (Custom),220,5,196407,1,49.18649938054854,40-50,600,355.02957377813306,325,193,54.92500185966492,32.617001104354856,55.79999999999998,84,35,192,19,0.09895833333333333,0.6213017541117125,9.630035176902426,0.43071999999999977,29,0.15025906735751296,27.716000938415526,0.574468085106383,54,9,13.351000452041626,2.1611972788911786
509952488,MembTV,2026,2026-09-28T20:13:39.000Z,8-player unranked Rage Forest 2026 (Custom),2026-09-28,Rage Forest 2026 (Custom),220,5,196407,1,49.18649938054854,Feudal request +0-5,300.0,177.51478688906653,171,133,57.79800195693969,44.9540015220642,112.79999999999998,132,17,132,8,0.06060606060606061,0.37869821203000065,12.69059720345456,0.3874166666666668,64,0.48120300751879697,23.322000789642335,0.38461538461538464,21,2,4.056000137329101,1.5063621104243794
509952488,MembTV,2026,2026-09-28T20:13:39.000Z,8-player unranked Rage Forest 2026 (Custom),2026-09-28,Rage Forest 2026 (Custom),220,5,196407,1,49.18649938054854,Feudal request +5-10,300.0000000000001,177.51478688906658,174,118,58.81200199127195,39.88400135040282,90.0,90,17,117,9,0.07692307692307693,0.7396449453711114,7.407360695945204,0.35396666666666665,47,0.3983050847457627,23.998000812530506,0.4329896907216495,20,3,4.732000160217284,1.6101686277832268
509952488,MembTV,2026,2026-09-28T20:13:39.000Z,8-player unranked Rage Forest 2026 (Custom),2026-09-28,Rage Forest 2026 (Custom),220,5,196407,1,49.18649938054854,Castle request +0-5,300.0,177.51478688906653,206,153,69.62800235748291,51.71400175094604,92.39999999999999,102,17,152,4,0.02631578947368421,0.4881656639449581,7.977993812719278,0.17886000000000044,50,0.32679738562091504,34.81400117874146,0.42857142857142855,50,6,5.070000171661377,1.4776519472740457
509952488,MembTV,2026,2026-09-28T20:13:39.000Z,8-player unranked Rage Forest 2026 (Custom),2026-09-28,Rage Forest 2026 (Custom),220,5,196407,1,49.18649938054854,Castle request +5-10,300.0,177.51478688906653,192,144,64.89600219726562,48.672001647949216,91.19999999999997,120,17,143,6,0.04195804195804196,0.48816566394496874,5.876733528834666,0.2171399999999994,51,0.3541666666666667,31.434001064300535,0.4369747899159664,44,3,4.056000137329101,1.7168379005686085
509952488,MembTV,2026,2026-09-28T20:13:39.000Z,8-player unranked Rage Forest 2026 (Custom),2026-09-28,Rage Forest 2026 (Custom),220,5,196407,1,49.18649938054854,Imperial request +0-5,300.0,177.51478688906653,177,107,59.82600202560425,36.16600122451782,67.19999999999999,72,17,106,9,0.08490566037735849,0.4926035336171495,9.530768908074021,0.4158699999999999,21,0.19626168224299065,29.068000984191894,0.5789473684210527,47,9,14.534000492095947,2.2697594334212035
509952488,MembTV,2026,2026-09-28T20:13:39.000Z,8-player unranked Rage Forest 2026 (Custom),2026-09-28,Rage Forest 2026 (Custom),220,5,196407,1,49.18649938054854,Imperial request +5-10,300.0,177.51478688906653,228,174,77.06400260925292,58.81200199127197,118.79999999999998,138,17,173,6,0.03468208092485549,0.24852070164473616,6.325774933749275,0.2098300000000017,59,0.3390804597701149,38.87000131607056,0.5158730158730159,67,8,9.802000331878661,1.8475016448375898
509944286,MembTV,2026,2026-09-28T19:36:42.000Z,8-player unranked Rage Forest 2026 (Custom),2026-09-28,Rage Forest 2026 (Custom),220,57,196407,1,49.18649938054854,0-10,600,355.02957377813306,344,269,58.13600196838379,45.461001539230345,121.79999999999998,204,35,268,13,0.048507462686567165,0.48461536820713036,11.670236291256561,0.33473,119,0.4423791821561338,25.350000858306885,0.4108527131782946,33,1,4.732000160217284,1.219933288694958
509944286,MembTV,2026,2026-09-28T19:36:42.000Z,8-player unranked Rage Forest 2026 (Custom),2026-09-28,Rage Forest 2026 (Custom),220,57,196407,1,49.18649938054854,10-20,600,355.02957377813306,304,238,51.37600173950195,40.22200136184692,84.0,90,35,237,15,0.06329113924050633,0.6153845945488285,10.750975967351597,0.33422166666666725,74,0.31092436974789917,27.716000938415526,0.41968911917098445,24,4,4.056000137329101,1.6682326409680295
509944286,MembTV,2026,2026-09-28T19:36:42.000Z,8-player unranked Rage Forest 2026 (Custom),2026-09-28,Rage Forest 2026 (Custom),220,57,196407,1,49.18649938054854,20-30,600,355.02957377813306,352,252,59.48800201416015,42.58800144195557,93.59999999999997,114,35,251,14,0.055776892430278883,0.6053254232918022,8.904141710355582,0.2982,67,0.26587301587301587,31.26500105857849,0.4556213017751479,41,7,8.61900029182434,2.03234811242135
509944286,MembTV,2026,2026-09-28T19:36:42.000Z,8-player unranked Rage Forest 2026 (Custom),2026-09-28,Rage Forest 2026 (Custom),220,57,196407,1,49.18649938054854,30-40,600,355.02957377813306,464,259,78.41600265502929,43.771001482009886,91.79999999999998,156,35,258,18,0.06976744186046512,0.6053254232918448,7.948118074085755,0.3479650000000027,87,0.3359073359073359,29.068000984191894,0.6269430051813472,83,11,16.562000560760495,1.9016447795458387
509944286,MembTV,2026,2026-09-28T19:36:42.000Z,8-player unranked Rage Forest 2026 (Custom),2026-09-28,Rage Forest 2026 (Custom),220,57,196407,1,49.18649938054854,Feudal request +0-5,300.0,177.51478688906653,128,114,43.26400146484375,38.53200130462646,105.59999999999994,168,17,113,8,0.07079646017699115,0.6082840030732131,11.325277723054684,0.3957366666666662,52,0.45614035087719296,20.956000709533694,0.28,18,1,0.6760000228881836,1.506679829995323
509944286,MembTV,2026,2026-09-28T19:36:42.000Z,8-player unranked Rage Forest 2026 (Custom),2026-09-28,Rage Forest 2026 (Custom),220,57,196407,1,49.18649938054854,Feudal request +5-10,299.9999999999999,177.51478688906644,191,144,64.55800218582155,48.67200164794924,91.19999999999999,96,17,143,5,0.03496503496503497,0.48461536820711615,5.3521891678966,0.2413733333333337,42,0.2916666666666667,34.476001167297376,0.4224137931034483,17,4,6.7600002288818395,1.6356150187710319
509944286,MembTV,2026,2026-09-28T19:36:42.000Z,8-player unranked Rage Forest 2026 (Custom),2026-09-28,Rage Forest 2026 (Custom),220,57,196407,1,49.18649938054854,Castle request +0-5,300.0000000000001,177.51478688906658,169,138,57.12200193405149,46.64400157928465,85.19999999999999,90,17,137,5,0.0364963503649635,0.5964496839472275,8.432804448207662,0.2136899999999996,45,0.32608695652173914,31.434001064300524,0.3669724770642202,14,3,4.0560001373291,1.7626216369956982
509944286,MembTV,2026,2026-09-28T19:36:42.000Z,8-player unranked Rage Forest 2026 (Custom),2026-09-28,Rage Forest 2026 (Custom),220,57,196407,1,49.18649938054854,Castle request +5-10,300.0,177.51478688906653,166,115,56.10800189971924,38.87000131607056,69.6,84,17,114,9,0.07894736842105263,0.9568047013320466,6.992709822410633,0.29979666666666915,24,0.20869565217391303,30.758001041412353,0.5116279069767442,12,6,7.436000251770019,1.7924063939985422
509944286,MembTV,2026,2026-09-28T19:36:42.000Z,8-player unranked Rage Forest 2026 (Custom),2026-09-28,Rage Forest 2026 (Custom),220,57,196407,1,49.18649938054854,Imperial request +0-5,299.9999999999998,177.5147868890664,201,117,67.93800230026251,39.546001338958774,78.0,78,17,116,11,0.09482758620689655,0.8005916888697326,8.105502684141552,0.4181100000000002,28,0.23931623931623933,30.08200101852419,0.581081081081081,32,7,14.87200050354005,2.108635644627137
509944286,MembTV,2026,2026-09-28T19:36:42.000Z,8-player unranked Rage Forest 2026 (Custom),2026-09-28,Rage Forest 2026 (Custom),220,57,196407,1,49.18649938054854,Imperial request +5-10,300.0,177.51478688906653,255,151,86.1900029182434,51.03800172805786,104.39999999999995,162,17,150,6,0.04,0.5005916990271544,6.810496810828657,0.23661000000000365,57,0.37748344370860926,31.772001075744626,0.6666666666666666,67,11,14.872000503540038,1.7659124552410295
509938938,MembTV,2026,2026-09-28T19:13:37.000Z,8-player unranked Rage Forest 2026 (Custom),2026-09-28,Rage Forest 2026 (Custom),220,25,196407,1,49.18649938054854,0-10,600,355.02957377813306,395,304,66.75500226020813,51.37600173950195,91.19999999999993,132,35,303,8,0.026402640264026403,0.4970414032894155,7.77440210363621,0.19417500000000018,132,0.4342105263157895,29.068000984191894,0.36619718309859156,28,2,4.394000148773193,1.160636427295143
509938938,MembTV,2026,2026-09-28T19:13:37.000Z,8-player unranked Rage Forest 2026 (Custom),2026-09-28,Rage Forest 2026 (Custom),220,25,196407,1,49.18649938054854,10-20,600,355.02957377813306,336,271,56.78400192260742,45.79900155067443,114.0,132,35,270,15,0.05555555555555555,0.4721893331249305,9.541390209489506,0.3406150000000004,105,0.3874538745387454,28.05400094985962,0.3436123348017621,28,3,4.225000143051147,1.6187628806858427
509938938,MembTV,2026,2026-09-28T19:13:37.000Z,8-player unranked Rage Forest 2026 (Custom),2026-09-28,Rage Forest 2026 (Custom),220,25,196407,1,49.18649938054854,20-30,600,355.02957377813306,434,299,73.34600248336793,50.531001710891715,118.7999999999999,156,35,298,17,0.05704697986577181,0.3710059045981211,8.792662424189288,0.37769500000000006,121,0.40468227424749165,30.08200101852417,0.40336134453781514,54,8,8.281000280380248,1.8664673935470995
509938938,MembTV,2026,2026-09-28T19:13:37.000Z,8-player unranked Rage Forest 2026 (Custom),2026-09-28,Rage Forest 2026 (Custom),220,25,196407,1,49.18649938054854,Feudal request +0-5,300.00000000000006,177.51478688906656,154,116,52.05200176239012,39.208001327514644,88.79999999999998,108,17,115,9,0.0782608695652174,0.3786982120300024,11.95734870757102,0.4399300000000008,55,0.47413793103448276,20.618000698089595,0.5612244897959183,27,2,4.056000137329101,1.5519201191319483
509938938,MembTV,2026,2026-09-28T19:13:37.000Z,8-player unranked Rage Forest 2026 (Custom),2026-09-28,Rage Forest 2026 (Custom),220,25,196407,1,49.18649938054854,Feudal request +5-10,300.0,177.51478688906653,182,152,61.516002082824706,51.37600173950195,127.19999999999999,132,17,151,5,0.033112582781456956,0.4721893331249305,7.483431699286751,0.2896733333333327,53,0.34868421052631576,33.462001132965085,0.3106060606060606,13,1,3.7180001258850095,1.3207002976176496
509938938,MembTV,2026,2026-09-28T19:13:37.000Z,8-player unranked Rage Forest 2026 (Custom),2026-09-28,Rage Forest 2026 (Custom),220,25,196407,1,49.18649938054854,Castle request +0-5,300.0,177.51478688906653,143,115,48.33400163650512,38.87000131607056,72.0,72,17,114,6,0.05263157894736842,0.717159739031862,13.513283566132342,0.3144966666666668,36,0.3130434782608696,26.702000904083253,0.4268292682926829,22,4,4.732000160217284,1.9424467381500499
509938938,MembTV,2026,2026-09-28T19:13:37.000Z,8-player unranked Rage Forest 2026 (Custom),2026-09-28,Rage Forest 2026 (Custom),220,25,196407,1,49.18649938054854,Castle request +5-10,300.0,177.51478688906653,210,144,70.98000240325928,48.672001647949216,122.39999999999999,132,17,143,9,0.06293706293706294,0.4881656639448251,8.030946473648264,0.3710433333333336,60,0.4166666666666667,28.39200096130371,0.376,23,5,7.77400026321411,1.6102852914468877
509931662,MembTV,2026,2026-09-28T18:40:48.000Z,8-player unranked Rage Forest 2026 (Custom),2026-09-28,Rage Forest 2026 (Custom),220,31,196407,1,49.18649938054854,0-10,600,355.02957377813306,463,379,78.24700264930725,64.05100216865539,143.39999999999995,204,35,378,8,0.021164021164021163,0.37869821203001663,6.96558556297395,0.18516333333333304,164,0.43271767810026385,36.33500123023987,0.39244186046511625,29,2,5.239000177383423,1.2908678245267067
509931662,MembTV,2026,2026-09-28T18:40:48.000Z,8-player unranked Rage Forest 2026 (Custom),2026-09-28,Rage Forest 2026 (Custom),220,31,196407,1,49.18649938054854,10-20,600,355.02957377813306,490,416,82.81000280380249,70.30400238037109,127.79999999999998,150,35,415,7,0.016867469879518072,0.34792898230261926,5.863206902073698,0.13152833333333344,200,0.4807692307692308,36.50400123596191,0.35714285714285715,27,3,4.5630001544952385,1.3377344460244147
509931662,MembTV,2026,2026-09-28T18:40:48.000Z,8-player unranked Rage Forest 2026 (Custom),2026-09-28,Rage Forest 2026 (Custom),220,31,196407,1,49.18649938054854,20-30,600,355.02957377813306,347,239,58.64300198554992,40.39100136756897,101.39999999999995,192,35,238,19,0.07983193277310924,0.5591715787005924,12.300532127904086,0.46196,68,0.28451882845188287,28.899000978469847,0.3125,33,5,5.408000183105469,2.277813266682304
509931662,MembTV,2026,2026-09-28T18:40:48.000Z,8-player unranked Rage Forest 2026 (Custom),2026-09-28,Rage Forest 2026 (Custom),220,31,196407,1,49.18649938054854,30-40,600,355.02957377813306,363,266,61.34700207710266,44.9540015220642,116.99999999999991,180,35,265,16,0.06037735849056604,0.36923075672939376,8.668402073366895,0.3362633333333337,106,0.39849624060150374,27.040000915527344,0.35609756097560974,90,5,6.9290002346038815,1.8107590881473419
509931662,MembTV,2026,2026-09-28T18:40:48.000Z,8-player unranked Rage Forest 2026 (Custom),2026-09-28,Rage Forest 2026 (Custom),220,31,196407,1,49.18649938054854,Feudal request +0-5,300.0,177.51478688906653,260,224,87.88000297546387,75.71200256347655,141.6,156,17,223,3,0.013452914798206279,0.3479289823026175,5.150283849288964,0.10913333333333346,107,0.47767857142857145,39.54600133895874,0.3671497584541063,22,3,4.056000137329101,1.3036751758198977
509931662,MembTV,2026,2026-09-28T18:40:48.000Z,8-player unranked Rage Forest 2026 (Custom),2026-09-28,Rage Forest 2026 (Custom),220,31,196407,1,49.18649938054854,Feudal request +5-10,300.0,177.51478688906653,233,196,78.75400266647338,66.24800224304198,126.0,126,17,195,4,0.020512820512820513,0.2514792814262208,5.946709857826285,0.15392333333333333,96,0.4897959183673469,33.80000114440917,0.3333333333333333,17,3,5.070000171661377,1.359946582111632
509931662,MembTV,2026,2026-09-28T18:40:48.000Z,8-player unranked Rage Forest 2026 (Custom),2026-09-28,Rage Forest 2026 (Custom),220,31,196407,1,49.18649938054854,Castle request +0-5,300.0,177.51478688906653,133,81,44.9540015220642,27.378000926971435,58.79999999999998,78,17,80,11,0.1375,0.9319526311676292,14.987040912683188,0.5355000000000005,26,0.32098765432098764,18.590000629425045,0.3448275862068966,19,4,5.408000183105469,1.896110573627405
509931662,MembTV,2026,2026-09-28T18:40:48.000Z,8-player unranked Rage Forest 2026 (Custom),2026-09-28,Rage Forest 2026 (Custom),220,31,196407,1,49.18649938054854,Castle request +5-10,300.0,177.51478688906653,231,164,78.0780026435852,55.43200187683105,141.59999999999997,180,17,163,7,0.04294478527607362,0.24852070164473616,12.048283615734695,0.3415999999999995,51,0.31097560975609756,38.194001293182374,0.2815533980582524,28,4,8.788000297546386,1.9588427308930365
509931662,MembTV,2026,2026-09-28T18:40:48.000Z,8-player unranked Rage Forest 2026 (Custom),2026-09-28,Rage Forest 2026 (Custom),220,31,196407,1,49.18649938054854,Imperial request +0-5,300.0000000000002,177.51478688906664,169,118,57.122001934051475,39.884001350402805,73.19999999999997,102,17,117,9,0.07692307692307693,0.37278105246696924,7.934295589346647,0.37914666666666674,39,0.3305084745762712,26.702000904083235,0.36363636363636365,54,5,8.112000274658197,1.9416096128947578
509931662,MembTV,2026,2026-09-28T18:40:48.000Z,8-player unranked Rage Forest 2026 (Custom),2026-09-28,Rage Forest 2026 (Custom),220,31,196407,1,49.18649938054854,Imperial request +5-10,300.0,177.51478688906653,181,127,61.17800207138062,42.92600145339966,89.99999999999996,138,17,126,8,0.06349206349206349,0.4923076756389406,6.060354824392839,0.37757333333333454,48,0.3779527559055118,26.702000904083253,0.45,55,6,7.098000240325928,1.7565152625105238
509915433,MembTV,2026,2026-09-28T17:30:30.000Z,8-player unranked Rage Forest 2026 (Custom),2026-09-28,Rage Forest 2026 (Custom),220,22,196407,1,49.18649938054854,0-10,600,355.02957377813306,584,499,98.69600334167481,84.3310028553009,211.79999999999998,240,35,498,9,0.018072289156626505,0.24911241760096914,6.11824831355688,0.21240999999999988,299,0.5991983967935872,33.80000114440917,0.2661122661122661,30,1,4.5630001544952385,1.0703086772117005
509915433,MembTV,2026,2026-09-28T17:30:30.000Z,8-player unranked Rage Forest 2026 (Custom),2026-09-28,Rage Forest 2026 (Custom),220,22,196407,1,49.18649938054854,10-20,600,355.02957377813306,359,310,60.671002054214476,52.39000177383423,135.59999999999997,156,35,309,14,0.045307443365695796,0.24852070164473616,11.527005526875415,0.404578333333334,170,0.5483870967741935,23.660000801086426,0.29259259259259257,26,1,3.042000102996826,1.5627355685488578
509915433,MembTV,2026,2026-09-28T17:30:30.000Z,8-player unranked Rage Forest 2026 (Custom),2026-09-28,Rage Forest 2026 (Custom),220,22,196407,1,49.18649938054854,20-30,600,355.02957377813306,320,226,54.08000183105469,38.194001293182374,91.79999999999998,126,35,225,18,0.08,0.4970414032894155,10.662259994024005,0.42584666666666593,75,0.33185840707964603,25.51900086402893,0.40476190476190477,33,6,7.098000240325928,1.9959441046568285
509915433,MembTV,2026,2026-09-28T17:30:30.000Z,8-player unranked Rage Forest 2026 (Custom),2026-09-28,Rage Forest 2026 (Custom),220,22,196407,1,49.18649938054854,30-40,600,355.02957377813306,608,354,102.7520034790039,59.82600202560425,124.7999999999999,222,35,353,14,0.039660056657223795,0.24615383781960531,8.682425741531159,0.29847833333333257,145,0.4096045197740113,35.32100119590759,0.3346938775510204,108,11,21.632000732421876,2.0925575815239355
509915433,MembTV,2026,2026-09-28T17:30:30.000Z,8-player unranked Rage Forest 2026 (Custom),2026-09-28,Rage Forest 2026 (Custom),220,22,196407,1,49.18649938054854,40-50,600,355.02957377813306,661,283,111.70900378227233,47.827001619338986,125.99999999999983,174,35,282,19,0.0673758865248227,0.2449704059070399,11.443620914314145,0.453453333333335,99,0.3498233215547703,31.09600105285644,0.46524064171123,175,22,34.64500117301941,2.1986631279744757
509915433,MembTV,2026,2026-09-28T17:30:30.000Z,8-player unranked Rage Forest 2026 (Custom),2026-09-28,Rage Forest 2026 (Custom),220,22,196407,1,49.18649938054854,50-60,600,355.02957377813306,580,269,98.02000331878662,45.461001539230345,108.59999999999988,138,35,268,18,0.06716417910447761,0.33757395306739113,9.478135773761249,0.3900366666666659,101,0.3754646840148699,28.39200096130371,0.44954128440366975,131,29,30.420001029968258,1.77382889461385
509915433,MembTV,2026,2026-09-28T17:30:30.000Z,8-player unranked Rage Forest 2026 (Custom),2026-09-28,Rage Forest 2026 (Custom),220,22,196407,1,49.18649938054854,60-70,600,355.02957377813306,722,321,122.01800413131713,54.24900183677673,118.7999999999999,204,35,320,17,0.053125,0.24615383781960531,10.675691946232003,0.39338833333333395,158,0.49221183800623053,27.54700093269348,0.3229166666666667,172,33,39.54600133895874,1.5172568037071785
509915433,MembTV,2026,2026-09-28T17:30:30.000Z,8-player unranked Rage Forest 2026 (Custom),2026-09-28,Rage Forest 2026 (Custom),220,22,196407,1,49.18649938054854,70-80,600,355.02957377813306,612,242,103.42800350189208,40.8980013847351,96.0,102,35,241,21,0.08713692946058091,0.24615383781963374,12.238768816385768,0.49991500000000255,108,0.4462809917355372,22.64600076675415,0.38317757009345793,147,31,34.307001161575315,1.5332604453592291
509915433,MembTV,2026,2026-09-28T17:30:30.000Z,8-player unranked Rage Forest 2026 (Custom),2026-09-28,Rage Forest 2026 (Custom),220,22,196407,1,49.18649938054854,80-90,600,355.02957377813306,658,333,111.2020037651062,56.27700190544128,117.59999999999997,132,35,332,14,0.04216867469879518,0.24852070164446616,11.347691923479566,0.35641666666666577,157,0.47147147147147145,29.744001007080076,0.4429065743944637,110,28,39.0390013217926,1.581045152550907
509915433,MembTV,2026,2026-09-28T17:30:30.000Z,8-player unranked Rage Forest 2026 (Custom),2026-09-28,Rage Forest 2026 (Custom),220,22,196407,1,49.18649938054854,90-100,600,355.02957377813306,704,399,118.9760040283203,67.43100228309632,114.0,186,35,398,12,0.03015075376884422,0.24615383781963374,7.458082587718913,0.23359333333333498,189,0.47368421052631576,35.49000120162964,0.4776902887139108,171,31,29.406000995635985,1.248094788996072
509915433,MembTV,2026,2026-09-28T17:30:30.000Z,8-player unranked Rage Forest 2026 (Custom),2026-09-28,Rage Forest 2026 (Custom),220,22,196407,1,49.18649938054854,Feudal request +0-5,300.0,177.51478688906653,202,175,68.27600231170653,59.15000200271606,131.99999999999997,156,17,174,5,0.028735632183908046,0.24852070164473616,10.29524225497139,0.3053166666666669,96,0.5485714285714286,26.702000904083253,0.3503184713375796,25,1,2.7040000915527345,1.4844180240944063
509915433,MembTV,2026,2026-09-28T17:30:30.000Z,8-player unranked Rage Forest 2026 (Custom),2026-09-28,Rage Forest 2026 (Custom),220,22,196407,1,49.18649938054854,Feudal request +5-10,300.0000000000001,177.51478688906658,159,132,53.74200181961058,44.616001510620094,100.79999999999998,120,17,131,11,0.08396946564885496,0.24852070164473616,11.46946706728508,0.5805466666666672,73,0.553030303030303,19.94200067520141,0.20909090909090908,10,1,3.3800001144409166,1.6169715227419956
509915433,MembTV,2026,2026-09-28T17:30:30.000Z,8-player unranked Rage Forest 2026 (Custom),2026-09-28,Rage Forest 2026 (Custom),220,22,196407,1,49.18649938054854,Castle request +0-5,300.0,177.51478688906653,111,83,37.518001270294185,28.05400094985962,69.6,84,17,82,10,0.12195121951219512,0.6213017541117125,15.692165149163872,0.5562333333333329,28,0.3373493975903614,18.590000629425045,0.4603174603174603,16,3,3.7180001258850095,2.0227591488593912
509915433,MembTV,2026,2026-09-28T17:30:30.000Z,8-player unranked Rage Forest 2026 (Custom),2026-09-28,Rage Forest 2026 (Custom),220,22,196407,1,49.18649938054854,Castle request +5-10,300.0,177.51478688906653,215,147,72.67000246047974,49.68600168228149,93.6,108,17,146,7,0.04794520547945205,0.2769230675469885,7.687052994167582,0.2860533333333319,54,0.3673469387755102,31.434001064300535,0.4260869565217391,30,6,11.492000389099122,1.7564941204576485
509915433,MembTV,2026,2026-09-28T17:30:30.000Z,8-player unranked Rage Forest 2026 (Custom),2026-09-28,Rage Forest 2026 (Custom),220,22,196407,1,49.18649938054854,Imperial request +0-5,300.0,177.51478688906653,286,189,96.66800327301024,63.882002162933354,125.99999999999997,150,17,188,7,0.03723404255319149,0.24615383781960531,6.767313380338001,0.28322000000000114,85,0.4497354497354497,35.152001190185544,0.2518518518518518,49,10,16.224000549316404,2.0723710129781905
509915433,MembTV,2026,2026-09-28T17:30:30.000Z,8-player unranked Rage Forest 2026 (Custom),2026-09-28,Rage Forest 2026 (Custom),220,22,196407,1,49.18649938054854,Imperial request +5-10,300.0,177.51478688906653,319,149,107.82200365066527,50.362001705169675,158.39999999999998,168,17,148,8,0.05405405405405406,0.2461538378194703,10.631135734722696,0.40711666666666413,53,0.35570469798657717,32.44800109863281,0.3958333333333333,65,11,30.420001029968258,2.122785901449355
509908280,MembTV,2026,2026-09-28T16:50:05.000Z,8-player unranked Rage Forest 2026 (Custom),2026-09-28,Rage Forest 2026 (Custom),220,32,196407,2,49.18649938054854,0-10,600,355.02957377813306,350,281,59.15000200271606,47.4890016078949,109.79999999999998,126,35,280,14,0.05,0.3668638929040924,9.24339021957927,0.31880166666666665,127,0.45195729537366547,26.026000881195067,0.3345724907063197,29,2,3.549000120162964,1.1950008494596336
509908280,MembTV,2026,2026-09-28T16:50:05.000Z,8-player unranked Rage Forest 2026 (Custom),2026-09-28,Rage Forest 2026 (Custom),220,32,196407,2,49.18649938054854,10-20,600,355.02957377813306,477,396,80.6130027294159,66.92400226593017,149.39999999999995,204,35,395,15,0.0379746835443038,0.2485207016446509,8.023431681003332,0.31613166666666703,220,0.5555555555555556,29.744001007080076,0.23595505617977527,21,2,4.056000137329101,1.4699727904735163
509908280,MembTV,2026,2026-09-28T16:50:05.000Z,8-player unranked Rage Forest 2026 (Custom),2026-09-28,Rage Forest 2026 (Custom),220,32,196407,2,49.18649938054854,20-30,600,355.02957377813306,629,446,106.30100359916686,75.37400255203247,138.0,144,35,445,7,0.015730337078651686,0.25384614525125926,5.306390352879242,0.14150166666666672,241,0.5403587443946188,34.64500117301941,0.31725888324873097,44,7,10.140000343322754,1.5309012960428352
509908280,MembTV,2026,2026-09-28T16:50:05.000Z,8-player unranked Rage Forest 2026 (Custom),2026-09-28,Rage Forest 2026 (Custom),220,32,196407,2,49.18649938054854,30-40,600,355.02957377813306,490,332,82.81000280380249,56.10800189971924,143.39999999999995,246,35,331,14,0.04229607250755287,0.2538461452514156,8.640532251825379,0.3096950000000015,141,0.4246987951807229,32.27900109291076,0.2793522267206478,47,15,14.196000480651856,1.717357834272675
509908280,MembTV,2026,2026-09-28T16:50:05.000Z,8-player unranked Rage Forest 2026 (Custom),2026-09-28,Rage Forest 2026 (Custom),220,32,196407,2,49.18649938054854,Feudal request +0-5,300.0,177.51478688906653,225,179,76.05000257492065,60.50200204849243,121.19999999999999,126,17,178,7,0.03932584269662921,0.2485207016446651,7.970804463850205,0.33088000000000023,101,0.5642458100558659,26.36400089263916,0.28313253012048195,20,2,5.408000183105469,1.370402391868869
509908280,MembTV,2026,2026-09-28T16:50:05.000Z,8-player unranked Rage Forest 2026 (Custom),2026-09-28,Rage Forest 2026 (Custom),220,32,196407,2,49.18649938054854,Feudal request +5-10,300.0,177.51478688906653,236,197,79.76800270080565,66.58600225448609,164.39999999999998,174,17,196,9,0.04591836734693878,0.24260354208173496,8.01834292377917,0.34496000000000016,118,0.5989847715736041,26.702000904083253,0.21348314606741572,10,1,2.7040000915527345,1.3948199806818562
509908280,MembTV,2026,2026-09-28T16:50:05.000Z,8-player unranked Rage Forest 2026 (Custom),2026-09-28,Rage Forest 2026 (Custom),220,32,196407,2,49.18649938054854,Castle request +0-5,299.9999999999999,177.51478688906644,309,256,104.44200353622442,86.52800292968755,175.2,204,17,255,4,0.01568627450980392,0.24852070164459406,5.304615205010345,0.13825666666666706,142,0.5546875,38.532001304626476,0.23504273504273504,16,3,4.056000137329104,1.4091290061416388
509908280,MembTV,2026,2026-09-28T16:50:05.000Z,8-player unranked Rage Forest 2026 (Custom),2026-09-28,Rage Forest 2026 (Custom),220,32,196407,2,49.18649938054854,Castle request +5-10,300.0,177.51478688906653,323,229,109.17400369644164,77.40200262069702,129.6,144,17,228,4,0.017543859649122806,0.238757388365876,6.406840019761903,0.17874666666666678,129,0.5633187772925764,33.80000114440917,0.3222748815165877,19,6,8.788000297546386,1.2731709243686848
509908280,MembTV,2026,2026-09-28T16:50:05.000Z,8-player unranked Rage Forest 2026 (Custom),2026-09-28,Rage Forest 2026 (Custom),220,32,196407,2,49.18649938054854,Imperial request +0-5,300.0,177.51478688906653,187,105,63.20600214004516,35.49000120162964,55.199999999999996,60,17,104,7,0.0673076923076923,0.8591715685432177,9.715277777566465,0.31964000000000237,21,0.2,28.39200096130371,0.4528301886792453,23,14,18.252000617980954,2.0411703522042064
509908280,MembTV,2026,2026-09-28T16:50:05.000Z,8-player unranked Rage Forest 2026 (Custom),2026-09-28,Rage Forest 2026 (Custom),220,32,196407,2,49.18649938054854,Imperial request +5-10,300.0,177.51478688906653,256,135,86.5280029296875,45.63000154495239,85.19999999999999,90,17,134,9,0.06716417910447761,0.25384614525141647,6.803467225267666,0.3075799999999979,52,0.3851851851851852,28.05400094985962,0.5,68,22,24.336000823974608,1.7842102030608498
509857983,MembTV,2026,2026-09-28T11:56:59.000Z,8-player rm_team Nomad,2026-09-28,Nomad,220,31,196407,3,49.18649938054854,0-10,600,355.02957377813306,438,333,74.0220025062561,56.27700190544128,99.59999999999997,138,35,332,11,0.03313253012048193,0.36360945514445575,7.544461283019206,0.21238666666666658,119,0.35735735735735735,36.16600122451782,0.32087227414330216,18,2,5.408000183105469,0.8692716949393033
509857983,MembTV,2026,2026-09-28T11:56:59.000Z,8-player rm_team Nomad,2026-09-28,Nomad,220,31,196407,3,49.18649938054854,10-20,600,355.02957377813306,285,227,48.16500163078308,38.363001298904415,67.79999999999998,120,35,226,21,0.09292035398230089,0.4926035336171424,9.922336942153436,0.47054999999999925,78,0.3436123348017621,25.181000852584837,0.4731182795698925,36,2,2.8730000972747805,1.7245000832169353
509857983,MembTV,2026,2026-09-28T11:56:59.000Z,8-player rm_team Nomad,2026-09-28,Nomad,220,31,196407,3,49.18649938054854,Feudal request +0-5,300.0,177.51478688906653,123,96,41.574001407623285,32.44800109863281,63.59999999999999,78,17,95,12,0.12631578947368421,0.7455621049340806,10.065975990544517,0.5369933333333328,25,0.2604166666666667,23.998000812530517,0.5753424657534246,30,1,1.690000057220459,1.8651247596988725
509857983,MembTV,2026,2026-09-28T11:56:59.000Z,8-player rm_team Nomad,2026-09-28,Nomad,220,31,196407,3,49.18649938054854,Feudal request +5-10,300.0,177.51478688906653,195,168,65.9100022315979,56.78400192260742,103.19999999999997,132,17,167,4,0.023952095808383235,0.37869821202993137,7.376106259133626,0.17552666666666714,80,0.47619047619047616,29.744001007080076,0.5481481481481482,27,2,1.690000057220459,1.8087831024866843
509857983,MembTV,2026,2026-09-28T11:56:59.000Z,8-player rm_team Nomad,2026-09-28,Nomad,220,31,196407,3,49.18649938054854,Castle request +0-5,300.0,177.51478688906653,200,168,67.60000228881835,56.78400192260742,109.19999999999999,114,17,167,5,0.029940119760479042,0.37869821202991716,8.207940550495739,0.2180666666666669,80,0.47619047619047616,29.744001007080076,0.5447761194029851,32,2,1.690000057220459,1.7979217581057054
509855601,MembTV,2026,2026-09-28T11:37:25.000Z,6-player rm_team Oasis,2026-09-28,Oasis,200,13,196407,3,49.18649938054854,0-10,600,355.02957377813306,404,328,68.27600231170653,55.43200187683105,103.79999999999998,120,35,327,9,0.027522935779816515,0.5999999796850091,6.515692087082298,0.20824500000000004,79,0.24085365853658536,42.08100142478943,0.4095238095238095,28,1,5.070000171661377,0.6818684644169469
509855601,MembTV,2026,2026-09-28T11:37:25.000Z,6-player rm_team Oasis,2026-09-28,Oasis,200,13,196407,3,49.18649938054854,10-20,600,355.02957377813306,355,292,59.99500203132629,49.348001670837405,115.19999999999993,162,35,291,15,0.05154639175257732,0.3615384492973934,7.559230513288429,0.32683833333333373,119,0.4075342465753425,29.237000989913938,0.3401639344262295,31,4,4.056000137329101,1.5656776681517461
509855601,MembTV,2026,2026-09-28T11:37:25.000Z,6-player rm_team Oasis,2026-09-28,Oasis,200,13,196407,3,49.18649938054854,Feudal request +0-5,300.0,177.51478688906653,145,134,49.01000165939331,45.2920015335083,114.0,114,17,133,9,0.06766917293233082,0.36153844929739876,11.576922684948638,0.4509700000000002,55,0.41044776119402987,26.702000904083253,0.32786885245901637,9,1,1.0140000343322753,1.3537196896889858
509855601,MembTV,2026,2026-09-28T11:37:25.000Z,6-player rm_team Oasis,2026-09-28,Oasis,200,13,196407,3,49.18649938054854,Feudal request +5-10,300.0000000000001,177.51478688906658,179,140,60.502002048492415,47.32000160217283,86.39999999999998,120,17,139,7,0.050359712230215826,0.5999999796850517,6.836248289246623,0.24521333333333406,43,0.30714285714285716,32.78600111007689,0.3867924528301887,25,3,4.732000160217284,1.6811279532645143
509855601,MembTV,2026,2026-09-28T11:37:25.000Z,6-player rm_team Oasis,2026-09-28,Oasis,200,13,196407,3,49.18649938054854,Castle request +0-5,300.0,177.51478688906653,162,139,54.75600185394287,46.98200159072876,97.19999999999997,126,17,138,8,0.057971014492753624,0.4807692144911897,7.199626975168107,0.34469000000000066,52,0.37410071942446044,29.406000995635985,0.3761467889908257,22,3,3.042000102996826,1.7730949169540393
509855601,MembTV,2026,2026-09-28T11:37:25.000Z,6-player rm_team Oasis,2026-09-28,Oasis,200,13,196407,3,49.18649938054854,Castle request +5-10,299.9999999999999,177.51478688906644,229,139,77.40200262069706,46.98200159072878,98.39999999999999,108,17,138,7,0.050724637681159424,0.3014792797332717,7.459384362822847,0.3399866666666665,56,0.4028776978417266,28.05400094985963,0.31896551724137934,17,4,7.774000263214115,1.2738945677628197
509843237,MembTV,2026,2026-09-28T10:13:13.000Z,8-player unranked Rage Forest 2026 (Custom),2026-09-28,Rage Forest 2026 (Custom),220,33,196407,2,49.18649938054854,0-10,600,355.02957377813306,399,312,67.43100228309632,52.72800178527832,115.79999999999998,210,35,311,14,0.04501607717041801,0.4899408118138524,8.325798534670984,0.2828716666666665,130,0.4166666666666667,30.758001041412353,0.36585365853658536,21,2,4.225000143051147,1.1958319505943602
509843237,MembTV,2026,2026-09-28T10:13:13.000Z,8-player unranked Rage Forest 2026 (Custom),2026-09-28,Rage Forest 2026 (Custom),220,33,196407,2,49.18649938054854,10-20,600,355.02957377813306,278,204,46.98200159072876,34.47600116729736,73.79999999999998,96,35,203,17,0.08374384236453201,0.7396449453710829,12.874946309638894,0.41808833333333373,64,0.3137254901960784,23.660000801086426,0.4176470588235294,31,3,4.056000137329101,1.6472526424813023
509843237,MembTV,2026,2026-09-28T10:13:13.000Z,8-player unranked Rage Forest 2026 (Custom),2026-09-28,Rage Forest 2026 (Custom),220,33,196407,2,49.18649938054854,20-30,600,355.02957377813306,426,296,71.99400243759155,50.02400169372559,109.79999999999998,150,35,295,15,0.05084745762711865,0.4804733565131585,9.407857669631909,0.31645166666666574,118,0.39864864864864863,30.08200101852417,0.40707964601769914,48,10,9.464000320434568,1.917271675455335
509843237,MembTV,2026,2026-09-28T10:13:13.000Z,8-player unranked Rage Forest 2026 (Custom),2026-09-28,Rage Forest 2026 (Custom),220,33,196407,2,49.18649938054854,30-40,600,355.02957377813306,584,362,98.69600334167481,61.17800207138062,144.0,144,35,361,10,0.027700831024930747,0.25384614525114557,7.211514548730106,0.2327183333333334,166,0.4585635359116022,33.12400112152099,0.3460207612456747,80,18,19.43500065803528,1.6945502438207656
509843237,MembTV,2026,2026-09-28T10:13:13.000Z,8-player unranked Rage Forest 2026 (Custom),2026-09-28,Rage Forest 2026 (Custom),220,33,196407,2,49.18649938054854,40-50,600,355.02957377813306,656,342,110.8640037536621,57.79800195693969,103.79999999999998,120,35,341,12,0.03519061583577713,0.24852070164473616,6.639124035565943,0.23897166666666764,156,0.45614035087719296,31.434001064300535,0.4558303886925795,146,19,25.85700087547302,1.7278585443854027
509843237,MembTV,2026,2026-09-28T10:13:13.000Z,8-player unranked Rage Forest 2026 (Custom),2026-09-28,Rage Forest 2026 (Custom),220,33,196407,2,49.18649938054854,50-60,600,355.02957377813306,568,314,95.99200325012207,53.06600179672241,93.59999999999997,192,35,313,14,0.04472843450479233,0.28579880689137127,12.962538022649468,0.3903133333333329,116,0.36942675159235666,33.462001132965085,0.44782608695652176,165,20,20.11100068092346,1.977148595549663
509843237,MembTV,2026,2026-09-28T10:13:13.000Z,8-player unranked Rage Forest 2026 (Custom),2026-09-28,Rage Forest 2026 (Custom),220,33,196407,2,49.18649938054854,60-70,600,355.02957377813306,579,201,97.85100331306457,33.96900115013123,72.0,78,35,200,19,0.095,0.2461538378193282,15.709952130810269,0.5377433333333349,82,0.4079601990049751,20.11100068092346,0.5240963855421686,158,22,26.702000904083253,1.7032170568973497
509843237,MembTV,2026,2026-09-28T10:13:13.000Z,8-player unranked Rage Forest 2026 (Custom),2026-09-28,Rage Forest 2026 (Custom),220,33,196407,2,49.18649938054854,70-80,600,355.02957377813306,639,272,107.99100365638732,45.96800155639649,107.39999999999995,216,35,271,17,0.06273062730627306,0.24497040590676988,18.590520080616443,0.6037683333333342,150,0.5514705882352942,20.6180006980896,0.36693548387096775,114,24,25.012000846862794,1.4916933116223823
509843237,MembTV,2026,2026-09-28T10:13:13.000Z,8-player unranked Rage Forest 2026 (Custom),2026-09-28,Rage Forest 2026 (Custom),220,33,196407,2,49.18649938054854,80-90,600,355.02957377813306,555,237,93.79500317573546,40.05300135612488,91.79999999999998,102,35,236,19,0.08050847457627118,0.24615383781960531,12.893609030900429,0.5633700000000045,119,0.5021097046413502,19.942000675201413,0.47533632286995514,88,24,25.688000869750976,1.2967244927005959
509843237,MembTV,2026,2026-09-28T10:13:13.000Z,8-player unranked Rage Forest 2026 (Custom),2026-09-28,Rage Forest 2026 (Custom),220,33,196407,2,49.18649938054854,90-100,600,355.02957377813306,678,337,114.5820038795471,56.95300192832946,139.7999999999998,240,35,336,16,0.047619047619047616,0.24497040590676988,14.289324959975367,0.46838999999999914,189,0.5608308605341247,25.012000846862794,0.3883495145631068,187,27,27.716000938415526,1.3714536196235474
509843237,MembTV,2026,2026-09-28T10:13:13.000Z,8-player unranked Rage Forest 2026 (Custom),2026-09-28,Rage Forest 2026 (Custom),220,33,196407,2,49.18649938054854,Feudal request +0-5,300.0,177.51478688906653,157,129,53.06600179672241,43.60200147628784,73.19999999999999,78,17,128,7,0.0546875,0.7103550055344368,8.001709788247641,0.27864666666666743,44,0.34108527131782945,28.730000972747803,0.3508771929824561,27,2,2.0280000686645505,1.3849169318963228
509843237,MembTV,2026,2026-09-28T10:13:13.000Z,8-player unranked Rage Forest 2026 (Custom),2026-09-28,Rage Forest 2026 (Custom),220,33,196407,2,49.18649938054854,Feudal request +5-10,300.0000000000001,177.51478688906658,116,73,39.20800132751464,24.674000835418692,70.79999999999998,90,17,72,10,0.1388888888888889,0.9727810321520991,14.104881179237996,0.5729499999999996,19,0.2602739726027397,18.25200061798095,0.5,21,3,5.746000194549558,1.9106342397208593
509843237,MembTV,2026,2026-09-28T10:13:13.000Z,8-player unranked Rage Forest 2026 (Custom),2026-09-28,Rage Forest 2026 (Custom),220,33,196407,2,49.18649938054854,Castle request +0-5,300.0,177.51478688906653,116,86,39.208001327514644,29.068000984191894,73.19999999999999,78,17,85,9,0.10588235294117647,0.9911242267972682,13.626035041604704,0.4868433333333329,25,0.29069767441860467,20.6180006980896,0.38028169014084506,20,2,2.7040000915527345,1.733026744513519
509843237,MembTV,2026,2026-09-28T10:13:13.000Z,8-player unranked Rage Forest 2026 (Custom),2026-09-28,Rage Forest 2026 (Custom),220,33,196407,2,49.18649938054854,Castle request +5-10,300.0,177.51478688906653,193,117,65.23400220870971,39.54600133895874,90.0,90,17,116,8,0.06896551724137931,0.4881656639448906,9.887396114934006,0.4176699999999989,41,0.3504273504273504,25.688000869750976,0.3978494623655914,21,5,9.802000331878661,1.7746239389530598
509843237,MembTV,2026,2026-09-28T10:13:13.000Z,8-player unranked Rage Forest 2026 (Custom),2026-09-28,Rage Forest 2026 (Custom),220,33,196407,2,49.18649938054854,Imperial request +0-5,300.0,177.51478688906653,183,120,61.85400209426879,40.560001373291016,88.79999999999998,108,17,119,7,0.058823529411764705,0.7224851826385006,9.615691982121668,0.3483966666666668,29,0.24166666666666667,30.758001041412353,0.5428571428571428,25,13,11.492000389099122,2.161742828935666
509843237,MembTV,2026,2026-09-28T10:13:13.000Z,8-player unranked Rage Forest 2026 (Custom),2026-09-28,Rage Forest 2026 (Custom),220,33,196407,2,49.18649938054854,Imperial request +5-10,300.0,177.51478688906653,269,172,90.92200307846069,58.13600196838379,111.6,126,17,171,4,0.023391812865497075,0.2538461452512806,6.10089920171814,0.16657999999999892,83,0.48255813953488375,30.08200101852417,0.3333333333333333,41,12,16.900000572204586,1.7988018972923365
509719483,MembTV,2026,2026-09-27T20:02:16.000Z,8-player unranked Rage Forest 2026 (Custom),2026-09-27,Rage Forest 2026 (Custom),220,4,196407,4,49.18376147354155,0-10,600,355.02957377813306,471,398,79.59900269508361,67.26200227737426,127.79999999999998,192,35,397,7,0.017632241813602016,0.36153844929737033,5.659615192990636,0.1290249999999998,189,0.4748743718592965,35.32100119590759,0.2830687830687831,27,2,3.887000131607055,0.8355946190502664
509719483,MembTV,2026,2026-09-27T20:02:16.000Z,8-player unranked Rage Forest 2026 (Custom),2026-09-27,Rage Forest 2026 (Custom),220,4,196407,4,49.18376147354155,10-20,600,355.02957377813306,465,376,78.58500266075134,63.54400215148925,149.39999999999995,336,35,375,12,0.032,0.25147928142615683,7.88564470341997,0.25324666666666623,213,0.5664893617021277,27.54700093269348,0.20180722891566266,20,3,4.5630001544952385,1.2023205804289059
509719483,MembTV,2026,2026-09-27T20:02:16.000Z,8-player unranked Rage Forest 2026 (Custom),2026-09-27,Rage Forest 2026 (Custom),220,4,196407,4,49.18376147354155,20-30,600,355.02957377813306,633,461,106.97700362205505,77.90900263786315,212.99999999999991,312,35,460,15,0.03260869565217391,0.23431951869355316,7.2512660266741165,0.2839050000000002,296,0.6420824295010846,27.88500094413757,0.17733990147783252,36,8,10.985000371932983,1.1730515495385134
509719483,MembTV,2026,2026-09-27T20:02:16.000Z,8-player unranked Rage Forest 2026 (Custom),2026-09-27,Rage Forest 2026 (Custom),220,4,196407,4,49.18376147354155,30-40,600,355.02957377813306,482,318,81.45800275802613,53.74200181961059,114.0,132,35,317,12,0.03785488958990536,0.35147927804035817,7.67162104202741,0.22459666666666797,107,0.33647798742138363,35.65900120735168,0.3565217391304348,66,17,16.05500054359436,1.9372443449705479
509719483,MembTV,2026,2026-09-27T20:02:16.000Z,8-player unranked Rage Forest 2026 (Custom),2026-09-27,Rage Forest 2026 (Custom),220,4,196407,4,49.18376147354155,Feudal request +0-5,299.99999999999994,177.5147868890665,251,214,84.83800287246704,72.33200244903566,185.99999999999994,258,17,213,4,0.018779342723004695,0.25147928142615683,5.29886964307469,0.1484533333333332,117,0.5467289719626168,32.78600111007691,0.28342245989304815,21,2,4.056000137329102,1.117172943216891
509719483,MembTV,2026,2026-09-27T20:02:16.000Z,8-player unranked Rage Forest 2026 (Custom),2026-09-27,Rage Forest 2026 (Custom),220,4,196407,4,49.18376147354155,Feudal request +5-10,300.0,177.51478688906653,174,139,58.81200199127197,46.98200159072876,116.39999999999999,126,17,138,8,0.057971014492753624,0.3109467350340154,8.71998787043682,0.36485666666666583,68,0.4892086330935252,23.998000812530517,0.26229508196721313,13,2,3.380000114440918,1.3852772744616377
509719483,MembTV,2026,2026-09-27T20:02:16.000Z,8-player unranked Rage Forest 2026 (Custom),2026-09-27,Rage Forest 2026 (Custom),220,4,196407,4,49.18376147354155,Castle request +0-5,300.0000000000001,177.51478688906658,279,230,94.30200319290158,77.74000263214108,175.19999999999987,300,17,229,5,0.021834061135371178,0.2366863825187977,6.272070793555722,0.19260999999999937,142,0.6173913043478261,29.74400100708007,0.1643192488262911,16,4,5.746000194549558,0.9957050349551919
509719483,MembTV,2026,2026-09-27T20:02:16.000Z,8-player unranked Rage Forest 2026 (Custom),2026-09-27,Rage Forest 2026 (Custom),220,4,196407,4,49.18376147354155,Castle request +5-10,300.0,177.51478688906653,301,223,101.73800344467163,75.37400255203247,155.99999999999994,204,17,222,6,0.02702702702702703,0.23431951869355316,7.05315952450591,0.23720666666666668,145,0.6502242152466368,26.36400089263916,0.17676767676767677,25,6,8.788000297546386,1.1530315211218236
509719483,MembTV,2026,2026-09-27T20:02:16.000Z,8-player unranked Rage Forest 2026 (Custom),2026-09-27,Rage Forest 2026 (Custom),220,4,196407,4,49.18376147354155,Imperial request +0-5,300.0,177.51478688906653,255,161,86.1900029182434,54.418001842498775,107.99999999999997,132,17,160,6,0.0375,0.2538461452514156,6.507372560736779,0.2133533333333344,60,0.37267080745341613,34.13800115585327,0.2807017543859649,34,15,17.576000595092772,1.9245248216493205
509719483,MembTV,2026,2026-09-27T20:02:16.000Z,8-player unranked Rage Forest 2026 (Custom),2026-09-27,Rage Forest 2026 (Custom),220,4,196407,4,49.18376147354155,Imperial request +5-10,300.0,177.51478688906653,206,104,69.62800235748291,35.152001190185544,63.599999999999966,102,17,103,8,0.07766990291262135,0.25384614525140137,12.585407857903707,0.4662233333333325,41,0.3942307692307692,21.294000720977785,0.47297297297297297,67,21,18.928000640869136,1.7582950820834151
