player,year,date,elo,win,loss
TaToH,2012,"Jun 10, 2012",1990,False,True
TaToH,2014,"Aug 18, 2014",1994,True,False
TaToH,2014,"Aug 18, 2014",1990,False,True
TaToH,2014,"Aug 18, 2014",1986,False,True
TaToH,2014,"Aug 18, 2014",1982,False,True
TaToH,2014,"Sep 06, 2014",1988,True,False
TaToH,2014,"Sep 19, 2014",1984,False,True
TaToH,2015,Mar 2015,1999,True,False
TaToH,2015,Mar 2015,2007,True,False
TaToH,2015,Mar 2015,2011,True,False
TaToH,2015,"May 17, 2015",2017,True,False
TaToH,2015,"May 24, 2015",2013,False,True
TaToH,2015,"May 24, 2015",2022,True,False
TaToH,2015,"May 31, 2015",2034,True,False
TaToH,2015,"Jun 21, 2015",2046,True,False
TaToH,2015,"Jun 21, 2015",2050,True,False
TaToH,2015,"Jun 28, 2015",2043,False,True
TaToH,2015,"Jun 30, 2015",2041,False,True
TaToH,2015,"Jul 12, 2015",2033,False,True
TaToH,2015,"Jul 12, 2015",2037,False,False
TaToH,2015,"Jul 19, 2015",2025,False,True
TaToH,2015,"Jul 19, 2015",2033,False,False
TaToH,2015,"Jul 26, 2015",2021,False,True
TaToH,2015,"Aug 02, 2015",2021,False,True
TaToH,2015,"Aug 09, 2015",2029,True,False
TaToH,2015,"Aug 16, 2015",2025,False,True
TaToH,2015,"Aug 23, 2015",2021,False,True
TaToH,2015,"Aug 30, 2015",2025,False,False
TaToH,2015,"Sep 06, 2015",2029,True,False
TaToH,2015,"Sep 20, 2015",2029,False,False
TaToH,2015,"Dec 06, 2015",2038,True,False
TaToH,2015,"Dec 06, 2015",2053,True,False
TaToH,2015,"Dec 13, 2015",2045,False,True
TaToH,2015,"Dec 15, 2015",2035,False,True
TaToH,2015,"Dec 20, 2015",2020,False,True
TaToH,2016,"Apr 01, 2016",2028,True,False
TaToH,2016,"Apr 24, 2016",2036,True,False
TaToH,2016,"May 05, 2016",2040,True,False
TaToH,2016,"May 13, 2016",2048,True,False
TaToH,2016,"May 21, 2016",2063,True,False
TaToH,2016,"Jun 28, 2016",2072,True,False
TaToH,2016,"Jul 04, 2016",2078,True,False
TaToH,2016,"Jul 05, 2016",2082,True,False
TaToH,2016,"Jul 08, 2016",2079,True,False
TaToH,2016,"Jul 10, 2016",2080,True,False
TaToH,2016,"Jul 17, 2016",2068,False,True
TaToH,2016,"Jul 31, 2016",2072,True,False
TaToH,2016,"Aug 17, 2016",2068,False,True
TaToH,2016,"Oct 14, 2016",2060,False,True
TaToH,2016,"Dec 09, 2016",2060,False,True
TaToH,2016,"Dec 11, 2016",2068,True,False
TaToH,2016,"Dec 13, 2016",2068,False,False
TaToH,2016,"Dec 13, 2016",2066,False,True
TaToH,2016,"Dec 14, 2016",2070,True,False
TaToH,2016,"Dec 15, 2016",2065,False,True
TaToH,2017,"Jan 13, 2017",2068,True,False
TaToH,2017,"Jan 14, 2017",2064,False,True
TaToH,2017,"Jan 15, 2017",2069,True,False
TaToH,2017,"Jan 17, 2017",2066,False,True
TaToH,2017,"Jan 18, 2017",2062,False,True
TaToH,2017,"Feb 08, 2017",2066,True,False
TaToH,2017,"Feb 09, 2017",2062,False,True
TaToH,2017,"Feb 10, 2017",2057,False,True
TaToH,2017,"Feb 11, 2017",2063,True,False
TaToH,2017,"Feb 12, 2017",2059,False,True
TaToH,2017,"Feb 13, 2017",2056,False,True
TaToH,2017,"Feb 28, 2017",2060,True,False
TaToH,2017,"Mar 10, 2017",2054,False,True
TaToH,2017,"Mar 14, 2017",2057,True,False
TaToH,2017,"Mar 15, 2017",2053,False,True
TaToH,2017,"Mar 18, 2017",2063,True,False
TaToH,2017,"Mar 19, 2017",2059,False,True
TaToH,2017,"Mar 19, 2017",2063,True,False
TaToH,2017,"Mar 20, 2017",2065,False,False
TaToH,2017,"Mar 28, 2017",2057,False,True
TaToH,2017,"May 15, 2017",2061,True,False
TaToH,2017,"May 22, 2017",2065,True,False
TaToH,2017,"Jun 04, 2017",2077,True,False
TaToH,2017,"Jun 05, 2017",2089,True,False
TaToH,2017,"Jun 12, 2017",2083,False,True
TaToH,2017,"Jun 19, 2017",2092,True,False
TaToH,2017,"Jun 26, 2017",2099,True,False
TaToH,2017,"Jun 30, 2017",2100,True,False
TaToH,2017,"Jul 03, 2017",2096,False,True
TaToH,2017,"Jul 07, 2017",2097,True,False
TaToH,2017,"Jul 07, 2017",2101,True,False
TaToH,2017,"Jul 08, 2017",2107,True,False
TaToH,2017,"Jul 08, 2017",2098,False,True
TaToH,2017,"Jul 10, 2017",2105,True,False
TaToH,2017,"Jul 15, 2017",2109,True,False
TaToH,2017,"Jul 15, 2017",2110,True,False
TaToH,2017,"Jul 15, 2017",2116,True,False
TaToH,2017,"Jul 16, 2017",2107,False,True
TaToH,2017,"Jul 22, 2017",2111,True,False
TaToH,2017,"Jul 22, 2017",2117,True,False
TaToH,2017,"Jul 22, 2017",2129,True,False
TaToH,2017,"Jul 23, 2017",2138,True,False
TaToH,2017,"Jul 23, 2017",2142,True,False
TaToH,2017,Aug 2017,2135,False,True
TaToH,2017,Aug 2017,2138,True,False
TaToH,2017,Aug 2017,2133,False,True
TaToH,2017,"Oct 20, 2017",2149,True,False
TaToH,2017,"Oct 21, 2017",2165,True,False
TaToH,2017,"Oct 22, 2017",2167,False,True
TaToH,2017,"Oct 23, 2017",2174,True,False
TaToH,2017,"Oct 29, 2017",2184,True,False
TaToH,2017,"Nov 05, 2017",2188,True,False
TaToH,2017,"Nov 07, 2017",2191,True,False
TaToH,2017,"Nov 08, 2017",2194,True,False
TaToH,2017,"Nov 09, 2017",2193,False,True
TaToH,2017,"Nov 11, 2017",2186,False,True
TaToH,2017,Dec 2017,2192,True,False
TaToH,2017,Dec 2017,2174,False,True
TaToH,2018,"Jan 03, 2018",2176,True,False
TaToH,2018,"Jan 10, 2018",2182,True,False
TaToH,2018,"Jan 18, 2018",2188,True,False
TaToH,2018,"Jan 28, 2018",2170,False,True
TaToH,2018,"Feb 02, 2018",2166,True,False
TaToH,2018,"Feb 10, 2018",2166,True,False
TaToH,2018,"Feb 24, 2018",2170,True,False
TaToH,2018,"Mar 03, 2018",2178,True,False
TaToH,2018,"Mar 12, 2018",2175,True,False
TaToH,2018,"Mar 16, 2018",2183,False,True
TaToH,2018,Jul 2018,2181,False,True
TaToH,2018,Jul 2018,2193,True,False
TaToH,2018,Jul 2018,2195,True,False
TaToH,2018,Jul 2018,2181,False,True
TaToH,2018,Jul 2018,2173,False,True
TaToH,2018,Jul 2018,2180,True,False
TaToH,2018,Jul 2018,2163,False,True
TaToH,2018,Aug 2018,2151,False,True
TaToH,2018,Oct 2018,2139,False,True
TaToH,2018,"Oct 21, 2018",2145,True,False
TaToH,2018,Nov 2018,2151,True,False
TaToH,2018,Nov 2018,2155,True,False
TaToH,2018,Nov 2018,2159,True,False
TaToH,2018,Nov 2018,2147,False,True
TaToH,2018,Nov 2018,2132,False,True
TaToH,2018,Nov 2018,2140,True,False
TaToH,2019,"Jan 05, 2019",2142,True,False
TaToH,2019,"Jan 05, 2019",2144,True,False
TaToH,2019,"Jan 05, 2019",2146,True,False
TaToH,2019,"Jan 05, 2019",2136,False,True
TaToH,2019,"Jan 06, 2019",2135,True,False
TaToH,2019,"Jan 06, 2019",2137,True,False
TaToH,2019,"Jan 06, 2019",2143,True,False
TaToH,2019,"Jan 06, 2019",2136,False,True
TaToH,2019,"Jan 13, 2019",2140,True,False
TaToH,2019,"Jan 20, 2019",2134,False,True
TaToH,2019,"Feb 09, 2019",2138,True,False
TaToH,2019,"Feb 10, 2019",2134,False,True
TaToH,2019,"Feb 11, 2019",2142,True,False
TaToH,2019,"Feb 12, 2019",2138,False,True
TaToH,2019,"Feb 13, 2019",2147,True,False
TaToH,2019,"Feb 14, 2019",2167,True,False
TaToH,2019,"Feb 16, 2019",2175,True,False
TaToH,2019,"Feb 17, 2019",2179,False,True
TaToH,2019,"Feb 24, 2019",2183,True,False
TaToH,2019,"Mar 02, 2019",2189,True,False
TaToH,2019,"Mar 09, 2019",2189,True,False
TaToH,2019,"Mar 09, 2019",2197,True,False
TaToH,2019,"Mar 29, 2019",2183,False,True
TaToH,2019,"Apr 12, 2019",2179,False,True
TaToH,2019,"Jun 16, 2019",2179,True,False
TaToH,2019,"Jun 23, 2019",2191,True,False
TaToH,2019,"Jun 26, 2019",2195,True,False
TaToH,2019,"Jun 29, 2019",2201,True,False
TaToH,2019,"Jun 30, 2019",2210,True,False
TaToH,2019,"Jun 30, 2019",2215,True,False
TaToH,2019,"Jul 21, 2019",2217,True,False
TaToH,2019,"Jul 28, 2019",2219,True,False
TaToH,2019,"Aug 04, 2019",2200,False,True
TaToH,2019,"Aug 09, 2019",2188,False,True
TaToH,2019,"Aug 09, 2019",2200,True,False
TaToH,2019,"Aug 10, 2019",2204,True,False
TaToH,2019,"Aug 11, 2019",2212,True,False
TaToH,2019,"Aug 30, 2019",2212,True,False
TaToH,2019,"Sep 01, 2019",2215,True,False
TaToH,2020,"Jan 04, 2020",2219,True,False
TaToH,2020,"Jan 05, 2020",2225,True,False
TaToH,2020,"Jan 06, 2020",2221,False,True
TaToH,2020,"Jan 07, 2020",2205,False,True
TaToH,2020,"Jan 08, 2020",2204,True,False
TaToH,2020,"Jan 10, 2020",2216,True,False
TaToH,2020,"Jan 11, 2020",2199,False,True
TaToH,2020,"Jan 31, 2020",2205,True,False
TaToH,2020,"Feb 06, 2020",2199,True,False
TaToH,2020,"Feb 11, 2020",2191,False,True
TaToH,2020,"Feb 12, 2020",2187,False,True
TaToH,2020,"Feb 27, 2020",2193,True,False
TaToH,2020,"Mar 07, 2020",2185,False,True
TaToH,2020,"Mar 12, 2020",2189,True,False
TaToH,2020,"Mar 16, 2020",2185,False,True
TaToH,2020,"Mar 19, 2020",2193,True,False
TaToH,2020,"Mar 21, 2020",2197,True,False
TaToH,2020,"Mar 22, 2020",2185,False,True
TaToH,2020,"May 01, 2020",2184,True,False
TaToH,2020,"May 02, 2020",2180,False,True
TaToH,2020,May 2020,2184,True,False
TaToH,2020,May 2020,2188,True,False
TaToH,2020,"Jun 09, 2020",2194,True,False
TaToH,2020,"Jun 13, 2020",2183,False,True
TaToH,2020,"Jul 15, 2020",2189,True,False
TaToH,2020,"Jul 18, 2020",2192,True,False
TaToH,2020,"Jul 22, 2020",2188,False,True
TaToH,2020,"Jul 23, 2020",2188,True,False
TaToH,2020,"Jul 25, 2020",2195,True,False
TaToH,2020,"Jul 26, 2020",2206,True,False
TaToH,2020,"Aug 05, 2020",2212,True,False
TaToH,2020,"Aug 05, 2020",2216,True,False
TaToH,2020,"Aug 05, 2020",2218,True,False
TaToH,2020,"Aug 08, 2020",2222,True,False
TaToH,2020,"Aug 09, 2020",2218,False,True
TaToH,2020,"Aug 12, 2020",2225,True,False
TaToH,2020,"Aug 16, 2020",2241,True,False
TaToH,2020,"Aug 20, 2020",2250,True,False
TaToH,2020,"Aug 21, 2020",2246,True,False
TaToH,2020,"Aug 22, 2020",2234,False,True
TaToH,2020,"Aug 30, 2020",2237,True,False
TaToH,2020,"Sep 03, 2020",2222,False,True
TaToH,2020,"Sep 19, 2020",2226,True,False
TaToH,2020,"Sep 20, 2020",2232,True,False
TaToH,2020,"Sep 26, 2020",2238,True,False
TaToH,2020,"Oct 04, 2020",2237,True,False
TaToH,2020,"Oct 11, 2020",2225,False,True
TaToH,2020,"Oct 17, 2020",2210,False,True
TaToH,2021,"Jan 16, 2021",2218,True,False
TaToH,2021,"Jan 17, 2021",2210,False,True
TaToH,2021,"Jan 22, 2021",2202,False,True
TaToH,2021,"Feb 03, 2021",2200,True,False
TaToH,2021,"Feb 07, 2021",2206,True,False
TaToH,2021,"Feb 09, 2021",2192,False,True
TaToH,2021,"Feb 15, 2021",2191,True,False
TaToH,2021,"Feb 22, 2021",2187,False,True
TaToH,2021,"Mar 19, 2021",2188,False,True
TaToH,2021,"Mar 22, 2021",2192,True,False
TaToH,2021,"Mar 30, 2021",2204,True,False
TaToH,2021,"Apr 12, 2021",2205,True,False
TaToH,2021,"Apr 12, 2021",2211,True,False
TaToH,2021,"Apr 20, 2021",2215,True,False
TaToH,2021,"Apr 27, 2021",2224,True,False
TaToH,2021,"Apr 29, 2021",2217,False,True
TaToH,2021,"Apr 30, 2021",2226,True,False
TaToH,2021,"May 01, 2021",2224,True,False
TaToH,2021,"May 07, 2021",2236,True,False
TaToH,2021,"May 08, 2021",2239,True,False
TaToH,2021,"May 13, 2021",2245,True,False
TaToH,2021,"May 14, 2021",2247,True,False
TaToH,2021,"May 15, 2021",2243,False,True
TaToH,2021,"May 16, 2021",2246,True,False
TaToH,2021,"May 18, 2021",2244,True,False
TaToH,2021,"May 20, 2021",2250,True,False
TaToH,2021,"May 22, 2021",2244,False,True
TaToH,2021,"May 23, 2021",2241,True,False
TaToH,2021,"May 23, 2021",2249,True,False
TaToH,2021,"May 26, 2021",2250,True,False
TaToH,2021,"May 26, 2021",2259,True,False
TaToH,2021,"May 28, 2021",2254,False,True
TaToH,2021,"Jun 05, 2021",2256,True,False
TaToH,2021,"Jun 05, 2021",2258,True,False
TaToH,2021,"Jun 05, 2021",2256,True,False
TaToH,2021,"Jun 05, 2021",2250,True,False
TaToH,2021,"Jun 06, 2021",2236,False,True
TaToH,2021,"Jun 22, 2021",2239,True,False
TaToH,2021,"Jun 30, 2021",2247,True,False
TaToH,2021,"Jul 03, 2021",2259,True,False
TaToH,2021,"Jul 04, 2021",2264,True,False
TaToH,2021,"Jul 04, 2021",2262,True,False
TaToH,2021,"Jul 04, 2021",2254,False,True
TaToH,2021,"Jul 05, 2021",2253,True,False
TaToH,2021,"Jul 06, 2021",2259,True,False
TaToH,2021,"Jul 08, 2021",2247,False,True
TaToH,2021,"Jul 13, 2021",2243,True,False
TaToH,2021,"Jul 19, 2021",2247,True,False
TaToH,2021,"Jul 23, 2021",2249,True,False
TaToH,2021,"Jul 23, 2021",2255,True,False
TaToH,2021,"Jul 24, 2021",2254,True,False
TaToH,2021,"Jul 24, 2021",2254,True,False
TaToH,2021,"Jul 25, 2021",2250,False,True
TaToH,2021,"Jul 25, 2021",2256,True,False
TaToH,2021,"Jul 26, 2021",2244,False,True
TaToH,2021,"Aug 06, 2021",2234,False,True
TaToH,2021,"Sep 01, 2021",2240,True,False
TaToH,2021,"Sep 13, 2021",2239,False,True
TaToH,2021,"Sep 14, 2021",2247,True,False
TaToH,2021,"Sep 15, 2021",2248,True,False
TaToH,2021,"Sep 16, 2021",2244,False,True
TaToH,2021,"Sep 18, 2021",2240,False,True
TaToH,2021,"Sep 23, 2021",2244,True,False
TaToH,2021,"Oct 05, 2021",2248,True,False
TaToH,2021,"Oct 08, 2021",2256,True,False
TaToH,2021,"Oct 09, 2021",2257,False,True
TaToH,2021,"Oct 18, 2021",2264,True,False
TaToH,2021,"Oct 27, 2021",2276,True,False
TaToH,2021,"Nov 18, 2021",2285,True,False
TaToH,2021,"Nov 25, 2021",2289,True,False
TaToH,2021,"Nov 27, 2021",2285,False,True
TaToH,2021,"Dec 03, 2021",2289,True,False
TaToH,2021,"Dec 05, 2021",2285,False,True
TaToH,2021,"Dec 23, 2021",2288,True,False
TaToH,2022,"Jan 05, 2022",2291,True,False
TaToH,2022,"Jan 15, 2022",2294,True,False
TaToH,2022,"Jan 16, 2022",2300,True,False
TaToH,2022,"Jan 23, 2022",2300,True,False
TaToH,2022,"Jan 30, 2022",2306,True,False
TaToH,2022,"Feb 03, 2022",2315,True,False
TaToH,2022,"Feb 05, 2022",2321,True,False
TaToH,2022,"Feb 06, 2022",2322,False,True
TaToH,2022,"Feb 09, 2022",2323,True,False
TaToH,2022,"Feb 09, 2022",2335,True,False
TaToH,2022,"Feb 17, 2022",2338,True,False
TaToH,2022,"Feb 17, 2022",2322,False,True
TaToH,2022,"Feb 20, 2022",2326,True,False
TaToH,2022,"Feb 26, 2022",2328,True,False
TaToH,2022,"Feb 27, 2022",2328,False,False
TaToH,2022,"Feb 27, 2022",2337,True,False
TaToH,2022,"Feb 28, 2022",2343,True,False
TaToH,2022,"Mar 02, 2022",2352,True,False
TaToH,2022,"Mar 07, 2022",2358,True,False
TaToH,2022,"Mar 10, 2022",2344,False,True
TaToH,2022,"Mar 13, 2022",2345,True,False
TaToH,2022,"Mar 18, 2022",2343,True,False
TaToH,2022,"Mar 22, 2022",2347,True,False
TaToH,2022,"Mar 25, 2022",2350,True,False
TaToH,2022,"Mar 29, 2022",2353,True,False
TaToH,2022,"Mar 30, 2022",2354,True,False
TaToH,2022,"Apr 02, 2022",2360,True,False
TaToH,2022,"Apr 03, 2022",2367,True,False
TaToH,2022,"Apr 08, 2022",2370,True,False
TaToH,2022,"Apr 11, 2022",2373,True,False
TaToH,2022,"Apr 15, 2022",2375,True,False
TaToH,2022,"Apr 17, 2022",2378,True,False
TaToH,2022,"Apr 21, 2022",2386,True,False
TaToH,2022,"Apr 21, 2022",2376,False,True
TaToH,2022,"Apr 25, 2022",2379,True,False
TaToH,2022,"Apr 25, 2022",2381,True,False
TaToH,2022,"Apr 27, 2022",2384,True,False
TaToH,2022,"Apr 27, 2022",2387,True,False
TaToH,2022,"Apr 27, 2022",2391,True,False
TaToH,2022,"Apr 29, 2022",2394,True,False
TaToH,2022,"Apr 30, 2022",2394,True,False
TaToH,2022,"Apr 30, 2022",2397,True,False
TaToH,2022,"May 03, 2022",2385,False,True
TaToH,2022,"May 04, 2022",2387,True,False
TaToH,2022,"May 05, 2022",2390,True,False
TaToH,2022,"May 07, 2022",2392,True,False
TaToH,2022,"May 08, 2022",2395,True,False
TaToH,2022,"May 08, 2022",2397,True,False
TaToH,2022,"May 08, 2022",2399,True,False
TaToH,2022,"May 10, 2022",2401,True,False
TaToH,2022,"May 13, 2022",2392,False,True
TaToH,2022,"May 15, 2022",2378,False,True
TaToH,2022,"May 15, 2022",2378,False,False
TaToH,2022,"May 26, 2022",2368,False,True
TaToH,2022,"May 27, 2022",2370,True,False
TaToH,2022,"Jun 01, 2022",2372,True,False
TaToH,2022,"Jun 06, 2022",2379,True,False
TaToH,2022,"Jun 08, 2022",2383,True,False
TaToH,2022,"Jun 09, 2022",2387,True,False
TaToH,2022,"Jun 13, 2022",2387,True,False
TaToH,2022,"Jun 16, 2022",2387,True,False
TaToH,2022,"Jun 20, 2022",2391,True,False
TaToH,2022,"Jun 21, 2022",2393,True,False
TaToH,2022,"Jun 25, 2022",2396,True,False
TaToH,2022,"Jun 29, 2022",2396,True,False
TaToH,2022,"Jun 30, 2022",2385,False,True
TaToH,2022,"Jul 01, 2022",2374,False,True
TaToH,2022,"Jul 02, 2022",2374,True,False
TaToH,2022,"Jul 02, 2022",2363,True,False
TaToH,2022,"Jul 03, 2022",2369,True,False
TaToH,2022,"Jul 04, 2022",2372,True,False
TaToH,2022,"Jul 11, 2022",2378,True,False
TaToH,2022,"Jul 12, 2022",2371,False,True
TaToH,2022,"Jul 17, 2022",2377,True,False
TaToH,2022,"Jul 18, 2022",2379,True,False
TaToH,2022,"Jul 19, 2022",2376,True,False
TaToH,2022,"Jul 21, 2022",2369,False,True
TaToH,2022,"Jul 21, 2022",2364,True,False
TaToH,2022,"Jul 22, 2022",2362,True,False
TaToH,2022,"Jul 22, 2022",2358,False,True
TaToH,2022,"Jul 24, 2022",2364,True,False
TaToH,2022,"Jul 28, 2022",2365,True,False
TaToH,2022,"Jul 28, 2022",2351,False,True
TaToH,2022,"Jul 29, 2022",2359,True,False
TaToH,2022,"Jul 30, 2022",2371,True,False
TaToH,2022,"Jul 31, 2022",2351,False,True
TaToH,2022,"Aug 05, 2022",2342,False,True
TaToH,2022,"Sep 08, 2022",2338,True,False
TaToH,2022,"Sep 15, 2022",2346,True,False
TaToH,2022,"Sep 23, 2022",2328,False,True
TaToH,2022,"Oct 21, 2022",2332,True,False
TaToH,2022,"Oct 21, 2022",2340,True,False
TaToH,2022,"Oct 23, 2022",2339,True,False
TaToH,2022,"Oct 29, 2022",2347,True,False
TaToH,2022,"Oct 29, 2022",2355,True,False
TaToH,2022,"Nov 06, 2022",2358,True,False
TaToH,2022,"Nov 10, 2022",2358,True,False
TaToH,2022,"Nov 16, 2022",2361,True,False
TaToH,2022,"Nov 19, 2022",2353,False,True
TaToH,2022,"Nov 20, 2022",2345,False,True
TaToH,2022,"Dec 05, 2022",2349,True,False
TaToH,2022,"Dec 07, 2022",2356,True,False
TaToH,2022,"Dec 15, 2022",2360,True,False
TaToH,2022,"Dec 16, 2022",2344,False,True
TaToH,2022,"Dec 17, 2022",2340,False,True
TaToH,2022,"Dec 21, 2022",2342,True,False
TaToH,2023,"Jan 07, 2023",2343,True,False
TaToH,2023,"Jan 14, 2023",2349,True,False
TaToH,2023,"Jan 21, 2023",2345,False,True
TaToH,2023,"Jan 26, 2023",2333,False,True
TaToH,2023,"Feb 05, 2023",2342,True,False
TaToH,2023,"Feb 07, 2023",2344,True,False
TaToH,2023,"Feb 08, 2023",2348,True,False
TaToH,2023,"Feb 09, 2023",2352,True,False
TaToH,2023,"Feb 11, 2023",2340,False,True
TaToH,2023,"Feb 20, 2023",2344,True,False
TaToH,2023,"Feb 21, 2023",2352,True,False
TaToH,2023,"Mar 03, 2023",2354,True,False
TaToH,2023,"Mar 05, 2023",2347,False,True
TaToH,2023,"Mar 09, 2023",2355,True,False
TaToH,2023,"Mar 11, 2023",2359,True,False
TaToH,2023,"Mar 12, 2023",2351,False,True
TaToH,2023,"Mar 13, 2023",2359,True,False
TaToH,2023,"Mar 14, 2023",2367,True,False
TaToH,2023,"Mar 15, 2023",2363,False,True
TaToH,2023,"Mar 17, 2023",2359,False,True
TaToH,2023,"Mar 28, 2023",2353,True,False
TaToH,2023,"Apr 12, 2023",2352,True,False
TaToH,2023,"Apr 18, 2023",2356,True,False
TaToH,2023,"Apr 29, 2023",2358,True,False
TaToH,2023,"Apr 29, 2023",2354,True,False
TaToH,2023,"Apr 30, 2023",2357,True,False
TaToH,2023,"May 13, 2023",2351,True,False
TaToH,2023,"May 14, 2023",2355,True,False
TaToH,2023,"May 22, 2023",2355,True,False
TaToH,2023,"May 26, 2023",2343,False,True
TaToH,2023,"May 29, 2023",2345,True,False
TaToH,2023,"May 29, 2023",2347,True,False
TaToH,2023,"Jun 04, 2023",2350,True,False
TaToH,2023,"Jun 08, 2023",2356,True,False
TaToH,2023,"Jun 12, 2023",2360,True,False
TaToH,2023,"Jun 13, 2023",2369,True,False
TaToH,2023,"Jun 19, 2023",2368,True,False
TaToH,2023,"Jun 20, 2023",2368,True,False
TaToH,2023,"Jun 20, 2023",2360,False,True
TaToH,2023,"Jun 23, 2023",2354,True,False
TaToH,2023,"Jun 30, 2023",2366,True,False
TaToH,2023,"Jun 30, 2023",2358,False,True
TaToH,2023,"Jul 01, 2023",2365,True,False
TaToH,2023,"Jul 02, 2023",2369,True,False
TaToH,2023,"Jul 30, 2023",2371,True,False
TaToH,2023,"Aug 01, 2023",2363,False,True
TaToH,2023,"Aug 02, 2023",2383,True,False
TaToH,2023,"Aug 03, 2023",2385,True,False
TaToH,2023,"Aug 05, 2023",2389,True,False
TaToH,2023,"Aug 06, 2023",2385,True,False
TaToH,2023,"Aug 07, 2023",2393,True,False
TaToH,2023,"Aug 08, 2023",2381,False,True
TaToH,2023,"Aug 14, 2023",2375,False,True
TaToH,2023,"Aug 15, 2023",2378,False,True
TaToH,2023,"Aug 19, 2023",2387,True,False
TaToH,2023,"Aug 21, 2023",2395,True,False
TaToH,2023,"Aug 22, 2023",2391,False,True
TaToH,2023,"Aug 26, 2023",2379,False,True
TaToH,2023,"Sep 02, 2023",2381,True,False
TaToH,2023,"Sep 02, 2023",2387,True,False
TaToH,2023,"Sep 03, 2023",2379,False,True
TaToH,2023,"Sep 11, 2023",2381,True,False
TaToH,2023,"Sep 11, 2023",2385,True,False
TaToH,2023,"Sep 17, 2023",2384,True,False
TaToH,2023,"Sep 17, 2023",2380,False,True
TaToH,2023,"Sep 24, 2023",2378,True,False
TaToH,2023,"Oct 02, 2023",2384,True,False
TaToH,2023,"Oct 06, 2023",2387,True,False
TaToH,2023,"Oct 11, 2023",2390,True,False
TaToH,2023,"Oct 13, 2023",2390,True,False
TaToH,2023,"Oct 14, 2023",2394,True,False
TaToH,2023,"Oct 17, 2023",2393,True,False
TaToH,2023,"Oct 18, 2023",2386,False,True
TaToH,2023,"Oct 20, 2023",2388,True,False
TaToH,2023,"Oct 21, 2023",2388,True,False
TaToH,2023,"Oct 21, 2023",2391,True,False
TaToH,2023,"Oct 21, 2023",2397,True,False
TaToH,2023,"Oct 22, 2023",2406,True,False
TaToH,2023,"Oct 23, 2023",2397,False,True
TaToH,2023,"Oct 24, 2023",2400,True,False
TaToH,2023,"Oct 24, 2023",2399,True,False
TaToH,2023,"Oct 24, 2023",2394,True,False
TaToH,2023,"Oct 25, 2023",2397,True,False
TaToH,2023,"Oct 26, 2023",2401,True,False
TaToH,2023,"Oct 27, 2023",2410,True,False
TaToH,2023,"Oct 27, 2023",2424,True,False
TaToH,2023,"Oct 29, 2023",2425,True,False
TaToH,2023,"Oct 29, 2023",2426,True,False
TaToH,2023,"Oct 30, 2023",2438,True,False
TaToH,2023,"Nov 02, 2023",2444,True,False
TaToH,2023,"Nov 04, 2023",2436,False,True
TaToH,2023,"Nov 05, 2023",2445,True,False
TaToH,2023,"Nov 09, 2023",2445,True,False
TaToH,2023,"Nov 10, 2023",2449,True,False
TaToH,2023,"Nov 17, 2023",2446,True,False
TaToH,2023,"Nov 18, 2023",2454,True,False
TaToH,2023,"Nov 19, 2023",2446,False,True
TaToH,2023,"Nov 25, 2023",2446,True,False
TaToH,2023,"Nov 26, 2023",2450,True,False
TaToH,2023,"Nov 26, 2023",2447,True,False
TaToH,2023,"Dec 08, 2023",2447,True,False
TaToH,2023,"Dec 09, 2023",2450,True,False
TaToH,2023,"Dec 09, 2023",2450,True,False
TaToH,2023,"Dec 10, 2023",2447,True,False
TaToH,2023,"Dec 17, 2023",2447,True,False
TaToH,2023,"Dec 20, 2023",2447,True,False
TaToH,2023,"Dec 21, 2023",2443,True,False
TaToH,2023,"Dec 21, 2023",2446,True,False
TaToH,2023,"Dec 27, 2023",2437,False,True
TaToH,2024,"Jan 06, 2024",2443,True,False
TaToH,2024,"Jan 07, 2024",2447,True,False
TaToH,2024,"Jan 08, 2024",2446,True,False
TaToH,2024,"Jan 09, 2024",2447,False,True
TaToH,2024,"Jan 10, 2024",2455,True,False
TaToH,2024,"Jan 13, 2024",2436,False,True
TaToH,2024,"Jan 23, 2024",2428,True,False
TaToH,2024,"Jan 31, 2024",2431,True,False
TaToH,2024,"Feb 05, 2024",2434,True,False
TaToH,2024,"Feb 10, 2024",2446,True,False
TaToH,2024,"Feb 26, 2024",2426,False,True
TaToH,2024,"Mar 11, 2024",2426,True,False
TaToH,2024,"Mar 18, 2024",2428,True,False
TaToH,2024,"Mar 19, 2024",2431,True,False
TaToH,2024,"Mar 22, 2024",2431,True,False
TaToH,2024,"Mar 27, 2024",2439,True,False
TaToH,2024,"Apr 01, 2024",2434,True,False
TaToH,2024,"Apr 02, 2024",2437,True,False
TaToH,2024,"Apr 11, 2024",2437,True,False
TaToH,2024,"Apr 14, 2024",2437,True,False
TaToH,2024,"Apr 14, 2024",2437,True,False
TaToH,2024,"Apr 15, 2024",2433,True,False
TaToH,2024,"Apr 17, 2024",2436,True,False
TaToH,2024,"Apr 18, 2024",2438,True,False
TaToH,2024,"Apr 19, 2024",2450,True,False
TaToH,2024,"Apr 23, 2024",2453,True,False
TaToH,2024,"Apr 24, 2024",2456,True,False
TaToH,2024,"Apr 28, 2024",2454,False,True
TaToH,2024,"May 02, 2024",2463,True,False
TaToH,2024,"May 08, 2024",2472,True,False
TaToH,2024,"May 17, 2024",2455,False,True
TaToH,2024,"May 27, 2024",2455,True,False
TaToH,2024,"Jun 03, 2024",2457,True,False
TaToH,2024,"Jun 06, 2024",2459,True,False
TaToH,2024,"Jun 08, 2024",2457,False,True
TaToH,2024,"Jun 09, 2024",2442,False,True
TaToH,2024,"Jun 14, 2024",2445,True,False
TaToH,2024,"Jun 21, 2024",2442,True,False
TaToH,2024,"Jun 30, 2024",2439,True,False
TaToH,2024,"Jul 08, 2024",2419,False,True
TaToH,2024,"Jul 10, 2024",2427,True,False
TaToH,2024,"Sep 30, 2024",2428,True,False
TaToH,2024,"Oct 03, 2024",2424,False,True
TaToH,2024,"Oct 04, 2024",2428,True,False
TaToH,2024,"Oct 04, 2024",2424,False,True
TaToH,2024,"Nov 08, 2024",2424,True,False
TaToH,2024,"Nov 09, 2024",2427,True,False
TaToH,2024,"Nov 09, 2024",2430,True,False
TaToH,2024,"Nov 10, 2024",2437,True,False
TaToH,2024,"Nov 16, 2024",2437,True,False
TaToH,2024,"Nov 20, 2024",2440,True,False
TaToH,2024,"Nov 25, 2024",2429,True,False
TaToH,2024,"Nov 29, 2024",2415,False,True
TaToH,2024,"Dec 15, 2024",2424,True,False
TaToH,2024,"Dec 16, 2024",2415,False,True
TaToH,2024,"Dec 17, 2024",2407,False,True
TaToH,2024,"Dec 18, 2024",2395,False,True
TaToH,2024,"Dec 19, 2024",2399,True,False
TaToH,2025,"Jan 04, 2025",2401,True,False
TaToH,2025,"Jan 04, 2025",2403,True,False
TaToH,2025,"Jan 04, 2025",2397,True,False
TaToH,2025,"Jan 05, 2025",2404,True,False
TaToH,2025,"Jan 20, 2025",2405,True,False
TaToH,2025,"Jan 28, 2025",2403,True,False
TaToH,2025,"Feb 01, 2025",2399,False,True
TaToH,2025,"Feb 07, 2025",2402,True,False
TaToH,2025,"Feb 09, 2025",2405,True,False
TaToH,2025,"Feb 12, 2025",2397,False,True
TaToH,2025,"Feb 15, 2025",2403,True,False
TaToH,2025,"Feb 21, 2025",2407,True,False
TaToH,2025,"Feb 22, 2025",2411,True,False
TaToH,2025,"Feb 26, 2025",2420,True,False
TaToH,2025,"Feb 27, 2025",2408,False,True
TaToH,2025,"Mar 05, 2025",2388,False,True
TaToH,2025,"Mar 13, 2025",2382,False,True
TaToH,2025,"Mar 14, 2025",2382,True,False
TaToH,2025,"Mar 15, 2025",2374,False,True
TaToH,2025,"Mar 25, 2025",2366,False,True
TaToH,2025,"Apr 05, 2025",2383,True,False
TaToH,2025,"Apr 06, 2025",2386,False,True
TaToH,2025,"Apr 21, 2025",2389,True,False
TaToH,2025,"Apr 24, 2025",2392,True,False
TaToH,2025,"May 07, 2025",2401,True,False
TaToH,2025,"May 12, 2025",2407,True,False
TaToH,2025,"May 15, 2025",2399,False,True
TaToH,2025,"May 19, 2025",2408,True,False
TaToH,2025,"May 21, 2025",2404,False,True
TaToH,2025,"May 24, 2025",2416,True,False
TaToH,2025,"May 29, 2025",2428,True,False
TaToH,2025,"May 31, 2025",2432,False,True
TaToH,2025,"Jun 01, 2025",2444,True,False
TaToH,2025,"Jun 17, 2025",2444,True,False
TaToH,2025,"Jun 22, 2025",2447,True,False
TaToH,2025,"Jun 25, 2025",2448,True,False
TaToH,2025,"Jun 25, 2025",2451,True,False
TaToH,2025,"Jun 27, 2025",2444,False,True
TaToH,2025,"Jun 29, 2025",2440,True,False
TaToH,2025,"Jun 30, 2025",2438,True,False
TaToH,2025,"Jul 03, 2025",2431,False,True
TaToH,2025,"Jul 10, 2025",2437,True,False
TaToH,2025,"Jul 12, 2025",2440,True,False
TaToH,2025,"Jul 13, 2025",2456,True,False
TaToH,2025,"Jul 31, 2025",2456,True,False
TaToH,2025,"Aug 02, 2025",2462,True,False
TaToH,2025,"Aug 02, 2025",2461,True,False
TaToH,2025,"Aug 03, 2025",2444,False,True
TaToH,2025,"Aug 05, 2025",2443,True,False
TaToH,2025,"Aug 09, 2025",2446,True,False
TaToH,2025,"Aug 09, 2025",2446,True,False
TaToH,2025,"Aug 10, 2025",2430,False,True
TaToH,2025,"Sep 15, 2025",2430,True,False
TaToH,2025,"Sep 17, 2025",2430,True,False
TaToH,2025,"Sep 18, 2025",2418,False,True
TaToH,2025,"Sep 18, 2025",2414,False,True
TaToH,2025,"Oct 03, 2025",2413,True,False
TaToH,2025,"Oct 08, 2025",2405,False,True
TaToH,2025,"Oct 14, 2025",2401,False,True
TaToH,2025,"Nov 06, 2025",2401,True,False
TaToH,2025,"Nov 12, 2025",2404,True,False
TaToH,2025,"Nov 18, 2025",2400,True,False
TaToH,2025,"Nov 21, 2025",2406,True,False
TaToH,2025,"Nov 27, 2025",2402,False,True
TaToH,2025,"Dec 04, 2025",2398,True,False
TaToH,2025,"Dec 07, 2025",2401,True,False
TaToH,2025,"Dec 17, 2025",2397,False,True
TaToH,2026,"Jan 25, 2026",2388,False,True
TaToH,2026,"Feb 09, 2026",2389,True,False
TaToH,2026,"Feb 16, 2026",2395,True,False
TaToH,2026,"Feb 20, 2026",2386,False,True
TaToH,2026,"Mar 10, 2026",2390,True,False
TaToH,2026,"Mar 16, 2026",2396,True,False
TaToH,2026,"Mar 18, 2026",2392,False,True
TaToH,2026,"Apr 10, 2026",2392,True,False
TaToH,2026,"Apr 11, 2026",2395,True,False
TaToH,2026,"Apr 11, 2026",2401,True,False
TaToH,2026,"Apr 12, 2026",2405,False,True
TaToH,2026,"Apr 15, 2026",2407,True,False
TaToH,2026,"Apr 17, 2026",2410,True,False
TaToH,2026,"Apr 18, 2026",2410,True,False
TaToH,2026,"Apr 19, 2026",2412,True,False
TaToH,2026,"Apr 22, 2026",2414,True,False
TaToH,2026,"Apr 25, 2026",2417,True,False
TaToH,2026,"Apr 25, 2026",2413,True,False
TaToH,2026,"Apr 26, 2026",2412,True,False
TaToH,2026,"May 07, 2026",2420,True,False
TaToH,2026,"May 17, 2026",2408,False,True
TaToH,2026,"May 19, 2026",2420,True,False
TaToH,2026,"May 21, 2026",2408,False,True
TaToH,2026,"Jun 12, 2026",2410,True,False
TaToH,2026,"Jun 13, 2026",2412,True,False
TaToH,2026,"Jun 14, 2026",2411,True,False
TaToH,2026,"Jun 14, 2026",2414,True,False
TaToH,2026,"Jul 01, 2026",2416,False,True
TaToH,2026,"Jul 02, 2026",2428,True,False
TaToH,2026,"Jul 03, 2026",2437,True,False
TaToH,2026,"Jul 04, 2026",2428,False,True
TaToH,2026,"Sep 25, 2026",2428,True,False
TaToH,2026,"Sep 26, 2026",2428,False,True
TaToH,2026,"Oct 02, 2026",2431,True,False
TaToH,2026,"Oct 03, 2026",2437,True,False
TheViper,2011,"Jun 02, 2011",1992,False,True
TheViper,2011,"Oct 31, 2011",1997,True,False
TheViper,2011,"Oct 31, 2011",2000,True,False
TheViper,2011,"Oct 31, 2011",2003,True,False
TheViper,2011,"Oct 31, 2011",1999,False,True
TheViper,2011,"Oct 31, 2011",2003,True,False
TheViper,2012,"Mar 19, 2012",2023,True,False
TheViper,2012,"Mar 19, 2012",2043,True,False
TheViper,2012,"Mar 19, 2012",2058,True,False
TheViper,2012,"Mar 19, 2012",2068,True,False
TheViper,2012,"Jun 10, 2012",2074,True,False
TheViper,2012,"Jun 18, 2012",2072,True,False
TheViper,2012,"Jun 22, 2012",2073,True,False
TheViper,2012,"Jun 28, 2012",2069,False,True
TheViper,2012,"Oct 11, 2012",2077,True,False
TheViper,2012,"Oct 11, 2012",2085,True,False
TheViper,2012,"Oct 21, 2012",2091,True,False
TheViper,2012,"Oct 23, 2012",2100,True,False
TheViper,2012,"Oct 26, 2012",2106,True,False
TheViper,2012,"Oct 29, 2012",2115,True,False
TheViper,2012,"Nov 01, 2012",2115,False,False
TheViper,2012,"Nov 08, 2012",2113,False,False
TheViper,2012,"Nov 18, 2012",2123,True,False
TheViper,2012,"Nov 27, 2012",2131,True,False
TheViper,2013,"Aug 11, 2013",2134,True,False
TheViper,2013,"Aug 21, 2013",2136,True,False
TheViper,2013,"Aug 31, 2013",2138,True,False
TheViper,2013,"Sep 15, 2013",2141,True,False
TheViper,2013,"Sep 16, 2013",2153,True,False
TheViper,2013,"Sep 21, 2013",2169,True,False
TheViper,2013,"Sep 22, 2013",2165,False,True
TheViper,2013,"Sep 27, 2013",2181,True,False
TheViper,2013,"Oct 20, 2013",2184,True,False
TheViper,2013,"Oct 27, 2013",2187,True,False
TheViper,2013,"Nov 03, 2013",2193,True,False
TheViper,2013,"Nov 10, 2013",2195,True,False
TheViper,2013,"Nov 30, 2013",2205,True,False
TheViper,2013,"Dec 01, 2013",2225,True,False
TheViper,2013,"Dec 04, 2013",2227,True,False
TheViper,2013,"Dec 08, 2013",2218,False,True
TheViper,2013,"Dec 20, 2013",2233,True,False
TheViper,2014,"Mar 01, 2014",2237,True,False
TheViper,2014,"Mar 02, 2014",2240,True,False
TheViper,2014,"Mar 02, 2014",2248,True,False
TheViper,2014,"Aug 18, 2014",2249,True,False
TheViper,2014,"Aug 18, 2014",2242,False,True
TheViper,2014,"Aug 18, 2014",2243,True,False
TheViper,2014,"Aug 18, 2014",2244,True,False
TheViper,2014,"Aug 18, 2014",2245,True,False
TheViper,2014,"Aug 18, 2014",2246,True,False
TheViper,2014,"Sep 08, 2014",2248,True,False
TheViper,2014,"Sep 08, 2014",2249,True,False
TheViper,2014,"Sep 22, 2014",2251,True,False
TheViper,2014,"Sep 22, 2014",2254,True,False
TheViper,2014,"Oct 29, 2014",2251,True,False
TheViper,2014,"Oct 31, 2014",2247,True,False
TheViper,2014,"Nov 01, 2014",2259,True,False
TheViper,2014,"Nov 03, 2014",2259,True,False
TheViper,2015,"Feb 14, 2015",2260,True,False
TheViper,2015,"Feb 16, 2015",2261,True,False
TheViper,2015,"Feb 16, 2015",2262,True,False
TheViper,2015,"Mar 23, 2015",2265,True,False
TheViper,2015,"Mar 23, 2015",2259,False,True
TheViper,2015,"Mar 23, 2015",2254,False,True
TheViper,2015,"May 17, 2015",2256,True,False
TheViper,2015,"May 24, 2015",2259,True,False
TheViper,2015,"May 24, 2015",2262,True,False
TheViper,2015,"May 31, 2015",2265,True,False
TheViper,2015,"May 31, 2015",2261,True,False
TheViper,2015,"Jun 07, 2015",2263,True,False
TheViper,2015,"Jun 14, 2015",2261,True,False
TheViper,2015,"Jun 28, 2015",2251,True,False
TheViper,2015,"Jun 30, 2015",2241,True,False
TheViper,2015,"Jul 12, 2015",2249,True,False
TheViper,2015,"Jul 12, 2015",2255,True,False
TheViper,2015,"Jul 19, 2015",2263,True,False
TheViper,2015,"Jul 19, 2015",2251,False,False
TheViper,2015,"Jul 26, 2015",2257,True,False
TheViper,2015,"Aug 02, 2015",2257,True,False
TheViper,2015,"Aug 16, 2015",2260,True,False
TheViper,2015,"Aug 23, 2015",2266,True,False
TheViper,2015,"Aug 30, 2015",2272,True,False
TheViper,2015,"Sep 06, 2015",2278,True,False
TheViper,2015,"Sep 13, 2015",2284,True,False
TheViper,2015,"Sep 20, 2015",2296,True,False
TheViper,2015,"Oct 07, 2015",2294,True,False
TheViper,2015,"Oct 07, 2015",2298,True,False
TheViper,2015,"Oct 07, 2015",2304,True,False
TheViper,2015,"Oct 09, 2015",2298,True,False
TheViper,2015,"Dec 06, 2015",2301,True,False
TheViper,2015,"Dec 13, 2015",2304,True,False
TheViper,2015,"Dec 20, 2015",2300,True,False
TheViper,2015,"Dec 27, 2015",2302,True,False
TheViper,2016,"Jan 03, 2016",2282,False,True
TheViper,2016,"Jan 31, 2016",2284,True,False
TheViper,2016,"Feb 01, 2016",2278,True,False
TheViper,2016,"Feb 08, 2016",2272,True,False
TheViper,2016,"Feb 19, 2016",2274,True,False
TheViper,2016,"Feb 22, 2016",2268,True,False
TheViper,2016,"Feb 22, 2016",2270,True,False
TheViper,2016,"Feb 29, 2016",2266,True,False
TheViper,2016,"Mar 07, 2016",2254,False,True
TheViper,2016,"Oct 14, 2016",2256,True,False
TheViper,2016,"Oct 15, 2016",2264,True,False
TheViper,2016,"Oct 16, 2016",2266,True,False
TheViper,2016,"Oct 17, 2016",2244,False,True
TheViper,2016,"Oct 29, 2016",2246,True,False
TheViper,2016,"Oct 30, 2016",2244,True,False
TheViper,2016,"Nov 13, 2016",2256,True,False
TheViper,2016,"Dec 01, 2016",2264,True,False
TheViper,2016,"Dec 09, 2016",2264,True,False
TheViper,2016,"Dec 13, 2016",2266,True,False
TheViper,2016,"Dec 14, 2016",2260,False,True
TheViper,2016,"Dec 15, 2016",2244,False,True
TheViper,2016,"Dec 15, 2016",2248,True,False
TheViper,2016,"Dec 16, 2016",2250,True,False
TheViper,2016,"Dec 17, 2016",2248,True,False
TheViper,2016,"Dec 18, 2016",2257,True,False
TheViper,2016,"Dec 30, 2016",2263,True,False
TheViper,2017,"Jan 17, 2017",2265,True,False
TheViper,2017,"Jan 18, 2017",2259,False,True
TheViper,2017,"Jan 19, 2017",2261,True,False
TheViper,2017,"Jan 20, 2017",2259,True,False
TheViper,2017,"Jan 21, 2017",2263,True,False
TheViper,2017,"Jan 22, 2017",2267,True,False
TheViper,2017,"Feb 11, 2017",2261,False,True
TheViper,2017,"Feb 12, 2017",2263,True,False
TheViper,2017,"Feb 13, 2017",2256,False,True
TheViper,2017,"Feb 28, 2017",2259,True,False
TheViper,2017,"Mar 10, 2017",2265,True,False
TheViper,2017,"Mar 14, 2017",2266,True,False
TheViper,2017,"Mar 15, 2017",2268,True,False
TheViper,2017,"Mar 16, 2017",2270,True,False
TheViper,2017,"Mar 18, 2017",2274,True,False
TheViper,2017,"Mar 19, 2017",2278,True,False
TheViper,2017,"Mar 20, 2017",2282,True,False
TheViper,2017,"Apr 08, 2017",2276,True,False
TheViper,2017,"Apr 09, 2017",2278,True,False
TheViper,2017,"Apr 10, 2017",2288,True,False
TheViper,2017,"Apr 11, 2017",2274,False,True
TheViper,2017,"Apr 12, 2017",2276,True,False
TheViper,2017,"May 15, 2017",2282,True,False
TheViper,2017,"May 20, 2017",2286,True,False
TheViper,2017,"May 22, 2017",2284,True,False
TheViper,2017,"Jun 04, 2017",2282,True,False
TheViper,2017,"Jun 05, 2017",2288,True,False
TheViper,2017,"Jun 12, 2017",2294,True,False
TheViper,2017,"Jun 19, 2017",2292,True,False
TheViper,2017,"Jun 26, 2017",2295,True,False
TheViper,2017,"Jul 03, 2017",2299,True,False
TheViper,2017,"Jul 07, 2017",2301,True,False
TheViper,2017,"Jul 07, 2017",2303,True,False
TheViper,2017,"Jul 08, 2017",2306,True,False
TheViper,2017,"Jul 08, 2017",2305,True,False
TheViper,2017,Aug 2017,2307,True,False
TheViper,2017,Aug 2017,2311,True,False
TheViper,2017,Aug 2017,2309,True,False
TheViper,2017,"Oct 20, 2017",2317,True,False
TheViper,2017,"Oct 21, 2017",2321,True,False
TheViper,2017,"Oct 22, 2017",2319,True,False
TheViper,2017,"Nov 07, 2017",2320,True,False
TheViper,2017,"Nov 08, 2017",2321,True,False
TheViper,2017,"Nov 09, 2017",2322,True,False
TheViper,2017,"Nov 12, 2017",2325,True,False
TheViper,2017,Dec 2017,2328,True,False
TheViper,2017,Dec 2017,2328,True,False
TheViper,2017,Dec 2017,2331,True,False
TheViper,2017,Dec 2017,2335,True,False
TheViper,2017,Dec 2017,2321,True,False
TheViper,2018,"Jan 05, 2018",2321,False,False
TheViper,2018,"Jan 21, 2018",2324,True,False
TheViper,2018,"Jan 27, 2018",2327,True,False
TheViper,2018,"Feb 01, 2018",2329,True,False
TheViper,2018,"Feb 25, 2018",2333,True,False
TheViper,2018,"Mar 16, 2018",2325,True,False
TheViper,2018,Jun 2018,2328,True,False
TheViper,2018,Jun 2018,2331,True,False
TheViper,2018,Jun 2018,2321,True,False
TheViper,2018,Jul 2018,2323,True,False
TheViper,2018,Jul 2018,2331,True,False
TheViper,2018,Jul 2018,2327,True,False
TheViper,2018,Jul 2018,2329,True,False
TheViper,2018,Jul 2018,2311,False,True
TheViper,2018,Jul 2018,2316,True,False
TheViper,2018,Jul 2018,2314,True,False
TheViper,2018,Jul 2018,2316,True,False
TheViper,2018,Jul 2018,2322,True,False
TheViper,2018,Jul 2018,2325,True,False
TheViper,2018,Aug 2018,2327,True,False
TheViper,2018,Aug 2018,2322,True,False
TheViper,2018,Aug 2018,2306,False,True
TheViper,2018,Aug 2018,2292,False,True
TheViper,2018,Oct 2018,2298,True,False
TheViper,2018,Oct 2018,2301,True,False
TheViper,2018,Oct 2018,2303,True,False
TheViper,2019,"Jan 06, 2019",2306,True,False
TheViper,2019,"Jan 13, 2019",2309,True,False
TheViper,2019,"Jan 20, 2019",2315,True,False
TheViper,2019,"Feb 01, 2019",2311,True,False
TheViper,2019,"Feb 03, 2019",2311,True,False
TheViper,2019,"Feb 09, 2019",2317,True,False
TheViper,2019,"Feb 10, 2019",2301,False,True
TheViper,2019,"Feb 11, 2019",2307,True,False
TheViper,2019,"Feb 12, 2019",2311,True,False
TheViper,2019,"Feb 13, 2019",2317,True,False
TheViper,2019,"Feb 14, 2019",2327,True,False
TheViper,2019,"Feb 16, 2019",2342,True,False
TheViper,2019,"Feb 17, 2019",2338,True,False
TheViper,2019,"Apr 12, 2019",2344,True,False
TheViper,2019,"Apr 13, 2019",2347,True,False
TheViper,2019,"Apr 14, 2019",2347,True,False
TheViper,2019,"Apr 14, 2019",2330,True,False
TheViper,2019,"May 26, 2019",2332,True,False
TheViper,2019,"Jun 02, 2019",2319,False,True
TheViper,2019,"Jun 16, 2019",2299,False,True
TheViper,2019,"Jun 23, 2019",2295,True,False
TheViper,2019,"Jun 25, 2019",2301,True,False
TheViper,2019,"Jun 26, 2019",2281,False,True
TheViper,2019,"Jun 30, 2019",2285,True,False
TheViper,2019,"Jul 07, 2019",2291,True,False
TheViper,2019,"Jul 21, 2019",2273,False,True
TheViper,2019,"Aug 17, 2019",2277,True,False
TheViper,2019,"Aug 18, 2019",2283,True,False
TheViper,2019,"Aug 21, 2019",2292,True,False
TheViper,2019,"Aug 30, 2019",2301,True,False
TheViper,2019,"Sep 01, 2019",2295,False,True
TheViper,2020,"Jan 04, 2020",2295,True,False
TheViper,2020,"Jan 05, 2020",2299,True,False
TheViper,2020,"Jan 06, 2020",2303,True,False
TheViper,2020,"Jan 07, 2020",2303,True,False
TheViper,2020,"Jan 11, 2020",2305,True,False
TheViper,2020,"Jan 12, 2020",2293,True,False
TheViper,2020,"Jan 29, 2020",2296,True,False
TheViper,2020,"Feb 05, 2020",2302,True,False
TheViper,2020,"Feb 05, 2020",2291,True,False
TheViper,2020,"Feb 06, 2020",2275,False,True
TheViper,2020,"Feb 07, 2020",2281,True,False
TheViper,2020,"Feb 09, 2020",2287,True,False
TheViper,2020,"Feb 12, 2020",2277,True,False
TheViper,2020,"Feb 15, 2020",2284,True,False
TheViper,2020,"Feb 16, 2020",2286,True,False
TheViper,2020,"Feb 18, 2020",2274,False,True
TheViper,2020,"Feb 19, 2020",2272,True,False
TheViper,2020,"Mar 04, 2020",2281,True,False
TheViper,2020,"Mar 07, 2020",2280,True,False
TheViper,2020,"Mar 08, 2020",2260,False,True
TheViper,2020,"Mar 18, 2020",2268,True,False
TheViper,2020,"Mar 20, 2020",2274,True,False
TheViper,2020,"Mar 21, 2020",2278,True,False
TheViper,2020,"Mar 22, 2020",2280,True,False
TheViper,2020,"Mar 22, 2020",2292,True,False
TheViper,2020,"Apr 30, 2020",2292,True,False
TheViper,2020,"May 02, 2020",2296,True,False
TheViper,2020,"May 03, 2020",2305,True,False
TheViper,2020,"May 03, 2020",2285,False,True
TheViper,2020,"May 15, 2020",2286,True,False
TheViper,2020,"May 15, 2020",2284,True,False
TheViper,2020,"Jun 26, 2020",2286,True,False
TheViper,2020,"Jun 28, 2020",2281,True,False
TheViper,2020,"Jun 28, 2020",2283,True,False
TheViper,2020,"Jul 04, 2020",2285,True,False
TheViper,2020,"Jul 04, 2020",2287,True,False
TheViper,2020,"Jul 04, 2020",2289,True,False
TheViper,2020,"Jul 07, 2020",2285,True,False
TheViper,2020,"Jul 08, 2020",2285,True,False
TheViper,2020,"Jul 08, 2020",2279,True,False
TheViper,2020,"Jul 11, 2020",2273,True,False
TheViper,2020,"Jul 12, 2020",2273,True,False
TheViper,2020,"Jul 18, 2020",2267,True,False
TheViper,2020,"Jul 19, 2020",2276,True,False
TheViper,2020,"Jul 24, 2020",2282,True,False
TheViper,2020,"Jul 25, 2020",2289,True,False
TheViper,2020,"Jul 26, 2020",2278,False,True
TheViper,2020,"Aug 07, 2020",2287,True,False
TheViper,2020,"Aug 09, 2020",2286,True,False
TheViper,2020,"Aug 09, 2020",2266,False,True
TheViper,2020,"Aug 10, 2020",2268,True,False
TheViper,2020,"Aug 14, 2020",2271,True,False
TheViper,2020,"Aug 21, 2020",2271,True,False
TheViper,2020,"Aug 22, 2020",2270,True,False
TheViper,2020,"Aug 23, 2020",2258,False,True
TheViper,2020,"Aug 25, 2020",2257,True,False
TheViper,2020,"Sep 20, 2020",2259,True,False
TheViper,2020,"Sep 27, 2020",2259,True,False
TheViper,2020,"Oct 04, 2020",2263,True,False
TheViper,2020,"Oct 11, 2020",2272,True,False
TheViper,2020,"Oct 18, 2020",2260,False,True
TheViper,2020,"Nov 07, 2020",2264,True,False
TheViper,2020,"Nov 07, 2020",2268,True,False
TheViper,2020,"Nov 07, 2020",2264,False,True
TheViper,2020,"Nov 08, 2020",2260,False,True
TheViper,2020,"Nov 08, 2020",2264,True,False
TheViper,2020,"Nov 08, 2020",2276,True,False
TheViper,2021,"Jan 16, 2021",2282,True,False
TheViper,2021,"Jan 17, 2021",2286,True,False
TheViper,2021,"Jan 23, 2021",2277,False,True
TheViper,2021,"Feb 10, 2021",2283,True,False
TheViper,2021,"Feb 13, 2021",2273,True,False
TheViper,2021,"Feb 14, 2021",2281,True,False
TheViper,2021,"Feb 15, 2021",2270,True,False
TheViper,2021,"Feb 24, 2021",2276,True,False
TheViper,2021,"Feb 27, 2021",2283,True,False
TheViper,2021,"Feb 28, 2021",2295,True,False
TheViper,2021,"Mar 19, 2021",2304,True,False
TheViper,2021,"Mar 20, 2021",2313,True,False
TheViper,2021,"Mar 21, 2021",2302,False,True
TheViper,2021,"May 02, 2021",2311,True,False
TheViper,2021,"May 08, 2021",2320,True,False
TheViper,2021,"May 10, 2021",2321,True,False
TheViper,2021,"May 14, 2021",2330,True,False
TheViper,2021,"May 14, 2021",2332,True,False
TheViper,2021,"May 16, 2021",2341,True,False
TheViper,2021,"May 17, 2021",2348,True,False
TheViper,2021,"May 22, 2021",2354,True,False
TheViper,2021,"May 22, 2021",2356,True,False
TheViper,2021,"May 28, 2021",2357,True,False
TheViper,2021,"May 29, 2021",2359,True,False
TheViper,2021,"May 30, 2021",2359,True,False
TheViper,2021,"Jun 19, 2021",2361,True,False
TheViper,2021,"Jun 20, 2021",2359,True,False
TheViper,2021,"Jun 26, 2021",2359,True,False
TheViper,2021,"Jun 27, 2021",2344,False,True
TheViper,2021,"Jul 03, 2021",2338,True,False
TheViper,2021,"Jul 04, 2021",2338,False,False
TheViper,2021,"Jul 04, 2021",2333,False,True
TheViper,2021,"Jul 23, 2021",2335,True,False
TheViper,2021,"Jul 23, 2021",2329,True,False
TheViper,2021,"Jul 24, 2021",2329,True,False
TheViper,2021,"Jul 24, 2021",2320,False,True
TheViper,2021,"Sep 13, 2021",2321,True,False
TheViper,2021,"Sep 14, 2021",2325,True,False
TheViper,2021,"Sep 15, 2021",2318,False,True
TheViper,2021,"Sep 16, 2021",2324,True,False
TheViper,2021,"Sep 18, 2021",2332,True,False
TheViper,2021,"Sep 19, 2021",2341,True,False
TheViper,2021,"Sep 19, 2021",2345,True,False
TheViper,2021,"Sep 29, 2021",2347,True,False
TheViper,2021,"Oct 06, 2021",2351,True,False
TheViper,2021,"Oct 08, 2021",2357,True,False
TheViper,2021,"Oct 09, 2021",2356,True,False
TheViper,2021,"Oct 10, 2021",2344,False,True
TheViper,2021,"Oct 15, 2021",2342,True,False
TheViper,2021,"Oct 15, 2021",2348,True,False
TheViper,2021,"Oct 16, 2021",2347,True,False
TheViper,2021,"Oct 17, 2021",2359,True,False
TheViper,2021,"Nov 21, 2021",2353,True,False
TheViper,2021,"Nov 26, 2021",2359,True,False
TheViper,2021,"Nov 28, 2021",2365,True,False
TheViper,2021,"Dec 05, 2021",2372,True,False
TheViper,2021,"Dec 11, 2021",2379,True,False
TheViper,2021,"Dec 12, 2021",2377,True,False
TheViper,2022,"Jan 15, 2022",2380,True,False
TheViper,2022,"Jan 22, 2022",2376,True,False
TheViper,2022,"Jan 29, 2022",2382,True,False
TheViper,2022,"Jan 29, 2022",2386,True,False
TheViper,2022,"Jan 30, 2022",2371,True,False
TheViper,2022,"Feb 04, 2022",2366,True,False
TheViper,2022,"Feb 05, 2022",2375,True,False
TheViper,2022,"Feb 06, 2022",2374,True,False
TheViper,2022,"Feb 06, 2022",2376,True,False
TheViper,2022,"Feb 17, 2022",2374,True,False
TheViper,2022,"Feb 23, 2022",2372,True,False
TheViper,2022,"Mar 15, 2022",2373,True,False
TheViper,2022,"Mar 16, 2022",2373,True,False
TheViper,2022,"Mar 17, 2022",2375,True,False
TheViper,2022,"Mar 23, 2022",2363,False,True
TheViper,2022,"Mar 24, 2022",2348,False,True
TheViper,2022,"Mar 29, 2022",2352,True,False
TheViper,2022,"Mar 31, 2022",2342,False,True
TheViper,2022,"Jun 28, 2022",2348,True,False
TheViper,2022,"Jul 07, 2022",2357,True,False
TheViper,2022,"Jul 09, 2022",2360,True,False
TheViper,2022,"Jul 09, 2022",2363,True,False
TheViper,2022,"Jul 10, 2022",2357,True,False
TheViper,2022,"Jul 13, 2022",2355,True,False
TheViper,2022,"Jul 17, 2022",2364,True,False
TheViper,2022,"Jul 18, 2022",2365,True,False
TheViper,2022,"Jul 21, 2022",2355,False,True
TheViper,2022,"Jul 22, 2022",2354,True,False
TheViper,2022,"Jul 29, 2022",2346,False,True
TheViper,2022,"Aug 06, 2022",2358,True,False
TheViper,2022,"Aug 07, 2022",2346,False,True
TheViper,2022,"Sep 09, 2022",2340,True,False
TheViper,2022,"Sep 11, 2022",2336,False,True
TheViper,2022,"Sep 15, 2022",2328,False,True
TheViper,2022,"Oct 21, 2022",2332,True,False
TheViper,2022,"Oct 21, 2022",2338,True,False
TheViper,2022,"Oct 23, 2022",2330,False,True
TheViper,2022,"Nov 02, 2022",2319,True,False
TheViper,2022,"Nov 11, 2022",2325,True,False
TheViper,2022,"Nov 15, 2022",2321,False,True
TheViper,2022,"Nov 19, 2022",2325,True,False
TheViper,2022,"Nov 23, 2022",2334,True,False
TheViper,2022,"Nov 25, 2022",2338,True,False
TheViper,2022,"Nov 26, 2022",2346,True,False
TheViper,2022,"Nov 27, 2022",2358,True,False
TheViper,2022,"Nov 30, 2022",2352,True,False
TheViper,2022,"Dec 03, 2022",2354,True,False
TheViper,2022,"Dec 03, 2022",2356,True,False
TheViper,2022,"Dec 03, 2022",2362,True,False
TheViper,2022,"Dec 04, 2022",2366,True,False
TheViper,2022,"Dec 05, 2022",2372,True,False
TheViper,2022,"Dec 08, 2022",2360,False,True
TheViper,2022,"Dec 15, 2022",2368,True,False
TheViper,2022,"Dec 16, 2022",2364,False,True
TheViper,2022,"Dec 17, 2022",2368,True,False
TheViper,2023,"Jan 07, 2023",2371,True,False
TheViper,2023,"Jan 09, 2023",2372,True,False
TheViper,2023,"Jan 09, 2023",2372,True,False
TheViper,2023,"Jan 21, 2023",2370,True,False
TheViper,2023,"Jan 25, 2023",2368,True,False
TheViper,2023,"Jan 25, 2023",2366,True,False
TheViper,2023,"Jan 25, 2023",2367,False,True
TheViper,2023,"Jan 26, 2023",2379,True,False
TheViper,2023,"Jan 28, 2023",2382,True,False
TheViper,2023,"Jan 29, 2023",2394,True,False
TheViper,2023,"Jan 29, 2023",2390,False,True
TheViper,2023,"Jan 30, 2023",2383,False,True
TheViper,2023,"Feb 05, 2023",2378,True,False
TheViper,2023,"Feb 08, 2023",2382,True,False
TheViper,2023,"Feb 08, 2023",2372,False,True
TheViper,2023,"Feb 09, 2023",2371,True,False
TheViper,2023,"Feb 11, 2023",2383,True,False
TheViper,2023,"Feb 12, 2023",2395,True,False
TheViper,2023,"Feb 16, 2023",2385,False,True
TheViper,2023,"Feb 20, 2023",2384,True,False
TheViper,2023,"Feb 21, 2023",2376,False,True
TheViper,2023,"Mar 10, 2023",2371,True,False
TheViper,2023,"Mar 11, 2023",2356,False,True
TheViper,2023,"Mar 12, 2023",2365,True,False
TheViper,2023,"Mar 13, 2023",2369,True,False
TheViper,2023,"Mar 14, 2023",2360,False,True
TheViper,2023,"Mar 15, 2023",2348,False,True
TheViper,2023,"Mar 16, 2023",2360,True,False
TheViper,2023,"Mar 17, 2023",2364,True,False
TheViper,2023,"Mar 18, 2023",2356,False,True
TheViper,2023,"Mar 23, 2023",2359,True,False
TheViper,2023,"Apr 03, 2023",2367,True,False
TheViper,2023,"Apr 04, 2023",2358,False,True
TheViper,2023,"Apr 05, 2023",2354,False,True
TheViper,2023,"May 06, 2023",2356,True,False
TheViper,2023,"May 06, 2023",2359,True,False
TheViper,2023,"May 07, 2023",2362,True,False
TheViper,2023,"May 13, 2023",2362,True,False
TheViper,2023,"May 19, 2023",2371,True,False
TheViper,2023,"May 23, 2023",2370,True,False
TheViper,2023,"May 25, 2023",2382,True,False
TheViper,2023,"May 27, 2023",2389,True,False
TheViper,2023,"May 28, 2023",2374,False,True
TheViper,2023,"May 31, 2023",2376,True,False
TheViper,2023,"Jun 03, 2023",2380,True,False
TheViper,2023,"Jun 04, 2023",2383,True,False
TheViper,2023,"Jun 07, 2023",2372,True,False
TheViper,2023,"Jun 11, 2023",2366,True,False
TheViper,2023,"Jun 15, 2023",2354,False,True
TheViper,2023,"Jun 19, 2023",2366,True,False
TheViper,2023,"Jun 20, 2023",2380,True,False
TheViper,2023,"Jun 21, 2023",2396,True,False
TheViper,2023,"Jun 24, 2023",2395,True,False
TheViper,2023,"Jun 30, 2023",2383,False,True
TheViper,2023,"Aug 05, 2023",2385,False,True
TheViper,2023,"Aug 06, 2023",2400,True,False
TheViper,2023,"Aug 09, 2023",2406,True,False
TheViper,2023,"Aug 10, 2023",2418,True,False
TheViper,2023,"Aug 20, 2023",2409,False,True
TheViper,2023,"Aug 21, 2023",2401,False,True
TheViper,2023,"Aug 22, 2023",2405,True,False
TheViper,2023,"Aug 25, 2023",2413,True,False
TheViper,2023,"Aug 26, 2023",2417,True,False
TheViper,2023,"Aug 27, 2023",2423,True,False
TheViper,2023,"Sep 02, 2023",2423,True,False
TheViper,2023,"Sep 03, 2023",2431,True,False
TheViper,2023,"Sep 09, 2023",2423,False,True
TheViper,2023,"Sep 10, 2023",2411,False,True
TheViper,2023,"Sep 11, 2023",2407,False,True
TheViper,2023,"Sep 19, 2023",2413,True,False
TheViper,2023,"Sep 26, 2023",2416,True,False
TheViper,2023,"Oct 03, 2023",2422,True,False
TheViper,2023,"Oct 08, 2023",2426,True,False
TheViper,2023,"Oct 10, 2023",2430,True,False
TheViper,2023,"Oct 14, 2023",2440,True,False
TheViper,2023,"Oct 16, 2023",2446,True,False
TheViper,2023,"Oct 18, 2023",2453,True,False
TheViper,2023,"Oct 19, 2023",2445,False,True
TheViper,2023,"Oct 20, 2023",2450,True,False
TheViper,2023,"Oct 23, 2023",2459,True,False
TheViper,2023,"Oct 25, 2023",2462,True,False
TheViper,2023,"Oct 25, 2023",2462,True,False
TheViper,2023,"Oct 26, 2023",2471,True,False
TheViper,2023,"Oct 27, 2023",2480,True,False
TheViper,2023,"Oct 27, 2023",2466,False,True
TheViper,2023,"Nov 02, 2023",2466,True,False
TheViper,2023,"Nov 05, 2023",2466,True,False
TheViper,2023,"Nov 06, 2023",2457,False,True
TheViper,2023,"Nov 08, 2023",2469,True,False
TheViper,2023,"Nov 17, 2023",2471,True,False
TheViper,2023,"Nov 18, 2023",2463,False,True
TheViper,2023,"Nov 19, 2023",2472,True,False
TheViper,2023,"Nov 20, 2023",2455,False,True
TheViper,2023,"Dec 11, 2023",2450,True,False
TheViper,2023,"Dec 22, 2023",2450,True,False
TheViper,2023,"Dec 28, 2023",2454,True,False
TheViper,2023,"Dec 29, 2023",2458,True,False
TheViper,2023,"Dec 29, 2023",2462,True,False
TheViper,2024,"Jan 06, 2024",2456,True,False
TheViper,2024,"Jan 07, 2024",2452,False,True
TheViper,2024,"Jan 08, 2024",2461,True,False
TheViper,2024,"Jan 09, 2024",2465,True,False
TheViper,2024,"Jan 10, 2024",2473,True,False
TheViper,2024,"Jan 12, 2024",2470,True,False
TheViper,2024,"Jan 13, 2024",2450,False,True
TheViper,2024,"Feb 27, 2024",2462,True,False
TheViper,2024,"Mar 01, 2024",2464,True,False
TheViper,2024,"Mar 02, 2024",2447,False,True
TheViper,2024,"Mar 03, 2024",2451,True,False
TheViper,2024,"Apr 12, 2024",2451,True,False
TheViper,2024,"Apr 19, 2024",2438,False,True
TheViper,2024,"Jun 04, 2024",2450,True,False
TheViper,2024,"Jun 07, 2024",2462,True,False
TheViper,2024,"Jun 08, 2024",2464,True,False
TheViper,2024,"Jun 09, 2024",2464,False,True
TheViper,2024,"Jul 06, 2024",2461,True,False
TheViper,2024,"Jul 07, 2024",2443,False,True
TheViper,2024,"Aug 31, 2024",2443,True,False
TheViper,2024,"Sep 27, 2024",2438,False,True
TheViper,2024,"Sep 28, 2024",2440,True,False
TheViper,2024,"Sep 29, 2024",2442,True,False
TheViper,2024,"Oct 03, 2024",2448,True,False
TheViper,2024,"Oct 03, 2024",2452,True,False
TheViper,2024,"Oct 05, 2024",2449,True,False
TheViper,2024,"Oct 06, 2024",2439,False,True
TheViper,2024,"Nov 06, 2024",2439,True,False
TheViper,2024,"Nov 15, 2024",2439,True,False
TheViper,2024,"Nov 15, 2024",2441,True,False
TheViper,2024,"Nov 18, 2024",2437,True,False
TheViper,2024,"Nov 20, 2024",2439,True,False
TheViper,2024,"Nov 24, 2024",2442,True,False
TheViper,2024,"Dec 01, 2024",2441,True,False
TheViper,2024,"Dec 05, 2024",2430,False,True
TheViper,2024,"Dec 15, 2024",2434,True,False
TheViper,2024,"Dec 16, 2024",2430,False,True
TheViper,2024,"Dec 17, 2024",2438,True,False
TheViper,2024,"Dec 18, 2024",2437,True,False
TheViper,2024,"Dec 19, 2024",2438,False,True
TheViper,2024,"Dec 20, 2024",2445,True,False
TheViper,2024,"Dec 21, 2024",2441,False,True
TheViper,2025,"Jan 18, 2025",2431,False,True
TheViper,2025,"Jan 25, 2025",2427,False,True
TheViper,2025,"Jan 31, 2025",2430,True,False
TheViper,2025,"Feb 09, 2025",2433,True,False
TheViper,2025,"Feb 16, 2025",2439,True,False
TheViper,2025,"Feb 24, 2025",2432,False,True
TheViper,2025,"Feb 26, 2025",2424,False,True
TheViper,2025,"Mar 04, 2025",2420,True,False
TheViper,2025,"Mar 10, 2025",2416,True,False
TheViper,2025,"Mar 13, 2025",2424,True,False
TheViper,2025,"Mar 14, 2025",2420,False,True
TheViper,2025,"Mar 15, 2025",2428,True,False
TheViper,2025,"Mar 15, 2025",2420,False,True
TheViper,2025,"Mar 21, 2025",2426,True,False
TheViper,2025,"Mar 22, 2025",2434,True,False
TheViper,2025,"Mar 23, 2025",2442,True,False
TheViper,2025,"Apr 05, 2025",2425,False,True
TheViper,2025,"May 20, 2025",2424,True,False
TheViper,2025,"May 23, 2025",2428,True,False
TheViper,2025,"May 25, 2025",2432,True,False
TheViper,2025,"May 30, 2025",2428,False,True
TheViper,2025,"Aug 25, 2025",2430,True,False
TheViper,2025,"Aug 27, 2025",2431,True,False
TheViper,2025,"Aug 28, 2025",2435,True,False
TheViper,2025,"Aug 28, 2025",2434,True,False
TheViper,2025,"Sep 08, 2025",2436,True,False
TheViper,2025,"Sep 09, 2025",2438,True,False
TheViper,2025,"Sep 10, 2025",2428,False,True
TheViper,2025,"Sep 15, 2025",2431,True,False
TheViper,2025,"Sep 19, 2025",2439,True,False
TheViper,2025,"Sep 20, 2025",2443,True,False
TheViper,2025,"Sep 21, 2025",2451,True,False
TheViper,2025,"Sep 23, 2025",2446,True,False
TheViper,2025,"Sep 24, 2025",2448,True,False
TheViper,2025,"Sep 25, 2025",2438,False,True
TheViper,2025,"Sep 30, 2025",2438,True,False
TheViper,2025,"Oct 01, 2025",2424,False,True
TheViper,2025,"Oct 04, 2025",2430,True,False
TheViper,2025,"Oct 07, 2025",2434,True,False
TheViper,2025,"Oct 15, 2025",2430,False,True
TheViper,2025,"Oct 22, 2025",2439,True,False
TheViper,2025,"Oct 23, 2025",2435,False,True
TheViper,2025,"Oct 24, 2025",2427,False,True
TheViper,2025,"Oct 25, 2025",2439,True,False
TheViper,2025,"Oct 26, 2025",2427,False,True
TheViper,2025,"Nov 07, 2025",2427,False,False
TheViper,2025,"Nov 13, 2025",2427,False,False
TheViper,2025,"Nov 18, 2025",2431,True,False
TheViper,2025,"Nov 21, 2025",2435,True,False
TheViper,2025,"Nov 27, 2025",2439,True,False
TheViper,2025,"Nov 29, 2025",2443,False,True
TheViper,2025,"Dec 02, 2025",2443,True,False
TheViper,2025,"Dec 06, 2025",2449,True,False
TheViper,2025,"Dec 13, 2025",2456,True,False
TheViper,2025,"Dec 19, 2025",2460,True,False
TheViper,2025,"Dec 20, 2025",2472,True,False
TheViper,2025,"Dec 21, 2025",2477,False,True
TheViper,2026,"Jan 26, 2026",2473,False,True
TheViper,2026,"Feb 13, 2026",2463,False,True
TheViper,2026,"Feb 15, 2026",2469,True,False
TheViper,2026,"Feb 23, 2026",2456,False,True
TheViper,2026,"Mar 09, 2026",2449,False,True
TheViper,2026,"Mar 15, 2026",2455,True,False
TheViper,2026,"Mar 18, 2026",2459,True,False
TheViper,2026,"Mar 20, 2026",2455,False,True
TheViper,2026,"Mar 28, 2026",2454,True,False
TheViper,2026,"Mar 28, 2026",2453,True,False
TheViper,2026,"Apr 01, 2026",2457,True,False
TheViper,2026,"Apr 02, 2026",2465,True,False
TheViper,2026,"Apr 03, 2026",2456,False,True
TheViper,2026,"Apr 04, 2026",2464,True,False
TheViper,2026,"Apr 05, 2026",2456,False,True
TheViper,2026,"Apr 10, 2026",2456,True,False
TheViper,2026,"Apr 11, 2026",2452,True,False
TheViper,2026,"Apr 11, 2026",2455,True,False
TheViper,2026,"Apr 12, 2026",2457,True,False
TheViper,2026,"May 08, 2026",2457,True,False
TheViper,2026,"May 17, 2026",2469,True,False
TheViper,2026,"May 22, 2026",2465,False,True
TheViper,2026,"Jul 01, 2026",2466,True,False
TheViper,2026,"Jul 02, 2026",2481,True,False
TheViper,2026,"Jul 03, 2026",2477,False,True
TheViper,2026,"Jul 04, 2026",2465,False,True
TheViper,2026,"Aug 05, 2026",2450,False,True
TheViper,2026,"Aug 06, 2026",2441,False,True
TheViper,2026,"Sep 24, 2026",2441,True,False
TheViper,2026,"Sep 26, 2026",2444,True,False
TheViper,2026,"Sep 26, 2026",2444,True,False
TheViper,2026,"Sep 26, 2026",2448,True,False
TheViper,2026,"Sep 27, 2026",2440,False,True
TheViper,2026,"Oct 02, 2026",2443,True,False
DauT,2002,Aug 2002,2004,True,False
DauT,2002,Aug 2002,2000,False,True
DauT,2002,Dec 2002,1996,False,True
DauT,2003,"Apr 05, 2003",2000,True,False
DauT,2003,"Apr 05, 2003",2004,True,False
DauT,2003,"Apr 05, 2003",2007,True,False
DauT,2003,"Apr 05, 2003",2011,True,False
DauT,2003,"Apr 05, 2003",2016,True,False
DauT,2003,Apr 2003,2019,True,False
DauT,2003,Apr 2003,2023,True,False
DauT,2003,Apr 2003,2019,False,True
DauT,2003,Jul 2003,2027,True,False
DauT,2003,Jul 2003,2031,True,False
DauT,2003,Jul 2003,2037,True,False
DauT,2003,Jul 2003,2041,True,False
DauT,2003,Jul 2003,2049,True,False
DauT,2003,Jul 2003,2045,False,True
DauT,2003,Oct 2003,2049,True,False
DauT,2003,Oct 2003,2050,True,False
DauT,2003,Oct 2003,2056,True,False
DauT,2003,Oct 2003,2047,False,True
DauT,2003,Dec 2003,2053,True,False
DauT,2003,Dec 2003,2059,True,False
DauT,2003,"Dec 20, 2003",2061,True,False
DauT,2003,"Dec 21, 2003",2063,True,False
DauT,2003,"Dec 21, 2003",2066,True,False
DauT,2003,"Dec 21, 2003",2062,False,True
DauT,2004,"Jan 01, 2004",2066,True,False
DauT,2004,Feb 2004,2069,True,False
DauT,2004,Feb 2004,2070,True,False
DauT,2004,Feb 2004,2071,True,False
DauT,2004,Feb 2004,2075,True,False
DauT,2004,Feb 2004,2081,True,False
DauT,2004,Feb 2004,2071,False,True
DauT,2004,Feb 2004,2075,True,False
DauT,2004,Feb 2004,2087,True,False
DauT,2004,"Apr 25, 2004",2090,True,False
DauT,2004,"May 02, 2004",2094,True,False
DauT,2004,"May 09, 2004",2098,True,False
DauT,2004,"May 16, 2004",2100,True,False
DauT,2004,"May 23, 2004",2088,False,True
DauT,2004,Jul 2004,2092,True,False
DauT,2004,Jul 2004,2098,True,False
DauT,2004,Jul 2004,2091,False,True
DauT,2004,Nov 2004,2089,True,False
DauT,2004,Nov 2004,2090,True,False
DauT,2004,Nov 2004,2089,True,False
DauT,2004,Nov 2004,2101,True,False
DauT,2005,Feb 2005,2105,True,False
DauT,2005,Feb 2005,2109,True,False
DauT,2005,Feb 2005,2112,True,False
DauT,2005,Mar 2005,2115,True,False
DauT,2005,Mar 2005,2118,True,False
DauT,2005,Mar 2005,2114,False,True
DauT,2005,Mar 2005,2117,True,False
DauT,2005,Mar 2005,2113,False,True
DauT,2005,May 2005,2116,True,False
DauT,2005,May 2005,2119,True,False
DauT,2005,May 2005,2122,True,False
DauT,2005,May 2005,2125,True,False
DauT,2005,May 2005,2128,True,False
DauT,2005,"Jun 13, 2005",2134,True,False
DauT,2005,"Jun 20, 2005",2138,True,False
DauT,2005,"Jun 27, 2005",2142,True,False
DauT,2005,Jun 2005,2145,True,False
DauT,2005,Jun 2005,2147,True,False
DauT,2005,Jun 2005,2150,True,False
DauT,2005,"Jul 04, 2005",2150,True,False
DauT,2005,"Jul 18, 2005",2138,False,True
DauT,2005,"Jul 25, 2005",2142,True,False
DauT,2005,"Aug 01, 2005",2130,False,True
DauT,2005,Sep 2005,2134,True,False
DauT,2005,Sep 2005,2138,True,False
DauT,2005,Sep 2005,2142,True,False
DauT,2005,Sep 2005,2133,False,True
DauT,2006,"Jan 09, 2006",2127,True,False
DauT,2006,"Jan 16, 2006",2126,True,False
DauT,2006,"Jan 23, 2006",2130,True,False
DauT,2006,"Jan 30, 2006",2134,True,False
DauT,2006,"Jan 31, 2006",2142,True,False
DauT,2006,"Mar 18, 2006",2148,True,False
DauT,2006,"Mar 19, 2006",2140,False,True
DauT,2007,"Jan 01, 2007",2150,True,False
DauT,2007,"Jan 01, 2007",2160,True,False
DauT,2007,"Jan 01, 2007",2170,True,False
DauT,2007,"Jan 02, 2007",2170,False,False
DauT,2007,"Jan 06, 2007",2176,True,False
DauT,2007,"Jan 10, 2007",2172,False,True
DauT,2007,"Jan 15, 2007",2170,True,False
DauT,2007,"Jan 20, 2007",2159,False,True
DauT,2007,"Jan 21, 2007",2139,False,True
DauT,2008,Jan 2008,2145,True,False
DauT,2008,Jan 2008,2145,True,False
DauT,2008,Jan 2008,2151,True,False
DauT,2008,Jan 2008,2160,True,False
DauT,2008,Jan 2008,2160,True,False
DauT,2008,Jan 2008,2167,True,False
DauT,2008,Jan 2008,2163,True,False
DauT,2008,Jan 2008,2155,False,True
DauT,2008,"Feb 10, 2008",2157,True,False
DauT,2008,"Feb 17, 2008",2159,True,False
DauT,2008,"Feb 21, 2008",2165,True,False
DauT,2008,"Mar 07, 2008",2164,True,False
DauT,2008,"May 01, 2008",2153,False,True
DauT,2008,"May 01, 2008",2150,True,False
DauT,2008,"May 01, 2008",2155,True,False
DauT,2008,"May 01, 2008",2152,True,False
DauT,2008,"May 01, 2008",2147,False,True
DauT,2009,"Feb 08, 2009",2151,True,False
DauT,2009,"Feb 15, 2009",2155,True,False
DauT,2009,"Feb 27, 2009",2161,True,False
DauT,2009,"Mar 08, 2009",2165,True,False
DauT,2009,"Mar 28, 2009",2170,True,False
DauT,2009,"Apr 05, 2009",2160,True,False
DauT,2009,"Apr 09, 2009",2173,True,False
DauT,2009,"Apr 15, 2009",2186,True,False
DauT,2009,"Apr 25, 2009",2191,True,False
DauT,2009,"Nov 20, 2009",2187,True,False
DauT,2009,"Nov 27, 2009",2176,True,False
DauT,2009,"Dec 04, 2009",2182,True,False
DauT,2010,"Jan 03, 2010",2184,True,False
DauT,2010,"Jan 10, 2010",2170,False,True
DauT,2010,"Jan 17, 2010",2180,True,False
DauT,2010,"Jan 31, 2010",2166,False,True
DauT,2010,"Feb 07, 2010",2173,True,False
DauT,2010,"Feb 14, 2010",2175,True,False
DauT,2010,"Feb 21, 2010",2182,True,False
DauT,2010,"Feb 25, 2010",2185,True,False
DauT,2010,"Feb 27, 2010",2188,True,False
DauT,2010,"Feb 28, 2010",2187,True,False
DauT,2010,"Mar 06, 2010",2195,True,False
DauT,2010,"Mar 13, 2010",2203,True,False
DauT,2010,"Mar 14, 2010",2205,True,False
DauT,2010,"Mar 21, 2010",2217,True,False
DauT,2010,"Apr 11, 2010",2215,True,False
DauT,2010,"Apr 18, 2010",2215,False,False
DauT,2010,"Apr 29, 2010",2196,False,True
DauT,2010,"May 03, 2010",2200,True,False
DauT,2010,"May 08, 2010",2198,True,False
DauT,2011,"Oct 31, 2011",2201,True,False
DauT,2011,"Oct 31, 2011",2203,True,False
DauT,2011,"Oct 31, 2011",2205,True,False
DauT,2011,"Oct 31, 2011",2199,False,True
DauT,2011,"Oct 31, 2011",2194,False,True
DauT,2012,"Oct 11, 2012",2200,True,False
DauT,2012,"Oct 18, 2012",2196,False,False
DauT,2012,"Oct 26, 2012",2186,False,True
DauT,2012,"Nov 01, 2012",2174,False,True
DauT,2012,"Nov 08, 2012",2178,True,False
DauT,2012,"Nov 18, 2012",2168,False,True
DauT,2012,"Nov 27, 2012",2166,False,False
DauT,2012,"Dec 04, 2012",2157,False,True
DauT,2013,"Aug 11, 2013",2158,True,False
DauT,2013,"Aug 21, 2013",2160,True,False
DauT,2013,"Aug 31, 2013",2156,False,True
DauT,2013,"Sep 15, 2013",2152,False,True
DauT,2013,"Oct 20, 2013",2152,True,False
DauT,2013,"Oct 27, 2013",2158,True,False
DauT,2013,"Nov 03, 2013",2164,True,False
DauT,2013,"Nov 10, 2013",2152,False,True
DauT,2013,"Nov 17, 2013",2164,True,False
DauT,2013,"Dec 01, 2013",2144,False,True
DauT,2013,"Dec 03, 2013",2143,True,False
DauT,2013,"Dec 08, 2013",2153,True,False
DauT,2013,"Dec 10, 2013",2157,True,False
DauT,2013,"Dec 20, 2013",2142,False,True
DauT,2013,"Dec 21, 2013",2154,True,False
DauT,2013,"Dec 27, 2013",2138,False,True
DauT,2013,"Dec 27, 2013",2121,False,True
DauT,2014,"Aug 18, 2014",2124,True,False
DauT,2014,"Aug 18, 2014",2118,False,True
DauT,2015,"Feb 14, 2015",2121,True,False
DauT,2015,"Feb 16, 2015",2116,False,True
DauT,2015,"Feb 16, 2015",2111,False,True
DauT,2015,"Mar 23, 2015",2106,False,True
DauT,2015,"Mar 23, 2015",2109,True,False
DauT,2015,"May 17, 2015",2102,False,True
DauT,2015,"May 24, 2015",2102,True,False
DauT,2015,"May 31, 2015",2111,True,False
DauT,2015,"Jun 28, 2015",2118,True,False
DauT,2015,"Jun 30, 2015",2120,True,False
DauT,2015,"Jul 12, 2015",2106,False,True
DauT,2015,"Jul 19, 2015",2089,False,True
DauT,2016,"Feb 01, 2016",2081,False,True
DauT,2016,"Feb 08, 2016",2085,True,False
DauT,2016,"Feb 15, 2016",2093,True,False
DauT,2016,"Feb 22, 2016",2102,True,False
DauT,2016,"Feb 29, 2016",2090,False,True
DauT,2016,"Mar 07, 2016",2083,False,True
DauT,2016,"Apr 08, 2016",2087,True,False
DauT,2016,"Apr 16, 2016",2088,True,False
DauT,2016,"May 07, 2016",2080,False,True
DauT,2016,"Oct 14, 2016",2092,True,False
DauT,2016,"Oct 15, 2016",2096,True,False
DauT,2016,"Oct 16, 2016",2108,True,False
DauT,2016,"Oct 17, 2016",2130,True,False
DauT,2016,"Oct 28, 2016",2131,True,False
DauT,2016,"Oct 29, 2016",2135,True,False
DauT,2016,"Oct 30, 2016",2129,False,True
DauT,2016,"Dec 13, 2016",2134,True,False
DauT,2016,"Dec 14, 2016",2137,True,False
DauT,2016,"Dec 16, 2016",2138,True,False
DauT,2016,"Dec 18, 2016",2129,False,True
DauT,2017,"Jan 17, 2017",2132,True,False
DauT,2017,"Jan 18, 2017",2135,True,False
DauT,2017,"Jan 19, 2017",2141,True,False
DauT,2017,"Jan 22, 2017",2137,False,True
DauT,2017,"Feb 11, 2017",2132,False,True
DauT,2017,"Feb 12, 2017",2135,True,False
DauT,2017,"Feb 13, 2017",2138,True,False
DauT,2017,"Feb 14, 2017",2139,True,False
DauT,2017,"Feb 15, 2017",2140,True,False
DauT,2017,"Feb 16, 2017",2128,False,True
DauT,2017,"Feb 28, 2017",2137,True,False
DauT,2017,"Mar 10, 2017",2128,False,True
DauT,2017,"Mar 18, 2017",2118,False,True
DauT,2017,"Mar 19, 2017",2116,False,False
DauT,2017,"Mar 19, 2017",2120,True,False
DauT,2017,"Mar 20, 2017",2110,False,True
DauT,2017,"Mar 28, 2017",2122,True,False
DauT,2017,"Apr 08, 2017",2118,False,True
DauT,2017,"Apr 09, 2017",2116,False,True
DauT,2017,"Apr 10, 2017",2115,True,False
DauT,2017,"Apr 11, 2017",2122,True,False
DauT,2017,"Apr 12, 2017",2129,True,False
DauT,2017,"Apr 30, 2017",2135,True,False
DauT,2017,"May 15, 2017",2139,True,False
DauT,2017,"May 22, 2017",2141,False,True
DauT,2017,"Jun 04, 2017",2142,True,False
DauT,2017,"Jun 05, 2017",2146,True,False
DauT,2017,"Jun 12, 2017",2155,True,False
DauT,2017,"Jun 12, 2017",2164,True,False
DauT,2017,"Jun 19, 2017",2173,True,False
DauT,2017,"Jun 26, 2017",2166,False,True
DauT,2017,"Jul 07, 2017",2164,True,False
DauT,2017,"Jul 07, 2017",2168,True,False
DauT,2017,"Jul 08, 2017",2177,True,False
DauT,2017,"Jul 08, 2017",2178,False,True
DauT,2017,"Jul 15, 2017",2182,True,False
DauT,2017,"Jul 15, 2017",2186,True,False
DauT,2017,"Jul 16, 2017",2195,True,False
DauT,2017,"Jul 16, 2017",2180,False,True
DauT,2017,"Jul 22, 2017",2182,True,False
DauT,2017,"Jul 22, 2017",2182,False,False
DauT,2017,"Jul 23, 2017",2168,False,True
DauT,2017,"Jul 29, 2017",2170,True,False
DauT,2017,"Jul 29, 2017",2174,True,False
DauT,2017,"Jul 30, 2017",2158,False,True
DauT,2017,"Oct 20, 2017",2142,False,True
DauT,2017,"Nov 07, 2017",2145,True,False
DauT,2017,"Nov 08, 2017",2142,False,True
DauT,2017,"Nov 09, 2017",2145,True,False
DauT,2017,"Nov 10, 2017",2135,False,True
DauT,2017,Dec 2017,2135,True,False
DauT,2017,Dec 2017,2144,True,False
DauT,2017,Dec 2017,2135,False,True
DauT,2018,"Jan 04, 2018",2136,True,False
DauT,2018,"Jan 12, 2018",2136,True,False
DauT,2018,"Jan 20, 2018",2127,False,True
DauT,2018,"Jan 28, 2018",2118,False,True
DauT,2018,Jun 2018,2124,True,False
DauT,2018,Jun 2018,2123,True,False
DauT,2018,Jun 2018,2133,False,True
DauT,2018,Jul 2018,2121,False,True
DauT,2018,Jul 2018,2109,False,True
DauT,2018,Jul 2018,2093,False,True
DauT,2018,Jul 2018,2091,False,True
DauT,2018,Jul 2018,2079,False,True
DauT,2018,Jul 2018,2085,True,False
DauT,2018,Jul 2018,2079,False,True
DauT,2018,Aug 2018,2085,True,False
DauT,2018,Aug 2018,2079,False,True
DauT,2018,Oct 2018,2067,False,True
DauT,2018,"Oct 28, 2018",2066,True,False
DauT,2018,Nov 2018,2081,True,False
DauT,2018,Nov 2018,2090,True,False
DauT,2018,Nov 2018,2099,True,False
DauT,2018,Nov 2018,2107,True,False
DauT,2018,Nov 2018,2090,False,True
DauT,2018,Nov 2018,2102,True,False
DauT,2018,Dec 2018,2111,True,False
DauT,2018,Dec 2018,2119,True,False
DauT,2018,Dec 2018,2126,True,False
DauT,2018,Dec 2018,2130,True,False
DauT,2018,Dec 2018,2146,True,False
DauT,2019,"Jan 06, 2019",2134,False,True
DauT,2019,"Feb 09, 2019",2128,False,True
DauT,2019,"Feb 10, 2019",2132,True,False
DauT,2019,"Feb 11, 2019",2124,False,True
DauT,2019,"Feb 12, 2019",2136,True,False
DauT,2019,"Feb 13, 2019",2132,False,True
DauT,2019,"Feb 14, 2019",2122,False,True
DauT,2019,"Mar 29, 2019",2121,True,False
DauT,2019,"Mar 30, 2019",2109,False,True
DauT,2019,"Mar 31, 2019",2115,True,False
DauT,2019,"Apr 12, 2019",2111,False,True
DauT,2019,"May 26, 2019",2101,False,True
DauT,2019,"Jun 16, 2019",2113,True,False
DauT,2019,"Jun 23, 2019",2121,True,False
DauT,2019,"Jun 25, 2019",2115,False,True
DauT,2019,"Jun 30, 2019",2106,False,True
DauT,2019,"Jul 07, 2019",2100,False,True
DauT,2019,"Jul 13, 2019",2112,True,False
DauT,2019,"Jul 21, 2019",2130,True,False
DauT,2019,"Jul 28, 2019",2114,False,True
DauT,2019,"Aug 17, 2019",2120,True,False
DauT,2019,"Aug 17, 2019",2112,False,True
DauT,2019,"Nov 01, 2019",2113,True,False
DauT,2019,"Nov 02, 2019",2119,True,False
DauT,2019,"Nov 02, 2019",2123,True,False
DauT,2020,"Jan 04, 2020",2119,False,True
DauT,2020,"Jan 05, 2020",2110,False,True
DauT,2020,"Jan 07, 2020",2109,True,False
DauT,2020,"Jan 08, 2020",2105,False,True
DauT,2020,"Feb 02, 2020",2114,True,False
DauT,2020,"Feb 06, 2020",2118,True,False
DauT,2020,"Feb 08, 2020",2130,True,False
DauT,2020,"Feb 12, 2020",2140,False,True
DauT,2020,"Feb 20, 2020",2141,True,False
DauT,2020,"Feb 24, 2020",2145,True,False
DauT,2020,"Mar 02, 2020",2152,True,False
DauT,2020,"Mar 04, 2020",2143,False,True
DauT,2020,"Mar 07, 2020",2139,False,True
DauT,2020,"Mar 19, 2020",2143,True,False
DauT,2020,"Mar 21, 2020",2144,False,True
DauT,2020,"Mar 27, 2020",2148,True,False
DauT,2020,"Mar 29, 2020",2157,True,False
DauT,2020,"Apr 30, 2020",2156,True,False
DauT,2020,"May 02, 2020",2152,False,True
DauT,2020,"Jul 01, 2020",2156,True,False
DauT,2020,"Jul 06, 2020",2150,True,False
DauT,2020,"Jul 17, 2020",2145,False,True
DauT,2020,"Aug 08, 2020",2141,False,True
DauT,2020,"Aug 21, 2020",2137,False,True
DauT,2020,"Sep 18, 2020",2143,True,False
DauT,2020,"Sep 25, 2020",2147,True,False
DauT,2020,"Oct 03, 2020",2159,True,False
DauT,2020,"Oct 10, 2020",2168,True,False
DauT,2020,"Oct 18, 2020",2164,False,True
DauT,2020,"Nov 28, 2020",2168,True,False
DauT,2020,"Nov 30, 2020",2174,True,False
DauT,2020,"Dec 03, 2020",2172,True,False
DauT,2020,"Dec 04, 2020",2178,True,False
DauT,2020,"Dec 08, 2020",2179,True,False
DauT,2020,"Dec 10, 2020",2183,True,False
DauT,2020,"Dec 15, 2020",2189,True,False
DauT,2020,"Dec 18, 2020",2187,True,False
DauT,2020,"Dec 29, 2020",2181,True,False
DauT,2021,"Jan 02, 2021",2185,True,False
DauT,2021,"Jan 02, 2021",2191,True,False
DauT,2021,"Jan 02, 2021",2195,True,False
DauT,2021,"Jan 03, 2021",2207,True,False
DauT,2021,"Jan 06, 2021",2203,False,True
DauT,2021,"Jan 16, 2021",2193,False,True
DauT,2021,"Jan 17, 2021",2201,True,False
DauT,2021,"Jan 22, 2021",2201,True,False
DauT,2021,"Jan 23, 2021",2213,True,False
DauT,2021,"Jan 24, 2021",2221,True,False
DauT,2021,"Jan 24, 2021",2232,True,False
DauT,2021,"Feb 10, 2021",2228,True,False
DauT,2021,"Feb 13, 2021",2230,True,False
DauT,2021,"Feb 14, 2021",2222,False,True
DauT,2021,"Feb 17, 2021",2210,False,True
DauT,2021,"Mar 18, 2021",2214,True,False
DauT,2021,"Mar 20, 2021",2206,False,True
DauT,2021,"Mar 30, 2021",2194,False,True
DauT,2021,"Apr 01, 2021",2203,True,False
DauT,2021,"Apr 14, 2021",2191,False,True
DauT,2021,"Apr 20, 2021",2200,True,False
DauT,2021,"Apr 22, 2021",2198,True,False
DauT,2021,"Apr 25, 2021",2204,True,False
DauT,2021,"Apr 26, 2021",2205,True,False
DauT,2021,"May 02, 2021",2211,True,False
DauT,2021,"May 03, 2021",2217,True,False
DauT,2021,"May 04, 2021",2221,True,False
DauT,2021,"May 04, 2021",2230,True,False
DauT,2021,"May 07, 2021",2222,False,True
DauT,2021,"May 11, 2021",2215,False,True
DauT,2021,"May 14, 2021",2227,True,False
DauT,2021,"May 15, 2021",2231,True,False
DauT,2021,"May 16, 2021",2228,False,True
DauT,2021,"May 16, 2021",2219,False,True
DauT,2021,"May 19, 2021",2217,True,False
DauT,2021,"May 19, 2021",2225,True,False
DauT,2021,"May 20, 2021",2218,False,True
DauT,2021,"May 21, 2021",2214,False,True
DauT,2021,"May 28, 2021",2214,True,False
DauT,2021,"Jun 01, 2021",2207,False,True
DauT,2021,"Jun 08, 2021",2208,True,False
DauT,2021,"Jun 15, 2021",2204,False,True
DauT,2021,"Jun 19, 2021",2212,True,False
DauT,2021,"Jun 20, 2021",2211,False,True
DauT,2021,"Jun 25, 2021",2215,True,False
DauT,2021,"Jun 26, 2021",2206,False,True
DauT,2021,"Jun 30, 2021",2215,True,False
DauT,2021,"Jun 30, 2021",2218,True,False
DauT,2021,"Jul 03, 2021",2224,True,False
DauT,2021,"Jul 04, 2021",2228,True,False
DauT,2021,"Jul 04, 2021",2236,True,False
DauT,2021,"Jul 06, 2021",2237,False,True
DauT,2021,"Jul 07, 2021",2243,True,False
DauT,2021,"Jul 11, 2021",2252,True,False
DauT,2021,"Jul 19, 2021",2261,True,False
DauT,2021,"Jul 22, 2021",2273,True,False
DauT,2021,"Jul 23, 2021",2275,True,False
DauT,2021,"Jul 23, 2021",2281,True,False
DauT,2021,"Jul 24, 2021",2277,False,False
DauT,2021,"Jul 24, 2021",2273,False,True
DauT,2021,"Jul 30, 2021",2285,True,False
DauT,2021,"Jul 30, 2021",2292,True,False
DauT,2021,"Sep 13, 2021",2282,False,True
DauT,2021,"Sep 14, 2021",2275,False,True
DauT,2021,"Sep 15, 2021",2281,True,False
DauT,2021,"Sep 16, 2021",2285,True,False
DauT,2021,"Sep 18, 2021",2277,False,True
DauT,2021,"Oct 01, 2021",2279,True,False
DauT,2021,"Oct 08, 2021",2281,True,False
DauT,2021,"Oct 08, 2021",2285,True,False
DauT,2021,"Oct 09, 2021",2289,True,False
DauT,2021,"Oct 10, 2021",2285,False,True
DauT,2021,"Oct 13, 2021",2286,True,False
DauT,2021,"Oct 15, 2021",2279,False,True
DauT,2021,"Nov 20, 2021",2279,True,False
DauT,2021,"Nov 25, 2021",2283,True,False
DauT,2021,"Nov 27, 2021",2271,False,True
DauT,2021,"Dec 03, 2021",2267,False,True
DauT,2021,"Dec 30, 2021",2270,True,False
DauT,2022,"Jan 14, 2022",2276,True,False
DauT,2022,"Jan 15, 2022",2279,True,False
DauT,2022,"Jan 23, 2022",2283,True,False
DauT,2022,"Jan 25, 2022",2279,False,True
DauT,2022,"Jan 26, 2022",2263,False,True
DauT,2022,"Jan 29, 2022",2271,True,False
DauT,2022,"Feb 05, 2022",2280,True,False
DauT,2022,"Feb 06, 2022",2292,True,False
DauT,2022,"Feb 06, 2022",2290,False,True
DauT,2022,"Feb 08, 2022",2275,False,True
DauT,2022,"Feb 09, 2022",2273,True,False
DauT,2022,"Feb 21, 2022",2271,True,False
DauT,2022,"Feb 23, 2022",2273,True,False
DauT,2022,"Mar 05, 2022",2258,False,True
DauT,2022,"Mar 11, 2022",2254,False,True
DauT,2022,"Mar 13, 2022",2253,False,True
DauT,2022,"Mar 17, 2022",2256,True,False
DauT,2022,"Mar 17, 2022",2249,False,True
DauT,2022,"Apr 15, 2022",2249,False,False
DauT,2022,"Apr 17, 2022",2252,True,False
DauT,2022,"Apr 23, 2022",2258,True,False
DauT,2022,"Apr 25, 2022",2264,True,False
DauT,2022,"Apr 26, 2022",2266,True,False
DauT,2022,"Apr 27, 2022",2269,True,False
DauT,2022,"Apr 30, 2022",2271,True,False
DauT,2022,"Apr 30, 2022",2275,True,False
DauT,2022,"May 02, 2022",2277,True,False
DauT,2022,"May 04, 2022",2278,True,False
DauT,2022,"May 05, 2022",2280,True,False
DauT,2022,"May 06, 2022",2284,True,False
DauT,2022,"May 06, 2022",2273,True,False
DauT,2022,"May 07, 2022",2272,True,False
DauT,2022,"May 07, 2022",2270,False,True
DauT,2022,"May 10, 2022",2276,True,False
DauT,2022,"May 12, 2022",2284,True,False
DauT,2022,"May 12, 2022",2284,False,False
DauT,2022,"May 13, 2022",2292,True,False
DauT,2022,"May 13, 2022",2292,True,False
DauT,2022,"May 14, 2022",2284,False,True
DauT,2022,"May 17, 2022",2287,True,False
DauT,2022,"May 18, 2022",2279,False,True
DauT,2022,"May 20, 2022",2275,False,True
DauT,2022,"May 21, 2022",2271,False,True
DauT,2022,"Jun 01, 2022",2275,True,False
DauT,2022,"Jun 09, 2022",2276,True,False
DauT,2022,"Jun 20, 2022",2267,False,True
DauT,2022,"Jul 09, 2022",2270,True,False
DauT,2022,"Jul 09, 2022",2264,True,False
DauT,2022,"Jul 10, 2022",2273,True,False
DauT,2022,"Jul 11, 2022",2274,True,False
DauT,2022,"Jul 12, 2022",2283,True,False
DauT,2022,"Jul 13, 2022",2271,False,True
DauT,2022,"Jul 17, 2022",2262,False,True
DauT,2022,"Jul 18, 2022",2261,False,True
DauT,2022,"Jul 19, 2022",2262,True,False
DauT,2022,"Jul 19, 2022",2264,True,False
DauT,2022,"Jul 23, 2022",2276,True,False
DauT,2022,"Jul 25, 2022",2280,True,False
DauT,2022,"Jul 26, 2022",2268,False,True
DauT,2022,"Jul 29, 2022",2269,False,True
DauT,2022,"Aug 05, 2022",2261,False,True
DauT,2022,"Sep 09, 2022",2249,False,True
DauT,2022,"Sep 21, 2022",2252,True,False
DauT,2022,"Sep 26, 2022",2255,True,False
DauT,2022,"Oct 03, 2022",2259,True,False
DauT,2022,"Oct 09, 2022",2250,False,True
DauT,2022,"Oct 21, 2022",2240,False,True
DauT,2022,"Oct 22, 2022",2233,False,True
DauT,2022,"Nov 05, 2022",2235,True,False
DauT,2022,"Nov 05, 2022",2241,True,False
DauT,2022,"Nov 06, 2022",2245,True,False
DauT,2022,"Nov 12, 2022",2253,True,False
DauT,2022,"Nov 19, 2022",2249,False,True
DauT,2022,"Nov 20, 2022",2245,False,True
DauT,2022,"Dec 03, 2022",2247,True,False
DauT,2022,"Dec 03, 2022",2245,True,False
DauT,2022,"Dec 03, 2022",2253,True,False
DauT,2022,"Dec 04, 2022",2244,False,True
DauT,2022,"Dec 06, 2022",2253,True,False
DauT,2022,"Dec 09, 2022",2265,True,False
DauT,2022,"Dec 09, 2022",2277,True,False
DauT,2022,"Dec 15, 2022",2278,False,True
DauT,2023,"Jan 05, 2023",2277,False,True
DauT,2023,"Jan 12, 2023",2286,True,False
DauT,2023,"Jan 27, 2023",2288,True,False
DauT,2023,"Jan 28, 2023",2289,False,True
DauT,2023,"Jan 31, 2023",2293,True,False
DauT,2023,"Feb 01, 2023",2286,False,True
DauT,2023,"Feb 03, 2023",2282,False,True
DauT,2023,"Feb 07, 2023",2284,True,False
DauT,2023,"Feb 08, 2023",2280,False,True
DauT,2023,"Feb 17, 2023",2283,True,False
DauT,2023,"Feb 18, 2023",2283,False,False
DauT,2023,"Feb 18, 2023",2291,True,False
DauT,2023,"Feb 19, 2023",2287,False,True
DauT,2023,"Feb 20, 2023",2283,False,True
DauT,2023,"Feb 23, 2023",2286,True,False
DauT,2023,"Feb 25, 2023",2292,True,False
DauT,2023,"Feb 25, 2023",2301,True,False
DauT,2023,"Feb 26, 2023",2297,False,True
DauT,2023,"Feb 28, 2023",2299,True,False
DauT,2023,"Mar 02, 2023",2303,True,False
DauT,2023,"Mar 02, 2023",2307,True,False
DauT,2023,"Mar 09, 2023",2299,False,True
DauT,2023,"Apr 29, 2023",2301,True,False
DauT,2023,"Apr 29, 2023",2304,True,False
DauT,2023,"Apr 30, 2023",2304,True,False
DauT,2023,"May 09, 2023",2310,True,False
DauT,2023,"May 16, 2023",2302,False,True
DauT,2023,"May 20, 2023",2306,True,False
DauT,2023,"May 22, 2023",2307,False,True
DauT,2023,"May 30, 2023",2309,True,False
DauT,2023,"Jun 03, 2023",2305,True,False
DauT,2023,"Jun 08, 2023",2299,True,False
DauT,2023,"Jun 08, 2023",2301,True,False
DauT,2023,"Jun 13, 2023",2293,False,True
DauT,2023,"Jun 15, 2023",2305,True,False
DauT,2023,"Jun 17, 2023",2308,True,False
DauT,2023,"Jun 19, 2023",2308,False,True
DauT,2023,"Jun 20, 2023",2311,True,False
DauT,2023,"Jun 21, 2023",2310,True,False
DauT,2023,"Jun 27, 2023",2298,False,True
DauT,2023,"Jun 30, 2023",2290,False,True
DauT,2023,"Jul 25, 2023",2292,True,False
DauT,2023,"Aug 01, 2023",2295,True,False
DauT,2023,"Aug 11, 2023",2297,True,False
DauT,2023,"Aug 13, 2023",2306,True,False
DauT,2023,"Aug 19, 2023",2308,True,False
DauT,2023,"Aug 20, 2023",2317,True,False
DauT,2023,"Aug 22, 2023",2323,True,False
DauT,2023,"Aug 24, 2023",2327,True,False
DauT,2023,"Aug 27, 2023",2336,True,False
DauT,2023,"Sep 01, 2023",2338,True,False
DauT,2023,"Sep 03, 2023",2350,True,False
DauT,2023,"Sep 06, 2023",2351,True,False
DauT,2023,"Sep 09, 2023",2363,True,False
DauT,2023,"Sep 10, 2023",2363,False,True
DauT,2023,"Sep 11, 2023",2369,True,False
DauT,2023,"Sep 19, 2023",2367,True,False
DauT,2023,"Sep 20, 2023",2379,True,False
DauT,2023,"Sep 26, 2023",2385,True,False
DauT,2023,"Oct 01, 2023",2388,True,False
DauT,2023,"Oct 05, 2023",2391,True,False
DauT,2023,"Oct 08, 2023",2379,False,True
DauT,2023,"Oct 09, 2023",2381,True,False
DauT,2023,"Oct 11, 2023",2388,True,False
DauT,2023,"Oct 11, 2023",2376,False,True
DauT,2023,"Oct 14, 2023",2372,False,True
DauT,2023,"Oct 17, 2023",2374,True,False
DauT,2023,"Oct 21, 2023",2374,True,False
DauT,2023,"Oct 21, 2023",2377,True,False
DauT,2023,"Oct 21, 2023",2377,True,False
DauT,2023,"Oct 22, 2023",2381,True,False
DauT,2023,"Oct 23, 2023",2393,True,False
DauT,2023,"Oct 23, 2023",2390,True,False
DauT,2023,"Oct 24, 2023",2393,True,False
DauT,2023,"Oct 25, 2023",2396,True,False
DauT,2023,"Oct 26, 2023",2392,False,True
DauT,2023,"Oct 26, 2023",2390,True,False
DauT,2023,"Oct 31, 2023",2383,False,True
DauT,2023,"Nov 01, 2023",2387,True,False
DauT,2023,"Nov 03, 2023",2375,False,True
DauT,2023,"Nov 04, 2023",2376,False,True
DauT,2023,"Nov 06, 2023",2385,True,False
DauT,2023,"Nov 06, 2023",2387,True,False
DauT,2023,"Nov 09, 2023",2391,True,False
DauT,2023,"Nov 10, 2023",2387,False,True
DauT,2023,"Nov 12, 2023",2378,False,True
DauT,2023,"Nov 26, 2023",2380,True,False
DauT,2023,"Dec 04, 2023",2384,True,False
DauT,2023,"Dec 05, 2023",2378,True,False
DauT,2023,"Dec 06, 2023",2382,True,False
DauT,2023,"Dec 08, 2023",2385,True,False
DauT,2023,"Dec 08, 2023",2380,True,False
DauT,2023,"Dec 09, 2023",2380,True,False
DauT,2023,"Dec 09, 2023",2371,False,True
DauT,2023,"Dec 13, 2023",2374,True,False
DauT,2023,"Dec 16, 2023",2380,True,False
DauT,2023,"Dec 16, 2023",2389,True,False
DauT,2023,"Dec 17, 2023",2396,True,False
DauT,2023,"Dec 18, 2023",2399,True,False
DauT,2023,"Dec 27, 2023",2387,False,True
DauT,2024,"Jan 06, 2024",2379,False,True
DauT,2024,"Jan 07, 2024",2375,False,True
DauT,2024,"Jan 08, 2024",2366,False,True
DauT,2024,"Jan 09, 2024",2370,True,False
DauT,2024,"Jan 10, 2024",2382,True,False
DauT,2024,"Jan 11, 2024",2384,True,False
DauT,2024,"Jan 12, 2024",2387,False,True
DauT,2024,"Feb 27, 2024",2389,True,False
DauT,2024,"Mar 01, 2024",2387,False,True
DauT,2024,"Mar 13, 2024",2389,True,False
DauT,2024,"Mar 16, 2024",2384,True,False
DauT,2024,"Mar 17, 2024",2390,True,False
DauT,2024,"Apr 05, 2024",2386,False,True
DauT,2024,"Apr 13, 2024",2386,True,False
DauT,2024,"Apr 13, 2024",2380,True,False
DauT,2024,"Apr 19, 2024",2368,False,True
DauT,2024,"Apr 21, 2024",2370,True,False
DauT,2024,"Apr 27, 2024",2376,True,False
DauT,2024,"Apr 30, 2024",2382,True,False
DauT,2024,"May 01, 2024",2382,True,False
DauT,2024,"May 05, 2024",2371,True,False
DauT,2024,"May 08, 2024",2377,True,False
DauT,2024,"May 09, 2024",2381,True,False
DauT,2024,"May 12, 2024",2393,True,False
DauT,2024,"May 13, 2024",2397,True,False
DauT,2024,"May 18, 2024",2389,False,True
DauT,2024,"Jun 05, 2024",2391,True,False
DauT,2024,"Jun 07, 2024",2379,False,True
DauT,2024,"Jun 19, 2024",2379,True,False
DauT,2024,"Jun 23, 2024",2369,True,False
DauT,2024,"Jun 29, 2024",2371,True,False
DauT,2024,"Jul 07, 2024",2357,False,True
DauT,2024,"Aug 10, 2024",2359,True,False
DauT,2024,"Aug 11, 2024",2359,True,False
DauT,2024,"Aug 11, 2024",2371,True,False
DauT,2024,"Aug 17, 2024",2367,False,True
DauT,2024,"Aug 31, 2024",2368,True,False
DauT,2024,"Sep 08, 2024",2369,True,False
DauT,2024,"Sep 15, 2024",2371,True,False
DauT,2024,"Sep 27, 2024",2367,False,True
DauT,2024,"Sep 28, 2024",2363,False,True
DauT,2024,"Sep 29, 2024",2357,False,True
DauT,2024,"Nov 08, 2024",2360,True,False
DauT,2024,"Nov 09, 2024",2356,True,False
DauT,2024,"Nov 09, 2024",2362,True,False
DauT,2024,"Nov 10, 2024",2359,True,False
DauT,2024,"Nov 14, 2024",2362,True,False
DauT,2024,"Nov 21, 2024",2368,True,False
DauT,2024,"Nov 26, 2024",2374,True,False
DauT,2024,"Nov 30, 2024",2370,False,True
DauT,2024,"Dec 15, 2024",2366,False,True
DauT,2024,"Dec 16, 2024",2354,False,True
DauT,2024,"Dec 17, 2024",2353,True,False
DauT,2024,"Dec 18, 2024",2344,False,True
DauT,2024,"Dec 19, 2024",2340,False,True
DauT,2025,"Jan 04, 2025",2342,True,False
DauT,2025,"Jan 04, 2025",2348,True,False
DauT,2025,"Jan 04, 2025",2339,False,True
DauT,2025,"Jan 18, 2025",2327,False,True
DauT,2025,"Jan 31, 2025",2330,True,False
DauT,2025,"Feb 02, 2025",2321,False,True
DauT,2025,"Feb 03, 2025",2311,False,True
DauT,2025,"Feb 07, 2025",2314,True,False
DauT,2025,"Feb 10, 2025",2323,True,False
DauT,2025,"Feb 12, 2025",2332,True,False
DauT,2025,"Feb 16, 2025",2323,False,True
DauT,2025,"Feb 20, 2025",2324,False,True
DauT,2025,"Feb 23, 2025",2333,True,False
DauT,2025,"Feb 27, 2025",2342,True,False
DauT,2025,"Mar 08, 2025",2346,True,False
DauT,2025,"Mar 18, 2025",2334,False,True
DauT,2025,"Mar 25, 2025",2342,True,False
DauT,2025,"Mar 28, 2025",2334,False,True
DauT,2025,"Apr 18, 2025",2329,True,False
DauT,2025,"Apr 24, 2025",2332,True,False
DauT,2025,"Apr 25, 2025",2335,True,False
DauT,2025,"Apr 26, 2025",2341,True,False
DauT,2025,"Apr 26, 2025",2345,True,False
DauT,2025,"Apr 27, 2025",2341,False,True
DauT,2025,"May 02, 2025",2337,True,False
DauT,2025,"May 03, 2025",2328,False,True
DauT,2025,"May 07, 2025",2319,False,True
DauT,2025,"May 08, 2025",2322,True,False
DauT,2025,"May 10, 2025",2322,True,False
DauT,2025,"May 10, 2025",2331,True,False
DauT,2025,"May 11, 2025",2340,True,False
DauT,2025,"May 12, 2025",2336,False,True
DauT,2025,"May 20, 2025",2337,False,True
DauT,2025,"May 22, 2025",2328,False,True
DauT,2025,"May 26, 2025",2332,True,False
DauT,2025,"Jul 30, 2025",2335,True,False
DauT,2025,"Aug 02, 2025",2320,False,True
DauT,2025,"Aug 08, 2025",2320,True,False
DauT,2025,"Aug 09, 2025",2326,True,False
DauT,2025,"Aug 09, 2025",2322,False,True
DauT,2025,"Sep 15, 2025",2313,False,True
DauT,2025,"Sep 24, 2025",2315,True,False
DauT,2025,"Sep 26, 2025",2321,True,False
DauT,2025,"Sep 28, 2025",2324,True,False
DauT,2025,"Oct 04, 2025",2328,True,False
DauT,2025,"Oct 07, 2025",2324,False,True
DauT,2025,"Oct 09, 2025",2320,True,False
DauT,2025,"Oct 14, 2025",2328,True,False
DauT,2025,"Oct 15, 2025",2324,True,False
DauT,2025,"Oct 17, 2025",2333,True,False
DauT,2025,"Oct 18, 2025",2333,False,False
DauT,2025,"Oct 19, 2025",2338,False,True
DauT,2025,"Oct 30, 2025",2327,True,False
DauT,2025,"Nov 06, 2025",2329,True,False
DauT,2025,"Nov 06, 2025",2333,True,False
DauT,2025,"Nov 10, 2025",2329,True,False
DauT,2025,"Nov 11, 2025",2331,True,False
DauT,2025,"Nov 18, 2025",2327,True,False
DauT,2025,"Nov 20, 2025",2321,False,True
DauT,2025,"Nov 22, 2025",2309,False,True
DauT,2025,"Dec 05, 2025",2305,True,False
DauT,2025,"Dec 12, 2025",2304,True,False
DauT,2025,"Dec 17, 2025",2292,False,True
DauT,2026,"Jan 24, 2026",2296,True,False
DauT,2026,"Jan 24, 2026",2299,True,False
DauT,2026,"Jan 24, 2026",2298,True,False
DauT,2026,"Jan 25, 2026",2290,False,True
DauT,2026,"Jan 29, 2026",2296,True,False
DauT,2026,"Feb 05, 2026",2302,True,False
DauT,2026,"Feb 14, 2026",2295,False,True
DauT,2026,"Feb 15, 2026",2301,True,False
DauT,2026,"Feb 24, 2026",2305,True,False
DauT,2026,"Mar 02, 2026",2302,True,False
DauT,2026,"Apr 10, 2026",2305,True,False
DauT,2026,"Apr 11, 2026",2309,True,False
DauT,2026,"Apr 11, 2026",2303,True,False
DauT,2026,"Apr 12, 2026",2301,False,True
DauT,2026,"Apr 16, 2026",2304,True,False
DauT,2026,"Apr 17, 2026",2300,True,False
DauT,2026,"Apr 18, 2026",2292,False,True
DauT,2026,"Apr 25, 2026",2294,True,False
DauT,2026,"Apr 25, 2026",2297,True,False
DauT,2026,"Apr 25, 2026",2296,True,False
DauT,2026,"Apr 26, 2026",2297,False,True
DauT,2026,"May 02, 2026",2297,True,False
DauT,2026,"May 02, 2026",2300,True,False
DauT,2026,"May 03, 2026",2291,False,True
DauT,2026,"May 23, 2026",2294,True,False
DauT,2026,"May 23, 2026",2289,True,False
DauT,2026,"May 23, 2026",2292,True,False
DauT,2026,"May 25, 2026",2282,False,True
DauT,2026,"May 25, 2026",2280,True,False
DauT,2026,"May 25, 2026",2286,True,False
DauT,2026,"May 25, 2026",2284,True,False
DauT,2026,"May 25, 2026",2287,True,False
DauT,2026,"May 25, 2026",2290,True,False
DauT,2026,"May 25, 2026",2293,True,False
DauT,2026,"May 28, 2026",2288,True,False
DauT,2026,"May 29, 2026",2291,True,False
DauT,2026,"Jun 04, 2026",2294,True,False
DauT,2026,"Jun 04, 2026",2285,False,True
DauT,2026,"Jun 06, 2026",2288,True,False
DauT,2026,"Jun 14, 2026",2288,True,False
DauT,2026,"Jun 15, 2026",2288,False,False
DauT,2026,"Jun 18, 2026",2288,True,False
DauT,2026,"Jun 26, 2026",2288,True,False
DauT,2026,"Jun 27, 2026",2288,True,False
DauT,2026,"Jun 28, 2026",2300,True,False
DauT,2026,"Jun 28, 2026",2306,True,False
DauT,2026,"Jun 30, 2026",2306,True,False
DauT,2026,"Jun 30, 2026",2315,True,False
DauT,2026,"Jul 02, 2026",2306,False,True
DauT,2026,"Jul 03, 2026",2310,True,False
DauT,2026,"Jul 07, 2026",2314,True,False
DauT,2026,"Jul 21, 2026",2314,True,False
DauT,2026,"Jul 22, 2026",2317,True,False
DauT,2026,"Jul 23, 2026",2317,True,False
DauT,2026,"Jul 24, 2026",2319,True,False
DauT,2026,"Jul 24, 2026",2321,True,False
DauT,2026,"Jul 27, 2026",2317,False,True
DauT,2026,"Jul 27, 2026",2320,False,True
DauT,2026,"Jul 29, 2026",2306,False,True
DauT,2026,"Jul 29, 2026",2306,True,False
DauT,2026,"Aug 04, 2026",2292,False,True
DauT,2026,"Sep 16, 2026",2287,True,False
DauT,2026,"Sep 23, 2026",2293,True,False
DauT,2026,"Sep 25, 2026",2288,True,False
DauT,2026,"Sep 26, 2026",2273,False,True
DauT,2026,"Sep 30, 2026",2276,True,False
Hera,2015,Mar 2015,1992,False,True
Hera,2015,"May 17, 2015",1990,False,True
Hera,2015,"May 25, 2015",1994,True,False
Hera,2015,"Jun 01, 2015",1988,False,True
Hera,2015,"Dec 15, 2015",1994,True,False
Hera,2015,"Dec 22, 2015",2003,True,False
Hera,2015,"Dec 28, 2015",1991,False,True
Hera,2016,"Jan 16, 2016",1999,True,False
Hera,2016,"Feb 01, 2016",1995,False,True
Hera,2018,"Jan 04, 2018",2003,True,False
Hera,2018,"Jan 18, 2018",1997,False,True
Hera,2018,"Jan 28, 2018",2006,True,False
Hera,2018,"Feb 03, 2018",1994,False,True
Hera,2018,Mar 2018,1994,False,False
Hera,2018,Jun 2018,2006,True,False
Hera,2018,Jun 2018,2003,False,True
Hera,2018,Jun 2018,2002,False,True
Hera,2018,Jul 2018,1998,False,True
Hera,2018,Aug 2018,1994,False,True
Hera,2019,"Jan 06, 2019",2006,True,False
Hera,2019,"Jan 13, 2019",2002,False,True
Hera,2019,"Feb 24, 2019",1998,False,True
Hera,2019,"Apr 12, 2019",1994,False,True
Hera,2019,"Jun 16, 2019",1994,False,True
Hera,2019,"Jun 23, 2019",2006,True,False
Hera,2019,"Jun 26, 2019",2026,True,False
Hera,2019,"Jun 29, 2019",2029,False,True
Hera,2019,"Jun 30, 2019",2037,True,False
Hera,2019,"Jul 07, 2019",2052,True,False
Hera,2019,"Jul 21, 2019",2056,True,False
Hera,2019,"Jul 28, 2019",2054,False,True
Hera,2019,"Aug 17, 2019",2046,False,True
Hera,2019,"Aug 30, 2019",2050,True,False
Hera,2019,"Nov 01, 2019",2058,True,False
Hera,2019,"Nov 02, 2019",2062,True,False
Hera,2019,"Nov 02, 2019",2058,False,True
Hera,2020,"Jan 04, 2020",2058,False,True
Hera,2020,"Jan 05, 2020",2066,True,False
Hera,2020,"Jan 06, 2020",2075,True,False
Hera,2020,"Jan 07, 2020",2091,True,False
Hera,2020,"Jan 08, 2020",2103,True,False
Hera,2020,"Jan 11, 2020",2120,True,False
Hera,2020,"Jan 12, 2020",2132,False,True
Hera,2020,"Feb 04, 2020",2138,True,False
Hera,2020,"Feb 05, 2020",2146,True,False
Hera,2020,"Feb 06, 2020",2162,True,False
Hera,2020,"Feb 06, 2020",2153,False,True
Hera,2020,"Feb 12, 2020",2157,True,False
Hera,2020,"Feb 13, 2020",2164,True,False
Hera,2020,"Feb 15, 2020",2172,True,False
Hera,2020,"Feb 16, 2020",2170,False,True
Hera,2020,"Feb 18, 2020",2182,True,False
Hera,2020,"Feb 26, 2020",2186,True,False
Hera,2020,"Mar 07, 2020",2194,True,False
Hera,2020,"Mar 08, 2020",2202,True,False
Hera,2020,"Mar 08, 2020",2222,True,False
Hera,2020,"Mar 11, 2020",2217,True,False
Hera,2020,"Mar 16, 2020",2221,True,False
Hera,2020,"Mar 18, 2020",2213,False,True
Hera,2020,"Mar 19, 2020",2213,True,False
Hera,2020,"Mar 21, 2020",2212,True,False
Hera,2020,"Mar 22, 2020",2224,True,False
Hera,2020,"Mar 22, 2020",2212,False,True
Hera,2020,"Apr 30, 2020",2216,True,False
Hera,2020,"May 02, 2020",2228,True,False
Hera,2020,"May 03, 2020",2219,False,True
Hera,2020,"Jul 18, 2020",2219,True,False
Hera,2020,"Jul 22, 2020",2223,True,False
Hera,2020,"Jul 22, 2020",2226,True,False
Hera,2020,"Jul 22, 2020",2232,True,False
Hera,2020,"Jul 23, 2020",2236,True,False
Hera,2020,"Jul 25, 2020",2229,False,True
Hera,2020,"Aug 08, 2020",2233,True,False
Hera,2020,"Aug 09, 2020",2237,True,False
Hera,2020,"Aug 09, 2020",2257,True,False
Hera,2020,"Aug 20, 2020",2261,True,False
Hera,2020,"Aug 22, 2020",2273,True,False
Hera,2020,"Aug 23, 2020",2277,True,False
Hera,2020,"Aug 23, 2020",2266,False,True
Hera,2020,"Sep 19, 2020",2268,True,False
Hera,2020,"Sep 26, 2020",2268,True,False
Hera,2020,"Oct 04, 2020",2272,True,False
Hera,2020,"Oct 11, 2020",2284,True,False
Hera,2020,"Oct 18, 2020",2280,False,True
Hera,2020,"Nov 07, 2020",2276,False,True
Hera,2020,"Nov 07, 2020",2280,True,False
Hera,2020,"Nov 07, 2020",2284,True,False
Hera,2020,"Nov 08, 2020",2280,False,True
Hera,2020,"Nov 08, 2020",2276,False,True
Hera,2021,"Jan 16, 2021",2282,True,False
Hera,2021,"Jan 17, 2021",2272,False,True
Hera,2021,"Jan 22, 2021",2281,True,False
Hera,2021,"Jan 23, 2021",2277,False,True
Hera,2021,"Feb 14, 2021",2266,True,False
Hera,2021,"Feb 22, 2021",2270,True,False
Hera,2021,"Feb 27, 2021",2272,True,False
Hera,2021,"Feb 28, 2021",2260,False,True
Hera,2021,"Mar 19, 2021",2259,True,False
Hera,2021,"Mar 20, 2021",2267,True,False
Hera,2021,"Mar 21, 2021",2278,True,False
Hera,2021,"Mar 21, 2021",2285,True,False
Hera,2021,"May 05, 2021",2287,True,False
Hera,2021,"May 15, 2021",2291,True,False
Hera,2021,"May 16, 2021",2294,True,False
Hera,2021,"May 16, 2021",2282,False,True
Hera,2021,"May 23, 2021",2284,True,False
Hera,2021,"Jun 19, 2021",2282,True,False
Hera,2021,"Jun 20, 2021",2283,True,False
Hera,2021,"Jun 26, 2021",2292,True,False
Hera,2021,"Jun 27, 2021",2307,True,False
Hera,2021,"Jun 27, 2021",2303,False,True
Hera,2021,"Jul 06, 2021",2302,True,False
Hera,2021,"Jul 08, 2021",2308,True,False
Hera,2021,"Jul 10, 2021",2308,False,False
Hera,2021,"Jul 11, 2021",2312,True,False
Hera,2021,"Sep 13, 2021",2313,True,False
Hera,2021,"Sep 14, 2021",2309,False,True
Hera,2021,"Sep 15, 2021",2315,True,False
Hera,2021,"Sep 16, 2021",2319,True,False
Hera,2021,"Sep 18, 2021",2310,False,True
Hera,2021,"Oct 02, 2021",2312,True,False
Hera,2021,"Oct 02, 2021",2316,True,False
Hera,2021,"Oct 02, 2021",2322,True,False
Hera,2021,"Oct 08, 2021",2322,True,False
Hera,2021,"Oct 09, 2021",2321,True,False
Hera,2021,"Oct 10, 2021",2333,True,False
Hera,2021,"Oct 10, 2021",2341,True,False
Hera,2021,"Nov 21, 2021",2344,True,False
Hera,2021,"Nov 26, 2021",2338,True,False
Hera,2021,"Nov 28, 2021",2326,False,True
Hera,2021,"Dec 03, 2021",2312,False,True
Hera,2022,"Jan 16, 2022",2308,True,False
Hera,2022,"Jan 22, 2022",2297,True,False
Hera,2022,"Jan 30, 2022",2289,False,True
Hera,2022,"May 02, 2022",2294,True,False
Hera,2022,"May 04, 2022",2296,True,False
Hera,2022,"May 06, 2022",2292,False,True
Hera,2022,"May 26, 2022",2293,True,False
Hera,2022,"May 26, 2022",2301,True,False
Hera,2022,"May 26, 2022",2297,False,True
Hera,2022,"May 31, 2022",2299,True,False
Hera,2022,"Jun 08, 2022",2305,True,False
Hera,2022,"Jun 21, 2022",2313,True,False
Hera,2022,"Jun 22, 2022",2325,True,False
Hera,2022,"Jun 22, 2022",2329,True,False
Hera,2022,"Jun 24, 2022",2338,True,False
Hera,2022,"Jun 29, 2022",2344,True,False
Hera,2022,"Jun 29, 2022",2343,True,False
Hera,2022,"Jun 30, 2022",2340,True,False
Hera,2022,"Jul 01, 2022",2348,True,False
Hera,2022,"Jul 02, 2022",2344,True,False
Hera,2022,"Jul 02, 2022",2347,True,False
Hera,2022,"Jul 03, 2022",2341,True,False
Hera,2022,"Jul 07, 2022",2353,True,False
Hera,2022,"Jul 14, 2022",2357,True,False
Hera,2022,"Jul 16, 2022",2351,True,False
Hera,2022,"Jul 21, 2022",2354,True,False
Hera,2022,"Jul 22, 2022",2358,True,False
Hera,2022,"Jul 28, 2022",2356,True,False
Hera,2022,"Jul 29, 2022",2365,True,False
Hera,2022,"Jul 30, 2022",2353,False,True
Hera,2022,"Aug 06, 2022",2357,True,False
Hera,2022,"Aug 07, 2022",2343,False,True
Hera,2022,"Oct 21, 2022",2349,True,False
Hera,2022,"Oct 21, 2022",2357,True,False
Hera,2022,"Oct 23, 2022",2366,True,False
Hera,2022,"Oct 29, 2022",2358,False,True
Hera,2022,"Nov 12, 2022",2362,True,False
Hera,2022,"Nov 19, 2022",2370,True,False
Hera,2022,"Nov 24, 2022",2374,True,False
Hera,2022,"Nov 26, 2022",2381,True,False
Hera,2022,"Nov 27, 2022",2369,False,True
Hera,2022,"Dec 03, 2022",2371,True,False
Hera,2022,"Dec 03, 2022",2373,True,False
Hera,2022,"Dec 03, 2022",2379,True,False
Hera,2022,"Dec 04, 2022",2388,True,False
Hera,2022,"Dec 15, 2022",2387,True,False
Hera,2022,"Dec 16, 2022",2403,True,False
Hera,2022,"Dec 17, 2022",2407,True,False
Hera,2023,"Jan 07, 2023",2410,True,False
Hera,2023,"Jan 16, 2023",2405,True,False
Hera,2023,"Jan 23, 2023",2411,True,False
Hera,2023,"Jan 23, 2023",2417,True,False
Hera,2023,"Jan 25, 2023",2423,True,False
Hera,2023,"Jan 25, 2023",2429,True,False
Hera,2023,"Jan 25, 2023",2428,True,False
Hera,2023,"Jan 28, 2023",2424,True,False
Hera,2023,"Jan 29, 2023",2412,False,True
Hera,2023,"Jan 30, 2023",2421,True,False
Hera,2023,"Feb 01, 2023",2423,True,False
Hera,2023,"Feb 01, 2023",2424,True,False
Hera,2023,"Feb 01, 2023",2413,True,False
Hera,2023,"Feb 04, 2023",2408,True,False
Hera,2023,"Feb 10, 2023",2412,True,False
Hera,2023,"Feb 11, 2023",2409,True,False
Hera,2023,"Feb 12, 2023",2397,False,True
Hera,2023,"Feb 16, 2023",2400,True,False
Hera,2023,"Mar 02, 2023",2404,True,False
Hera,2023,"Mar 02, 2023",2397,False,True
Hera,2023,"Mar 04, 2023",2401,True,False
Hera,2023,"Mar 05, 2023",2408,True,False
Hera,2023,"Mar 11, 2023",2412,True,False
Hera,2023,"Mar 12, 2023",2416,True,False
Hera,2023,"Mar 13, 2023",2420,True,False
Hera,2023,"Mar 14, 2023",2429,True,False
Hera,2023,"Mar 15, 2023",2433,True,False
Hera,2023,"Mar 18, 2023",2448,True,False
Hera,2023,"Mar 19, 2023",2443,True,False
Hera,2023,"Apr 05, 2023",2447,True,False
Hera,2023,"Apr 06, 2023",2451,True,False
Hera,2023,"Apr 06, 2023",2445,True,False
Hera,2023,"Apr 22, 2023",2445,True,False
Hera,2023,"Apr 23, 2023",2445,True,False
Hera,2023,"Apr 23, 2023",2434,True,False
Hera,2023,"Apr 29, 2023",2434,True,False
Hera,2023,"Apr 29, 2023",2437,True,False
Hera,2023,"Apr 30, 2023",2437,True,False
Hera,2023,"May 10, 2023",2434,True,False
Hera,2023,"May 11, 2023",2430,True,False
Hera,2023,"May 18, 2023",2430,True,False
Hera,2023,"May 24, 2023",2436,True,False
Hera,2023,"May 26, 2023",2438,True,False
Hera,2023,"May 27, 2023",2445,True,False
Hera,2023,"May 28, 2023",2460,True,False
Hera,2023,"Jun 19, 2023",2460,True,False
Hera,2023,"Jun 20, 2023",2446,False,True
Hera,2023,"Aug 03, 2023",2436,False,False
Hera,2023,"Aug 04, 2023",2444,True,False
Hera,2023,"Aug 05, 2023",2442,True,False
Hera,2023,"Aug 06, 2023",2427,False,True
Hera,2023,"Aug 14, 2023",2433,True,False
Hera,2023,"Aug 15, 2023",2430,True,False
Hera,2023,"Aug 19, 2023",2430,True,False
Hera,2023,"Aug 23, 2023",2436,True,False
Hera,2023,"Aug 24, 2023",2433,True,False
Hera,2023,"Aug 27, 2023",2439,True,False
Hera,2023,"Sep 03, 2023",2431,False,True
Hera,2023,"Sep 12, 2023",2440,True,False
Hera,2023,"Sep 18, 2023",2430,False,True
Hera,2023,"Sep 24, 2023",2428,True,False
Hera,2023,"Oct 03, 2023",2431,True,False
Hera,2023,"Oct 10, 2023",2437,True,False
Hera,2023,"Oct 17, 2023",2449,True,False
Hera,2023,"Oct 18, 2023",2461,True,False
Hera,2023,"Oct 19, 2023",2469,True,False
Hera,2023,"Oct 23, 2023",2465,True,False
Hera,2023,"Oct 24, 2023",2468,True,False
Hera,2023,"Oct 25, 2023",2468,True,False
Hera,2023,"Oct 26, 2023",2459,False,True
Hera,2023,"Oct 31, 2023",2459,True,False
Hera,2023,"Oct 31, 2023",2459,True,False
Hera,2023,"Oct 31, 2023",2461,True,False
Hera,2023,"Oct 31, 2023",2467,True,False
Hera,2023,"Nov 01, 2023",2467,True,False
Hera,2023,"Nov 04, 2023",2466,True,False
Hera,2023,"Nov 07, 2023",2454,False,True
Hera,2023,"Nov 11, 2023",2458,True,False
Hera,2023,"Nov 16, 2023",2465,True,False
Hera,2023,"Nov 18, 2023",2472,True,False
Hera,2023,"Nov 19, 2023",2480,True,False
Hera,2023,"Dec 12, 2023",2480,True,False
Hera,2023,"Dec 20, 2023",2483,True,False
Hera,2023,"Dec 28, 2023",2489,True,False
Hera,2023,"Dec 29, 2023",2495,True,False
Hera,2023,"Dec 29, 2023",2491,False,True
Hera,2024,"Jan 06, 2024",2491,True,False
Hera,2024,"Jan 07, 2024",2495,True,False
Hera,2024,"Jan 08, 2024",2504,True,False
Hera,2024,"Jan 09, 2024",2503,True,False
Hera,2024,"Jan 10, 2024",2495,False,True
Hera,2024,"Jan 13, 2024",2515,True,False
Hera,2024,"Jan 14, 2024",2520,True,False
Hera,2024,"Feb 25, 2024",2516,True,False
Hera,2024,"Feb 29, 2024",2528,True,False
Hera,2024,"Mar 02, 2024",2524,True,False
Hera,2024,"Mar 03, 2024",2536,True,False
Hera,2024,"Mar 11, 2024",2536,True,False
Hera,2024,"Mar 16, 2024",2538,True,False
Hera,2024,"Apr 04, 2024",2538,True,False
Hera,2024,"Apr 05, 2024",2542,True,False
Hera,2024,"Apr 05, 2024",2546,True,False
Hera,2024,"Apr 10, 2024",2546,True,False
Hera,2024,"Apr 14, 2024",2546,True,False
Hera,2024,"Apr 14, 2024",2552,True,False
Hera,2024,"Apr 15, 2024",2552,True,False
Hera,2024,"Apr 18, 2024",2548,True,False
Hera,2024,"Apr 24, 2024",2529,False,True
Hera,2024,"Apr 28, 2024",2531,True,False
Hera,2024,"May 03, 2024",2531,False,False
Hera,2024,"May 07, 2024",2533,True,False
Hera,2024,"Jun 02, 2024",2535,True,False
Hera,2024,"Jun 06, 2024",2531,True,False
Hera,2024,"Jun 08, 2024",2533,True,False
Hera,2024,"Jun 09, 2024",2533,True,False
Hera,2024,"Jul 02, 2024",2533,True,False
Hera,2024,"Jul 10, 2024",2535,True,False
Hera,2024,"Jul 11, 2024",2517,False,True
Hera,2024,"Sep 08, 2024",2517,True,False
Hera,2024,"Sep 15, 2024",2518,True,False
Hera,2024,"Sep 27, 2024",2520,True,False
Hera,2024,"Sep 28, 2024",2521,True,False
Hera,2024,"Sep 29, 2024",2522,True,False
Hera,2024,"Oct 03, 2024",2526,True,False
Hera,2024,"Oct 03, 2024",2524,True,False
Hera,2024,"Oct 05, 2024",2532,True,False
Hera,2024,"Oct 06, 2024",2542,True,False
Hera,2024,"Nov 15, 2024",2542,True,False
Hera,2024,"Nov 21, 2024",2542,True,False
Hera,2024,"Nov 26, 2024",2538,True,False
Hera,2024,"Dec 03, 2024",2522,False,True
Hera,2024,"Dec 15, 2024",2531,True,False
Hera,2024,"Dec 16, 2024",2540,True,False
Hera,2024,"Dec 17, 2024",2540,True,False
Hera,2024,"Dec 18, 2024",2539,True,False
Hera,2024,"Dec 19, 2024",2538,True,False
Hera,2024,"Dec 21, 2024",2545,True,False
Hera,2024,"Dec 22, 2024",2545,True,False
Hera,2025,"Jan 20, 2025",2543,True,False
Hera,2025,"Jan 27, 2025",2541,True,False
Hera,2025,"Feb 03, 2025",2544,True,False
Hera,2025,"Feb 14, 2025",2539,True,False
Hera,2025,"Feb 21, 2025",2545,True,False
Hera,2025,"Feb 28, 2025",2544,True,False
Hera,2025,"Mar 01, 2025",2552,True,False
Hera,2025,"Mar 02, 2025",2564,True,False
Hera,2025,"Mar 13, 2025",2570,True,False
Hera,2025,"Mar 14, 2025",2579,True,False
Hera,2025,"Mar 15, 2025",2579,True,False
Hera,2025,"Mar 16, 2025",2574,True,False
Hera,2025,"May 18, 2025",2568,True,False
Hera,2025,"May 22, 2025",2574,True,False
Hera,2025,"May 24, 2025",2580,True,False
Hera,2025,"May 29, 2025",2582,True,False
Hera,2025,"May 31, 2025",2578,True,False
Hera,2025,"Jun 01, 2025",2582,True,False
Hera,2025,"Jun 23, 2025",2572,False,True
Hera,2025,"Jun 25, 2025",2575,True,False
Hera,2025,"Jun 28, 2025",2578,True,False
Hera,2025,"Jul 03, 2025",2568,True,False
Hera,2025,"Jul 05, 2025",2570,True,False
Hera,2025,"Jul 06, 2025",2556,False,True
Hera,2025,"Sep 15, 2025",2556,False,False
Hera,2025,"Oct 22, 2025",2556,True,False
Hera,2025,"Oct 23, 2025",2555,True,False
Hera,2025,"Oct 24, 2025",2564,True,False
Hera,2025,"Oct 25, 2025",2568,True,False
Hera,2025,"Oct 26, 2025",2580,True,False
Hera,2025,"Oct 26, 2025",2582,True,False
Hera,2025,"Nov 07, 2025",2582,True,False
Hera,2025,"Nov 09, 2025",2582,True,False
Hera,2025,"Nov 14, 2025",2578,True,False
Hera,2025,"Nov 20, 2025",2584,True,False
Hera,2025,"Nov 28, 2025",2578,True,False
Hera,2025,"Nov 29, 2025",2574,True,False
Hera,2025,"Nov 30, 2025",2576,True,False
Hera,2025,"Dec 02, 2025",2576,True,False
Hera,2025,"Dec 11, 2025",2572,True,False
Hera,2025,"Dec 16, 2025",2574,True,False
Hera,2025,"Dec 18, 2025",2586,True,False
Hera,2025,"Dec 20, 2025",2593,True,False
Hera,2025,"Dec 21, 2025",2588,True,False
Hera,2026,"Feb 07, 2026",2591,True,False
Hera,2026,"Feb 13, 2026",2600,True,False
Hera,2026,"Feb 23, 2026",2606,True,False
Hera,2026,"Mar 06, 2026",2601,True,False
Hera,2026,"Mar 14, 2026",2591,False,True
Hera,2026,"Mar 20, 2026",2595,True,False
Hera,2026,"Mar 21, 2026",2603,True,False
Hera,2026,"Mar 22, 2026",2605,True,False
Hera,2026,"Apr 01, 2026",2611,True,False
Hera,2026,"Apr 02, 2026",2605,True,False
Hera,2026,"Apr 03, 2026",2605,True,False
Hera,2026,"Apr 05, 2026",2613,True,False
Hera,2026,"Apr 06, 2026",2613,True,False
Hera,2026,"May 10, 2026",2609,True,False
Hera,2026,"May 14, 2026",2594,False,True
Hera,2026,"May 20, 2026",2572,False,True
Hera,2026,"Jul 01, 2026",2581,True,False
Hera,2026,"Jul 02, 2026",2574,False,True
Hera,2026,"Jul 03, 2026",2572,True,False
Hera,2026,"Jul 04, 2026",2578,True,False
Hera,2026,"Jul 05, 2026",2575,True,False
Hera,2026,"Jul 05, 2026",2583,True,False
Liereyy,2016,"Oct 14, 2016",1992,False,True
Liereyy,2017,"Feb 07, 2017",1996,True,False
Liereyy,2017,"Feb 08, 2017",2000,True,False
Liereyy,2017,"Feb 09, 2017",1996,False,True
Liereyy,2017,"Feb 10, 2017",2001,True,False
Liereyy,2017,"Feb 11, 2017",2006,True,False
Liereyy,2017,"Feb 12, 2017",2002,False,True
Liereyy,2017,"Feb 13, 2017",2009,True,False
Liereyy,2017,"Feb 14, 2017",2008,False,True
Liereyy,2017,"Feb 28, 2017",2020,True,False
Liereyy,2017,"Mar 10, 2017",2029,True,False
Liereyy,2017,"Mar 18, 2017",2025,False,True
Liereyy,2017,"Mar 19, 2017",2027,False,False
Liereyy,2017,"Mar 20, 2017",2019,False,True
Liereyy,2017,"Apr 08, 2017",2031,True,False
Liereyy,2017,"Apr 09, 2017",2040,True,False
Liereyy,2017,"Apr 10, 2017",2041,False,True
Liereyy,2017,"Apr 11, 2017",2055,True,False
Liereyy,2017,"Apr 12, 2017",2075,True,False
Liereyy,2017,"Apr 30, 2017",2081,True,False
Liereyy,2017,"May 14, 2017",2089,True,False
Liereyy,2017,"May 15, 2017",2083,False,True
Liereyy,2017,"May 20, 2017",2079,False,True
Liereyy,2017,"May 22, 2017",2075,False,True
Liereyy,2017,"Jun 04, 2017",2063,False,True
Liereyy,2017,"Jun 05, 2017",2064,True,False
Liereyy,2017,"Jun 12, 2017",2055,False,True
Liereyy,2017,"Jun 19, 2017",2051,False,True
Liereyy,2017,"Jun 26, 2017",2058,True,False
Liereyy,2017,"Jul 07, 2017",2064,True,False
Liereyy,2017,"Jul 07, 2017",2060,False,True
Liereyy,2017,"Jul 15, 2017",2066,True,False
Liereyy,2017,"Jul 15, 2017",2072,True,False
Liereyy,2017,"Jul 16, 2017",2076,True,False
Liereyy,2017,"Jul 16, 2017",2091,True,False
Liereyy,2017,Aug 2017,2098,True,False
Liereyy,2017,Aug 2017,2094,False,True
Liereyy,2017,Aug 2017,2099,True,False
Liereyy,2017,Aug 2017,2101,False,True
Liereyy,2017,Dec 2017,2105,True,False
Liereyy,2017,Dec 2017,2104,True,False
Liereyy,2017,Dec 2017,2108,True,False
Liereyy,2017,Dec 2017,2115,True,False
Liereyy,2017,Dec 2017,2129,False,True
Liereyy,2018,Jul 2018,2141,True,False
Liereyy,2018,Jul 2018,2143,True,False
Liereyy,2018,Jul 2018,2147,False,True
Liereyy,2018,Jul 2018,2163,True,False
Liereyy,2018,Jul 2018,2171,True,False
Liereyy,2018,Jul 2018,2191,True,False
Liereyy,2018,Jul 2018,2186,False,True
Liereyy,2018,Jul 2018,2190,True,False
Liereyy,2018,Jul 2018,2196,True,False
Liereyy,2018,Jul 2018,2182,False,True
Liereyy,2018,Oct 2018,2168,False,True
Liereyy,2018,Nov 2018,2172,True,False
Liereyy,2018,Nov 2018,2162,False,True
Liereyy,2019,"Jan 06, 2019",2168,True,False
Liereyy,2019,"Jan 13, 2019",2174,True,False
Liereyy,2019,"Jan 20, 2019",2186,True,False
Liereyy,2019,"Feb 02, 2019",2193,True,False
Liereyy,2019,"Feb 03, 2019",2193,False,True
Liereyy,2019,"Feb 09, 2019",2202,True,False
Liereyy,2019,"Feb 10, 2019",2206,True,False
Liereyy,2019,"Feb 11, 2019",2214,True,False
Liereyy,2019,"Feb 12, 2019",2210,False,True
Liereyy,2019,"Feb 13, 2019",2214,True,False
Liereyy,2019,"Feb 16, 2019",2199,False,True
Liereyy,2019,"Apr 12, 2019",2205,True,False
Liereyy,2019,"Apr 13, 2019",2199,True,False
Liereyy,2019,"Jun 16, 2019",2193,True,False
Liereyy,2019,"Jun 23, 2019",2192,True,False
Liereyy,2019,"Jun 30, 2019",2196,True,False
Liereyy,2019,"Jul 21, 2019",2182,False,True
Liereyy,2019,"Aug 09, 2019",2170,False,True
Liereyy,2019,"Aug 10, 2019",2158,False,True
Liereyy,2019,"Sep 01, 2019",2164,True,False
Liereyy,2020,"Jan 04, 2020",2173,True,False
Liereyy,2020,"Jan 05, 2020",2169,False,True
Liereyy,2020,"Jan 06, 2020",2154,False,True
Liereyy,2020,"Jan 08, 2020",2158,True,False
Liereyy,2020,"Jan 10, 2020",2156,False,True
Liereyy,2020,"Jan 31, 2020",2162,True,False
Liereyy,2020,"Feb 08, 2020",2171,True,False
Liereyy,2020,"Feb 14, 2020",2183,True,False
Liereyy,2020,"Feb 15, 2020",2176,False,True
Liereyy,2020,"Mar 07, 2020",2177,False,True
Liereyy,2020,"Mar 19, 2020",2186,True,False
Liereyy,2020,"Mar 21, 2020",2182,False,True
Liereyy,2020,"May 01, 2020",2186,True,False
Liereyy,2020,"May 02, 2020",2190,True,False
Liereyy,2020,"May 03, 2020",2186,False,True
Liereyy,2020,"Jul 22, 2020",2182,False,True
Liereyy,2020,"Aug 07, 2020",2197,True,False
Liereyy,2020,"Aug 09, 2020",2198,False,True
Liereyy,2020,"Aug 21, 2020",2202,True,False
Liereyy,2020,"Aug 22, 2020",2201,True,False
Liereyy,2020,"Aug 23, 2020",2213,True,False
Liereyy,2020,"Aug 23, 2020",2224,True,False
Liereyy,2020,"Sep 18, 2020",2228,True,False
Liereyy,2020,"Sep 25, 2020",2234,True,False
Liereyy,2020,"Oct 03, 2020",2246,True,False
Liereyy,2020,"Oct 10, 2020",2237,False,True
Liereyy,2020,"Oct 17, 2020",2246,True,False
Liereyy,2020,"Oct 18, 2020",2250,True,False
Liereyy,2020,"Oct 24, 2020",2254,True,False
Liereyy,2020,"Oct 25, 2020",2257,True,False
Liereyy,2020,"Nov 07, 2020",2261,True,False
Liereyy,2020,"Nov 07, 2020",2257,False,True
Liereyy,2020,"Nov 07, 2020",2261,True,False
Liereyy,2020,"Nov 08, 2020",2265,True,False
Liereyy,2020,"Nov 08, 2020",2269,True,False
Liereyy,2020,"Nov 08, 2020",2257,False,True
Liereyy,2021,"Jan 16, 2021",2261,True,False
Liereyy,2021,"Jan 17, 2021",2269,True,False
Liereyy,2021,"Jan 23, 2021",2273,True,False
Liereyy,2021,"Jan 24, 2021",2277,True,False
Liereyy,2021,"Jan 24, 2021",2266,False,True
Liereyy,2021,"Mar 19, 2021",2270,True,False
Liereyy,2021,"Mar 20, 2021",2262,False,True
Liereyy,2021,"Apr 30, 2021",2268,True,False
Liereyy,2021,"May 09, 2021",2272,True,False
Liereyy,2021,"May 14, 2021",2260,False,True
Liereyy,2021,"May 16, 2021",2262,True,False
Liereyy,2021,"May 22, 2021",2265,True,False
Liereyy,2021,"May 25, 2021",2271,True,False
Liereyy,2021,"May 29, 2021",2269,False,True
Liereyy,2021,"May 30, 2021",2257,False,True
Liereyy,2021,"Jun 19, 2021",2261,True,False
Liereyy,2021,"Jun 20, 2021",2267,True,False
Liereyy,2021,"Jun 26, 2021",2271,True,False
Liereyy,2021,"Jun 27, 2021",2275,True,False
Liereyy,2021,"Jun 27, 2021",2279,True,False
Liereyy,2021,"Jul 02, 2021",2285,True,False
Liereyy,2021,"Jul 08, 2021",2279,True,False
Liereyy,2021,"Jul 10, 2021",2283,True,False
Liereyy,2021,"Jul 11, 2021",2279,False,True
Liereyy,2021,"Jul 23, 2021",2281,True,False
Liereyy,2021,"Jul 23, 2021",2281,True,False
Liereyy,2021,"Jul 24, 2021",2285,True,False
Liereyy,2021,"Jul 24, 2021",2289,True,False
Liereyy,2021,"Jul 25, 2021",2293,True,False
Liereyy,2021,"Jul 25, 2021",2285,False,True
Liereyy,2021,"Aug 06, 2021",2289,True,False
Liereyy,2021,"Aug 07, 2021",2274,False,True
Liereyy,2021,"Sep 13, 2021",2275,True,False
Liereyy,2021,"Sep 14, 2021",2281,True,False
Liereyy,2021,"Sep 15, 2021",2288,True,False
Liereyy,2021,"Sep 16, 2021",2294,True,False
Liereyy,2021,"Sep 18, 2021",2298,True,False
Liereyy,2021,"Sep 19, 2021",2307,True,False
Liereyy,2021,"Sep 19, 2021",2303,False,True
Liereyy,2021,"Oct 02, 2021",2305,True,False
Liereyy,2021,"Oct 02, 2021",2309,True,False
Liereyy,2021,"Oct 02, 2021",2315,True,False
Liereyy,2021,"Oct 08, 2021",2311,True,False
Liereyy,2021,"Oct 09, 2021",2320,True,False
Liereyy,2021,"Oct 10, 2021",2324,True,False
Liereyy,2021,"Oct 10, 2021",2316,False,True
Liereyy,2021,"Nov 20, 2021",2316,True,False
Liereyy,2021,"Nov 25, 2021",2325,True,False
Liereyy,2021,"Nov 27, 2021",2329,True,False
Liereyy,2021,"Dec 04, 2021",2341,True,False
Liereyy,2021,"Dec 11, 2021",2324,False,True
Liereyy,2021,"Dec 12, 2021",2333,True,False
Liereyy,2022,"Jan 16, 2022",2333,False,False
Liereyy,2022,"Jan 23, 2022",2333,True,False
Liereyy,2022,"Jan 30, 2022",2337,True,False
Liereyy,2022,"Feb 05, 2022",2328,False,True
Liereyy,2022,"Jun 30, 2022",2334,True,False
Liereyy,2022,"Jul 12, 2022",2340,True,False
Liereyy,2022,"Jul 18, 2022",2338,True,False
Liereyy,2022,"Jul 21, 2022",2336,True,False
Liereyy,2022,"Jul 26, 2022",2329,False,True
Liereyy,2022,"Aug 05, 2022",2330,False,True
Liereyy,2022,"Oct 21, 2022",2328,True,False
Liereyy,2022,"Oct 21, 2022",2320,False,True
Liereyy,2022,"Oct 22, 2022",2326,True,False
Liereyy,2022,"Oct 23, 2022",2334,True,False
Liereyy,2022,"Oct 29, 2022",2346,True,False
Liereyy,2022,"Oct 29, 2022",2338,False,True
Liereyy,2022,"Nov 13, 2022",2347,True,False
Liereyy,2022,"Nov 19, 2022",2355,True,False
Liereyy,2022,"Nov 25, 2022",2362,True,False
Liereyy,2022,"Nov 26, 2022",2354,False,True
Liereyy,2022,"Nov 27, 2022",2362,True,False
Liereyy,2022,"Dec 15, 2022",2361,True,False
Liereyy,2022,"Dec 16, 2022",2365,True,False
Liereyy,2022,"Dec 17, 2022",2361,False,True
Liereyy,2023,"Jan 07, 2023",2356,True,False
Liereyy,2023,"Jan 14, 2023",2354,True,False
Liereyy,2023,"Feb 05, 2023",2358,True,False
Liereyy,2023,"Feb 05, 2023",2351,False,True
Liereyy,2023,"Feb 08, 2023",2351,True,False
Liereyy,2023,"Feb 10, 2023",2355,True,False
Liereyy,2023,"Feb 11, 2023",2358,False,True
Liereyy,2023,"Mar 11, 2023",2367,True,False
Liereyy,2023,"Mar 12, 2023",2375,True,False
Liereyy,2023,"Mar 13, 2023",2371,False,True
Liereyy,2023,"Mar 14, 2023",2379,True,False
Liereyy,2023,"Mar 15, 2023",2391,True,False
Liereyy,2023,"Mar 18, 2023",2399,True,False
Liereyy,2023,"Mar 19, 2023",2404,False,True
Liereyy,2023,"Apr 29, 2023",2406,True,False
Liereyy,2023,"Apr 29, 2023",2409,True,False
Liereyy,2023,"Apr 30, 2023",2405,True,False
Liereyy,2023,"May 12, 2023",2408,True,False
Liereyy,2023,"May 14, 2023",2414,True,False
Liereyy,2023,"May 23, 2023",2399,False,True
Liereyy,2023,"Aug 20, 2023",2399,True,False
Liereyy,2023,"Aug 27, 2023",2398,True,False
Liereyy,2023,"Sep 03, 2023",2406,True,False
Liereyy,2023,"Sep 09, 2023",2412,True,False
Liereyy,2023,"Sep 09, 2023",2420,True,False
Liereyy,2023,"Sep 10, 2023",2420,True,False
Liereyy,2023,"Sep 17, 2023",2424,True,False
Liereyy,2023,"Sep 26, 2023",2430,True,False
Liereyy,2023,"Oct 07, 2023",2433,True,False
Liereyy,2023,"Oct 08, 2023",2429,False,True
Liereyy,2023,"Oct 14, 2023",2435,True,False
Liereyy,2023,"Oct 17, 2023",2423,False,True
Liereyy,2023,"Oct 23, 2023",2411,False,True
Liereyy,2023,"Oct 24, 2023",2414,True,False
Liereyy,2023,"Oct 25, 2023",2417,True,False
Liereyy,2023,"Oct 26, 2023",2408,False,True
Liereyy,2023,"Nov 03, 2023",2408,True,False
Liereyy,2023,"Nov 05, 2023",2417,True,False
Liereyy,2023,"Nov 08, 2023",2405,False,True
Liereyy,2023,"Nov 10, 2023",2409,True,False
Liereyy,2023,"Nov 16, 2023",2402,False,True
Liereyy,2024,"Jan 06, 2024",2410,True,False
Liereyy,2024,"Jan 07, 2024",2398,False,True
Liereyy,2024,"Jan 08, 2024",2389,False,True
Liereyy,2024,"Jan 09, 2024",2381,False,True
Liereyy,2024,"Jan 10, 2024",2369,False,True
Liereyy,2024,"Feb 28, 2024",2371,True,False
Liereyy,2024,"Mar 01, 2024",2383,True,False
Liereyy,2024,"Mar 02, 2024",2400,True,False
Liereyy,2024,"Mar 03, 2024",2388,False,True
Liereyy,2024,"May 01, 2024",2388,True,False
Liereyy,2024,"May 03, 2024",2391,True,False
Liereyy,2024,"May 08, 2024",2391,True,False
Liereyy,2024,"May 10, 2024",2374,False,True
Liereyy,2024,"May 15, 2024",2374,False,False
Liereyy,2024,"May 19, 2024",2377,True,False
Liereyy,2024,"May 22, 2024",2377,True,False
Liereyy,2024,"May 24, 2024",2373,True,False
Liereyy,2024,"Jun 02, 2024",2370,True,False
Liereyy,2024,"Jun 06, 2024",2374,False,True
Liereyy,2024,"Jun 20, 2024",2374,True,False
Liereyy,2024,"Jun 23, 2024",2378,True,False
Liereyy,2024,"Jul 01, 2024",2382,True,False
Liereyy,2024,"Jul 09, 2024",2374,False,True
Liereyy,2024,"Aug 28, 2024",2375,True,False
Liereyy,2024,"Sep 12, 2024",2372,False,True
Liereyy,2024,"Sep 21, 2024",2374,True,False
Liereyy,2024,"Sep 27, 2024",2379,True,False
Liereyy,2024,"Oct 03, 2024",2387,True,False
Liereyy,2024,"Oct 03, 2024",2389,False,True
Liereyy,2024,"Oct 04, 2024",2393,True,False
Liereyy,2024,"Oct 05, 2024",2396,False,True
Liereyy,2024,"Nov 14, 2024",2399,True,False
Liereyy,2024,"Nov 19, 2024",2402,True,False
Liereyy,2024,"Nov 25, 2024",2405,True,False
Liereyy,2024,"Nov 30, 2024",2409,True,False
Liereyy,2024,"Dec 06, 2024",2413,True,False
Liereyy,2024,"Dec 07, 2024",2425,True,False
Liereyy,2024,"Dec 08, 2024",2413,False,True
Liereyy,2024,"Dec 15, 2024",2421,True,False
Liereyy,2024,"Dec 16, 2024",2425,True,False
Liereyy,2024,"Dec 17, 2024",2437,True,False
Liereyy,2024,"Dec 18, 2024",2438,False,True
Liereyy,2024,"Dec 19, 2024",2447,True,False
Liereyy,2024,"Dec 21, 2024",2451,True,False
Liereyy,2024,"Dec 22, 2024",2451,False,True
Liereyy,2025,"Jan 19, 2025",2457,True,False
Liereyy,2025,"Feb 02, 2025",2466,True,False
Liereyy,2025,"Feb 03, 2025",2467,True,False
Liereyy,2025,"Feb 14, 2025",2470,True,False
Liereyy,2025,"Feb 23, 2025",2471,True,False
Liereyy,2025,"Feb 28, 2025",2475,True,False
Liereyy,2025,"Mar 01, 2025",2487,True,False
Liereyy,2025,"Mar 02, 2025",2475,False,True
Liereyy,2025,"Mar 13, 2025",2478,True,False
Liereyy,2025,"Mar 14, 2025",2469,False,True
Liereyy,2025,"Mar 15, 2025",2468,True,False
Liereyy,2025,"Mar 15, 2025",2476,True,False
Liereyy,2025,"Mar 16, 2025",2483,True,False
Liereyy,2025,"Mar 16, 2025",2488,False,True
Liereyy,2025,"May 19, 2025",2492,True,False
Liereyy,2025,"May 23, 2025",2496,True,False
Liereyy,2025,"May 25, 2025",2487,False,True
Liereyy,2025,"May 30, 2025",2494,True,False
Liereyy,2025,"May 31, 2025",2483,False,True
Liereyy,2025,"Jun 01, 2025",2471,False,True
Liereyy,2025,"Jun 24, 2025",2475,True,False
Liereyy,2025,"Jun 26, 2025",2481,True,False
Liereyy,2025,"Jun 29, 2025",2487,True,False
Liereyy,2025,"Jul 03, 2025",2494,True,False
Liereyy,2025,"Jul 05, 2025",2492,False,True
Liereyy,2025,"Jul 06, 2025",2478,False,True
Liereyy,2025,"Sep 30, 2025",2472,True,False
Liereyy,2025,"Oct 10, 2025",2476,True,False
Liereyy,2025,"Oct 15, 2025",2484,True,False
Liereyy,2025,"Oct 18, 2025",2484,False,False
Liereyy,2025,"Oct 18, 2025",2484,False,False
Liereyy,2025,"Oct 22, 2025",2492,True,False
Liereyy,2025,"Oct 23, 2025",2493,False,True
Liereyy,2025,"Oct 24, 2025",2499,True,False
Liereyy,2025,"Oct 25, 2025",2498,True,False
Liereyy,2025,"Oct 26, 2025",2495,True,False
Liereyy,2025,"Oct 26, 2025",2493,False,True
Liereyy,2025,"Nov 05, 2025",2493,True,False
Liereyy,2025,"Nov 11, 2025",2493,True,False
Liereyy,2025,"Nov 16, 2025",2489,True,False
Liereyy,2025,"Nov 22, 2025",2489,True,False
Liereyy,2025,"Nov 28, 2025",2488,True,False
Liereyy,2025,"Nov 29, 2025",2471,False,True
Liereyy,2025,"Dec 03, 2025",2474,True,False
Liereyy,2025,"Dec 07, 2025",2477,True,False
Liereyy,2025,"Dec 14, 2025",2479,True,False
Liereyy,2025,"Dec 19, 2025",2467,False,True
Liereyy,2026,"Feb 06, 2026",2470,True,False
Liereyy,2026,"Feb 14, 2026",2479,True,False
Liereyy,2026,"Feb 20, 2026",2488,True,False
Liereyy,2026,"Mar 07, 2026",2491,True,False
Liereyy,2026,"Mar 16, 2026",2497,True,False
Liereyy,2026,"Mar 20, 2026",2503,True,False
Liereyy,2026,"Mar 21, 2026",2515,True,False
Liereyy,2026,"Mar 22, 2026",2513,False,True
Liereyy,2026,"Apr 01, 2026",2522,True,False
Liereyy,2026,"Apr 02, 2026",2526,True,False
Liereyy,2026,"Apr 03, 2026",2535,True,False
Liereyy,2026,"Apr 05, 2026",2547,True,False
Liereyy,2026,"Apr 06, 2026",2547,False,True
Liereyy,2026,"Apr 11, 2026",2547,True,False
Liereyy,2026,"Apr 11, 2026",2550,True,False
Liereyy,2026,"Apr 11, 2026",2553,True,False
Liereyy,2026,"Apr 12, 2026",2549,True,False
Liereyy,2026,"May 09, 2026",2549,True,False
Liereyy,2026,"May 17, 2026",2558,True,False
Liereyy,2026,"May 22, 2026",2566,True,False
Liereyy,2026,"May 23, 2026",2573,True,False
Liereyy,2026,"May 24, 2026",2573,True,False
Liereyy,2026,"Jul 01, 2026",2571,True,False
Liereyy,2026,"Jul 02, 2026",2556,False,True
Liereyy,2026,"Jul 03, 2026",2562,True,False
Liereyy,2026,"Jul 04, 2026",2571,True,False
Liereyy,2026,"Jul 05, 2026",2567,True,False
Liereyy,2026,"Jul 05, 2026",2559,False,True
Liereyy,2026,"Aug 05, 2026",2545,False,True
Liereyy,2026,"Aug 06, 2026",2554,True,False
Liereyy,2026,"Aug 07, 2026",2548,True,False
Liereyy,2026,"Aug 07, 2026",2552,True,False
MbL,2015,"May 17, 2015",2008,True,False
MbL,2015,"May 24, 2015",1999,False,True
MbL,2015,"May 24, 2015",2008,True,False
MbL,2015,"May 31, 2015",2012,True,False
MbL,2015,"Jun 21, 2015",2000,False,True
MbL,2015,"Jun 21, 2015",1992,False,True
MbL,2015,"Jun 30, 2015",1990,False,True
MbL,2015,"Jul 12, 2015",1998,True,False
MbL,2015,"Jul 19, 2015",2002,False,False
MbL,2015,"Jul 26, 2015",2002,False,True
MbL,2015,"Aug 02, 2015",1990,False,True
MbL,2015,"Aug 09, 2015",1982,False,True
MbL,2015,"Aug 16, 2015",1979,False,True
MbL,2015,"Aug 23, 2015",1975,False,True
MbL,2015,"Aug 30, 2015",1971,False,True
MbL,2015,"Sep 06, 2015",1967,False,True
MbL,2015,"Sep 13, 2015",1967,False,False
MbL,2015,"Dec 06, 2015",1971,True,False
MbL,2015,"Dec 13, 2015",1972,False,True
MbL,2015,"Dec 15, 2015",1978,True,False
MbL,2015,"Dec 20, 2015",1990,True,False
MbL,2015,"Dec 22, 2015",1998,True,False
MbL,2015,"Dec 27, 2015",2002,True,False
MbL,2015,"Dec 28, 2015",2014,True,False
MbL,2016,"Jan 03, 2016",2029,True,False
MbL,2016,"Jan 06, 2016",2025,False,True
MbL,2016,"Jan 10, 2016",2039,True,False
MbL,2016,"Jan 17, 2016",2055,True,False
MbL,2016,"Jan 24, 2016",2063,True,False
MbL,2016,"Jan 31, 2016",2061,False,True
MbL,2016,"Feb 01, 2016",2053,False,True
MbL,2016,"Feb 08, 2016",2053,False,True
MbL,2016,"Feb 15, 2016",2041,False,True
MbL,2016,"Apr 04, 2016",2045,True,False
MbL,2016,"Apr 24, 2016",2041,False,True
MbL,2016,"May 20, 2016",2040,False,True
MbL,2016,"Oct 14, 2016",2056,True,False
MbL,2016,"Oct 15, 2016",2068,True,False
MbL,2016,"Oct 16, 2016",2066,False,True
MbL,2016,"Nov 30, 2016",2075,True,False
MbL,2016,"Nov 30, 2016",2064,False,True
MbL,2017,"Jan 13, 2017",2060,False,True
MbL,2017,"Feb 07, 2017",2063,True,False
MbL,2017,"Feb 08, 2017",2059,False,True
MbL,2017,"Feb 28, 2017",2047,False,True
MbL,2017,"Mar 19, 2017",2051,True,False
MbL,2017,"Mar 28, 2017",2059,True,False
MbL,2017,"Apr 08, 2017",2065,False,True
MbL,2017,"Apr 09, 2017",2053,False,True
MbL,2017,"Apr 10, 2017",2033,False,True
MbL,2017,"Apr 11, 2017",2026,False,True
MbL,2017,"Apr 12, 2017",2006,False,True
MbL,2017,"Apr 30, 2017",2002,False,True
MbL,2017,"Jul 07, 2017",2008,True,False
MbL,2017,"Jul 07, 2017",2016,True,False
MbL,2017,"Jul 08, 2017",2013,False,True
MbL,2017,"Jul 15, 2017",2019,True,False
MbL,2017,"Jul 15, 2017",2020,True,False
MbL,2017,"Jul 16, 2017",2016,False,True
MbL,2017,"Jul 22, 2017",2022,True,False
MbL,2017,"Jul 22, 2017",2028,True,False
MbL,2017,"Jul 23, 2017",2019,False,True
MbL,2017,"Jul 29, 2017",2023,True,False
MbL,2017,"Jul 29, 2017",2023,False,False
MbL,2017,"Jul 30, 2017",2027,True,False
MbL,2017,"Jul 30, 2017",2031,True,False
MbL,2017,Aug 2017,2029,False,True
MbL,2017,Aug 2017,2026,False,True
MbL,2017,"Oct 20, 2017",2042,True,False
MbL,2017,"Oct 21, 2017",2038,False,True
MbL,2017,"Nov 07, 2017",2044,True,False
MbL,2017,"Nov 08, 2017",2043,False,True
MbL,2017,"Nov 09, 2017",2047,True,False
MbL,2017,"Nov 10, 2017",2057,True,False
MbL,2017,"Nov 11, 2017",2064,True,False
MbL,2017,"Nov 12, 2017",2061,False,True
MbL,2017,Dec 2017,2070,True,False
MbL,2017,Dec 2017,2061,False,True
MbL,2018,Jun 2018,2069,True,False
MbL,2018,Jun 2018,2070,False,True
MbL,2018,Jun 2018,2071,True,False
MbL,2018,Jul 2018,2088,True,False
MbL,2018,Jul 2018,2086,False,True
MbL,2018,Jul 2018,2102,True,False
MbL,2018,Jul 2018,2116,True,False
MbL,2018,Jul 2018,2134,True,False
MbL,2018,Jul 2018,2151,True,False
MbL,2018,Jul 2018,2131,False,True
MbL,2018,Aug 2018,2137,True,False
MbL,2018,Aug 2018,2141,True,False
MbL,2018,Aug 2018,2157,True,False
MbL,2018,Aug 2018,2161,True,False
MbL,2018,Oct 2018,2170,True,False
MbL,2018,Oct 2018,2174,True,False
MbL,2018,Oct 2018,2172,False,True
MbL,2019,"Jan 06, 2019",2178,True,False
MbL,2019,"Jan 13, 2019",2182,True,False
MbL,2019,"Jan 20, 2019",2170,False,True
MbL,2019,"Feb 09, 2019",2179,True,False
MbL,2019,"Feb 10, 2019",2195,True,False
MbL,2019,"Feb 11, 2019",2187,False,True
MbL,2019,"Feb 12, 2019",2191,True,False
MbL,2019,"Feb 13, 2019",2200,True,False
MbL,2019,"Feb 16, 2019",2192,False,True
MbL,2019,"Feb 19, 2019",2190,True,False
MbL,2019,"Mar 02, 2019",2194,True,False
MbL,2019,"Mar 09, 2019",2198,True,False
MbL,2019,"Mar 09, 2019",2190,False,True
MbL,2019,"Apr 12, 2019",2194,True,False
MbL,2019,"Apr 13, 2019",2203,True,False
MbL,2019,"Apr 14, 2019",2203,False,True
MbL,2019,"May 26, 2019",2211,True,False
MbL,2019,"Jun 02, 2019",2199,False,True
MbL,2019,"Jun 16, 2019",2187,False,True
MbL,2019,"Jun 23, 2019",2191,True,False
MbL,2019,"Jun 30, 2019",2187,False,True
MbL,2019,"Jul 07, 2019",2178,False,True
MbL,2019,"Aug 09, 2019",2174,False,True
MbL,2019,"Aug 10, 2019",2170,False,True
MbL,2019,"Aug 17, 2019",2174,True,False
MbL,2019,"Aug 17, 2019",2182,True,False
MbL,2019,"Aug 18, 2019",2186,True,False
MbL,2019,"Aug 21, 2019",2177,False,True
MbL,2019,"Aug 30, 2019",2168,False,True
MbL,2019,"Sep 01, 2019",2171,True,False
MbL,2020,"Jan 31, 2020",2177,True,False
MbL,2020,"Feb 05, 2020",2169,False,True
MbL,2020,"Feb 06, 2020",2173,True,False
MbL,2020,"Feb 08, 2020",2177,True,False
MbL,2020,"Feb 09, 2020",2171,False,True
MbL,2020,"Feb 11, 2020",2179,True,False
MbL,2020,"Feb 15, 2020",2171,False,True
MbL,2020,"Mar 07, 2020",2167,False,True
MbL,2020,"Mar 20, 2020",2176,True,False
MbL,2020,"Mar 21, 2020",2167,False,True
MbL,2020,"Apr 30, 2020",2175,True,False
MbL,2020,"May 02, 2020",2163,False,True
MbL,2020,"Jul 14, 2020",2154,False,True
MbL,2020,"Jul 22, 2020",2159,True,False
MbL,2020,"Jul 22, 2020",2156,False,True
MbL,2020,"Aug 06, 2020",2160,True,False
MbL,2020,"Aug 07, 2020",2151,False,True
MbL,2020,"Aug 15, 2020",2151,True,False
MbL,2020,"Aug 20, 2020",2142,False,True
MbL,2020,"Sep 03, 2020",2157,True,False
MbL,2020,"Sep 17, 2020",2161,True,False
MbL,2020,"Sep 24, 2020",2167,True,False
MbL,2020,"Oct 03, 2020",2173,True,False
MbL,2020,"Oct 10, 2020",2182,True,False
MbL,2020,"Oct 18, 2020",2194,True,False
MbL,2020,"Oct 24, 2020",2206,True,False
MbL,2020,"Oct 25, 2020",2203,False,True
MbL,2021,"Jan 09, 2021",2207,True,False
MbL,2021,"Jan 09, 2021",2205,True,False
MbL,2021,"Jan 09, 2021",2205,True,False
MbL,2021,"Jan 10, 2021",2212,True,False
MbL,2021,"Jan 16, 2021",2206,False,True
MbL,2021,"Jan 17, 2021",2198,False,True
MbL,2021,"Mar 18, 2021",2186,False,True
MbL,2021,"May 15, 2021",2181,False,True
MbL,2021,"May 29, 2021",2183,True,False
MbL,2021,"May 29, 2021",2187,True,False
MbL,2021,"May 29, 2021",2188,True,False
MbL,2021,"May 29, 2021",2194,True,False
MbL,2021,"May 30, 2021",2198,True,False
MbL,2021,"Jun 19, 2021",2190,False,True
MbL,2021,"Jun 20, 2021",2196,True,False
MbL,2021,"Jun 25, 2021",2200,True,False
MbL,2021,"Jun 26, 2021",2196,False,True
MbL,2021,"Jul 03, 2021",2202,False,True
MbL,2021,"Jul 05, 2021",2203,False,True
MbL,2021,"Jul 23, 2021",2207,True,False
MbL,2021,"Jul 23, 2021",2211,True,False
MbL,2021,"Jul 24, 2021",2212,False,True
MbL,2021,"Sep 13, 2021",2218,True,False
MbL,2021,"Sep 14, 2021",2212,False,True
MbL,2021,"Sep 15, 2021",2216,True,False
MbL,2021,"Sep 16, 2021",2210,False,True
MbL,2021,"Sep 18, 2021",2219,True,False
MbL,2021,"Sep 19, 2021",2210,False,True
MbL,2021,"Oct 02, 2021",2210,False,False
MbL,2021,"Oct 02, 2021",2216,True,False
MbL,2021,"Oct 02, 2021",2204,False,True
MbL,2021,"Oct 03, 2021",2194,False,True
MbL,2021,"Nov 21, 2021",2203,True,False
MbL,2021,"Nov 26, 2021",2211,True,False
MbL,2021,"Nov 28, 2021",2205,False,True
MbL,2021,"Dec 03, 2021",2197,False,True
MbL,2022,"Apr 30, 2022",2197,False,False
MbL,2022,"May 28, 2022",2201,True,False
MbL,2022,"May 28, 2022",2197,False,True
MbL,2022,"May 31, 2022",2201,True,False
MbL,2022,"Jun 30, 2022",2216,True,False
MbL,2022,"Jul 02, 2022",2216,False,False
MbL,2022,"Jul 03, 2022",2225,True,False
MbL,2022,"Jul 03, 2022",2226,False,True
MbL,2022,"Jul 07, 2022",2233,True,False
MbL,2022,"Jul 09, 2022",2236,True,False
MbL,2022,"Jul 09, 2022",2239,True,False
MbL,2022,"Jul 10, 2022",2243,True,False
MbL,2022,"Jul 16, 2022",2235,False,True
MbL,2022,"Jul 19, 2022",2244,True,False
MbL,2022,"Jul 21, 2022",2251,True,False
MbL,2022,"Jul 23, 2022",2247,False,True
MbL,2022,"Jul 29, 2022",2248,True,False
MbL,2022,"Aug 06, 2022",2244,False,True
MbL,2022,"Aug 20, 2022",2246,True,False
MbL,2022,"Aug 20, 2022",2250,True,False
MbL,2022,"Aug 20, 2022",2259,True,False
MbL,2022,"Aug 21, 2022",2271,True,False
MbL,2022,"Oct 21, 2022",2279,True,False
MbL,2022,"Oct 21, 2022",2273,False,True
MbL,2022,"Oct 22, 2022",2274,True,False
MbL,2022,"Oct 23, 2022",2265,False,True
MbL,2022,"Nov 12, 2022",2261,False,True
MbL,2022,"Nov 18, 2022",2265,True,False
MbL,2022,"Nov 20, 2022",2257,False,True
MbL,2022,"Dec 03, 2022",2259,True,False
MbL,2022,"Dec 03, 2022",2261,True,False
MbL,2022,"Dec 03, 2022",2265,True,False
MbL,2022,"Dec 04, 2022",2256,False,True
MbL,2022,"Dec 06, 2022",2264,True,False
MbL,2022,"Dec 09, 2022",2252,False,True
MbL,2022,"Dec 09, 2022",2248,False,True
MbL,2023,"Jan 09, 2023",2257,True,False
MbL,2023,"Jan 23, 2023",2239,False,True
MbL,2023,"Jan 30, 2023",2238,False,True
MbL,2023,"Feb 05, 2023",2223,False,True
MbL,2023,"Feb 05, 2023",2230,True,False
MbL,2023,"Feb 16, 2023",2226,True,False
MbL,2023,"Feb 18, 2023",2217,False,True
MbL,2023,"Feb 24, 2023",2220,True,False
MbL,2023,"Feb 25, 2023",2229,True,False
MbL,2023,"Feb 25, 2023",2225,False,True
MbL,2023,"Apr 29, 2023",2229,True,False
MbL,2023,"Apr 29, 2023",2232,True,False
MbL,2023,"Apr 30, 2023",2241,True,False
MbL,2023,"May 10, 2023",2245,True,False
MbL,2023,"May 14, 2023",2241,False,True
MbL,2023,"May 20, 2023",2250,True,False
MbL,2023,"May 24, 2023",2262,True,False
MbL,2023,"May 25, 2023",2282,True,False
MbL,2023,"May 27, 2023",2275,False,True
MbL,2023,"May 28, 2023",2266,False,True
MbL,2023,"Jun 01, 2023",2268,True,False
MbL,2023,"Jun 04, 2023",2271,True,False
MbL,2023,"Jun 08, 2023",2275,True,False
MbL,2023,"Jun 12, 2023",2274,True,False
MbL,2023,"Jun 22, 2023",2266,False,True
MbL,2023,"Jul 25, 2023",2261,True,False
MbL,2023,"Aug 09, 2023",2264,True,False
MbL,2023,"Aug 11, 2023",2262,True,False
MbL,2023,"Aug 12, 2023",2268,True,False
MbL,2023,"Aug 13, 2023",2256,False,True
MbL,2023,"Aug 17, 2023",2262,True,False
MbL,2023,"Aug 25, 2023",2268,True,False
MbL,2023,"Aug 29, 2023",2269,True,False
MbL,2023,"Oct 13, 2023",2264,True,False
MbL,2023,"Oct 20, 2023",2252,False,True
MbL,2023,"Oct 21, 2023",2254,True,False
MbL,2023,"Oct 21, 2023",2257,True,False
MbL,2023,"Oct 21, 2023",2261,True,False
MbL,2023,"Oct 22, 2023",2257,False,True
MbL,2023,"Oct 24, 2023",2263,True,False
MbL,2023,"Oct 24, 2023",2269,True,False
MbL,2023,"Oct 25, 2023",2269,False,True
MbL,2023,"Oct 26, 2023",2273,True,False
MbL,2023,"Oct 27, 2023",2264,False,True
MbL,2023,"Oct 28, 2023",2266,True,False
MbL,2023,"Oct 28, 2023",2260,True,False
MbL,2023,"Oct 28, 2023",2266,True,False
MbL,2023,"Oct 29, 2023",2262,False,True
MbL,2023,"Nov 11, 2023",2263,True,False
MbL,2023,"Dec 05, 2023",2269,True,False
MbL,2023,"Dec 08, 2023",2272,True,False
MbL,2023,"Dec 09, 2023",2264,False,True
MbL,2023,"Dec 14, 2023",2267,True,False
MbL,2023,"Dec 16, 2023",2276,True,False
MbL,2023,"Dec 16, 2023",2267,False,True
MbL,2023,"Dec 17, 2023",2261,True,False
MbL,2024,"Jan 19, 2024",2253,False,True
MbL,2024,"Jan 26, 2024",2255,True,False
MbL,2024,"Jan 28, 2024",2264,True,False
MbL,2024,"Feb 01, 2024",2271,True,False
MbL,2024,"Feb 04, 2024",2279,True,False
MbL,2024,"Feb 09, 2024",2291,True,False
MbL,2024,"Feb 26, 2024",2295,True,False
MbL,2024,"Feb 29, 2024",2293,False,True
MbL,2024,"Mar 17, 2024",2293,False,False
MbL,2024,"Mar 17, 2024",2293,False,False
MbL,2024,"Mar 17, 2024",2293,False,False
MbL,2024,"Mar 17, 2024",2293,False,False
MbL,2024,"Mar 17, 2024",2293,False,False
MbL,2024,"Apr 09, 2024",2295,True,False
MbL,2024,"Apr 19, 2024",2297,True,False
MbL,2024,"Apr 26, 2024",2297,True,False
MbL,2024,"May 01, 2024",2300,True,False
MbL,2024,"May 03, 2024",2308,True,False
MbL,2024,"May 05, 2024",2311,True,False
MbL,2024,"May 07, 2024",2311,True,False
MbL,2024,"May 09, 2024",2307,False,True
MbL,2024,"May 11, 2024",2314,True,False
MbL,2024,"Jun 03, 2024",2326,True,False
MbL,2024,"Jun 06, 2024",2324,False,True
MbL,2024,"Jul 06, 2024",2331,True,False
MbL,2024,"Jul 08, 2024",2323,False,True
MbL,2024,"Sep 08, 2024",2326,True,False
MbL,2024,"Sep 21, 2024",2327,True,False
MbL,2024,"Sep 27, 2024",2325,False,True
MbL,2024,"Oct 03, 2024",2319,False,True
MbL,2024,"Oct 04, 2024",2315,False,True
MbL,2024,"Nov 08, 2024",2318,True,False
MbL,2024,"Nov 08, 2024",2321,True,False
MbL,2024,"Nov 09, 2024",2325,True,False
MbL,2024,"Nov 10, 2024",2317,False,True
MbL,2024,"Nov 13, 2024",2317,True,False
MbL,2024,"Nov 18, 2024",2320,True,False
MbL,2024,"Nov 23, 2024",2324,True,False
MbL,2024,"Dec 01, 2024",2325,False,True
MbL,2025,"Jan 04, 2025",2327,True,False
MbL,2025,"Jan 04, 2025",2321,True,False
MbL,2025,"Jan 04, 2025",2329,True,False
MbL,2025,"Jan 05, 2025",2327,False,True
MbL,2025,"Jan 20, 2025",2326,False,True
MbL,2025,"Jan 25, 2025",2333,True,False
MbL,2025,"Feb 02, 2025",2348,True,False
MbL,2025,"Feb 16, 2025",2341,False,True
MbL,2025,"Feb 22, 2025",2342,True,False
MbL,2025,"Feb 25, 2025",2334,False,True
MbL,2025,"Apr 24, 2025",2340,True,False
MbL,2025,"Apr 26, 2025",2343,True,False
MbL,2025,"Apr 26, 2025",2352,True,False
MbL,2025,"Apr 27, 2025",2348,False,True
MbL,2025,"Apr 29, 2025",2351,True,False
MbL,2025,"May 03, 2025",2351,False,False
MbL,2025,"May 03, 2025",2351,True,False
MbL,2025,"May 04, 2025",2355,True,False
MbL,2025,"May 19, 2025",2346,False,True
MbL,2025,"May 22, 2025",2355,True,False
MbL,2025,"May 25, 2025",2359,True,False
MbL,2025,"May 28, 2025",2357,False,True
MbL,2025,"Jun 12, 2025",2353,True,False
MbL,2025,"Jun 18, 2025",2353,True,False
MbL,2025,"Jun 23, 2025",2360,True,False
MbL,2025,"Jun 26, 2025",2364,True,False
MbL,2025,"Jun 30, 2025",2376,True,False
MbL,2025,"Jul 03, 2025",2386,False,True
MbL,2025,"Jul 31, 2025",2382,True,False
MbL,2025,"Aug 02, 2025",2382,True,False
MbL,2025,"Aug 02, 2025",2370,False,True
MbL,2025,"Sep 08, 2025",2376,True,False
MbL,2025,"Sep 16, 2025",2364,False,True
MbL,2025,"Sep 25, 2025",2366,True,False
MbL,2025,"Sep 26, 2025",2372,True,False
MbL,2025,"Sep 29, 2025",2378,True,False
MbL,2025,"Oct 04, 2025",2382,True,False
MbL,2025,"Oct 11, 2025",2394,True,False
MbL,2025,"Oct 17, 2025",2406,True,False
MbL,2025,"Oct 18, 2025",2414,True,False
MbL,2025,"Oct 19, 2025",2409,True,False
MbL,2025,"Nov 06, 2025",2409,True,False
MbL,2025,"Nov 10, 2025",2398,True,False
MbL,2025,"Nov 16, 2025",2384,False,True
MbL,2025,"Dec 04, 2025",2387,True,False
MbL,2025,"Dec 07, 2025",2393,True,False
MbL,2025,"Dec 16, 2025",2389,False,True
MbL,2026,"Jan 25, 2026",2386,True,False
MbL,2026,"Feb 06, 2026",2392,True,False
MbL,2026,"Feb 14, 2026",2383,False,True
MbL,2026,"Feb 21, 2026",2379,False,True
MbL,2026,"Mar 10, 2026",2375,False,True
MbL,2026,"Mar 16, 2026",2373,True,False
MbL,2026,"Apr 01, 2026",2369,False,True
MbL,2026,"Apr 02, 2026",2375,False,True
MbL,2026,"Apr 03, 2026",2366,False,True
MbL,2026,"Apr 10, 2026",2366,False,True
MbL,2026,"Apr 16, 2026",2369,True,False
MbL,2026,"Apr 17, 2026",2363,True,False
MbL,2026,"Apr 18, 2026",2347,False,True
MbL,2026,"Apr 25, 2026",2349,True,False
MbL,2026,"Apr 25, 2026",2345,True,False
MbL,2026,"Apr 25, 2026",2344,True,False
MbL,2026,"Apr 27, 2026",2348,True,False
MbL,2026,"May 10, 2026",2349,False,True
MbL,2026,"May 15, 2026",2341,False,True
MbL,2026,"Sep 23, 2026",2344,True,False
MbL,2026,"Sep 26, 2026",2335,False,True
MbL,2026,"Sep 29, 2026",2335,True,False
Yo,2012,"Jun 10, 2012",2001,True,False
Yo,2012,"Jun 18, 2012",2009,True,False
Yo,2012,"Jun 22, 2012",2008,False,True
Yo,2012,"Jun 27, 2012",1999,False,True
Yo,2012,"Oct 21, 2012",1995,False,True
Yo,2013,"Aug 11, 2013",1991,False,True
Yo,2013,"Aug 21, 2013",1987,False,True
Yo,2013,"Oct 20, 2013",1999,True,False
Yo,2013,"Oct 27, 2013",1991,False,True
Yo,2014,"Sep 06, 2014",1995,True,False
Yo,2014,"Sep 11, 2014",2011,True,False
Yo,2014,"Sep 20, 2014",1999,False,True
Yo,2014,"Oct 05, 2014",1999,False,True
Yo,2014,"Oct 31, 2014",2003,False,True
Yo,2014,"Oct 31, 2014",2007,False,True
Yo,2015,"Feb 10, 2015",2011,True,False
Yo,2015,"Feb 16, 2015",2016,True,False
Yo,2015,"Feb 18, 2015",2020,True,False
Yo,2015,"Mar 23, 2015",2024,True,False
Yo,2015,"May 31, 2015",2033,True,False
Yo,2015,"Jun 28, 2015",2041,True,False
Yo,2015,"Jun 30, 2015",2043,True,False
Yo,2015,"Jul 12, 2015",2051,True,False
Yo,2015,"Jul 12, 2015",2059,True,False
Yo,2015,"Jul 19, 2015",2076,True,False
Yo,2015,"Jul 26, 2015",2072,False,False
Yo,2015,"Aug 02, 2015",2084,True,False
Yo,2015,"Aug 09, 2015",2075,False,True
Yo,2015,"Aug 16, 2015",2075,False,False
Yo,2015,"Aug 23, 2015",2079,True,False
Yo,2015,"Aug 30, 2015",2083,True,False
Yo,2015,"Sep 06, 2015",2095,True,False
Yo,2015,"Sep 13, 2015",2089,False,True
Yo,2015,"Sep 20, 2015",2097,True,False
Yo,2015,"Oct 06, 2015",2098,True,False
Yo,2015,"Oct 06, 2015",2097,False,True
Yo,2015,"Oct 08, 2015",2103,True,False
Yo,2015,"Oct 09, 2015",2111,True,False
Yo,2015,"Oct 09, 2015",2120,True,False
Yo,2015,"Oct 09, 2015",2126,False,True
Yo,2016,"Feb 01, 2016",2130,True,False
Yo,2016,"Feb 08, 2016",2134,True,False
Yo,2016,"Feb 15, 2016",2143,True,False
Yo,2016,"Feb 22, 2016",2137,True,False
Yo,2016,"Feb 29, 2016",2146,True,False
Yo,2016,"Mar 07, 2016",2153,True,False
Yo,2016,Apr 2016,2150,True,False
Yo,2016,Apr 2016,2160,True,False
Yo,2016,"Apr 15, 2016",2158,True,False
Yo,2016,"Apr 30, 2016",2151,False,True
Yo,2016,"May 20, 2016",2152,True,False
Yo,2016,"May 28, 2016",2151,True,False
Yo,2016,May 2016,2151,False,False
Yo,2016,"Jun 05, 2016",2155,True,False
Yo,2016,"Oct 29, 2016",2151,False,True
Yo,2017,"Apr 28, 2017",2159,True,False
Yo,2017,"May 02, 2017",2155,True,False
Yo,2017,"May 15, 2017",2145,True,False
Yo,2017,"May 16, 2017",2152,True,False
Yo,2017,"May 25, 2017",2152,True,False
Yo,2017,"Oct 21, 2017",2136,False,True
Yo,2017,Dec 2017,2127,False,True
Yo,2018,Jun 2018,2130,True,False
Yo,2018,Jun 2018,2132,True,False
Yo,2018,Jun 2018,2128,False,True
Yo,2018,Jun 2018,2131,True,False
Yo,2018,Jun 2018,2126,False,True
Yo,2018,Jun 2018,2129,True,False
Yo,2018,Jun 2018,2124,False,True
Yo,2018,Jun 2018,2127,True,False
Yo,2018,Jun 2018,2129,True,False
Yo,2018,Jun 2018,2132,True,False
Yo,2018,Jun 2018,2127,False,True
Yo,2018,Jun 2018,2130,True,False
Yo,2018,Jun 2018,2133,True,False
Yo,2018,Jun 2018,2137,True,False
Yo,2018,Jul 2018,2141,True,False
Yo,2018,Jul 2018,2147,True,False
Yo,2018,Jul 2018,2141,False,True
Yo,2018,Aug 2018,2147,True,False
Yo,2018,Aug 2018,2153,True,False
Yo,2018,Aug 2018,2157,True,False
Yo,2018,Aug 2018,2153,False,True
Yo,2018,Oct 2018,2154,False,True
Yo,2018,"Oct 23, 2018",2154,True,False
Yo,2018,Nov 2018,2150,False,True
Yo,2018,Nov 2018,2141,False,True
Yo,2018,Nov 2018,2133,False,True
Yo,2019,"Jan 06, 2019",2133,True,False
Yo,2019,"Jan 13, 2019",2137,True,False
Yo,2019,"Jan 20, 2019",2136,True,False
Yo,2019,"Feb 01, 2019",2140,False,True
Yo,2019,"Apr 12, 2019",2144,True,False
Yo,2019,"Apr 13, 2019",2132,False,True
Yo,2019,"Jun 16, 2019",2136,True,False
Yo,2019,"Jun 23, 2019",2124,False,True
Yo,2019,"Jun 26, 2019",2136,True,False
Yo,2019,"Jun 29, 2019",2133,True,False
Yo,2019,"Jun 30, 2019",2129,False,True
Yo,2019,"Jun 30, 2019",2124,False,True
Yo,2019,"Jul 07, 2019",2133,True,False
Yo,2019,"Jul 13, 2019",2137,True,False
Yo,2019,"Jul 21, 2019",2151,True,False
Yo,2019,"Jul 28, 2019",2167,True,False
Yo,2019,"Aug 04, 2019",2186,True,False
Yo,2019,"Aug 09, 2019",2198,True,False
Yo,2019,"Aug 09, 2019",2202,True,False
Yo,2019,"Aug 10, 2019",2214,True,False
Yo,2019,"Aug 11, 2019",2206,False,True
Yo,2019,"Aug 17, 2019",2210,True,False
Yo,2019,"Aug 17, 2019",2202,False,True
Yo,2020,"Jan 04, 2020",2193,False,True
Yo,2020,"Jan 05, 2020",2202,True,False
Yo,2020,"Jan 06, 2020",2193,False,True
Yo,2020,"Jan 07, 2020",2202,True,False
Yo,2020,"Jan 08, 2020",2202,True,False
Yo,2020,"Jan 10, 2020",2204,True,False
Yo,2020,"Jan 11, 2020",2202,False,True
Yo,2020,"Mar 07, 2020",2206,True,False
Yo,2020,"Mar 20, 2020",2205,True,False
Yo,2020,"Mar 21, 2020",2201,False,True
Yo,2020,"May 01, 2020",2210,True,False
Yo,2020,"May 02, 2020",2214,True,False
Yo,2020,"May 03, 2020",2218,True,False
Yo,2020,"May 03, 2020",2238,True,False
Yo,2020,"Jul 12, 2020",2244,True,False
Yo,2020,"Jul 22, 2020",2239,False,True
Yo,2020,"Aug 06, 2020",2243,True,False
Yo,2020,"Aug 06, 2020",2249,True,False
Yo,2020,"Aug 07, 2020",2234,False,True
Yo,2020,"Aug 18, 2020",2225,False,True
Yo,2020,"Aug 20, 2020",2233,True,False
Yo,2020,"Aug 22, 2020",2239,True,False
Yo,2020,"Aug 23, 2020",2235,False,True
Yo,2020,"Sep 17, 2020",2237,True,False
Yo,2020,"Sep 24, 2020",2237,True,False
Yo,2020,"Sep 24, 2020",2237,False,False
Yo,2020,"Oct 03, 2020",2243,True,False
Yo,2020,"Oct 10, 2020",2234,False,True
Yo,2020,"Oct 17, 2020",2240,True,False
Yo,2020,"Oct 18, 2020",2252,True,False
Yo,2020,"Oct 24, 2020",2248,False,True
Yo,2020,"Nov 07, 2020",2244,False,True
Yo,2020,"Nov 07, 2020",2240,False,True
Yo,2020,"Nov 07, 2020",2236,False,True
Yo,2021,"Jan 16, 2021",2242,True,False
Yo,2021,"Jan 17, 2021",2248,True,False
Yo,2021,"Jan 23, 2021",2236,False,True
Yo,2021,"Mar 18, 2021",2244,True,False
Yo,2021,"Mar 20, 2021",2252,True,False
Yo,2021,"Mar 21, 2021",2235,False,True
Yo,2021,"Apr 30, 2021",2241,True,False
Yo,2021,"May 06, 2021",2243,True,False
Yo,2021,"May 07, 2021",2251,True,False
Yo,2021,"May 15, 2021",2257,True,False
Yo,2021,"May 16, 2021",2269,True,False
Yo,2021,"May 17, 2021",2262,False,True
Yo,2021,"May 21, 2021",2268,True,False
Yo,2021,"May 29, 2021",2270,True,False
Yo,2021,"May 30, 2021",2270,False,True
Yo,2021,"Jun 19, 2021",2274,True,False
Yo,2021,"Jun 20, 2021",2275,True,False
Yo,2021,"Jun 26, 2021",2266,False,True
Yo,2021,"Jul 03, 2021",2274,True,False
Yo,2021,"Jul 08, 2021",2286,True,False
Yo,2021,"Jul 10, 2021",2282,False,True
Yo,2021,"Jul 17, 2021",2264,False,True
Yo,2021,"Jul 23, 2021",2266,True,False
Yo,2021,"Jul 23, 2021",2275,True,False
Yo,2021,"Jul 24, 2021",2284,True,False
Yo,2021,"Jul 24, 2021",2293,True,False
Yo,2021,"Jul 25, 2021",2297,True,False
Yo,2021,"Jul 25, 2021",2305,True,False
Yo,2021,"Sep 10, 2021",2309,True,False
Yo,2021,"Sep 11, 2021",2309,True,False
Yo,2021,"Sep 12, 2021",2299,True,False
Yo,2021,"Sep 28, 2021",2301,True,False
Yo,2021,"Oct 04, 2021",2305,True,False
Yo,2021,"Oct 08, 2021",2309,True,False
Yo,2021,"Oct 09, 2021",2305,False,True
Yo,2021,"Oct 13, 2021",2309,True,False
Yo,2021,"Oct 15, 2021",2310,True,False
Yo,2021,"Oct 16, 2021",2319,True,False
Yo,2021,"Oct 17, 2021",2307,False,True
Yo,2021,"Nov 20, 2021",2313,True,False
Yo,2021,"Nov 25, 2021",2322,True,False
Yo,2021,"Nov 27, 2021",2334,True,False
Yo,2021,"Dec 04, 2021",2312,False,True
Yo,2022,"Jan 15, 2022",2308,True,False
Yo,2022,"Jan 23, 2022",2307,True,False
Yo,2022,"Jan 30, 2022",2315,True,False
Yo,2022,"Feb 05, 2022",2306,False,True
Yo,2022,"Feb 23, 2022",2308,True,False
Yo,2022,"Mar 04, 2022",2311,True,False
Yo,2022,"Mar 11, 2022",2315,True,False
Yo,2022,"Mar 24, 2022",2330,True,False
Yo,2022,"Mar 26, 2022",2342,True,False
Yo,2022,"Mar 27, 2022",2344,True,False
Yo,2022,"Apr 07, 2022",2337,False,True
Yo,2022,"Apr 21, 2022",2329,False,True
Yo,2022,"Apr 27, 2022",2331,True,False
Yo,2022,"Apr 30, 2022",2333,True,False
Yo,2022,"Apr 30, 2022",2336,True,False
Yo,2022,"May 01, 2022",2338,True,False
Yo,2022,"May 02, 2022",2333,False,True
Yo,2022,"May 05, 2022",2337,True,False
Yo,2022,"May 07, 2022",2331,True,False
Yo,2022,"May 10, 2022",2330,True,False
Yo,2022,"May 12, 2022",2326,False,True
Yo,2022,"May 13, 2022",2326,True,False
Yo,2022,"May 18, 2022",2334,True,False
Yo,2022,"May 20, 2022",2334,True,False
Yo,2022,"May 21, 2022",2331,True,False
Yo,2022,"May 22, 2022",2347,True,False
Yo,2022,"May 22, 2022",2354,True,False
Yo,2022,"May 27, 2022",2356,True,False
Yo,2022,"Jun 08, 2022",2346,False,True
Yo,2022,"Jun 08, 2022",2350,True,False
Yo,2022,"Jun 08, 2022",2343,False,True
Yo,2022,"Jun 14, 2022",2343,True,False
Yo,2022,"Jun 20, 2022",2328,False,True
Yo,2022,"Jun 21, 2022",2334,True,False
Yo,2022,"Jun 22, 2022",2338,True,False
Yo,2022,"Jun 22, 2022",2334,False,True
Yo,2022,"Jun 30, 2022",2321,False,True
Yo,2022,"Jul 02, 2022",2324,True,False
Yo,2022,"Jul 02, 2022",2324,True,False
Yo,2022,"Jul 03, 2022",2330,True,False
Yo,2022,"Jul 07, 2022",2318,False,True
Yo,2022,"Jul 12, 2022",2324,True,False
Yo,2022,"Jul 16, 2022",2330,True,False
Yo,2022,"Jul 21, 2022",2336,True,False
Yo,2022,"Jul 22, 2022",2340,True,False
Yo,2022,"Jul 26, 2022",2344,True,False
Yo,2022,"Jul 29, 2022",2353,True,False
Yo,2022,"Jul 30, 2022",2357,True,False
Yo,2022,"Jul 31, 2022",2377,True,False
Yo,2022,"Aug 05, 2022",2376,True,False
Yo,2022,"Aug 06, 2022",2364,False,True
Yo,2022,"Sep 09, 2022",2364,True,False
Yo,2022,"Sep 10, 2022",2365,True,False
Yo,2022,"Sep 11, 2022",2344,False,True
Yo,2022,"Sep 14, 2022",2338,True,False
Yo,2022,"Sep 23, 2022",2340,True,False
Yo,2022,"Sep 24, 2022",2330,True,False
Yo,2022,"Oct 21, 2022",2336,True,False
Yo,2022,"Oct 21, 2022",2328,False,True
Yo,2022,"Oct 22, 2022",2332,True,False
Yo,2022,"Oct 23, 2022",2324,False,True
Yo,2022,"Nov 13, 2022",2320,False,True
Yo,2022,"Nov 18, 2022",2324,True,False
Yo,2022,"Nov 20, 2022",2332,True,False
Yo,2022,"Nov 25, 2022",2328,False,True
Yo,2022,"Dec 03, 2022",2330,True,False
Yo,2022,"Dec 03, 2022",2332,True,False
Yo,2022,"Dec 03, 2022",2332,True,False
Yo,2022,"Dec 04, 2022",2341,True,False
Yo,2023,"Jan 05, 2023",2336,True,False
Yo,2023,"Jan 19, 2023",2342,True,False
Yo,2023,"Jan 21, 2023",2348,True,False
Yo,2023,"Jan 23, 2023",2351,True,False
Yo,2023,"Jan 24, 2023",2347,True,False
Yo,2023,"Jan 25, 2023",2349,True,False
Yo,2023,"Jan 30, 2023",2350,True,False
Yo,2023,"Feb 05, 2023",2346,False,True
Yo,2023,"Feb 08, 2023",2336,False,True
Yo,2023,"Feb 09, 2023",2332,False,True
Yo,2023,"Feb 15, 2023",2335,True,False
Yo,2023,"Feb 16, 2023",2341,True,False
Yo,2023,"Feb 16, 2023",2345,True,False
Yo,2023,"Feb 16, 2023",2345,True,False
Yo,2023,"Feb 18, 2023",2351,True,False
Yo,2023,"Feb 18, 2023",2350,True,False
Yo,2023,"Feb 19, 2023",2357,True,False
Yo,2023,"Mar 02, 2023",2363,True,False
Yo,2023,"Mar 02, 2023",2371,True,False
Yo,2023,"Mar 02, 2023",2375,True,False
Yo,2023,"Mar 11, 2023",2374,True,False
Yo,2023,"Mar 12, 2023",2373,True,False
Yo,2023,"Mar 13, 2023",2364,False,True
Yo,2023,"Mar 14, 2023",2356,False,True
Yo,2023,"Mar 15, 2023",2360,True,False
Yo,2023,"Mar 16, 2023",2362,True,False
Yo,2023,"Mar 17, 2023",2366,True,False
Yo,2023,"Mar 18, 2023",2351,False,True
Yo,2023,"Apr 05, 2023",2352,True,False
Yo,2023,"Apr 06, 2023",2348,False,True
Yo,2023,"Apr 29, 2023",2350,True,False
Yo,2023,"Apr 29, 2023",2353,True,False
Yo,2023,"Apr 30, 2023",2356,True,False
Yo,2023,"May 13, 2023",2362,True,False
Yo,2023,"May 17, 2023",2366,True,False
Yo,2023,"May 22, 2023",2365,True,False
Yo,2023,"May 26, 2023",2377,True,False
Yo,2023,"May 27, 2023",2370,False,True
Yo,2023,"May 28, 2023",2379,True,False
Yo,2023,"May 31, 2023",2379,True,False
Yo,2023,"Jun 04, 2023",2382,True,False
Yo,2023,"Jun 07, 2023",2378,True,False
Yo,2023,"Jun 11, 2023",2377,True,False
Yo,2023,"Jun 19, 2023",2385,True,False
Yo,2023,"Jun 20, 2023",2393,True,False
Yo,2023,"Jun 21, 2023",2377,False,True
Yo,2023,"Jun 25, 2023",2359,False,True
Yo,2023,"Aug 03, 2023",2369,False,False
Yo,2023,"Aug 04, 2023",2361,False,True
Yo,2023,"Aug 07, 2023",2353,False,True
Yo,2023,"Aug 08, 2023",2365,True,False
Yo,2023,"Aug 16, 2023",2363,True,False
Yo,2023,"Aug 17, 2023",2363,True,False
Yo,2023,"Aug 19, 2023",2369,True,False
Yo,2023,"Aug 25, 2023",2361,False,True
Yo,2023,"Aug 26, 2023",2373,True,False
Yo,2023,"Aug 26, 2023",2369,False,True
Yo,2023,"Sep 03, 2023",2377,True,False
Yo,2023,"Sep 09, 2023",2365,False,True
Yo,2023,"Sep 10, 2023",2377,True,False
Yo,2023,"Sep 11, 2023",2383,True,False
Yo,2023,"Sep 18, 2023",2381,True,False
Yo,2023,"Sep 23, 2023",2387,True,False
Yo,2023,"Oct 01, 2023",2393,True,False
Yo,2023,"Oct 08, 2023",2405,True,False
Yo,2023,"Oct 10, 2023",2401,False,True
Yo,2023,"Oct 12, 2023",2400,True,False
Yo,2023,"Oct 14, 2023",2402,True,False
Yo,2023,"Oct 16, 2023",2411,True,False
Yo,2023,"Oct 18, 2023",2399,False,True
Yo,2023,"Oct 21, 2023",2394,True,False
Yo,2023,"Oct 23, 2023",2398,True,False
Yo,2023,"Oct 24, 2023",2394,True,False
Yo,2023,"Oct 24, 2023",2380,False,True
Yo,2023,"Oct 25, 2023",2377,True,False
Yo,2023,"Oct 25, 2023",2380,True,False
Yo,2023,"Oct 26, 2023",2389,True,False
Yo,2023,"Oct 27, 2023",2380,False,True
Yo,2023,"Nov 02, 2023",2389,True,False
Yo,2023,"Nov 03, 2023",2401,True,False
Yo,2023,"Nov 04, 2023",2409,True,False
Yo,2023,"Nov 07, 2023",2421,True,False
Yo,2023,"Nov 13, 2023",2415,True,False
Yo,2023,"Nov 16, 2023",2412,True,False
Yo,2023,"Nov 18, 2023",2405,False,True
Yo,2023,"Nov 19, 2023",2396,False,True
Yo,2023,"Nov 25, 2023",2402,True,False
Yo,2023,"Nov 26, 2023",2406,True,False
Yo,2023,"Nov 26, 2023",2409,False,True
Yo,2023,"Dec 04, 2023",2405,False,True
Yo,2023,"Dec 07, 2023",2397,True,False
Yo,2023,"Dec 19, 2023",2397,True,False
Yo,2023,"Dec 28, 2023",2393,False,True
Yo,2024,"Jan 06, 2024",2381,False,True
Yo,2024,"Jan 07, 2024",2380,True,False
Yo,2024,"Jan 08, 2024",2381,False,True
Yo,2024,"Jan 09, 2024",2389,True,False
Yo,2024,"Jan 10, 2024",2393,True,False
Yo,2024,"Jan 11, 2024",2390,True,False
Yo,2024,"Jan 12, 2024",2398,True,False
Yo,2024,"Jan 13, 2024",2417,True,False
Yo,2024,"Jan 14, 2024",2412,False,True
Yo,2024,"Feb 27, 2024",2400,False,True
Yo,2024,"Apr 09, 2024",2400,True,False
Yo,2024,"Apr 19, 2024",2402,True,False
Yo,2024,"Apr 23, 2024",2405,True,False
Yo,2024,"Apr 29, 2024",2409,True,False
Yo,2024,"May 06, 2024",2413,True,False
Yo,2024,"May 13, 2024",2409,False,True
Yo,2024,"Jun 05, 2024",2405,False,True
Yo,2024,"Jun 30, 2024",2409,True,False
Yo,2024,"Jul 10, 2024",2389,False,True
Yo,2024,"Aug 10, 2024",2389,True,False
Yo,2024,"Aug 11, 2024",2395,True,False
Yo,2024,"Aug 11, 2024",2398,True,False
Yo,2024,"Aug 17, 2024",2407,True,False
Yo,2024,"Aug 18, 2024",2396,False,True
Yo,2024,"Aug 30, 2024",2396,True,False
Yo,2024,"Sep 14, 2024",2391,False,True
Yo,2024,"Oct 20, 2024",2392,True,False
Yo,2024,"Oct 26, 2024",2386,False,True
Yo,2024,"Nov 02, 2024",2389,True,False
Yo,2024,"Nov 16, 2024",2392,True,False
Yo,2024,"Nov 20, 2024",2395,True,False
Yo,2024,"Nov 26, 2024",2401,True,False
Yo,2024,"Nov 30, 2024",2405,True,False
Yo,2024,"Dec 05, 2024",2401,False,True
Yo,2024,"Dec 15, 2024",2397,False,True
Yo,2024,"Dec 16, 2024",2405,True,False
Yo,2024,"Dec 17, 2024",2393,False,True
Yo,2024,"Dec 18, 2024",2405,True,False
Yo,2024,"Dec 19, 2024",2414,True,False
Yo,2024,"Dec 20, 2024",2426,True,False
Yo,2024,"Dec 21, 2024",2419,False,True
Yo,2025,"Jan 04, 2025",2419,True,False
Yo,2025,"Jan 04, 2025",2422,True,False
Yo,2025,"Jan 04, 2025",2426,True,False
Yo,2025,"Jan 05, 2025",2428,True,False
Yo,2025,"Jan 19, 2025",2423,True,False
Yo,2025,"Jan 24, 2025",2411,False,True
Yo,2025,"Feb 01, 2025",2409,True,False
Yo,2025,"Feb 16, 2025",2418,True,False
Yo,2025,"Feb 23, 2025",2417,False,True
Yo,2025,"Feb 26, 2025",2405,False,True
Yo,2025,"Mar 08, 2025",2405,True,False
Yo,2025,"Mar 13, 2025",2417,True,False
Yo,2025,"Mar 14, 2025",2421,True,False
Yo,2025,"Mar 15, 2025",2421,False,True
Yo,2025,"Mar 16, 2025",2414,False,True
Yo,2025,"Mar 19, 2025",2420,True,False
Yo,2025,"Mar 20, 2025",2414,True,False
Yo,2025,"Mar 22, 2025",2406,False,True
Yo,2025,"Apr 23, 2025",2406,True,False
Yo,2025,"Apr 26, 2025",2412,True,False
Yo,2025,"Apr 26, 2025",2412,True,False
Yo,2025,"Apr 27, 2025",2416,True,False
Yo,2025,"May 18, 2025",2425,True,False
Yo,2025,"May 21, 2025",2416,False,True
Yo,2025,"May 24, 2025",2410,False,True
Yo,2025,"May 28, 2025",2412,True,False
Yo,2025,"May 30, 2025",2416,True,False
Yo,2025,"May 31, 2025",2427,True,False
Yo,2025,"Jun 01, 2025",2423,False,True
Yo,2025,"Jun 23, 2025",2416,False,True
Yo,2025,"Jun 27, 2025",2420,True,False
Yo,2025,"Jun 29, 2025",2424,True,False
Yo,2025,"Jul 02, 2025",2436,True,False
Yo,2025,"Jul 05, 2025",2438,True,False
Yo,2025,"Jul 06, 2025",2452,True,False
Yo,2025,"Sep 08, 2025",2455,True,False
Yo,2025,"Sep 17, 2025",2461,True,False
Yo,2025,"Sep 18, 2025",2473,True,False
Yo,2025,"Sep 20, 2025",2469,False,True
Yo,2025,"Oct 04, 2025",2463,True,False
Yo,2025,"Oct 11, 2025",2451,False,True
Yo,2025,"Oct 14, 2025",2451,True,False
Yo,2025,"Oct 15, 2025",2443,False,True
Yo,2025,"Oct 22, 2025",2447,True,False
Yo,2025,"Oct 23, 2025",2446,True,False
Yo,2025,"Oct 24, 2025",2454,True,False
Yo,2025,"Oct 25, 2025",2450,False,True
Yo,2025,"Oct 26, 2025",2453,False,True
Yo,2025,"Nov 07, 2025",2453,True,False
Yo,2025,"Nov 12, 2025",2445,True,False
Yo,2025,"Nov 17, 2025",2448,True,False
Yo,2025,"Nov 20, 2025",2436,False,True
Yo,2025,"Dec 03, 2025",2439,True,False
Yo,2025,"Dec 10, 2025",2435,True,False
Yo,2025,"Dec 13, 2025",2447,True,False
Yo,2025,"Dec 18, 2025",2451,True,False
Yo,2025,"Dec 20, 2025",2444,False,True
Yo,2026,"Jan 24, 2026",2446,True,False
Yo,2026,"Jan 24, 2026",2440,True,False
Yo,2026,"Jan 24, 2026",2446,True,False
Yo,2026,"Jan 25, 2026",2455,True,False
Yo,2026,"Jan 25, 2026",2457,True,False
Yo,2026,"Feb 06, 2026",2460,True,False
Yo,2026,"Feb 13, 2026",2451,False,True
Yo,2026,"Feb 23, 2026",2447,False,True
Yo,2026,"Mar 06, 2026",2435,False,True
Yo,2026,"Mar 14, 2026",2433,True,False
Yo,2026,"Apr 01, 2026",2437,True,False
Yo,2026,"Apr 02, 2026",2433,False,True
Yo,2026,"Apr 03, 2026",2433,False,True
Yo,2026,"Apr 04, 2026",2425,False,True
Yo,2026,"Apr 10, 2026",2428,True,False
Yo,2026,"Apr 11, 2026",2431,True,False
Yo,2026,"Apr 11, 2026",2431,True,False
Yo,2026,"Apr 12, 2026",2439,True,False
Yo,2026,"May 08, 2026",2427,False,True
Yo,2026,"May 16, 2026",2419,False,True
Yo,2026,"Jul 01, 2026",2420,True,False
Yo,2026,"Jul 02, 2026",2408,False,True
Yo,2026,"Jul 03, 2026",2402,False,True
Yo,2026,"Jul 04, 2026",2414,True,False
Yo,2026,"Jul 05, 2026",2418,False,True
Yo,2026,"Sep 24, 2026",2418,True,False
Yo,2026,"Sep 26, 2026",2421,True,False
Yo,2026,"Sep 26, 2026",2430,True,False
Yo,2026,"Sep 26, 2026",2429,True,False
Yo,2026,"Sep 27, 2026",2440,True,False
Nicov,2013,"May 12, 2013",2008,True,False
Nicov,2013,"May 19, 2013",2000,False,True
Nicov,2013,"Jun 02, 2013",2004,True,False
Nicov,2013,"Jun 09, 2013",2012,True,False
Nicov,2013,"Jun 16, 2013",2020,True,False
Nicov,2013,"Jun 24, 2013",2024,True,False
Nicov,2013,"Jul 02, 2013",2020,False,True
Nicov,2013,"Aug 11, 2013",2024,True,False
Nicov,2014,"Jan 19, 2014",2017,False,True
Nicov,2014,"Jan 27, 2014",2005,False,True
Nicov,2014,"Feb 14, 2014",2009,True,False
Nicov,2014,"Feb 19, 2014",2005,False,True
Nicov,2014,"Feb 23, 2014",2014,True,False
Nicov,2014,"Mar 06, 2014",2010,False,True
Nicov,2014,"Aug 18, 2014",2013,True,False
Nicov,2014,"Aug 18, 2014",2017,True,False
Nicov,2014,"Aug 18, 2014",2021,True,False
Nicov,2014,"Sep 06, 2014",2017,False,True
Nicov,2015,"May 25, 2015",2026,True,False
Nicov,2015,"Jun 01, 2015",2014,False,True
Nicov,2016,"Dec 13, 2016",2019,True,False
Nicov,2016,"Dec 14, 2016",2016,False,True
Nicov,2016,"Dec 15, 2016",2021,True,False
Nicov,2016,"Dec 16, 2016",2019,False,True
Nicov,2017,"Jan 17, 2017",2016,False,True
Nicov,2017,"Jan 18, 2017",2021,True,False
Nicov,2017,"Jan 19, 2017",2025,True,False
Nicov,2017,"Jan 20, 2017",2027,False,True
Nicov,2017,"Feb 11, 2017",2032,True,False
Nicov,2017,"Feb 12, 2017",2036,True,False
Nicov,2017,"Feb 13, 2017",2040,True,False
Nicov,2017,"Feb 16, 2017",2052,True,False
Nicov,2017,"Feb 28, 2017",2064,True,False
Nicov,2017,"Mar 10, 2017",2076,True,False
Nicov,2017,"Mar 18, 2017",2076,False,False
Nicov,2017,"Mar 19, 2017",2084,True,False
Nicov,2017,"Mar 20, 2017",2080,False,True
Nicov,2017,"Apr 08, 2017",2084,True,False
Nicov,2017,"Apr 09, 2017",2075,False,True
Nicov,2017,"Apr 10, 2017",2095,True,False
Nicov,2017,"Apr 11, 2017",2102,True,False
Nicov,2017,"Apr 12, 2017",2100,False,True
Nicov,2017,"May 15, 2017",2104,True,False
Nicov,2017,"May 22, 2017",2100,False,True
Nicov,2017,"Jun 04, 2017",2109,True,False
Nicov,2017,"Jun 05, 2017",2105,False,True
Nicov,2017,"Jun 19, 2017",2107,False,True
Nicov,2017,"Jun 26, 2017",2100,False,True
Nicov,2018,Jun 2018,2104,True,False
Nicov,2018,Jun 2018,2107,True,False
Nicov,2018,Jun 2018,2110,True,False
Nicov,2018,Jun 2018,2113,True,False
Nicov,2018,Jun 2018,2108,False,True
Nicov,2018,Jun 2018,2111,True,False
Nicov,2018,Jun 2018,2106,False,True
Nicov,2018,Jun 2018,2109,True,False
Nicov,2018,Jun 2018,2113,True,False
Nicov,2018,Jun 2018,2116,True,False
Nicov,2018,Jun 2018,2119,True,False
Nicov,2018,Jun 2018,2114,False,True
Nicov,2018,Jun 2018,2109,False,True
Nicov,2018,Jun 2018,2105,False,True
Nicov,2018,Oct 2018,2117,True,False
Nicov,2018,Oct 2018,2111,False,True
Nicov,2018,Nov 2018,2117,True,False
Nicov,2018,Nov 2018,2123,True,False
Nicov,2018,Nov 2018,2119,False,True
Nicov,2019,"Jan 06, 2019",2123,True,False
Nicov,2019,"Jan 13, 2019",2119,False,True
Nicov,2019,"Feb 09, 2019",2110,False,True
Nicov,2019,"Feb 10, 2019",2122,True,False
Nicov,2019,"Feb 11, 2019",2116,False,True
Nicov,2019,"Feb 12, 2019",2128,True,False
Nicov,2019,"Feb 13, 2019",2119,False,True
Nicov,2019,"Feb 14, 2019",2099,False,True
Nicov,2019,"Apr 12, 2019",2093,False,True
Nicov,2019,"May 26, 2019",2099,True,False
Nicov,2019,"Jun 02, 2019",2105,True,False
Nicov,2019,"Jun 09, 2019",2105,True,False
Nicov,2019,"Jun 10, 2019",2117,True,False
Nicov,2019,"Jun 16, 2019",2105,False,True
Nicov,2019,"Jun 23, 2019",2113,True,False
Nicov,2019,"Jun 30, 2019",2117,True,False
Nicov,2019,"Jul 07, 2019",2102,False,True
Nicov,2019,"Jul 13, 2019",2114,True,False
Nicov,2019,"Jul 21, 2019",2112,False,True
Nicov,2019,"Aug 17, 2019",2120,True,False
Nicov,2019,"Aug 17, 2019",2128,True,False
Nicov,2019,"Aug 18, 2019",2122,False,True
Nicov,2019,"Sep 01, 2019",2119,False,True
Nicov,2020,"Jan 30, 2020",2125,True,False
Nicov,2020,"Feb 05, 2020",2134,True,False
Nicov,2020,"Feb 13, 2020",2140,True,False
Nicov,2020,"Feb 14, 2020",2128,False,True
Nicov,2020,"Feb 15, 2020",2132,True,False
Nicov,2020,"Feb 22, 2020",2138,True,False
Nicov,2020,"Feb 24, 2020",2144,True,False
Nicov,2020,"Feb 26, 2020",2140,False,True
Nicov,2020,"Feb 29, 2020",2152,True,False
Nicov,2020,"Mar 02, 2020",2159,True,False
Nicov,2020,"Mar 07, 2020",2163,True,False
Nicov,2020,"Mar 08, 2020",2155,False,True
Nicov,2020,"Mar 12, 2020",2151,False,True
Nicov,2020,"Mar 19, 2020",2143,False,True
Nicov,2020,"Mar 21, 2020",2155,True,False
Nicov,2020,"Apr 18, 2020",2157,True,False
Nicov,2020,"Apr 18, 2020",2151,True,False
Nicov,2020,"Apr 19, 2020",2157,True,False
Nicov,2020,"Apr 19, 2020",2154,True,False
Nicov,2020,"Apr 30, 2020",2150,False,True
Nicov,2020,"Jul 17, 2020",2156,True,False
Nicov,2020,"Jul 22, 2020",2160,True,False
Nicov,2020,"Jul 22, 2020",2164,True,False
Nicov,2020,"Jul 22, 2020",2158,False,True
Nicov,2020,"Aug 03, 2020",2167,True,False
Nicov,2020,"Aug 07, 2020",2169,True,False
Nicov,2020,"Aug 08, 2020",2175,True,False
Nicov,2020,"Aug 08, 2020",2184,True,False
Nicov,2020,"Aug 08, 2020",2181,True,False
Nicov,2020,"Aug 14, 2020",2189,True,False
Nicov,2020,"Aug 16, 2020",2173,False,True
Nicov,2020,"Aug 21, 2020",2177,True,False
Nicov,2020,"Aug 22, 2020",2178,False,True
Nicov,2020,"Sep 18, 2020",2182,True,False
Nicov,2020,"Sep 25, 2020",2176,True,False
Nicov,2020,"Oct 03, 2020",2164,False,True
Nicov,2020,"Oct 10, 2020",2176,True,False
Nicov,2020,"Oct 17, 2020",2167,False,True
Nicov,2021,"Jan 16, 2021",2163,False,True
Nicov,2021,"Jan 17, 2021",2155,False,True
Nicov,2021,"Feb 19, 2021",2161,True,False
Nicov,2021,"Mar 02, 2021",2160,True,False
Nicov,2021,"Mar 07, 2021",2167,True,False
Nicov,2021,"Mar 19, 2021",2163,False,True
Nicov,2021,"Mar 23, 2021",2172,True,False
Nicov,2021,"Mar 25, 2021",2173,True,False
Nicov,2021,"Apr 23, 2021",2182,True,False
Nicov,2021,"May 07, 2021",2186,True,False
Nicov,2021,"May 08, 2021",2177,False,True
Nicov,2021,"May 08, 2021",2178,True,False
Nicov,2021,"May 09, 2021",2184,True,False
Nicov,2021,"May 11, 2021",2188,True,False
Nicov,2021,"May 12, 2021",2192,True,False
Nicov,2021,"May 13, 2021",2201,True,False
Nicov,2021,"May 14, 2021",2209,True,False
Nicov,2021,"May 14, 2021",2200,False,True
Nicov,2021,"May 17, 2021",2184,False,True
Nicov,2021,"May 18, 2021",2182,True,False
Nicov,2021,"May 20, 2021",2194,True,False
Nicov,2021,"May 21, 2021",2198,True,False
Nicov,2021,"May 26, 2021",2197,False,True
Nicov,2021,"May 29, 2021",2199,True,False
Nicov,2021,"May 29, 2021",2203,True,False
Nicov,2021,"May 29, 2021",2204,True,False
Nicov,2021,"May 29, 2021",2208,True,False
Nicov,2021,"May 30, 2021",2204,False,True
Nicov,2021,"Jun 01, 2021",2216,True,False
Nicov,2021,"Jun 05, 2021",2218,True,False
Nicov,2021,"Jun 05, 2021",2222,True,False
Nicov,2021,"Jun 05, 2021",2226,True,False
Nicov,2021,"Jun 05, 2021",2232,True,False
Nicov,2021,"Jun 06, 2021",2239,True,False
Nicov,2021,"Jun 12, 2021",2241,True,False
Nicov,2021,"Jun 12, 2021",2237,False,True
Nicov,2021,"Jun 12, 2021",2239,True,False
Nicov,2021,"Jun 14, 2021",2243,True,False
Nicov,2021,"Jun 14, 2021",2244,True,False
Nicov,2021,"Jun 14, 2021",2236,False,True
Nicov,2021,"Jun 19, 2021",2228,False,True
Nicov,2021,"Jun 20, 2021",2229,True,False
Nicov,2021,"Jun 25, 2021",2225,False,True
Nicov,2021,"Jun 30, 2021",2217,False,True
Nicov,2021,"Jul 17, 2021",2223,True,False
Nicov,2021,"Jul 17, 2021",2224,True,False
Nicov,2021,"Jul 18, 2021",2223,True,False
Nicov,2021,"Jul 23, 2021",2227,True,False
Nicov,2021,"Jul 23, 2021",2226,True,False
Nicov,2021,"Jul 24, 2021",2230,True,False
Nicov,2021,"Jul 24, 2021",2215,False,True
Nicov,2021,"Aug 06, 2021",2219,True,False
Nicov,2021,"Aug 07, 2021",2210,False,True
Nicov,2021,"Sep 13, 2021",2209,False,True
Nicov,2021,"Sep 14, 2021",2205,False,True
Nicov,2021,"Sep 15, 2021",2199,False,True
Nicov,2021,"Sep 16, 2021",2205,True,False
Nicov,2021,"Nov 18, 2021",2209,True,False
Nicov,2021,"Nov 19, 2021",2211,True,False
Nicov,2021,"Nov 20, 2021",2217,True,False
Nicov,2021,"Nov 21, 2021",2223,True,False
Nicov,2021,"Nov 21, 2021",2232,True,False
Nicov,2021,"Nov 25, 2021",2228,False,True
Nicov,2021,"Nov 27, 2021",2236,True,False
Nicov,2021,"Dec 03, 2021",2232,False,True
Nicov,2022,"Feb 17, 2022",2233,True,False
Nicov,2022,"Feb 21, 2022",2237,True,False
Nicov,2022,"Feb 23, 2022",2238,True,False
Nicov,2022,"Feb 25, 2022",2244,True,False
Nicov,2022,"Feb 27, 2022",2248,True,False
Nicov,2022,"Feb 27, 2022",2248,False,False
Nicov,2022,"Feb 27, 2022",2248,False,False
Nicov,2022,"Mar 10, 2022",2257,True,False
Nicov,2022,"Mar 11, 2022",2258,True,False
Nicov,2022,"Mar 15, 2022",2257,False,True
Nicov,2022,"Mar 24, 2022",2250,False,True
Nicov,2022,"Mar 29, 2022",2254,True,False
Nicov,2022,"Mar 31, 2022",2258,True,False
Nicov,2022,"Apr 02, 2022",2259,True,False
Nicov,2022,"Apr 03, 2022",2258,True,False
Nicov,2022,"Apr 03, 2022",2251,False,True
Nicov,2022,"Apr 07, 2022",2253,True,False
Nicov,2022,"Apr 07, 2022",2260,True,False
Nicov,2022,"Apr 07, 2022",2264,True,False
Nicov,2022,"Apr 07, 2022",2268,True,False
Nicov,2022,"Apr 29, 2022",2274,True,False
Nicov,2022,"Apr 30, 2022",2276,True,False
Nicov,2022,"Apr 30, 2022",2282,True,False
Nicov,2022,"Apr 30, 2022",2278,False,True
Nicov,2022,"May 03, 2022",2278,True,False
Nicov,2022,"May 05, 2022",2279,True,False
Nicov,2022,"May 05, 2022",2287,True,False
Nicov,2022,"May 07, 2022",2295,True,False
Nicov,2022,"May 08, 2022",2283,False,True
Nicov,2022,"May 08, 2022",2281,False,True
Nicov,2022,"May 12, 2022",2281,False,False
Nicov,2022,"May 12, 2022",2274,False,True
Nicov,2022,"May 14, 2022",2280,True,False
Nicov,2022,"May 15, 2022",2276,False,True
Nicov,2022,"May 26, 2022",2278,True,False
Nicov,2022,"May 27, 2022",2287,True,False
Nicov,2022,"May 27, 2022",2291,True,False
Nicov,2022,"May 29, 2022",2287,False,True
Nicov,2022,"Jun 03, 2022",2293,True,False
Nicov,2022,"Jun 20, 2022",2308,True,False
Nicov,2022,"Jun 21, 2022",2300,False,True
Nicov,2022,"Jun 29, 2022",2304,True,False
Nicov,2022,"Jun 30, 2022",2315,True,False
Nicov,2022,"Jul 01, 2022",2307,False,True
Nicov,2022,"Jul 02, 2022",2310,True,False
Nicov,2022,"Jul 02, 2022",2313,True,False
Nicov,2022,"Jul 03, 2022",2307,True,False
Nicov,2022,"Jul 07, 2022",2300,False,True
Nicov,2022,"Jul 12, 2022",2307,True,False
Nicov,2022,"Jul 14, 2022",2308,True,False
Nicov,2022,"Jul 16, 2022",2293,False,True
Nicov,2022,"Jul 21, 2022",2299,True,False
Nicov,2022,"Jul 23, 2022",2287,False,True
Nicov,2022,"Jul 25, 2022",2291,True,False
Nicov,2022,"Aug 05, 2022",2299,True,False
Nicov,2022,"Aug 06, 2022",2295,False,True
Nicov,2022,"Aug 20, 2022",2290,True,False
Nicov,2022,"Aug 20, 2022",2292,True,False
Nicov,2022,"Aug 20, 2022",2291,True,False
Nicov,2022,"Aug 21, 2022",2295,True,False
Nicov,2022,"Nov 05, 2022",2297,True,False
Nicov,2022,"Nov 05, 2022",2303,True,False
Nicov,2022,"Nov 06, 2022",2303,True,False
Nicov,2022,"Nov 13, 2022",2307,True,False
Nicov,2022,"Nov 19, 2022",2303,False,True
Nicov,2022,"Nov 20, 2022",2311,True,False
Nicov,2022,"Nov 25, 2022",2304,False,True
Nicov,2022,"Dec 03, 2022",2306,True,False
Nicov,2022,"Dec 03, 2022",2308,True,False
Nicov,2022,"Dec 03, 2022",2317,True,False
Nicov,2022,"Dec 04, 2022",2309,False,True
Nicov,2022,"Dec 06, 2022",2300,False,True
Nicov,2023,"Jan 28, 2023",2293,False,True
Nicov,2023,"Jan 30, 2023",2286,False,True
Nicov,2023,"Feb 01, 2023",2277,False,True
Nicov,2023,"Feb 02, 2023",2281,True,False
Nicov,2023,"Feb 03, 2023",2285,True,False
Nicov,2023,"Feb 17, 2023",2288,True,False
Nicov,2023,"Feb 18, 2023",2297,True,False
Nicov,2023,"Feb 18, 2023",2289,False,True
Nicov,2023,"Feb 23, 2023",2285,True,False
Nicov,2023,"Feb 25, 2023",2284,True,False
Nicov,2023,"Feb 25, 2023",2288,True,False
Nicov,2023,"Feb 26, 2023",2292,True,False
Nicov,2023,"Mar 11, 2023",2293,False,True
Nicov,2023,"Mar 12, 2023",2308,True,False
Nicov,2023,"Mar 13, 2023",2304,False,True
Nicov,2023,"Mar 14, 2023",2312,True,False
Nicov,2023,"Mar 15, 2023",2304,False,True
Nicov,2023,"Mar 16, 2023",2302,False,True
Nicov,2023,"Apr 22, 2023",2304,True,False
Nicov,2023,"Apr 23, 2023",2306,True,False
Nicov,2023,"Apr 23, 2023",2309,True,False
Nicov,2023,"Apr 29, 2023",2311,True,False
Nicov,2023,"Apr 29, 2023",2314,True,False
Nicov,2023,"Apr 30, 2023",2320,True,False
Nicov,2023,"May 10, 2023",2323,False,True
Nicov,2023,"May 11, 2023",2329,True,False
Nicov,2023,"May 19, 2023",2333,True,False
Nicov,2023,"May 24, 2023",2324,False,True
Nicov,2023,"Jun 01, 2023",2326,True,False
Nicov,2023,"Jun 04, 2023",2315,True,False
Nicov,2023,"Jun 07, 2023",2321,True,False
Nicov,2023,"Jun 09, 2023",2307,False,True
Nicov,2023,"Jun 19, 2023",2295,False,True
Nicov,2023,"Jul 25, 2023",2297,True,False
Nicov,2023,"Aug 03, 2023",2300,True,False
Nicov,2023,"Aug 05, 2023",2285,False,True
Nicov,2023,"Aug 10, 2023",2291,True,False
Nicov,2023,"Aug 12, 2023",2293,True,False
Nicov,2023,"Aug 16, 2023",2295,True,False
Nicov,2023,"Aug 21, 2023",2301,True,False
Nicov,2023,"Aug 23, 2023",2305,True,False
Nicov,2023,"Aug 24, 2023",2309,True,False
Nicov,2023,"Aug 28, 2023",2299,False,True
Nicov,2023,"Sep 02, 2023",2292,False,True
Nicov,2023,"Sep 04, 2023",2292,False,False
Nicov,2023,"Sep 07, 2023",2304,True,False
Nicov,2023,"Sep 13, 2023",2300,False,True
Nicov,2023,"Sep 14, 2023",2302,True,False
Nicov,2023,"Sep 25, 2023",2314,True,False
Nicov,2023,"Oct 06, 2023",2317,True,False
Nicov,2023,"Oct 09, 2023",2309,False,True
Nicov,2023,"Oct 12, 2023",2315,True,False
Nicov,2023,"Oct 21, 2023",2317,True,False
Nicov,2023,"Oct 21, 2023",2323,True,False
Nicov,2023,"Oct 21, 2023",2327,True,False
Nicov,2023,"Oct 22, 2023",2331,True,False
Nicov,2023,"Oct 23, 2023",2328,True,False
Nicov,2023,"Oct 27, 2023",2335,True,False
Nicov,2023,"Nov 03, 2023",2344,True,False
Nicov,2023,"Nov 05, 2023",2335,False,True
Nicov,2023,"Nov 07, 2023",2323,False,True
Nicov,2023,"Nov 11, 2023",2311,False,True
Nicov,2023,"Nov 30, 2023",2317,True,False
Nicov,2023,"Dec 04, 2023",2317,True,False
Nicov,2023,"Dec 05, 2023",2313,True,False
Nicov,2023,"Dec 09, 2023",2307,True,False
Nicov,2023,"Dec 09, 2023",2299,False,True
Nicov,2023,"Dec 14, 2023",2302,True,False
Nicov,2023,"Dec 14, 2023",2302,True,False
Nicov,2023,"Dec 16, 2023",2311,True,False
Nicov,2023,"Dec 16, 2023",2319,True,False
Nicov,2023,"Dec 17, 2023",2323,True,False
Nicov,2023,"Dec 17, 2023",2316,False,True
Nicov,2023,"Dec 17, 2023",2308,False,True
Nicov,2024,"Jan 26, 2024",2310,True,False
Nicov,2024,"Feb 01, 2024",2296,False,True
Nicov,2024,"Apr 02, 2024",2298,True,False
Nicov,2024,"Apr 08, 2024",2301,True,False
Nicov,2024,"Apr 11, 2024",2303,True,False
Nicov,2024,"Apr 12, 2024",2297,True,False
Nicov,2024,"Apr 16, 2024",2299,True,False
Nicov,2024,"Apr 16, 2024",2299,True,False
Nicov,2024,"Apr 19, 2024",2311,True,False
Nicov,2024,"Apr 22, 2024",2305,True,False
Nicov,2024,"Apr 28, 2024",2309,True,False
Nicov,2024,"Apr 30, 2024",2312,True,False
Nicov,2024,"Apr 30, 2024",2318,True,False
Nicov,2024,"May 03, 2024",2318,True,False
Nicov,2024,"May 06, 2024",2325,True,False
Nicov,2024,"May 07, 2024",2323,False,True
Nicov,2024,"May 08, 2024",2311,False,True
Nicov,2024,"May 09, 2024",2311,False,False
Nicov,2024,"May 10, 2024",2328,True,False
Nicov,2024,"May 14, 2024",2334,True,False
Nicov,2024,"May 18, 2024",2330,False,True
Nicov,2024,"May 19, 2024",2334,True,False
Nicov,2024,"May 22, 2024",2334,False,False
Nicov,2024,"May 28, 2024",2338,True,False
Nicov,2024,"Jun 04, 2024",2326,False,True
Nicov,2024,"Jun 18, 2024",2333,True,False
Nicov,2024,"Jun 20, 2024",2336,True,False
Nicov,2024,"Jun 21, 2024",2338,True,False
Nicov,2024,"Jun 24, 2024",2340,True,False
Nicov,2024,"Jul 04, 2024",2336,False,True
Nicov,2024,"Aug 10, 2024",2338,True,False
Nicov,2024,"Aug 11, 2024",2341,True,False
Nicov,2024,"Aug 11, 2024",2329,False,True
Nicov,2024,"Sep 02, 2024",2330,True,False
Nicov,2024,"Sep 07, 2024",2332,True,False
Nicov,2024,"Sep 14, 2024",2337,True,False
Nicov,2024,"Sep 27, 2024",2338,True,False
Nicov,2024,"Sep 27, 2024",2332,False,True
Nicov,2024,"Sep 28, 2024",2336,True,False
Nicov,2024,"Oct 12, 2024",2330,False,True
Nicov,2024,"Oct 20, 2024",2333,True,False
Nicov,2024,"Nov 01, 2024",2337,True,False
Nicov,2024,"Nov 02, 2024",2340,True,False
Nicov,2024,"Nov 08, 2024",2343,True,False
Nicov,2024,"Nov 08, 2024",2343,True,False
Nicov,2024,"Nov 09, 2024",2342,True,False
Nicov,2024,"Nov 10, 2024",2335,False,True
Nicov,2024,"Nov 14, 2024",2338,True,False
Nicov,2024,"Nov 20, 2024",2341,True,False
Nicov,2024,"Nov 26, 2024",2350,True,False
Nicov,2024,"Dec 03, 2024",2366,True,False
Nicov,2024,"Dec 06, 2024",2362,False,True
Nicov,2025,"Jan 04, 2025",2364,True,False
Nicov,2025,"Jan 04, 2025",2360,True,False
Nicov,2025,"Jan 04, 2025",2352,False,True
Nicov,2025,"Jan 20, 2025",2354,False,True
Nicov,2025,"Jan 27, 2025",2347,False,True
Nicov,2025,"Jan 31, 2025",2348,True,False
Nicov,2025,"Feb 07, 2025",2351,True,False
Nicov,2025,"Feb 19, 2025",2355,True,False
Nicov,2025,"Feb 22, 2025",2343,False,True
Nicov,2025,"Feb 25, 2025",2351,True,False
Nicov,2025,"Feb 27, 2025",2360,True,False
Nicov,2025,"Mar 01, 2025",2352,False,True
Nicov,2025,"Mar 02, 2025",2348,False,True
Nicov,2025,"Mar 06, 2025",2344,True,False
Nicov,2025,"Mar 12, 2025",2332,False,True
Nicov,2025,"Mar 21, 2025",2336,True,False
Nicov,2025,"Mar 25, 2025",2340,True,False
Nicov,2025,"Mar 29, 2025",2348,True,False
Nicov,2025,"Mar 30, 2025",2351,False,True
Nicov,2025,"Apr 05, 2025",2344,False,True
Nicov,2025,"Apr 22, 2025",2340,True,False
Nicov,2025,"Apr 26, 2025",2346,True,False
Nicov,2025,"Apr 26, 2025",2334,False,True
Nicov,2025,"Apr 30, 2025",2330,True,False
Nicov,2025,"May 03, 2025",2326,True,False
Nicov,2025,"May 03, 2025",2330,True,False
Nicov,2025,"May 04, 2025",2322,False,True
Nicov,2025,"May 08, 2025",2324,True,False
Nicov,2025,"May 10, 2025",2315,False,True
Nicov,2025,"Jun 13, 2025",2318,True,False
Nicov,2025,"Jun 17, 2025",2318,True,False
Nicov,2025,"Jun 23, 2025",2319,True,False
Nicov,2025,"Jun 26, 2025",2313,False,True
Nicov,2025,"Jun 29, 2025",2328,True,False
Nicov,2025,"Jul 02, 2025",2345,True,False
Nicov,2025,"Jul 05, 2025",2343,False,True
Nicov,2025,"Jul 06, 2025",2357,True,False
Nicov,2025,"Jul 29, 2025",2360,True,False
Nicov,2025,"Aug 02, 2025",2359,True,False
Nicov,2025,"Aug 02, 2025",2365,True,False
Nicov,2025,"Aug 03, 2025",2382,True,False
Nicov,2025,"Sep 26, 2025",2384,True,False
Nicov,2025,"Sep 26, 2025",2387,True,False
Nicov,2025,"Sep 29, 2025",2372,False,True
Nicov,2025,"Oct 22, 2025",2368,False,True
Nicov,2025,"Oct 23, 2025",2364,False,True
Nicov,2025,"Oct 24, 2025",2373,True,False
Nicov,2025,"Oct 25, 2025",2358,False,True
Nicov,2025,"Nov 06, 2025",2360,True,False
Nicov,2025,"Nov 11, 2025",2363,True,False
Nicov,2025,"Nov 18, 2025",2362,True,False
Nicov,2025,"Nov 22, 2025",2354,False,True
Nicov,2025,"Dec 04, 2025",2360,True,False
Nicov,2025,"Dec 11, 2025",2363,True,False
Nicov,2025,"Dec 13, 2025",2351,False,True
Nicov,2026,"Jan 24, 2026",2353,True,False
Nicov,2026,"Jan 24, 2026",2357,True,False
Nicov,2026,"Jan 24, 2026",2341,False,True
Nicov,2026,"Feb 09, 2026",2347,True,False
Nicov,2026,"Feb 13, 2026",2338,False,True
Nicov,2026,"Feb 22, 2026",2337,False,True
Nicov,2026,Mar 2026,2337,False,False
Nicov,2026,Mar 2026,2337,False,False
Nicov,2026,"Apr 10, 2026",2333,True,False
Nicov,2026,"Apr 11, 2026",2333,True,False
Nicov,2026,"Apr 11, 2026",2329,False,True
Nicov,2026,"Apr 16, 2026",2332,True,False
Nicov,2026,"Apr 17, 2026",2335,True,False
Nicov,2026,"Apr 18, 2026",2334,True,False
Nicov,2026,"Apr 19, 2026",2327,False,True
Nicov,2026,"Apr 20, 2026",2323,True,False
Nicov,2026,"Apr 20, 2026",2323,True,False
Nicov,2026,"Apr 21, 2026",2332,True,False
Nicov,2026,"Apr 21, 2026",2329,True,False
Nicov,2026,"Apr 25, 2026",2331,True,False
Nicov,2026,"Apr 25, 2026",2334,True,False
Nicov,2026,"Apr 25, 2026",2320,False,True
Nicov,2026,"Jul 01, 2026",2314,False,True
Nicov,2026,"Jul 02, 2026",2308,False,True
Nicov,2026,"Jul 03, 2026",2307,False,True
Nicov,2026,"Sep 18, 2026",2313,True,False
Nicov,2026,"Sep 23, 2026",2313,True,False
Nicov,2026,"Sep 26, 2026",2305,False,True
Nicov,2026,"Sep 29, 2026",2308,True,False
ACCM,2013,"Aug 11, 2013",2003,True,False
ACCM,2013,"Aug 21, 2013",1998,False,True
ACCM,2013,"Sep 03, 2013",1994,False,True
ACCM,2013,"Sep 20, 2013",1998,True,False
ACCM,2014,"Sep 12, 2014",1990,False,True
ACCM,2015,"Feb 14, 2015",1988,False,True
ACCM,2015,"Feb 18, 2015",1984,False,True
ACCM,2015,"Mar 10, 2015",1988,True,False
ACCM,2015,"Mar 16, 2015",1984,False,True
ACCM,2015,"May 17, 2015",1983,False,True
ACCM,2015,"May 31, 2015",1992,True,False
ACCM,2015,"Jun 28, 2015",2002,False,True
ACCM,2015,"Jun 30, 2015",2006,True,False
ACCM,2015,"Jul 12, 2015",2004,False,True
ACCM,2015,"Jul 12, 2015",2012,True,False
ACCM,2015,"Jul 26, 2015",2004,False,True
ACCM,2015,"Aug 02, 2015",2004,False,False
ACCM,2015,"Aug 09, 2015",2004,False,False
ACCM,2015,"Aug 16, 2015",2008,True,False
ACCM,2015,"Aug 23, 2015",2008,False,False
ACCM,2015,"Sep 06, 2015",2008,False,False
ACCM,2015,"Sep 13, 2015",2008,False,False
ACCM,2015,"Sep 20, 2015",2008,False,False
ACCM,2016,"Apr 15, 2016",2016,True,False
ACCM,2016,"Apr 24, 2016",2020,True,False
ACCM,2016,"May 02, 2016",2019,False,True
ACCM,2016,"Jun 28, 2016",2031,True,False
ACCM,2016,"Jul 05, 2016",2025,False,True
ACCM,2016,"Jul 10, 2016",2029,True,False
ACCM,2016,"Jul 17, 2016",2033,True,False
ACCM,2016,"Jul 24, 2016",2026,False,True
ACCM,2016,"Oct 14, 2016",2024,False,True
ACCM,2017,"Feb 28, 2017",2020,False,True
ACCM,2017,"Mar 10, 2017",2024,True,False
ACCM,2017,"Mar 13, 2017",2027,True,False
ACCM,2017,"Mar 14, 2017",2023,False,True
ACCM,2017,"Mar 19, 2017",2019,False,True
ACCM,2017,"Apr 30, 2017",2013,False,True
ACCM,2017,"Nov 05, 2017",2017,True,False
ACCM,2017,"Nov 07, 2017",2014,False,True
ACCM,2017,"Nov 08, 2017",2011,False,True
ACCM,2017,Dec 2017,2015,True,False
ACCM,2017,Dec 2017,2027,True,False
ACCM,2017,Dec 2017,2023,False,True
ACCM,2018,"Jan 05, 2018",2031,True,False
ACCM,2018,"Jan 15, 2018",2035,True,False
ACCM,2018,"Jan 21, 2018",2039,True,False
ACCM,2018,"Jan 27, 2018",2036,False,True
ACCM,2018,"Feb 03, 2018",2048,True,False
ACCM,2018,"Feb 11, 2018",2036,False,True
ACCM,2018,"May 18, 2018",2048,True,False
ACCM,2018,"May 22, 2018",2052,True,False
ACCM,2018,"Jun 01, 2018",2064,True,False
ACCM,2018,Jun 2018,2067,True,False
ACCM,2018,Jun 2018,2070,True,False
ACCM,2018,Jun 2018,2066,False,True
ACCM,2018,Jun 2018,2061,False,True
ACCM,2018,Jun 2018,2065,True,False
ACCM,2018,Jun 2018,2062,False,True
ACCM,2018,Jun 2018,2058,False,True
ACCM,2018,Jun 2018,2061,True,False
ACCM,2018,Jun 2018,2058,False,True
ACCM,2018,Jun 2018,2054,False,True
ACCM,2018,Jun 2018,2058,True,False
ACCM,2018,Jun 2018,2062,True,False
ACCM,2018,Jun 2018,2066,True,False
ACCM,2018,Jun 2018,2063,False,True
ACCM,2018,Jul 2018,2065,False,True
ACCM,2018,Nov 2018,2055,False,True
ACCM,2018,Nov 2018,2051,False,True
ACCM,2018,Nov 2018,2059,True,False
ACCM,2018,Nov 2018,2051,False,True
ACCM,2018,Dec 2018,2055,True,False
ACCM,2018,Dec 2018,2040,False,True
ACCM,2018,Dec 2018,2039,True,False
ACCM,2018,Dec 2018,2030,False,True
ACCM,2019,"Jan 06, 2019",2038,True,False
ACCM,2019,"Jan 13, 2019",2035,False,True
ACCM,2019,"Mar 29, 2019",2036,False,True
ACCM,2019,"Apr 12, 2019",2030,False,True
ACCM,2019,"Jun 16, 2019",2036,False,True
ACCM,2019,"Jun 23, 2019",2040,False,True
ACCM,2019,"Jun 25, 2019",2048,True,False
ACCM,2019,"Jun 29, 2019",2042,False,True
ACCM,2019,"Jul 07, 2019",2050,True,False
ACCM,2019,"Jul 13, 2019",2046,False,True
ACCM,2019,"Aug 17, 2019",2040,False,True
ACCM,2019,"Nov 01, 2019",2048,True,False
ACCM,2019,"Nov 02, 2019",2042,False,True
ACCM,2020,"Jan 30, 2020",2041,True,False
ACCM,2020,"Feb 08, 2020",2037,False,True
ACCM,2020,"Feb 22, 2020",2041,True,False
ACCM,2020,"Mar 01, 2020",2043,True,False
ACCM,2020,"Mar 20, 2020",2037,False,True
ACCM,2020,"Mar 27, 2020",2033,False,True
ACCM,2020,"Mar 29, 2020",2041,True,False
ACCM,2020,"Apr 18, 2020",2045,True,False
ACCM,2020,"Apr 18, 2020",2054,True,False
ACCM,2020,"Apr 19, 2020",2058,True,False
ACCM,2020,"Apr 19, 2020",2062,True,False
ACCM,2020,"Apr 30, 2020",2063,False,True
ACCM,2020,"May 15, 2020",2066,True,False
ACCM,2020,"May 15, 2020",2068,False,True
ACCM,2020,"Jun 20, 2020",2071,True,False
ACCM,2020,"Jun 20, 2020",2073,True,False
ACCM,2020,"Jun 21, 2020",2079,True,False
ACCM,2020,"Jun 25, 2020",2085,True,False
ACCM,2020,"Jul 05, 2020",2091,True,False
ACCM,2020,"Jul 06, 2020",2097,True,False
ACCM,2020,"Jul 09, 2020",2105,True,False
ACCM,2020,"Jul 14, 2020",2097,False,True
ACCM,2020,"Jul 17, 2020",2102,True,False
ACCM,2020,"Jul 18, 2020",2108,False,True
ACCM,2020,"Jul 24, 2020",2096,False,True
ACCM,2020,"Jul 26, 2020",2096,False,False
ACCM,2020,"Jul 26, 2020",2099,True,False
ACCM,2020,"Jul 26, 2020",2105,True,False
ACCM,2020,"Jul 26, 2020",2095,False,True
ACCM,2020,"Jul 28, 2020",2104,True,False
ACCM,2020,"Aug 07, 2020",2108,True,False
ACCM,2020,"Aug 08, 2020",2114,True,False
ACCM,2020,"Aug 08, 2020",2123,True,False
ACCM,2020,"Aug 08, 2020",2115,False,True
ACCM,2020,"Aug 13, 2020",2124,True,False
ACCM,2020,"Aug 15, 2020",2130,True,False
ACCM,2020,"Aug 15, 2020",2139,True,False
ACCM,2020,"Aug 16, 2020",2148,True,False
ACCM,2020,"Aug 16, 2020",2145,True,False
ACCM,2020,"Aug 17, 2020",2145,True,False
ACCM,2020,"Aug 18, 2020",2151,True,False
ACCM,2020,"Aug 20, 2020",2147,False,True
ACCM,2020,"Aug 27, 2020",2148,True,False
ACCM,2020,"Aug 27, 2020",2130,False,True
ACCM,2020,"Sep 10, 2020",2138,True,False
ACCM,2020,"Sep 17, 2020",2142,True,False
ACCM,2020,"Sep 19, 2020",2141,True,False
ACCM,2020,"Sep 24, 2020",2127,False,True
ACCM,2020,"Sep 27, 2020",2131,True,False
ACCM,2020,"Oct 11, 2020",2133,True,False
ACCM,2020,"Oct 11, 2020",2137,True,False
ACCM,2020,"Oct 11, 2020",2138,True,False
ACCM,2020,"Oct 16, 2020",2142,True,False
ACCM,2020,"Oct 16, 2020",2144,True,False
ACCM,2020,"Oct 16, 2020",2146,True,False
ACCM,2020,"Oct 23, 2020",2148,True,False
ACCM,2020,"Oct 23, 2020",2152,True,False
ACCM,2020,"Oct 26, 2020",2156,True,False
ACCM,2020,"Nov 01, 2020",2162,True,False
ACCM,2020,"Nov 05, 2020",2161,True,False
ACCM,2020,"Nov 06, 2020",2163,True,False
ACCM,2020,"Nov 06, 2020",2167,True,False
ACCM,2020,"Nov 08, 2020",2155,False,True
ACCM,2020,"Nov 13, 2020",2161,True,False
ACCM,2020,"Nov 17, 2020",2164,True,False
ACCM,2020,"Nov 19, 2020",2149,False,True
ACCM,2020,"Nov 21, 2020",2153,True,False
ACCM,2020,"Nov 24, 2020",2157,True,False
ACCM,2020,"Nov 25, 2020",2158,True,False
ACCM,2020,"Nov 29, 2020",2162,True,False
ACCM,2020,"Nov 30, 2020",2160,True,False
ACCM,2020,"Dec 01, 2020",2166,True,False
ACCM,2020,"Dec 05, 2020",2170,True,False
ACCM,2020,"Dec 07, 2020",2168,True,False
ACCM,2020,"Dec 09, 2020",2174,True,False
ACCM,2020,"Dec 11, 2020",2178,True,False
ACCM,2020,"Dec 15, 2020",2176,True,False
ACCM,2020,"Dec 15, 2020",2182,True,False
ACCM,2020,"Dec 26, 2020",2186,True,False
ACCM,2020,"Dec 31, 2020",2185,True,False
ACCM,2021,"Jan 02, 2021",2187,True,False
ACCM,2021,"Jan 02, 2021",2193,True,False
ACCM,2021,"Jan 02, 2021",2202,True,False
ACCM,2021,"Jan 03, 2021",2198,True,False
ACCM,2021,"Jan 16, 2021",2190,False,True
ACCM,2021,"Jan 17, 2021",2188,True,False
ACCM,2021,"Jan 22, 2021",2196,True,False
ACCM,2021,"Jan 23, 2021",2200,True,False
ACCM,2021,"Jan 24, 2021",2192,False,True
ACCM,2021,"Feb 05, 2021",2184,False,True
ACCM,2021,"Feb 09, 2021",2168,False,True
ACCM,2021,"Feb 17, 2021",2168,True,False
ACCM,2021,"Feb 18, 2021",2177,True,False
ACCM,2021,"Feb 25, 2021",2181,True,False
ACCM,2021,"Feb 26, 2021",2187,True,False
ACCM,2021,"Feb 27, 2021",2180,False,True
ACCM,2021,"Mar 06, 2021",2170,True,False
ACCM,2021,"Mar 17, 2021",2163,False,True
ACCM,2021,"Mar 18, 2021",2167,True,False
ACCM,2021,"Mar 20, 2021",2159,False,True
ACCM,2021,"Mar 27, 2021",2163,True,False
ACCM,2021,"Mar 31, 2021",2169,True,False
ACCM,2021,"Apr 03, 2021",2170,True,False
ACCM,2021,"Apr 09, 2021",2171,True,False
ACCM,2021,"Apr 13, 2021",2183,True,False
ACCM,2021,"Apr 14, 2021",2195,True,False
ACCM,2021,"Apr 20, 2021",2191,False,True
ACCM,2021,"Apr 21, 2021",2200,True,False
ACCM,2021,"Apr 23, 2021",2206,True,False
ACCM,2021,"Apr 24, 2021",2207,True,False
ACCM,2021,"Apr 24, 2021",2209,True,False
ACCM,2021,"Apr 24, 2021",2211,True,False
ACCM,2021,"Apr 24, 2021",2215,True,False
ACCM,2021,"Apr 25, 2021",2211,False,True
ACCM,2021,"Apr 30, 2021",2217,True,False
ACCM,2021,"May 01, 2021",2205,False,True
ACCM,2021,"May 01, 2021",2206,True,False
ACCM,2021,"May 02, 2021",2202,False,True
ACCM,2021,"May 05, 2021",2208,True,False
ACCM,2021,"May 05, 2021",2210,True,False
ACCM,2021,"May 06, 2021",2211,True,False
ACCM,2021,"May 07, 2021",2201,False,True
ACCM,2021,"May 10, 2021",2207,True,False
ACCM,2021,"May 12, 2021",2203,False,True
ACCM,2021,"May 15, 2021",2199,False,True
ACCM,2021,"May 16, 2021",2193,True,False
ACCM,2021,"May 16, 2021",2197,True,False
ACCM,2021,"May 18, 2021",2201,True,False
ACCM,2021,"May 19, 2021",2193,False,True
ACCM,2021,"May 20, 2021",2177,False,True
ACCM,2021,"May 22, 2021",2175,False,True
ACCM,2021,"Jun 09, 2021",2171,False,True
ACCM,2021,"Jun 10, 2021",2160,True,False
ACCM,2021,"Jun 17, 2021",2166,True,False
ACCM,2021,"Jun 19, 2021",2170,True,False
ACCM,2021,"Jun 20, 2021",2164,False,True
ACCM,2021,"Jun 25, 2021",2176,True,False
ACCM,2021,"Jun 26, 2021",2176,False,True
ACCM,2021,"Jun 29, 2021",2184,True,False
ACCM,2021,"Jul 04, 2021",2180,False,True
ACCM,2021,"Jul 05, 2021",2171,False,True
ACCM,2021,"Jul 18, 2021",2163,False,True
ACCM,2021,"Jul 23, 2021",2167,True,False
ACCM,2021,"Jul 23, 2021",2171,True,False
ACCM,2021,"Jul 24, 2021",2167,False,True
ACCM,2021,"Jul 30, 2021",2163,False,True
ACCM,2021,"Jul 30, 2021",2164,True,False
ACCM,2021,"Jul 30, 2021",2168,True,False
ACCM,2021,"Jul 30, 2021",2174,True,False
ACCM,2021,"Jul 30, 2021",2178,True,False
ACCM,2021,"Jul 31, 2021",2180,True,False
ACCM,2021,"Jul 31, 2021",2181,True,False
ACCM,2021,"Aug 01, 2021",2185,True,False
ACCM,2021,"Aug 01, 2021",2189,True,False
ACCM,2021,"Aug 01, 2021",2180,False,True
ACCM,2021,"Aug 06, 2021",2181,True,False
ACCM,2021,"Aug 07, 2021",2196,True,False
ACCM,2021,"Aug 08, 2021",2200,True,False
ACCM,2021,"Aug 08, 2021",2192,False,True
ACCM,2021,"Aug 17, 2021",2193,True,False
ACCM,2021,"Aug 29, 2021",2199,True,False
ACCM,2021,"Sep 04, 2021",2205,True,False
ACCM,2021,"Sep 08, 2021",2205,False,False
ACCM,2021,"Sep 22, 2021",2214,True,False
ACCM,2021,"Sep 30, 2021",2216,True,False
ACCM,2021,"Oct 01, 2021",2212,False,True
ACCM,2021,"Oct 05, 2021",2216,True,False
ACCM,2021,"Oct 06, 2021",2232,True,False
ACCM,2021,"Oct 08, 2021",2236,True,False
ACCM,2021,"Oct 09, 2021",2240,True,False
ACCM,2021,"Oct 09, 2021",2241,False,True
ACCM,2021,"Oct 12, 2021",2245,True,False
ACCM,2021,"Oct 13, 2021",2249,True,False
ACCM,2021,"Oct 15, 2021",2243,False,True
ACCM,2021,"Oct 17, 2021",2255,True,False
ACCM,2021,"Oct 20, 2021",2251,False,False
ACCM,2021,"Oct 21, 2021",2249,False,False
ACCM,2021,"Oct 22, 2021",2241,False,True
ACCM,2021,"Oct 28, 2021",2237,False,False
ACCM,2021,"Nov 06, 2021",2237,False,False
ACCM,2021,"Nov 19, 2021",2243,True,False
ACCM,2021,"Nov 20, 2021",2237,True,False
ACCM,2021,"Nov 25, 2021",2239,True,False
ACCM,2021,"Nov 26, 2021",2231,False,True
ACCM,2021,"Nov 28, 2021",2222,False,True
ACCM,2021,"Dec 31, 2021",2225,True,False
ACCM,2022,"Jan 07, 2022",2228,True,False
ACCM,2022,"Jan 16, 2022",2234,True,False
ACCM,2022,"Jan 17, 2022",2234,True,False
ACCM,2022,"Jan 23, 2022",2243,True,False
ACCM,2022,"Jan 23, 2022",2246,True,False
ACCM,2022,"Jan 25, 2022",2250,True,False
ACCM,2022,"Jan 29, 2022",2242,False,True
ACCM,2022,"Jan 29, 2022",2232,False,True
ACCM,2022,"Jan 31, 2022",2240,True,False
ACCM,2022,"Feb 06, 2022",2222,False,True
ACCM,2022,"Feb 08, 2022",2237,True,False
ACCM,2022,"Feb 09, 2022",2225,False,True
ACCM,2022,"Feb 10, 2022",2209,False,True
ACCM,2022,"Feb 11, 2022",2202,False,True
ACCM,2022,"Feb 16, 2022",2203,True,False
ACCM,2022,"Feb 23, 2022",2207,True,False
ACCM,2022,"Mar 02, 2022",2195,False,True
ACCM,2022,"Mar 06, 2022",2180,False,True
ACCM,2022,"Mar 08, 2022",2186,True,False
ACCM,2022,"Mar 12, 2022",2190,True,False
ACCM,2022,"Mar 18, 2022",2192,False,True
ACCM,2022,"Mar 22, 2022",2188,False,True
ACCM,2022,"Mar 24, 2022",2195,True,False
ACCM,2022,"Mar 30, 2022",2203,True,False
ACCM,2022,"Apr 02, 2022",2197,False,True
ACCM,2022,"Apr 03, 2022",2198,False,True
ACCM,2022,"Apr 07, 2022",2192,False,True
ACCM,2022,"Apr 09, 2022",2195,True,False
ACCM,2022,"Apr 11, 2022",2185,False,True
ACCM,2022,"Apr 16, 2022",2191,True,False
ACCM,2022,"Apr 21, 2022",2195,True,False
ACCM,2022,"Apr 21, 2022",2199,True,False
ACCM,2022,"Apr 21, 2022",2208,True,False
ACCM,2022,"Apr 23, 2022",2214,True,False
ACCM,2022,"Apr 24, 2022",2218,True,False
ACCM,2022,"Apr 25, 2022",2221,True,False
ACCM,2022,"Apr 26, 2022",2221,True,False
ACCM,2022,"Apr 30, 2022",2225,True,False
ACCM,2022,"Apr 30, 2022",2231,True,False
ACCM,2022,"May 06, 2022",2235,True,False
ACCM,2022,"May 07, 2022",2217,False,True
ACCM,2022,"May 08, 2022",2221,True,False
ACCM,2022,"May 09, 2022",2225,True,False
ACCM,2022,"May 10, 2022",2226,False,True
ACCM,2022,"May 12, 2022",2232,True,False
ACCM,2022,"May 12, 2022",2239,True,False
ACCM,2022,"May 12, 2022",2254,True,False
ACCM,2022,"May 13, 2022",2246,False,True
ACCM,2022,"May 13, 2022",2249,True,False
ACCM,2022,"May 15, 2022",2244,True,False
ACCM,2022,"May 15, 2022",2248,True,False
ACCM,2022,"May 18, 2022",2246,True,False
ACCM,2022,"May 20, 2022",2250,True,False
ACCM,2022,"May 21, 2022",2253,False,True
ACCM,2022,"May 23, 2022",2256,True,False
ACCM,2022,"May 24, 2022",2265,True,False
ACCM,2022,"May 26, 2022",2275,True,False
ACCM,2022,"May 26, 2022",2267,False,True
ACCM,2022,"May 28, 2022",2266,True,False
ACCM,2022,"May 28, 2022",2270,True,False
ACCM,2022,"May 29, 2022",2274,True,False
ACCM,2022,"May 30, 2022",2276,True,False
ACCM,2022,"May 31, 2022",2280,True,False
ACCM,2022,"Jun 04, 2022",2284,True,False
ACCM,2022,"Jun 06, 2022",2292,True,False
ACCM,2022,"Jun 06, 2022",2285,False,True
ACCM,2022,"Jun 09, 2022",2273,False,True
ACCM,2022,"Jun 21, 2022",2279,True,False
ACCM,2022,"Jun 22, 2022",2275,False,True
ACCM,2022,"Jun 23, 2022",2274,True,False
ACCM,2022,"Jun 29, 2022",2275,False,True
ACCM,2022,"Jun 30, 2022",2260,False,True
ACCM,2022,"Jul 02, 2022",2263,True,False
ACCM,2022,"Jul 02, 2022",2272,True,False
ACCM,2022,"Jul 03, 2022",2271,True,False
ACCM,2022,"Jul 07, 2022",2280,True,False
ACCM,2022,"Jul 07, 2022",2282,True,False
ACCM,2022,"Jul 08, 2022",2284,True,False
ACCM,2022,"Jul 09, 2022",2290,True,False
ACCM,2022,"Jul 10, 2022",2290,True,False
ACCM,2022,"Jul 17, 2022",2292,True,False
ACCM,2022,"Jul 17, 2022",2301,True,False
ACCM,2022,"Jul 20, 2022",2302,True,False
ACCM,2022,"Jul 22, 2022",2303,False,True
ACCM,2022,"Jul 25, 2022",2299,False,True
ACCM,2022,"Jul 25, 2022",2303,True,False
ACCM,2022,"Jul 26, 2022",2298,True,False
ACCM,2022,"Jul 28, 2022",2297,False,True
ACCM,2022,"Jul 29, 2022",2288,False,True
ACCM,2022,"Aug 02, 2022",2294,True,False
ACCM,2022,"Aug 06, 2022",2303,True,False
ACCM,2022,"Aug 10, 2022",2286,False,True
ACCM,2022,"Aug 20, 2022",2288,True,False
ACCM,2022,"Aug 20, 2022",2290,True,False
ACCM,2022,"Aug 20, 2022",2290,True,False
ACCM,2022,"Aug 21, 2022",2286,False,True
ACCM,2022,"Aug 27, 2022",2288,True,False
ACCM,2022,"Aug 27, 2022",2290,True,False
ACCM,2022,"Aug 27, 2022",2296,True,False
ACCM,2022,"Aug 28, 2022",2308,True,False
ACCM,2022,"Sep 09, 2022",2314,True,False
ACCM,2022,"Sep 11, 2022",2318,True,False
ACCM,2022,"Sep 11, 2022",2339,True,False
ACCM,2022,"Sep 12, 2022",2330,False,True
ACCM,2022,"Sep 14, 2022",2333,True,False
ACCM,2022,"Sep 17, 2022",2336,True,False
ACCM,2022,"Sep 18, 2022",2339,True,False
ACCM,2022,"Oct 04, 2022",2342,True,False
ACCM,2022,"Oct 09, 2022",2351,True,False
ACCM,2022,"Oct 15, 2022",2357,True,False
ACCM,2022,"Oct 21, 2022",2353,False,True
ACCM,2022,"Oct 22, 2022",2357,True,False
ACCM,2022,"Oct 22, 2022",2353,False,True
ACCM,2022,"Nov 05, 2022",2355,True,False
ACCM,2022,"Nov 05, 2022",2351,True,False
ACCM,2022,"Nov 06, 2022",2357,True,False
ACCM,2022,"Nov 10, 2022",2345,False,True
ACCM,2022,"Nov 11, 2022",2348,True,False
ACCM,2022,"Nov 13, 2022",2334,False,True
ACCM,2022,"Nov 15, 2022",2336,True,False
ACCM,2022,"Nov 17, 2022",2336,True,False
ACCM,2022,"Nov 20, 2022",2340,True,False
ACCM,2022,"Nov 24, 2022",2336,False,True
ACCM,2022,"Nov 26, 2022",2339,True,False
ACCM,2022,"Nov 30, 2022",2345,True,False
ACCM,2022,"Dec 03, 2022",2347,True,False
ACCM,2022,"Dec 03, 2022",2347,False,False
ACCM,2022,"Dec 03, 2022",2353,True,False
ACCM,2022,"Dec 04, 2022",2352,True,False
ACCM,2022,"Dec 07, 2022",2348,False,True
ACCM,2022,"Dec 15, 2022",2340,False,True
ACCM,2023,"Jan 05, 2023",2341,True,False
ACCM,2023,"Jan 14, 2023",2350,True,False
ACCM,2023,"Jan 19, 2023",2362,True,False
ACCM,2023,"Jan 25, 2023",2355,False,True
ACCM,2023,"Jan 28, 2023",2353,True,False
ACCM,2023,"Jan 28, 2023",2352,True,False
ACCM,2023,"Jan 29, 2023",2361,True,False
ACCM,2023,"Jan 29, 2023",2365,True,False
ACCM,2023,"Feb 01, 2023",2374,True,False
ACCM,2023,"Feb 01, 2023",2378,True,False
ACCM,2023,"Feb 01, 2023",2368,False,True
ACCM,2023,"Feb 06, 2023",2370,True,False
ACCM,2023,"Feb 08, 2023",2376,True,False
ACCM,2023,"Feb 08, 2023",2380,True,False
ACCM,2023,"Feb 08, 2023",2384,True,False
ACCM,2023,"Feb 10, 2023",2380,False,True
ACCM,2023,"Feb 14, 2023",2383,True,False
ACCM,2023,"Feb 18, 2023",2377,True,False
ACCM,2023,"Feb 18, 2023",2371,True,False
ACCM,2023,"Feb 19, 2023",2373,True,False
ACCM,2023,"Feb 20, 2023",2361,False,True
ACCM,2023,"Mar 02, 2023",2351,False,True
ACCM,2023,"Mar 03, 2023",2353,True,False
ACCM,2023,"Mar 11, 2023",2349,False,True
ACCM,2023,"Mar 12, 2023",2334,False,True
ACCM,2023,"Mar 13, 2023",2326,False,True
ACCM,2023,"Mar 14, 2023",2322,False,True
ACCM,2023,"Mar 15, 2023",2318,False,True
ACCM,2023,"Mar 24, 2023",2318,True,False
ACCM,2023,"Apr 04, 2023",2306,False,True
ACCM,2023,"Apr 05, 2023",2310,True,False
ACCM,2023,"Apr 06, 2023",2314,True,False
ACCM,2023,"Apr 06, 2023",2320,False,True
ACCM,2023,"Apr 29, 2023",2322,True,False
ACCM,2023,"Apr 29, 2023",2325,True,False
ACCM,2023,"Apr 30, 2023",2331,True,False
ACCM,2023,"May 12, 2023",2335,True,False
ACCM,2023,"May 19, 2023",2323,False,True
ACCM,2023,"May 21, 2023",2327,True,False
ACCM,2023,"May 23, 2023",2328,False,True
ACCM,2023,"May 25, 2023",2332,True,False
ACCM,2023,"Jun 02, 2023",2334,True,False
ACCM,2023,"Jun 03, 2023",2337,True,False
ACCM,2023,"Jun 07, 2023",2340,True,False
ACCM,2023,"Jun 11, 2023",2336,False,True
ACCM,2023,"Jun 15, 2023",2345,True,False
ACCM,2023,"Jun 17, 2023",2345,True,False
ACCM,2023,"Jun 19, 2023",2337,False,True
ACCM,2023,"Jun 23, 2023",2346,True,False
ACCM,2023,"Jun 24, 2023",2347,False,True
ACCM,2023,"Jun 30, 2023",2355,True,False
ACCM,2023,"Jul 06, 2023",2341,False,True
ACCM,2023,"Jul 28, 2023",2343,True,False
ACCM,2023,"Jul 29, 2023",2343,False,False
ACCM,2023,"Jul 30, 2023",2338,True,False
ACCM,2023,"Aug 06, 2023",2342,True,False
ACCM,2023,"Aug 07, 2023",2336,True,False
ACCM,2023,"Aug 07, 2023",2335,True,False
ACCM,2023,"Aug 11, 2023",2329,True,False
ACCM,2023,"Aug 20, 2023",2333,True,False
ACCM,2023,"Aug 27, 2023",2334,False,True
ACCM,2023,"Sep 02, 2023",2336,True,False
ACCM,2023,"Sep 02, 2023",2340,True,False
ACCM,2023,"Sep 03, 2023",2332,False,True
ACCM,2023,"Sep 06, 2023",2336,True,False
ACCM,2023,"Sep 10, 2023",2334,True,False
ACCM,2023,"Sep 20, 2023",2322,False,True
ACCM,2023,"Sep 23, 2023",2323,True,False
ACCM,2023,"Sep 26, 2023",2311,False,True
ACCM,2023,"Sep 30, 2023",2317,True,False
ACCM,2023,"Oct 02, 2023",2320,True,False
ACCM,2023,"Oct 09, 2023",2324,True,False
ACCM,2023,"Oct 10, 2023",2320,False,True
ACCM,2023,"Oct 11, 2023",2321,True,False
ACCM,2023,"Oct 14, 2023",2323,True,False
ACCM,2023,"Oct 16, 2023",2325,True,False
ACCM,2023,"Oct 17, 2023",2326,False,True
ACCM,2023,"Oct 21, 2023",2328,True,False
ACCM,2023,"Oct 21, 2023",2331,True,False
ACCM,2023,"Oct 21, 2023",2331,True,False
ACCM,2023,"Oct 22, 2023",2323,False,True
ACCM,2023,"Oct 27, 2023",2324,True,False
ACCM,2023,"Oct 28, 2023",2326,True,False
ACCM,2023,"Oct 28, 2023",2320,True,False
ACCM,2023,"Oct 28, 2023",2320,True,False
ACCM,2023,"Oct 29, 2023",2324,True,False
ACCM,2023,"Nov 01, 2023",2320,False,True
ACCM,2023,"Nov 04, 2023",2324,True,False
ACCM,2023,"Nov 05, 2023",2315,False,True
ACCM,2023,"Nov 09, 2023",2323,True,False
ACCM,2023,"Nov 10, 2023",2319,False,True
ACCM,2023,"Nov 12, 2023",2307,False,True
ACCM,2023,"Dec 03, 2023",2310,True,False
ACCM,2023,"Dec 08, 2023",2313,True,False
ACCM,2023,"Dec 09, 2023",2315,True,False
ACCM,2023,"Dec 09, 2023",2319,True,False
ACCM,2023,"Dec 09, 2023",2323,True,False
ACCM,2023,"Dec 10, 2023",2320,True,False
ACCM,2023,"Dec 13, 2023",2323,True,False
ACCM,2023,"Dec 21, 2023",2331,True,False
ACCM,2023,"Dec 27, 2023",2340,True,False
ACCM,2023,"Dec 29, 2023",2336,False,True
ACCM,2024,"Jan 06, 2024",2336,False,True
ACCM,2024,"Jan 07, 2024",2337,False,True
ACCM,2024,"Jan 08, 2024",2341,True,False
ACCM,2024,"Jan 09, 2024",2337,False,True
ACCM,2024,"Jan 10, 2024",2325,False,True
ACCM,2024,"Jan 11, 2024",2328,False,True
ACCM,2024,"Jan 30, 2024",2335,True,False
ACCM,2024,"Feb 15, 2024",2350,True,False
ACCM,2024,"Feb 26, 2024",2370,True,False
ACCM,2024,"Feb 29, 2024",2372,True,False
ACCM,2024,"Mar 02, 2024",2376,False,True
ACCM,2024,"Mar 03, 2024",2372,False,True
ACCM,2024,"Mar 13, 2024",2374,True,False
ACCM,2024,"Mar 15, 2024",2376,True,False
ACCM,2024,"Mar 17, 2024",2383,True,False
ACCM,2024,"Mar 17, 2024",2383,False,False
ACCM,2024,"Mar 19, 2024",2385,True,False
ACCM,2024,"Mar 20, 2024",2394,True,False
ACCM,2024,"Mar 27, 2024",2386,False,True
ACCM,2024,"Mar 29, 2024",2372,False,True
ACCM,2024,"Apr 10, 2024",2372,True,False
ACCM,2024,"Apr 15, 2024",2366,True,False
ACCM,2024,"Apr 16, 2024",2368,True,False
ACCM,2024,"Apr 18, 2024",2372,False,True
ACCM,2024,"Apr 25, 2024",2375,True,False
ACCM,2024,"Apr 30, 2024",2375,True,False
ACCM,2024,"May 02, 2024",2366,False,True
ACCM,2024,"May 05, 2024",2369,True,False
ACCM,2024,"May 09, 2024",2368,True,False
ACCM,2024,"May 12, 2024",2351,False,True
ACCM,2024,"May 14, 2024",2354,True,False
ACCM,2024,"May 18, 2024",2350,True,False
ACCM,2024,"May 23, 2024",2354,True,False
ACCM,2024,"May 25, 2024",2356,True,False
ACCM,2024,"Jun 04, 2024",2348,False,True
ACCM,2024,"Jun 20, 2024",2351,True,False
ACCM,2024,"Jun 23, 2024",2348,True,False
ACCM,2024,"Jul 05, 2024",2356,True,False
ACCM,2024,"Jul 09, 2024",2344,False,True
ACCM,2024,"Aug 10, 2024",2346,True,False
ACCM,2024,"Aug 11, 2024",2342,True,False
ACCM,2024,"Aug 11, 2024",2346,True,False
ACCM,2024,"Aug 17, 2024",2350,True,False
ACCM,2024,"Aug 18, 2024",2361,True,False
ACCM,2024,"Sep 01, 2024",2362,True,False
ACCM,2024,"Sep 05, 2024",2355,False,True
ACCM,2024,"Sep 15, 2024",2349,False,True
ACCM,2024,"Sep 26, 2024",2352,True,False
ACCM,2024,"Sep 28, 2024",2346,False,True
ACCM,2024,"Oct 03, 2024",2338,False,True
ACCM,2024,"Oct 04, 2024",2326,False,True
ACCM,2024,"Oct 12, 2024",2330,True,False
ACCM,2024,"Oct 19, 2024",2325,False,True
ACCM,2024,"Oct 27, 2024",2327,True,False
ACCM,2024,"Nov 01, 2024",2323,False,True
ACCM,2024,"Nov 08, 2024",2326,True,False
ACCM,2024,"Nov 09, 2024",2332,True,False
ACCM,2024,"Nov 09, 2024",2338,True,False
ACCM,2024,"Nov 10, 2024",2354,True,False
ACCM,2024,"Nov 15, 2024",2357,True,False
ACCM,2024,"Nov 20, 2024",2360,True,False
ACCM,2024,"Nov 24, 2024",2369,True,False
ACCM,2024,"Dec 02, 2024",2377,True,False
ACCM,2024,"Dec 05, 2024",2388,True,False
ACCM,2024,"Dec 07, 2024",2400,True,False
ACCM,2024,"Dec 08, 2024",2412,True,False
ACCM,2024,"Dec 15, 2024",2403,False,True
ACCM,2024,"Dec 16, 2024",2412,True,False
ACCM,2024,"Dec 17, 2024",2408,False,True
ACCM,2024,"Dec 18, 2024",2417,True,False
ACCM,2024,"Dec 19, 2024",2413,False,True
ACCM,2025,"Jan 26, 2025",2419,True,False
ACCM,2025,"Jan 27, 2025",2425,True,False
ACCM,2025,"Feb 02, 2025",2410,False,True
ACCM,2025,"Feb 08, 2025",2413,True,False
ACCM,2025,"Feb 10, 2025",2413,False,False
ACCM,2025,"Feb 12, 2025",2404,False,True
ACCM,2025,"Feb 15, 2025",2408,True,False
ACCM,2025,"Feb 21, 2025",2404,False,True
ACCM,2025,"Feb 22, 2025",2400,False,True
ACCM,2025,"Feb 25, 2025",2388,False,True
ACCM,2025,"Mar 06, 2025",2394,True,False
ACCM,2025,"Mar 13, 2025",2382,False,True
ACCM,2025,"Mar 14, 2025",2386,True,False
ACCM,2025,"Mar 15, 2025",2387,False,True
ACCM,2025,"Mar 18, 2025",2399,True,False
ACCM,2025,"Mar 20, 2025",2399,True,False
ACCM,2025,"Mar 22, 2025",2401,True,False
ACCM,2025,"Mar 23, 2025",2393,False,True
ACCM,2025,"Apr 22, 2025",2396,True,False
ACCM,2025,"Apr 25, 2025",2399,True,False
ACCM,2025,"Apr 26, 2025",2402,True,False
ACCM,2025,"Apr 26, 2025",2402,True,False
ACCM,2025,"Apr 27, 2025",2406,True,False
ACCM,2025,"Apr 29, 2025",2409,True,False
ACCM,2025,"Apr 30, 2025",2412,True,False
ACCM,2025,"May 09, 2025",2421,True,False
ACCM,2025,"May 16, 2025",2409,False,True
ACCM,2025,"May 20, 2025",2394,False,True
ACCM,2025,"May 22, 2025",2403,True,False
ACCM,2025,"May 25, 2025",2399,False,True
ACCM,2025,"May 27, 2025",2391,False,True
ACCM,2025,"Jun 06, 2025",2394,True,False
ACCM,2025,"Jun 18, 2025",2394,True,False
ACCM,2025,"Jun 20, 2025",2394,True,False
ACCM,2025,"Jun 23, 2025",2404,True,False
ACCM,2025,"Jun 23, 2025",2407,True,False
ACCM,2025,"Jun 26, 2025",2413,True,False
ACCM,2025,"Jun 28, 2025",2414,True,False
ACCM,2025,"Jun 28, 2025",2414,True,False
ACCM,2025,"Jul 02, 2025",2402,False,True
ACCM,2025,"Jul 04, 2025",2405,True,False
ACCM,2025,"Jul 09, 2025",2411,True,False
ACCM,2025,"Jul 11, 2025",2407,True,False
ACCM,2025,"Jul 12, 2025",2410,True,False
ACCM,2025,"Jul 13, 2025",2394,False,True
ACCM,2025,"Jul 15, 2025",2400,True,False
ACCM,2025,"Jul 19, 2025",2386,False,True
ACCM,2025,"Aug 01, 2025",2389,True,False
ACCM,2025,"Aug 02, 2025",2395,True,False
ACCM,2025,"Aug 02, 2025",2404,True,False
ACCM,2025,"Aug 03, 2025",2420,True,False
ACCM,2025,"Aug 11, 2025",2422,True,False
ACCM,2025,"Aug 13, 2025",2428,True,False
ACCM,2025,"Aug 14, 2025",2426,True,False
ACCM,2025,"Aug 14, 2025",2420,True,False
ACCM,2025,"Aug 18, 2025",2422,True,False
ACCM,2025,"Aug 20, 2025",2426,True,False
ACCM,2025,"Aug 21, 2025",2421,True,False
ACCM,2025,"Aug 21, 2025",2427,True,False
ACCM,2025,"Aug 25, 2025",2431,True,False
ACCM,2025,"Aug 27, 2025",2426,True,False
ACCM,2025,"Aug 28, 2025",2422,False,True
ACCM,2025,"Sep 08, 2025",2428,True,False
ACCM,2025,"Sep 08, 2025",2428,True,False
ACCM,2025,"Sep 09, 2025",2430,True,False
ACCM,2025,"Sep 10, 2025",2436,True,False
ACCM,2025,"Sep 11, 2025",2438,True,False
ACCM,2025,"Sep 11, 2025",2444,True,False
ACCM,2025,"Sep 15, 2025",2453,True,False
ACCM,2025,"Sep 18, 2025",2441,False,True
ACCM,2025,"Sep 23, 2025",2443,True,False
ACCM,2025,"Sep 24, 2025",2447,True,False
ACCM,2025,"Sep 25, 2025",2435,False,True
ACCM,2025,"Sep 29, 2025",2435,True,False
ACCM,2025,"Sep 30, 2025",2437,True,False
ACCM,2025,"Oct 01, 2025",2441,True,False
ACCM,2025,"Oct 02, 2025",2443,True,False
ACCM,2025,"Oct 02, 2025",2437,True,False
ACCM,2025,"Oct 03, 2025",2437,True,False
ACCM,2025,"Oct 08, 2025",2445,True,False
ACCM,2025,"Oct 17, 2025",2436,False,True
ACCM,2025,"Oct 22, 2025",2445,True,False
ACCM,2025,"Oct 23, 2025",2449,True,False
ACCM,2025,"Oct 24, 2025",2440,False,True
ACCM,2025,"Oct 25, 2025",2441,False,True
ACCM,2025,"Nov 03, 2025",2433,True,False
ACCM,2025,"Nov 09, 2025",2436,True,False
ACCM,2025,"Nov 16, 2025",2422,False,True
ACCM,2025,"Dec 04, 2025",2425,True,False
ACCM,2025,"Dec 09, 2025",2431,True,False
ACCM,2025,"Dec 16, 2025",2435,True,False
ACCM,2025,"Dec 18, 2025",2431,False,True
ACCM,2026,"Feb 07, 2026",2429,True,False
ACCM,2026,"Feb 13, 2026",2438,True,False
ACCM,2026,"Feb 21, 2026",2447,True,False
ACCM,2026,"Mar 08, 2026",2435,False,True
ACCM,2026,"Mar 13, 2026",2441,True,False
ACCM,2026,"Mar 18, 2026",2449,True,False
ACCM,2026,"Mar 20, 2026",2448,True,False
ACCM,2026,"Mar 21, 2026",2440,False,True
ACCM,2026,"Mar 22, 2026",2432,False,True
ACCM,2026,"Apr 01, 2026",2423,False,True
ACCM,2026,"Apr 02, 2026",2415,False,True
ACCM,2026,"Apr 03, 2026",2406,False,True
ACCM,2026,"Apr 10, 2026",2406,True,False
ACCM,2026,"Apr 11, 2026",2409,True,False
ACCM,2026,"Apr 11, 2026",2415,True,False
ACCM,2026,"Apr 12, 2026",2422,True,False
ACCM,2026,"Apr 25, 2026",2422,True,False
ACCM,2026,"Apr 25, 2026",2425,True,False
ACCM,2026,"Apr 25, 2026",2431,True,False
ACCM,2026,"Apr 26, 2026",2431,True,False
ACCM,2026,"May 10, 2026",2430,True,False
ACCM,2026,"May 17, 2026",2421,False,True
ACCM,2026,"May 19, 2026",2437,True,False
ACCM,2026,"May 22, 2026",2441,True,False
ACCM,2026,"May 23, 2026",2455,True,False
ACCM,2026,"May 24, 2026",2455,False,True
ACCM,2026,"Jul 01, 2026",2448,False,True
ACCM,2026,"Jul 02, 2026",2436,False,True
ACCM,2026,"Jul 03, 2026",2440,True,False
ACCM,2026,"Jul 04, 2026",2452,True,False
ACCM,2026,"Jul 05, 2026",2455,False,True
