game_id,player,year,t_game_s,slot,total_res,dp_obj_count,dp_obj_ttl,obj_count
23d4576b7264,DauT,2026,9.561,1,450,18,0,11
23d4576b7264,DauT,2026,16.061,1,450,26,400,15
23d4576b7264,DauT,2026,22.561,1,450,28,400,15
23d4576b7264,DauT,2026,29.061,1,450,28,300,15
23d4576b7264,DauT,2026,35.561,1,450,30,305,15
23d4576b7264,DauT,2026,42.061,1,450,30,311,15
23d4576b7264,DauT,2026,48.561,1,450,30,319,15
23d4576b7264,DauT,2026,55.061,1,450,32,328,16
23d4576b7264,DauT,2026,61.561,1,483,32,311,16
23d4576b7264,DauT,2026,68.061,1,483,32,321,16
23d4576b7264,DauT,2026,74.561,1,494,32,322,16
23d4576b7264,DauT,2026,81.061,1,494,34,332,17
23d4576b7264,DauT,2026,87.561,1,494,32,200,16
23d4576b7264,DauT,2026,94.061,1,494,32,210,16
23d4576b7264,DauT,2026,100.561,1,494,32,222,16
23d4576b7264,DauT,2026,107.061,1,394,34,234,18
23d4576b7264,DauT,2026,113.561,1,394,34,247,18
23d4576b7264,DauT,2026,120.061,1,399,34,209,18
23d4576b7264,DauT,2026,126.561,1,410,36,215,19
23d4576b7264,DauT,2026,133.061,1,442,36,200,19
23d4576b7264,DauT,2026,139.561,1,442,38,305,20
23d4576b7264,DauT,2026,146.061,1,392,40,320,20
23d4576b7264,DauT,2026,152.561,1,392,42,337,21
23d4576b7264,DauT,2026,159.061,1,392,42,357,21
23d4576b7264,DauT,2026,165.561,1,457,42,315,21
23d4576b7264,DauT,2026,172.061,1,418,46,524,23
23d4576b7264,DauT,2026,178.561,1,428,48,534,24
23d4576b7264,DauT,2026,185.061,1,386,46,423,24
23d4576b7264,DauT,2026,191.561,1,396,46,435,24
23d4576b7264,DauT,2026,198.061,1,406,46,444,24
23d4576b7264,DauT,2026,204.561,1,416,48,453,25
23d4576b7264,DauT,2026,211.061,1,438,48,455,25
23d4576b7264,DauT,2026,217.561,1,442,48,428,25
23d4576b7264,DauT,2026,224.061,1,462,50,432,25
23d4576b7264,DauT,2026,230.561,1,444,50,320,25
23d4576b7264,DauT,2026,237.061,1,444,50,346,25
23d4576b7264,DauT,2026,243.561,1,477,50,339,25
23d4576b7264,DauT,2026,250.061,1,487,50,358,25
23d4576b7264,DauT,2026,256.561,1,508,52,365,26
23d4576b7264,DauT,2026,263.061,1,358,52,991,27
23d4576b7264,DauT,2026,269.561,1,375,52,957,27
23d4576b7264,DauT,2026,276.061,1,395,52,963,27
23d4576b7264,DauT,2026,282.561,1,395,54,991,28
23d4576b7264,DauT,2026,289.061,1,410,54,955,28
23d4576b7264,DauT,2026,295.561,1,430,54,957,28
23d4576b7264,DauT,2026,302.061,1,425,56,967,30
23d4576b7264,DauT,2026,308.561,1,457,56,968,30
23d4576b7264,DauT,2026,315.061,1,457,56,1003,30
23d4576b7264,DauT,2026,321.561,1,440,58,983,30
23d4576b7264,DauT,2026,328.061,1,454,60,992,33
23d4576b7264,DauT,2026,334.561,1,414,62,1021,33
23d4576b7264,DauT,2026,341.061,1,454,62,979,33
23d4576b7264,DauT,2026,347.561,1,464,62,1007,33
23d4576b7264,DauT,2026,354.061,1,470,64,970,34
23d4576b7264,DauT,2026,360.561,1,440,66,989,35
23d4576b7264,DauT,2026,367.061,1,440,66,1038,35
23d4576b7264,DauT,2026,373.561,1,450,66,980,35
23d4576b7264,DauT,2026,380.061,1,481,68,991,36
23d4576b7264,DauT,2026,386.561,1,497,68,1023,36
23d4576b7264,DauT,2026,393.061,1,476,68,1008,36
23d4576b7264,DauT,2026,399.561,1,502,70,1021,37
23d4576b7264,DauT,2026,406.061,1,536,72,1015,39
23d4576b7264,DauT,2026,412.561,1,506,72,1046,39
23d4576b7264,DauT,2026,419.061,1,528,72,1073,39
23d4576b7264,DauT,2026,425.561,1,544,72,1107,39
23d4576b7264,DauT,2026,432.061,1,570,76,1134,40
23d4576b7264,DauT,2026,438.561,1,570,76,1164,41
23d4576b7264,DauT,2026,445.061,1,568,78,1152,42
23d4576b7264,DauT,2026,451.561,1,588,78,1184,42
23d4576b7264,DauT,2026,458.061,1,712,80,1120,47
23d4576b7264,DauT,2026,464.561,1,770,82,1121,47
23d4576b7264,DauT,2026,471.061,1,1013,82,964,47
23d4576b7264,DauT,2026,477.561,1,540,84,990,47
23d4576b7264,DauT,2026,484.061,1,568,90,1010,53
23d4576b7264,DauT,2026,490.561,1,646,92,996,53
23d4576b7264,DauT,2026,497.061,1,591,94,1030,53
23d4576b7264,DauT,2026,503.561,1,601,104,1073,58
23d4576b7264,DauT,2026,510.061,1,638,104,1182,59
23d4576b7264,DauT,2026,516.561,1,608,106,1206,59
23d4576b7264,DauT,2026,523.061,1,772,110,1085,59
23d4576b7264,DauT,2026,529.561,1,697,114,1115,59
23d4576b7264,DauT,2026,536.061,1,700,116,1150,60
23d4576b7264,DauT,2026,542.561,1,740,118,1137,67
23d4576b7264,DauT,2026,549.061,1,819,122,1114,67
23d4576b7264,DauT,2026,555.561,1,869,125,1152,67
23d4576b7264,DauT,2026,562.061,1,994,120,921,66
23d4576b7264,DauT,2026,568.561,1,1064,118,886,64
23d4576b7264,DauT,2026,575.061,1,1133,122,923,65
23d4576b7264,DauT,2026,581.561,1,1186,122,925,65
23d4576b7264,DauT,2026,588.061,1,1088,120,1429,65
23d4576b7264,DauT,2026,594.561,1,1096,120,1401,65
23d4576b7264,DauT,2026,601.061,1,1129,120,1417,65
23d4576b7264,DauT,2026,607.561,1,1069,120,1427,65
23d4576b7264,DauT,2026,614.061,1,976,120,1435,65
23d4576b7264,DauT,2026,620.561,1,1039,120,1432,65
23d4576b7264,DauT,2026,627.061,1,931,120,1449,66
23d4576b7264,DauT,2026,633.561,1,1008,122,1427,67
23d4576b7264,DauT,2026,640.061,1,1029,126,1383,76
23d4576b7264,DauT,2026,646.561,1,1092,132,1382,76
23d4576b7264,DauT,2026,653.061,1,1073,132,1408,76
23d4576b7264,DauT,2026,659.561,1,953,136,1444,78
23d4576b7264,DauT,2026,666.061,1,959,138,1452,78
23d4576b7264,DauT,2026,672.561,1,1056,142,1413,78
23d4576b7264,DauT,2026,679.061,1,1152,142,1283,77
23d4576b7264,DauT,2026,685.561,1,967,148,1310,79
23d4576b7264,DauT,2026,692.061,1,998,148,1351,79
23d4576b7264,DauT,2026,698.561,1,983,150,1356,79
23d4576b7264,DauT,2026,705.061,1,1033,152,1374,79
23d4576b7264,DauT,2026,711.561,1,1022,154,1358,81
23d4576b7264,DauT,2026,718.061,1,1115,158,1327,81
23d4576b7264,DauT,2026,724.561,1,1124,158,1306,81
23d4576b7264,DauT,2026,731.061,1,1154,158,1343,81
23d4576b7264,DauT,2026,737.561,1,1180,162,1357,83
23d4576b7264,DauT,2026,744.061,1,1284,164,1330,83
23d4576b7264,DauT,2026,750.561,1,1350,164,1344,83
23d4576b7264,DauT,2026,757.061,1,404,166,1365,83
23d4576b7264,DauT,2026,763.561,1,460,170,1370,85
23d4576b7264,DauT,2026,770.061,1,583,170,1321,85
23d4576b7264,DauT,2026,776.561,1,403,172,1379,87
23d4576b7264,DauT,2026,783.061,1,516,172,1350,87
23d4576b7264,DauT,2026,789.561,1,357,172,1369,87
23d4576b7264,DauT,2026,796.061,1,397,172,1414,87
23d4576b7264,DauT,2026,802.561,1,467,172,1428,87
23d4576b7264,DauT,2026,809.061,1,589,172,1390,87
23d4576b7264,DauT,2026,815.561,1,557,174,1407,88
23d4576b7264,DauT,2026,822.061,1,607,174,1448,88
23d4576b7264,DauT,2026,828.561,1,780,174,1361,88
23d4576b7264,DauT,2026,835.061,1,767,176,1385,89
23d4576b7264,DauT,2026,841.561,1,868,178,1367,89
23d4576b7264,DauT,2026,848.061,1,898,178,1433,89
23d4576b7264,DauT,2026,854.561,1,979,180,1452,90
23d4576b7264,DauT,2026,861.061,1,1008,180,1470,90
23d4576b7264,DauT,2026,867.561,1,1064,180,1447,92
23d4576b7264,DauT,2026,874.061,1,1230,182,1375,93
23d4576b7264,DauT,2026,880.561,1,1196,182,1440,93
23d4576b7264,DauT,2026,887.061,1,1254,182,1400,93
23d4576b7264,DauT,2026,893.561,1,1314,182,1431,93
23d4576b7264,DauT,2026,900.061,1,1444,182,1388,94
23d4576b7264,DauT,2026,906.561,1,1498,184,1422,94
23d4576b7264,DauT,2026,913.061,1,1599,184,1408,94
23d4576b7264,DauT,2026,919.561,1,1677,191,1690,95
23d4576b7264,DauT,2026,926.061,1,1052,183,1452,95
23d4576b7264,DauT,2026,932.561,1,1088,183,1488,95
23d4576b7264,DauT,2026,939.061,1,901,185,1441,95
23d4576b7264,DauT,2026,945.561,1,792,188,1766,96
23d4576b7264,DauT,2026,952.061,1,598,188,1814,96
23d4576b7264,DauT,2026,958.561,1,681,190,1798,96
23d4576b7264,DauT,2026,965.061,1,704,190,1731,97
23d4576b7264,DauT,2026,971.561,1,757,192,1692,98
23d4576b7264,DauT,2026,978.061,1,843,196,1677,98
23d4576b7264,DauT,2026,984.561,1,429,194,1730,96
23d4576b7264,DauT,2026,991.061,1,504,196,1737,96
23d4576b7264,DauT,2026,997.561,1,552,198,1795,97
23d4576b7264,DauT,2026,1004.061,1,641,200,1809,98
23d4576b7264,DauT,2026,1010.561,1,631,200,1752,98
23d4576b7264,DauT,2026,1017.061,1,474,200,1720,98
23d4576b7264,DauT,2026,1023.561,1,483,202,1695,99
23d4576b7264,DauT,2026,1030.061,1,606,204,1666,100
23d4576b7264,DauT,2026,1036.561,1,766,204,1614,100
23d4576b7264,DauT,2026,1043.061,1,656,204,1709,100
23d4576b7264,DauT,2026,1049.561,1,722,209,1985,101
23d4576b7264,DauT,2026,1056.061,1,523,234,1896,111
23d4576b7264,DauT,2026,1062.561,1,411,209,1897,102
23d4576b7264,DauT,2026,1069.061,1,546,211,1826,104
23d4576b7264,DauT,2026,1075.561,1,696,215,1746,105
23d4576b7264,DauT,2026,1082.061,1,673,215,1717,105
23d4576b7264,DauT,2026,1088.561,1,690,215,1742,105
23d4576b7264,DauT,2026,1095.061,1,601,217,1735,107
23d4576b7264,DauT,2026,1101.561,1,773,219,1639,108
23d4576b7264,DauT,2026,1108.061,1,697,207,1619,104
23d4576b7264,DauT,2026,1114.561,1,816,207,1572,104
23d4576b7264,DauT,2026,1121.061,1,857,211,1630,106
23d4576b7264,DauT,2026,1127.561,1,918,211,1527,106
23d4576b7264,DauT,2026,1134.061,1,957,211,1539,106
23d4576b7264,DauT,2026,1140.561,1,994,223,1544,110
23d4576b7264,DauT,2026,1147.061,1,737,225,1567,112
23d4576b7264,DauT,2026,1153.561,1,907,225,1489,112
23d4576b7264,DauT,2026,1160.061,1,933,225,1539,112
23d4576b7264,DauT,2026,1166.561,1,1020,229,1586,114
23d4576b7264,DauT,2026,1173.061,1,880,245,1589,122
23d4576b7264,DauT,2026,1179.561,1,1045,231,1464,115
23d4576b7264,DauT,2026,1186.061,1,1103,233,1517,115
23d4576b7264,DauT,2026,1192.561,1,1088,237,1620,117
23d4576b7264,DauT,2026,1199.061,1,1284,239,1564,118
23d4576b7264,DauT,2026,1205.561,1,1095,239,1634,118
23d4576b7264,DauT,2026,1212.061,1,1292,243,1564,120
23d4576b7264,DauT,2026,1218.561,1,1364,243,1510,120
23d4576b7264,DauT,2026,1225.061,1,1029,243,1578,121
23d4576b7264,DauT,2026,1231.561,1,959,333,1732,151
23d4576b7264,DauT,2026,1238.553,1,1076,369,1709,164
23d4576b7264,DauT,2026,1245.053,1,1065,364,1670,163
23d4576b7264,DauT,2026,1251.553,1,1240,341,1656,156
23d4576b7264,DauT,2026,1258.053,1,1320,309,1645,145
23d4576b7264,DauT,2026,1264.553,1,1229,249,1621,125
23d4576b7264,DauT,2026,1271.053,1,1410,249,1541,125
23d4576b7264,DauT,2026,1277.553,1,1304,255,1553,127
23d4576b7264,DauT,2026,1284.053,1,1437,279,1558,137
23d4576b7264,DauT,2026,1290.553,1,1439,302,1564,145
23d4576b7264,DauT,2026,1297.053,1,1546,275,1868,134
23d4576b7264,DauT,2026,1303.553,1,1571,268,1936,132
23d4576b7264,DauT,2026,1310.053,1,1409,265,1990,136
23d4576b7264,DauT,2026,1316.553,1,1475,267,1894,136
23d4576b7264,DauT,2026,1323.053,1,1017,375,1899,175
23d4576b7264,DauT,2026,1329.553,1,1097,332,1856,160
23d4576b7264,DauT,2026,1336.053,1,1162,273,1838,140
23d4576b7264,DauT,2026,1342.553,1,1239,275,1791,140
23d4576b7264,DauT,2026,1349.053,1,1260,281,1707,142
23d4576b7264,DauT,2026,1355.553,1,778,281,1728,142
23d4576b7264,DauT,2026,1362.053,1,778,283,1760,144
23d4576b7264,DauT,2026,1368.553,1,799,285,1765,146
23d4576b7264,DauT,2026,1375.053,1,864,289,1754,148
23d4576b7264,DauT,2026,1381.553,1,780,291,1702,152
23d4576b7264,DauT,2026,1388.053,1,800,291,1665,152
23d4576b7264,DauT,2026,1394.553,1,833,295,1672,153
23d4576b7264,DauT,2026,1401.053,1,863,297,1729,154
23d4576b7264,DauT,2026,1408.057,1,993,301,1735,155
23d4576b7264,DauT,2026,1414.557,1,1043,344,1799,172
23d4576b7264,DauT,2026,1421.057,1,1164,397,1848,189
23d4576b7264,DauT,2026,1427.557,1,1160,372,1859,175
23d4576b7264,DauT,2026,1434.057,1,1252,378,1878,177
23d4576b7264,DauT,2026,1440.557,1,1382,346,1811,167
23d4576b7264,DauT,2026,1447.057,1,1393,361,1823,172
23d4576b7264,DauT,2026,1454.049,1,1354,323,1842,161
23d4576b7264,DauT,2026,1460.815,1,1330,359,1927,175
23d4576b7264,DauT,2026,1467.413,1,1500,458,2284,207
23d4576b7264,DauT,2026,1473.913,1,1509,398,2669,185
23d4576b7264,DauT,2026,1480.413,1,1666,416,2673,192
23d4576b7264,DauT,2026,1486.913,1,1396,367,2643,176
23d4576b7264,DauT,2026,1493.413,1,1306,342,2662,171
23d4576b7264,DauT,2026,1499.913,1,1484,417,2671,198
23d4576b7264,DauT,2026,1506.413,1,1510,411,2690,192
23d4576b7264,DauT,2026,1512.913,1,1656,357,2891,174
23d4576b7264,DauT,2026,1519.797,1,1799,388,2885,185
23d4576b7264,DauT,2026,1526.297,1,1878,410,2960,192
23d4576b7264,DauT,2026,1532.797,1,1935,457,3217,207
23d4576b7264,DauT,2026,1539.297,1,2098,475,3160,211
23d4576b7264,DauT,2026,1545.797,1,2224,459,3992,203
23d4576b7264,DauT,2026,1552.297,1,1845,524,4715,229
23d4576b7264,DauT,2026,1558.797,1,1989,491,5419,215
23d4576b7264,DauT,2026,1565.297,1,2161,458,5256,204
23d4576b7264,DauT,2026,1571.797,1,1997,433,5143,196
23d4576b7264,DauT,2026,1578.297,1,2117,454,5159,205
23d4576b7264,DauT,2026,1584.797,1,2277,426,5033,196
23d4576b7264,DauT,2026,1592.473,1,2329,430,4850,195
23d4576b7264,DauT,2026,1599.477,1,2481,500,4836,218
23d4576b7264,DauT,2026,1605.977,1,2241,463,5257,207
23d4576b7264,DauT,2026,1612.477,1,2031,483,5231,216
23d4576b7264,DauT,2026,1618.977,1,2145,440,5384,202
23d4576b7264,DauT,2026,1625.477,1,2005,442,5362,205
23d4576b7264,DauT,2026,1632.641,1,2105,444,5337,206
23d4576b7264,DauT,2026,1640.137,1,1538,456,5174,212
23d4576b7264,DauT,2026,1646.637,1,1649,502,5157,229
23d4576b7264,DauT,2026,1653.629,1,1761,558,5159,244
23d4576b7264,DauT,2026,1660.129,1,1929,536,4930,236
23d4576b7264,DauT,2026,1667.013,1,2076,533,4804,235
23d4576b7264,DauT,2026,1673.513,1,2192,553,4732,241
23d4576b7264,DauT,2026,1680.643,1,2204,538,4543,240
23d4576b7264,DauT,2026,1687.143,1,2202,490,4464,221
23d4576b7264,DauT,2026,1693.643,1,1902,484,4425,222
23d4576b7264,DauT,2026,1700.143,1,1858,480,4354,220
23d4576b7264,DauT,2026,1706.643,1,2085,486,4178,222
23d4576b7264,DauT,2026,1713.143,1,1469,501,3983,228
23d4576b7264,DauT,2026,1720.027,1,1467,504,3921,232
23d4576b7264,DauT,2026,1726.527,1,1493,504,3891,232
23d4576b7264,DauT,2026,1734.023,1,1447,502,3721,231
23d4576b7264,DauT,2026,1741.339,1,1405,532,3564,242
23d4576b7264,DauT,2026,1750.623,1,1495,614,3985,270
23d4576b7264,DauT,2026,1757.147,1,1376,531,3808,243
23d4576b7264,DauT,2026,1764.811,1,1578,540,3671,245
23d4576b7264,DauT,2026,1773.207,1,1937,518,3383,242
23d4576b7264,DauT,2026,1779.875,1,1774,522,3362,245
23d4576b7264,DauT,2026,1786.879,1,1910,572,3270,264
23d4576b7264,DauT,2026,1795.263,1,2145,606,3445,274
23d4576b7264,DauT,2026,1802.555,1,2338,627,3926,276
23d4576b7264,DauT,2026,1809.439,1,2144,604,4109,269
23d4576b7264,DauT,2026,1816.596,1,2214,632,4248,278
23d4576b7264,DauT,2026,1823.551,1,2399,621,4125,276
23d4576b7264,DauT,2026,1830.907,1,2402,608,4037,274
23d4576b7264,DauT,2026,1838.103,1,2684,634,4137,283
23d4576b7264,DauT,2026,1844.783,1,2785,612,4183,279
23d4576b7264,DauT,2026,1854.262,1,2998,618,4062,282
23d4576b7264,DauT,2026,1864.15,1,3164,596,4194,276
23d4576b7264,DauT,2026,1871.819,1,3351,598,4302,276
23d4576b7264,DauT,2026,1878.811,1,3602,592,4545,271
23d4576b7264,DauT,2026,1885.815,1,4052,591,4249,273
23d4576b7264,DauT,2026,1892.315,1,3407,582,4867,269
23d4576b7264,DauT,2026,1898.815,1,3406,539,4675,259
23d4576b7264,DauT,2026,1905.315,1,3025,550,4760,261
23d4576b7264,DauT,2026,1912.199,1,3186,548,4580,261
23d4576b7264,DauT,2026,1919.191,1,2910,571,4419,269
23d4576b7264,DauT,2026,1925.899,1,4046,548,4198,263
23d4576b7264,DauT,2026,1933.879,1,2614,561,4073,265
23d4576b7264,DauT,2026,1940.379,1,2574,582,4148,275
23d4576b7264,DauT,2026,1947.263,1,2747,563,4202,266
23d4576b7264,DauT,2026,1954.639,1,2890,585,4499,271
23d4576b7264,DauT,2026,1962.56,1,3168,572,4131,269
23d4576b7264,DauT,2026,1971.294,1,3459,575,4020,271
23d4576b7264,DauT,2026,1980.968,1,3413,615,3666,290
23d4576b7264,DauT,2026,1988.002,1,3577,651,3628,296
23d4576b7264,DauT,2026,1995.942,1,3174,634,3942,293
23d4576b7264,DauT,2026,2004.613,1,3334,592,4090,278
23d4576b7264,DauT,2026,2011.873,1,3412,590,3788,279
23d4576b7264,DauT,2026,2019.652,1,2897,590,3794,283
23d4576b7264,DauT,2026,2026.972,1,2600,588,3638,283
23d4576b7264,DauT,2026,2035.356,1,2831,589,3637,285
23d4576b7264,DauT,2026,2042.604,1,2908,580,3477,284
23d4576b7264,DauT,2026,2051.06,1,2475,577,3476,294
23d4576b7264,DauT,2026,2058.619,1,2611,628,3669,310
23d4576b7264,DauT,2026,2071.064,1,3199,595,3404,296
23d4576b7264,DauT,2026,2080.551,1,3105,607,3340,297
23d4576b7264,DauT,2026,2089.908,1,2807,611,3265,302
23d4576b7264,DauT,2026,2098.952,1,3292,618,3055,305
23d4576b7264,DauT,2026,2106.988,1,2832,600,3125,299
23d4576b7264,DauT,2026,2117.867,1,3219,611,3221,302
23d4576b7264,DauT,2026,2128.583,1,2154,614,3173,305
23d4576b7264,DauT,2026,2140.823,1,2925,632,3218,309
23d4576b7264,DauT,2026,2152.819,1,3422,641,3501,312
23d4576b7264,DauT,2026,2164.579,1,2407,688,3794,327
23d4576b7264,DauT,2026,2175.647,1,2873,694,3778,330
23d4576b7264,DauT,2026,2186.583,1,2968,714,3552,334
23d4576b7264,DauT,2026,2197.495,1,3062,678,3642,325
23d4576b7264,DauT,2026,2208.879,1,5299,681,5727,320
23d4576b7264,DauT,2026,2220.947,1,5140,683,5956,321
23d4576b7264,DauT,2026,2232.371,1,3635,682,6067,320
23d4576b7264,DauT,2026,2243.524,1,3851,679,5832,326
23d4576b7264,DauT,2026,2253.72,1,4032,691,6039,328
23d4576b7264,DauT,2026,2264.707,1,3292,683,5652,329
23d4576b7264,DauT,2026,2275.858,1,3073,685,5402,328
23d4576b7264,DauT,2026,2287.018,1,2340,692,5366,328
23d4576b7264,DauT,2026,2299.01,1,2572,713,5058,340
23d4576b7264,DauT,2026,2311.51,1,3055,769,5488,364
23d4576b7264,DauT,2026,2323.818,1,3310,787,6058,358
23d4576b7264,DauT,2026,2335.862,1,3177,836,6922,377
23d4576b7264,DauT,2026,2348.17,1,3205,836,6690,372
23d4576b7264,DauT,2026,2360.478,1,2452,817,7522,364
23d4576b7264,DauT,2026,2373.086,1,2944,815,7782,363
23d4576b7264,DauT,2026,2385.086,1,3564,880,7360,394
23d4576b7264,DauT,2026,2397.586,1,4200,830,6960,369
23d4576b7264,DauT,2026,2407.986,1,4370,816,7135,364
23d4576b7264,DauT,2026,2418.897,1,3740,821,6774,369
23d4576b7264,DauT,2026,2429.273,1,2878,826,6161,371
23d4576b7264,DauT,2026,2441.327,1,3411,830,5865,370
23d4576b7264,DauT,2026,2452.578,1,3387,844,5652,382
23d4576b7264,DauT,2026,2463.805,1,3287,830,5693,381
23d4576b7264,DauT,2026,2475.34,1,2986,828,5492,383
23d4576b7264,DauT,2026,2486.124,1,3696,861,5358,393
23d4576b7264,DauT,2026,2497.092,1,4372,894,5128,401
23d4576b7264,DauT,2026,2508.547,1,4588,832,5143,386
23d4576b7264,DauT,2026,2521.959,1,5025,814,5310,379
23d4576b7264,DauT,2026,2534.918,1,5433,814,5239,383
23d4576b7264,DauT,2026,2546.632,1,3683,825,4717,384
23d4576b7264,DauT,2026,2559.135,1,4226,812,4506,378
23d4576b7264,DauT,2026,2569.635,1,3843,818,4596,384
23d4576b7264,DauT,2026,2581.157,1,3544,809,4349,382
23d4576b7264,DauT,2026,2591.825,1,4044,809,4172,380
23d4576b7264,DauT,2026,2603.001,1,4665,850,3816,399
23d4576b7264,DauT,2026,2614.609,1,3684,808,3657,382
23d4576b7264,DauT,2026,2625.409,1,3441,808,3521,382
23d4576b7264,DauT,2026,2637.96,1,4004,870,3407,412
23d4576b7264,DauT,2026,2650.972,1,3936,863,4705,389
23d4576b7264,DauT,2026,2663.922,1,4666,812,5679,379
23d4576b7264,DauT,2026,2674.795,1,5015,818,5688,387
23d4576b7264,DauT,2026,2682.451,1,5454,832,5540,390
23d4576b7264,DauT,2026,2694.13,1,4288,820,5451,385
23d4576b7264,DauT,2026,2706.323,1,4970,843,6726,389
23d4576b7264,DauT,2026,2718.355,1,5602,851,7444,392
23d4576b7264,DauT,2026,2729.786,1,6324,890,7090,404
23d4576b7264,DauT,2026,2741.27,1,5231,873,6953,401
23d4576b7264,DauT,2026,2752.553,1,5772,861,6700,397
23d4576b7264,DauT,2026,2762.101,1,6320,886,6443,408
23d4576b7264,DauT,2026,2774.52,1,6836,865,6216,399
9621aabf243e,DauT,2021,17.375,2,450,30,600,17
9621aabf243e,DauT,2021,31.375,2,450,36,601,18
9621aabf243e,DauT,2021,45.375,2,450,38,717,19
9621aabf243e,DauT,2021,59.375,2,480,40,708,20
9621aabf243e,DauT,2021,73.375,2,490,40,720,20
9621aabf243e,DauT,2021,87.375,2,536,40,600,20
9621aabf243e,DauT,2021,101.375,2,486,40,624,20
9621aabf243e,DauT,2021,115.375,2,486,42,653,21
9621aabf243e,DauT,2021,129.375,2,446,44,618,23
9621aabf243e,DauT,2021,143.375,2,425,42,511,22
9621aabf243e,DauT,2021,157.375,2,425,46,541,23
9621aabf243e,DauT,2021,171.375,2,425,46,529,23
9621aabf243e,DauT,2021,185.375,2,424,46,423,23
9621aabf243e,DauT,2021,199.375,2,454,46,434,23
9621aabf243e,DauT,2021,213.375,2,459,48,455,25
9621aabf243e,DauT,2021,227.375,2,479,50,430,26
9621aabf243e,DauT,2021,241.375,2,458,50,351,25
9621aabf243e,DauT,2021,255.375,2,323,52,362,27
9621aabf243e,DauT,2021,269.375,2,359,60,324,28
9621aabf243e,DauT,2021,283.375,2,364,54,341,29
9621aabf243e,DauT,2021,297.375,2,378,54,333,29
9621aabf243e,DauT,2021,311.375,2,403,58,380,30
9621aabf243e,DauT,2021,325.375,2,478,58,324,30
9621aabf243e,DauT,2021,339.375,2,403,62,374,32
9621aabf243e,DauT,2021,353.375,2,447,66,351,34
9621aabf243e,DauT,2021,367.375,2,437,68,333,34
9621aabf243e,DauT,2021,381.375,2,257,72,996,37
9621aabf243e,DauT,2021,395.375,2,341,72,1002,37
9621aabf243e,DauT,2021,409.375,2,321,72,1046,37
9621aabf243e,DauT,2021,423.375,2,384,70,974,36
9621aabf243e,DauT,2021,437.375,2,394,74,920,37
9621aabf243e,DauT,2021,451.375,2,416,76,838,39
9621aabf243e,DauT,2021,465.375,2,366,78,851,41
9621aabf243e,DauT,2021,479.375,2,312,82,911,54
9621aabf243e,DauT,2021,493.375,2,390,82,727,54
9621aabf243e,DauT,2021,507.375,2,421,86,787,54
9621aabf243e,DauT,2021,521.375,2,546,90,829,55
9621aabf243e,DauT,2021,535.375,2,581,96,779,57
9621aabf243e,DauT,2021,549.375,2,612,98,665,61
9621aabf243e,DauT,2021,563.375,2,592,106,724,62
9621aabf243e,DauT,2021,577.375,2,662,114,703,63
9621aabf243e,DauT,2021,591.375,2,740,124,671,65
9621aabf243e,DauT,2021,605.375,2,760,128,675,65
9621aabf243e,DauT,2021,619.375,2,831,130,687,65
9621aabf243e,DauT,2021,633.375,2,791,132,713,68
9621aabf243e,DauT,2021,647.375,2,881,132,717,68
9621aabf243e,DauT,2021,661.375,2,960,132,715,76
9621aabf243e,DauT,2021,675.375,2,1071,140,699,76
9621aabf243e,DauT,2021,689.53,2,649,142,704,87
9621aabf243e,DauT,2021,703.53,2,650,146,744,100
9621aabf243e,DauT,2021,717.53,2,587,154,1314,102
9621aabf243e,DauT,2021,731.53,2,667,162,1335,102
9621aabf243e,DauT,2021,745.53,2,547,170,1352,103
9621aabf243e,DauT,2021,759.53,2,655,184,1327,104
9621aabf243e,DauT,2021,773.53,2,663,192,1322,106
9621aabf243e,DauT,2021,787.53,2,802,203,1587,107
9621aabf243e,DauT,2021,801.53,2,726,211,1650,106
9621aabf243e,DauT,2021,815.53,2,637,223,2182,109
9621aabf243e,DauT,2021,829.53,2,642,236,3069,111
9621aabf243e,DauT,2021,843.53,2,655,302,3350,132
9621aabf243e,DauT,2021,857.53,2,665,299,3531,129
9621aabf243e,DauT,2021,871.53,2,581,248,3333,116
9621aabf243e,DauT,2021,885.53,2,621,252,3232,117
9621aabf243e,DauT,2021,899.53,2,560,336,3194,144
9621aabf243e,DauT,2021,913.53,2,637,296,3016,131
9621aabf243e,DauT,2021,927.53,2,641,424,3387,171
9621aabf243e,DauT,2021,941.53,2,713,432,2665,182
9621aabf243e,DauT,2021,955.53,2,691,346,2504,152
9621aabf243e,DauT,2021,969.53,2,600,344,2478,152
9621aabf243e,DauT,2021,983.53,2,536,367,2405,159
9621aabf243e,DauT,2021,997.53,2,585,436,2376,182
9621aabf243e,DauT,2021,1011.53,2,655,448,2290,186
9621aabf243e,DauT,2021,1025.53,2,765,450,2400,186
9621aabf243e,DauT,2021,1039.53,2,608,531,2366,216
9621aabf243e,DauT,2021,1053.53,2,718,457,2156,190
9621aabf243e,DauT,2021,1067.53,2,863,486,2082,201
9621aabf243e,DauT,2021,1081.53,2,915,525,1953,216
9621aabf243e,DauT,2021,1095.53,2,882,473,1847,196
9621aabf243e,DauT,2021,1109.53,2,955,525,1815,216
9621aabf243e,DauT,2021,1123.53,2,1055,437,1720,190
9621aabf243e,DauT,2021,1137.53,2,1001,459,2039,197
9621aabf243e,DauT,2021,1151.53,2,1058,456,1950,196
9621aabf243e,DauT,2021,1165.53,2,1059,454,2132,197
9621aabf243e,DauT,2021,1179.53,2,1129,286,1353,141
9621aabf243e,DauT,2021,1193.53,2,1299,373,1404,169
9621aabf243e,DauT,2021,1207.53,2,1316,546,1525,226
9621aabf243e,DauT,2021,1221.685,2,439,550,1466,226
9621aabf243e,DauT,2021,1235.685,2,439,548,1499,226
9621aabf243e,DauT,2021,1249.87,2,597,546,1391,229
9621aabf243e,DauT,2021,1263.87,2,508,541,1451,230
9621aabf243e,DauT,2021,1277.87,2,514,560,1417,231
9621aabf243e,DauT,2021,1291.87,2,552,509,1387,217
9621aabf243e,DauT,2021,1305.87,2,762,607,1343,250
9621aabf243e,DauT,2021,1319.87,2,869,619,1395,252
9621aabf243e,DauT,2021,1333.87,2,767,644,1366,263
9621aabf243e,DauT,2021,1347.87,2,947,673,1950,269
9621aabf243e,DauT,2021,1361.87,2,1148,642,1928,260
9621aabf243e,DauT,2021,1376.12,2,1178,659,1926,266
9621aabf243e,DauT,2021,1390.12,2,1231,668,2026,266
9621aabf243e,DauT,2021,1404.12,2,751,694,2258,276
9621aabf243e,DauT,2021,1418.12,2,920,680,2435,271
9621aabf243e,DauT,2021,1432.12,2,410,674,2307,271
9621aabf243e,DauT,2021,1446.12,2,440,565,2164,236
9621aabf243e,DauT,2021,1460.12,2,290,669,2184,268
9621aabf243e,DauT,2021,1474.12,2,325,658,2106,268
9621aabf243e,DauT,2021,1488.12,2,360,689,2563,277
9621aabf243e,DauT,2021,1502.12,2,350,686,2531,278
9621aabf243e,DauT,2021,1516.275,2,383,700,2468,283
9621aabf243e,DauT,2021,1530.275,2,461,708,2701,288
9621aabf243e,DauT,2021,1544.275,2,636,711,3290,284
9621aabf243e,DauT,2021,1558.275,2,604,750,3329,297
9621aabf243e,DauT,2021,1572.275,2,662,716,3296,281
9621aabf243e,DauT,2021,1586.275,2,474,728,3298,293
9621aabf243e,DauT,2021,1600.275,2,348,752,3206,299
9621aabf243e,DauT,2021,1614.275,2,398,748,3060,300
9621aabf243e,DauT,2021,1628.275,2,491,773,4244,302
9621aabf243e,DauT,2021,1642.275,2,396,789,4359,310
9621aabf243e,DauT,2021,1656.275,2,353,823,4538,323
9621aabf243e,DauT,2021,1670.275,2,328,696,4390,281
9621aabf243e,DauT,2021,1684.275,2,258,473,3826,209
9621aabf243e,DauT,2021,1698.275,2,613,583,3725,245
9621aabf243e,DauT,2021,1712.275,2,678,610,3641,258
9621aabf243e,DauT,2021,1726.275,2,603,617,3420,259
9621aabf243e,DauT,2021,1740.275,2,688,599,3058,259
9621aabf243e,DauT,2021,1754.275,2,847,655,2886,275
9621aabf243e,DauT,2021,1768.275,2,791,620,2686,268
9621aabf243e,DauT,2021,1782.275,2,859,770,2655,314
9621aabf243e,DauT,2021,1796.275,2,1026,539,2236,240
9621aabf243e,DauT,2021,1810.275,2,1079,698,2772,291
9621aabf243e,DauT,2021,1824.275,2,941,459,2544,215
9621aabf243e,DauT,2021,1838.275,2,956,463,3090,217
9621aabf243e,DauT,2021,1852.275,2,1142,639,3233,279
9621aabf243e,DauT,2021,1866.275,2,803,494,2931,231
9621aabf243e,DauT,2021,1880.275,2,1152,472,2616,224
9621aabf243e,DauT,2021,1894.275,2,1271,476,3794,226
9621aabf243e,DauT,2021,1908.275,2,1240,498,4616,232
9621aabf243e,DauT,2021,1922.275,2,1388,510,4533,240
9621aabf243e,DauT,2021,1936.275,2,1720,563,4470,259
9621aabf243e,DauT,2021,1950.275,2,1322,485,4551,234
9621aabf243e,DauT,2021,1964.275,2,1371,492,4527,243
9621aabf243e,DauT,2021,1978.275,2,1584,510,4325,249
9621aabf243e,DauT,2021,1992.275,2,1605,538,4488,259
9621aabf243e,DauT,2021,2006.275,2,1727,537,4595,263
9621aabf243e,DauT,2021,2020.275,2,2251,573,4555,271
9621aabf243e,DauT,2021,2034.275,2,2092,560,5272,266
9621aabf243e,DauT,2021,2048.275,2,2304,652,5701,292
9621aabf243e,DauT,2021,2062.275,2,2229,571,5993,272
9621aabf243e,DauT,2021,2076.275,2,2659,563,5950,266
9621aabf243e,DauT,2021,2090.275,2,2880,571,5609,271
9621aabf243e,DauT,2021,2104.275,2,2896,565,5505,273
9621aabf243e,DauT,2021,2118.275,2,1225,808,5718,354
9621aabf243e,DauT,2021,2132.275,2,1544,690,6685,311
9621aabf243e,DauT,2021,2146.275,2,1968,708,6932,314
9621aabf243e,DauT,2021,2160.275,2,1821,643,6515,294
9621aabf243e,DauT,2021,2174.275,2,2145,614,6554,283
9621aabf243e,DauT,2021,2188.275,2,2113,595,6150,283
9621aabf243e,DauT,2021,2202.43,2,1778,596,5821,288
9621aabf243e,DauT,2021,2216.43,2,1975,723,5874,330
9621aabf243e,DauT,2021,2230.43,2,1744,599,5687,289
9621aabf243e,DauT,2021,2244.43,2,1676,615,5600,293
9621aabf243e,DauT,2021,2258.43,2,1828,609,5636,294
9621aabf243e,DauT,2021,2272.43,2,2163,638,5480,304
9621aabf243e,DauT,2021,2286.43,2,2277,628,5562,300
9621aabf243e,DauT,2021,2300.43,2,2466,669,5450,315
9621aabf243e,DauT,2021,2314.43,2,2421,658,5557,312
9621aabf243e,DauT,2021,2328.43,2,2167,659,5895,310
9621aabf243e,DauT,2021,2342.43,2,1945,651,5633,313
9621aabf243e,DauT,2021,2356.43,2,2590,676,5441,319
9621aabf243e,DauT,2021,2370.43,2,2611,686,5079,326
9621aabf243e,DauT,2021,2384.43,2,1724,695,5613,329
9621aabf243e,DauT,2021,2398.43,2,1422,692,5743,328
9621aabf243e,DauT,2021,2412.43,2,1770,721,5574,336
9621aabf243e,DauT,2021,2426.59,2,1954,720,5625,342
9621aabf243e,DauT,2021,2440.59,2,1636,692,5829,332
9621aabf243e,DauT,2021,2454.59,2,1462,712,5505,344
9621aabf243e,DauT,2021,2468.59,2,1909,711,5161,348
9621aabf243e,DauT,2021,2482.59,2,1332,738,5159,358
9621aabf243e,DauT,2021,2496.59,2,1563,743,5370,362
9621aabf243e,DauT,2021,2510.59,2,2148,715,4933,353
9621aabf243e,DauT,2021,2524.59,2,2464,703,4974,348
9621aabf243e,DauT,2021,2538.59,2,1836,739,5156,362
9621aabf243e,DauT,2021,2552.59,2,1980,737,5214,371
9621aabf243e,DauT,2021,2566.59,2,2557,789,5103,387
9621aabf243e,DauT,2021,2580.59,2,2593,776,5924,384
9621aabf243e,DauT,2021,2594.59,2,2506,830,6506,402
9621aabf243e,DauT,2021,2608.59,2,2562,869,7861,414
9621aabf243e,DauT,2021,2622.59,2,2608,877,8182,413
9621aabf243e,DauT,2021,2636.59,2,2872,877,8533,416
9621aabf243e,DauT,2021,2650.59,2,3558,933,10149,428
9621aabf243e,DauT,2021,2664.59,2,3315,914,10385,418
9621aabf243e,DauT,2021,2678.59,2,1505,918,10682,414
9621aabf243e,DauT,2021,2692.59,2,1474,936,10764,429
9621aabf243e,DauT,2021,2706.59,2,1905,923,11400,420
9621aabf243e,DauT,2021,2720.59,2,2212,933,10706,423
9621aabf243e,DauT,2021,2734.59,2,2376,942,10435,424
9621aabf243e,DauT,2021,2748.59,2,2683,976,11913,434
9621aabf243e,DauT,2021,2762.59,2,2663,998,14580,436
9621aabf243e,DauT,2021,2776.59,2,2985,1016,14174,440
11508bc32ada,DauT,2021,17.383,2,450,26,400,15
11508bc32ada,DauT,2021,31.383,2,450,30,300,15
11508bc32ada,DauT,2021,45.383,2,450,30,318,15
11508bc32ada,DauT,2021,59.383,2,470,32,317,16
11508bc32ada,DauT,2021,73.383,2,490,32,320,16
11508bc32ada,DauT,2021,87.383,2,536,32,200,16
11508bc32ada,DauT,2021,101.383,2,486,34,224,17
11508bc32ada,DauT,2021,115.383,2,486,34,254,17
11508bc32ada,DauT,2021,129.383,2,396,36,218,19
11508bc32ada,DauT,2021,143.383,2,376,34,113,18
11508bc32ada,DauT,2021,157.383,2,376,42,342,21
11508bc32ada,DauT,2021,171.383,2,386,42,324,21
11508bc32ada,DauT,2021,185.383,2,385,42,215,21
11508bc32ada,DauT,2021,199.383,2,395,42,247,21
11508bc32ada,DauT,2021,213.383,2,406,44,214,22
11508bc32ada,DauT,2021,227.383,2,401,46,242,24
11508bc32ada,DauT,2021,241.383,2,421,46,277,24
11508bc32ada,DauT,2021,255.383,2,371,48,231,26
11508bc32ada,DauT,2021,269.383,2,348,50,259,26
11508bc32ada,DauT,2021,283.383,2,368,54,389,28
11508bc32ada,DauT,2021,297.383,2,395,58,424,29
11508bc32ada,DauT,2021,311.383,2,426,60,466,30
11508bc32ada,DauT,2021,325.383,2,456,60,519,30
11508bc32ada,DauT,2021,339.383,2,546,62,442,31
11508bc32ada,DauT,2021,353.383,2,586,64,489,32
11508bc32ada,DauT,2021,367.383,2,512,64,534,33
11508bc32ada,DauT,2021,381.383,2,534,66,595,39
11508bc32ada,DauT,2021,395.383,2,593,66,620,39
11508bc32ada,DauT,2021,409.383,2,623,68,671,40
11508bc32ada,DauT,2021,423.383,2,931,68,338,39
11508bc32ada,DauT,2021,437.383,2,495,72,361,39
11508bc32ada,DauT,2021,451.383,2,543,74,381,40
11508bc32ada,DauT,2021,465.383,2,583,78,366,40
11508bc32ada,DauT,2021,479.383,2,531,78,256,42
11508bc32ada,DauT,2021,493.383,2,544,78,295,43
11508bc32ada,DauT,2021,507.383,2,658,80,236,51
11508bc32ada,DauT,2021,521.383,2,667,82,310,51
11508bc32ada,DauT,2021,535.383,2,815,86,143,50
11508bc32ada,DauT,2021,549.383,2,851,88,183,52
11508bc32ada,DauT,2021,563.383,2,787,94,158,53
11508bc32ada,DauT,2021,577.383,2,674,98,146,53
11508bc32ada,DauT,2021,591.383,2,559,102,166,56
11508bc32ada,DauT,2021,605.383,2,508,106,59,60
11508bc32ada,DauT,2021,619.383,2,556,112,68,71
11508bc32ada,DauT,2021,633.383,2,526,124,49,73
11508bc32ada,DauT,2021,647.383,2,576,130,81,78
11508bc32ada,DauT,2021,661.383,2,612,138,86,88
11508bc32ada,DauT,2021,675.383,2,352,150,110,90
11508bc32ada,DauT,2021,689.383,2,432,160,131,91
11508bc32ada,DauT,2021,703.383,2,492,172,96,92
11508bc32ada,DauT,2021,717.383,2,372,176,166,95
11508bc32ada,DauT,2021,731.383,2,450,182,132,94
11508bc32ada,DauT,2021,745.383,2,469,190,128,95
11508bc32ada,DauT,2021,759.383,2,298,192,164,98
11508bc32ada,DauT,2021,773.383,2,528,192,133,98
11508bc32ada,DauT,2021,787.383,2,447,196,192,100
11508bc32ada,DauT,2021,801.383,2,568,198,121,100
11508bc32ada,DauT,2021,815.383,2,638,201,164,101
11508bc32ada,DauT,2021,829.383,2,683,205,165,102
11508bc32ada,DauT,2021,843.383,2,686,210,414,105
11508bc32ada,DauT,2021,857.383,2,637,210,443,106
11508bc32ada,DauT,2021,871.383,2,706,213,388,107
11508bc32ada,DauT,2021,885.383,2,576,217,427,110
11508bc32ada,DauT,2021,899.383,2,596,226,438,112
11508bc32ada,DauT,2021,913.383,2,739,228,414,113
11508bc32ada,DauT,2021,927.383,2,755,238,384,116
11508bc32ada,DauT,2021,941.383,2,863,234,601,115
11508bc32ada,DauT,2021,955.383,2,784,236,662,117
11508bc32ada,DauT,2021,969.383,2,950,234,579,118
11508bc32ada,DauT,2021,983.383,2,860,238,561,121
11508bc32ada,DauT,2021,997.383,2,975,240,510,122
11508bc32ada,DauT,2021,1011.383,2,1063,248,517,123
11508bc32ada,DauT,2021,1025.383,2,1122,248,495,124
11508bc32ada,DauT,2021,1039.383,2,1242,254,521,126
11508bc32ada,DauT,2021,1053.493,2,474,256,417,126
11508bc32ada,DauT,2021,1067.728,2,391,256,491,128
11508bc32ada,DauT,2021,1081.728,2,458,258,404,128
11508bc32ada,DauT,2021,1095.728,2,437,262,384,129
11508bc32ada,DauT,2021,1109.728,2,535,262,373,129
11508bc32ada,DauT,2021,1123.728,2,702,262,319,129
11508bc32ada,DauT,2021,1137.728,2,778,265,351,131
11508bc32ada,DauT,2021,1151.728,2,1019,259,284,129
11508bc32ada,DauT,2021,1165.728,2,1118,259,300,129
11508bc32ada,DauT,2021,1179.728,2,1316,282,294,137
11508bc32ada,DauT,2021,1193.728,2,1484,261,290,130
11508bc32ada,DauT,2021,1207.728,2,1654,275,895,134
11508bc32ada,DauT,2021,1221.728,2,1198,269,811,131
11508bc32ada,DauT,2021,1235.728,2,963,264,826,131
11508bc32ada,DauT,2021,1249.728,2,334,268,778,134
11508bc32ada,DauT,2021,1263.883,2,486,282,761,139
11508bc32ada,DauT,2021,1277.883,2,447,296,758,144
11508bc32ada,DauT,2021,1291.883,2,307,275,729,139
11508bc32ada,DauT,2021,1305.883,2,414,288,958,143
11508bc32ada,DauT,2021,1319.883,2,477,303,998,148
11508bc32ada,DauT,2021,1333.883,2,431,305,963,151
11508bc32ada,DauT,2021,1347.883,2,249,308,956,158
11508bc32ada,DauT,2021,1361.883,2,313,325,901,161
11508bc32ada,DauT,2021,1375.883,2,431,331,838,163
11508bc32ada,DauT,2021,1389.883,2,399,336,804,167
11508bc32ada,DauT,2021,1403.883,2,465,346,1315,168
11508bc32ada,DauT,2021,1417.883,2,417,354,1205,172
11508bc32ada,DauT,2021,1431.883,2,508,357,1152,174
11508bc32ada,DauT,2021,1445.883,2,595,361,1101,178
11508bc32ada,DauT,2021,1459.883,2,751,375,1350,179
11508bc32ada,DauT,2021,1473.883,2,755,374,1141,184
11508bc32ada,DauT,2021,1487.883,2,975,390,1024,188
11508bc32ada,DauT,2021,1501.883,2,799,389,1111,190
11508bc32ada,DauT,2021,1515.883,2,888,391,1153,193
11508bc32ada,DauT,2021,1529.883,2,1034,404,1888,195
11508bc32ada,DauT,2021,1543.883,2,803,416,1794,201
11508bc32ada,DauT,2021,1557.883,2,751,408,1688,200
11508bc32ada,DauT,2021,1571.883,2,739,421,1886,204
11508bc32ada,DauT,2021,1585.883,2,661,425,1836,208
11508bc32ada,DauT,2021,1599.933,2,692,435,1837,212
11508bc32ada,DauT,2021,1614.038,2,726,434,1777,213
11508bc32ada,DauT,2021,1628.038,2,919,447,1569,219
11508bc32ada,DauT,2021,1642.038,2,735,450,1518,224
11508bc32ada,DauT,2021,1656.038,2,735,458,1453,225
11508bc32ada,DauT,2021,1670.038,2,862,476,1723,230
11508bc32ada,DauT,2021,1684.038,2,872,477,1609,233
11508bc32ada,DauT,2021,1698.038,2,885,471,1379,235
11508bc32ada,DauT,2021,1712.038,2,1304,509,2291,239
11508bc32ada,DauT,2021,1726.038,2,1356,534,3974,245
11508bc32ada,DauT,2021,1740.038,2,1415,580,6988,250
11508bc32ada,DauT,2021,1754.038,2,1580,601,8961,252
11508bc32ada,DauT,2021,1768.038,2,1672,609,8871,256
11508bc32ada,DauT,2021,1782.038,2,1756,675,8822,277
11508bc32ada,DauT,2021,1796.038,2,1682,623,8364,260
11508bc32ada,DauT,2021,1810.038,2,1796,659,8237,270
11508bc32ada,DauT,2021,1824.038,2,1930,644,7938,268
11508bc32ada,DauT,2021,1838.038,2,1770,643,7503,271
11508bc32ada,DauT,2021,1852.193,2,1789,706,8545,287
11508bc32ada,DauT,2021,1866.193,2,1892,713,10484,284
11508bc32ada,DauT,2021,1880.348,2,1522,716,10097,294
11508bc32ada,DauT,2021,1894.348,2,1735,722,9325,297
11508bc32ada,DauT,2021,1908.348,2,2103,753,8553,305
11508bc32ada,DauT,2021,1922.348,2,1914,761,9024,307
11508bc32ada,DauT,2021,1936.348,2,2070,769,8402,311
11508bc32ada,DauT,2021,1950.348,2,2209,803,8480,320
11508bc32ada,DauT,2021,1964.348,2,2046,819,11114,315
11508bc32ada,DauT,2021,1978.348,2,1866,828,10181,320
11508bc32ada,DauT,2021,1992.348,2,1304,837,9365,327
11508bc32ada,DauT,2021,2006.348,2,1282,851,8886,329
11508bc32ada,DauT,2021,2020.348,2,1067,816,7994,326
11508bc32ada,DauT,2021,2034.348,2,965,773,7753,317
11508bc32ada,DauT,2021,2048.348,2,1023,763,7399,319
11508bc32ada,DauT,2021,2062.348,2,1083,770,9422,316
11508bc32ada,DauT,2021,2076.348,2,1135,810,11313,322
11508bc32ada,DauT,2021,2090.348,2,1164,812,11008,322
11508bc32ada,DauT,2021,2104.348,2,1359,816,10213,326
11508bc32ada,DauT,2021,2118.348,2,1387,818,9369,329
11508bc32ada,DauT,2021,2132.348,2,1468,853,9578,340
11508bc32ada,DauT,2021,2146.348,2,1547,855,9928,338
11508bc32ada,DauT,2021,2160.348,2,1637,808,9351,335
11508bc32ada,DauT,2021,2174.348,2,1708,852,11733,340
11508bc32ada,DauT,2021,2188.348,2,1870,908,15023,344
11508bc32ada,DauT,2021,2202.348,2,1991,925,14903,348
11508bc32ada,DauT,2021,2216.348,2,2229,973,14206,366
11508bc32ada,DauT,2021,2230.348,2,2517,931,13624,352
11508bc32ada,DauT,2021,2244.348,2,2498,948,13013,362
11508bc32ada,DauT,2021,2258.348,2,2859,946,12010,373
11508bc32ada,DauT,2021,2272.348,2,3130,950,12500,372
11508bc32ada,DauT,2021,2286.348,2,2872,930,11503,366
11508bc32ada,DauT,2021,2300.348,2,3101,930,10687,373
11508bc32ada,DauT,2021,2314.348,2,3524,943,9995,378
11508bc32ada,DauT,2021,2328.348,2,1985,943,9102,377
11508bc32ada,DauT,2021,2342.348,2,2248,941,8370,377
11508bc32ada,DauT,2021,2356.348,2,2186,925,8041,374
11508bc32ada,DauT,2021,2370.348,2,1622,868,7260,368
11508bc32ada,DauT,2021,2384.348,2,2011,870,6630,373
11508bc32ada,DauT,2021,2398.348,2,2230,877,6371,374
11508bc32ada,DauT,2021,2412.348,2,2375,884,5635,377
11508bc32ada,DauT,2021,2426.348,2,2778,906,5193,386
11508bc32ada,DauT,2021,2440.348,2,2408,914,5478,387
11508bc32ada,DauT,2021,2454.348,2,2335,905,4725,386
11508bc32ada,DauT,2021,2468.348,2,2446,900,4089,390
11508bc32ada,DauT,2021,2482.348,2,2565,840,4124,380
11508bc32ada,DauT,2021,2496.348,2,3072,832,5367,376
11508bc32ada,DauT,2021,2510.348,2,3372,877,6049,393
11508bc32ada,DauT,2021,2524.348,2,2131,834,6495,378
11508bc32ada,DauT,2021,2538.348,2,2201,826,6029,379
11508bc32ada,DauT,2021,2552.348,2,2341,825,5580,380
11508bc32ada,DauT,2021,2566.348,2,2545,831,5924,381
11508bc32ada,DauT,2021,2580.348,2,1812,832,6278,384
11508bc32ada,DauT,2021,2594.348,2,2088,844,6478,385
11508bc32ada,DauT,2021,2608.348,2,1757,896,6942,403
11508bc32ada,DauT,2021,2622.348,2,1686,987,7844,435
11508bc32ada,DauT,2021,2636.348,2,1867,1084,10363,455
11508bc32ada,DauT,2021,2650.348,2,2107,944,11738,408
11508bc32ada,DauT,2021,2664.348,2,2131,980,12081,414
11508bc32ada,DauT,2021,2678.348,2,2276,997,12241,417
11508bc32ada,DauT,2021,2692.408,2,2548,1024,12355,430
11508bc32ada,DauT,2021,2706.503,2,2425,1160,15868,460
11508bc32ada,DauT,2021,2720.503,2,2595,1186,18757,456
11508bc32ada,DauT,2021,2734.503,2,2781,1142,18225,446
11508bc32ada,DauT,2021,2748.503,2,2910,1111,17568,442
11508bc32ada,DauT,2021,2762.503,2,2806,1124,16611,439
11508bc32ada,DauT,2021,2776.503,2,2569,1168,16499,459
11508bc32ada,DauT,2021,2790.503,2,2874,1207,16630,467
11508bc32ada,DauT,2021,2804.503,2,3048,1341,16131,509
11508bc32ada,DauT,2021,2818.503,2,2443,1334,18304,500
11508bc32ada,DauT,2021,2832.503,2,1573,1494,21415,543
11508bc32ada,DauT,2021,2846.503,2,1880,1362,21050,496
11508bc32ada,DauT,2021,2860.503,2,2264,1488,20079,539
11508bc32ada,DauT,2021,2874.503,2,1943,1508,19175,554
11508bc32ada,DauT,2021,2888.503,2,2202,1516,18714,551
11508bc32ada,DauT,2021,2902.503,2,2727,1633,18120,587
11508bc32ada,DauT,2021,2916.503,2,2406,1580,18132,567
11508bc32ada,DauT,2021,2930.503,2,2400,1602,18779,568
11508bc32ada,DauT,2021,2944.658,2,2509,1294,19922,464
0b3bc1441529,DauT,2021,17.328,2,470,26,603,15
0b3bc1441529,DauT,2021,31.328,2,470,30,610,16
0b3bc1441529,DauT,2021,45.328,2,480,30,619,16
0b3bc1441529,DauT,2021,59.328,2,510,34,612,17
0b3bc1441529,DauT,2021,73.328,2,485,34,624,17
0b3bc1441529,DauT,2021,87.328,2,470,38,775,19
0b3bc1441529,DauT,2021,101.328,2,375,40,757,21
0b3bc1441529,DauT,2021,115.328,2,385,40,780,21
0b3bc1441529,DauT,2021,129.328,2,380,42,771,22
0b3bc1441529,DauT,2021,143.328,2,375,44,767,22
0b3bc1441529,DauT,2021,157.328,2,395,46,789,23
0b3bc1441529,DauT,2021,171.328,2,389,46,770,23
0b3bc1441529,DauT,2021,185.328,2,419,48,787,24
0b3bc1441529,DauT,2021,199.328,2,419,48,842,24
0b3bc1441529,DauT,2021,213.328,2,414,50,876,26
0b3bc1441529,DauT,2021,227.328,2,414,52,932,27
0b3bc1441529,DauT,2021,241.328,2,442,54,919,27
0b3bc1441529,DauT,2021,255.328,2,452,56,975,28
0b3bc1441529,DauT,2021,269.328,2,604,56,798,28
0b3bc1441529,DauT,2021,283.328,2,614,58,841,29
0b3bc1441529,DauT,2021,297.328,2,670,58,865,29
0b3bc1441529,DauT,2021,311.328,2,737,60,870,30
0b3bc1441529,DauT,2021,325.328,2,722,60,926,30
0b3bc1441529,DauT,2021,339.328,2,752,62,983,31
0b3bc1441529,DauT,2021,353.328,2,687,64,1041,32
0b3bc1441529,DauT,2021,367.328,2,1003,64,806,32
0b3bc1441529,DauT,2021,381.328,2,1033,66,854,33
0b3bc1441529,DauT,2021,395.328,2,1153,64,656,32
0b3bc1441529,DauT,2021,409.328,2,1008,64,1285,33
0b3bc1441529,DauT,2021,423.328,2,1032,64,1228,34
0b3bc1441529,DauT,2021,437.328,2,550,68,1268,36
0b3bc1441529,DauT,2021,451.328,2,630,70,1089,37
0b3bc1441529,DauT,2021,465.328,2,669,72,1123,37
0b3bc1441529,DauT,2021,479.328,2,711,74,1117,37
0b3bc1441529,DauT,2021,493.328,2,600,74,1129,41
0b3bc1441529,DauT,2021,507.328,2,655,72,968,44
0b3bc1441529,DauT,2021,521.328,2,715,74,991,44
0b3bc1441529,DauT,2021,535.328,2,835,74,952,44
0b3bc1441529,DauT,2021,549.328,2,864,76,995,43
0b3bc1441529,DauT,2021,563.328,2,747,74,799,43
0b3bc1441529,DauT,2021,577.328,2,756,76,821,43
0b3bc1441529,DauT,2021,591.328,2,677,82,815,45
0b3bc1441529,DauT,2021,605.328,2,677,82,846,45
0b3bc1441529,DauT,2021,619.483,2,714,87,709,45
0b3bc1441529,DauT,2021,633.483,2,607,95,748,48
0b3bc1441529,DauT,2021,647.483,2,708,120,689,57
0b3bc1441529,DauT,2021,661.483,2,666,141,717,65
0b3bc1441529,DauT,2021,675.483,2,662,146,700,68
0b3bc1441529,DauT,2021,689.483,2,722,143,788,66
0b3bc1441529,DauT,2021,703.483,2,560,114,785,57
0b3bc1441529,DauT,2021,717.483,2,575,122,737,59
0b3bc1441529,DauT,2021,731.483,2,545,122,693,59
0b3bc1441529,DauT,2021,745.483,2,443,130,989,62
0b3bc1441529,DauT,2021,759.483,2,472,126,985,61
0b3bc1441529,DauT,2021,773.483,2,377,128,989,63
0b3bc1441529,DauT,2021,787.483,2,435,128,975,63
0b3bc1441529,DauT,2021,801.483,2,432,139,955,65
0b3bc1441529,DauT,2021,815.483,2,495,142,1347,65
0b3bc1441529,DauT,2021,829.483,2,551,147,1345,67
0b3bc1441529,DauT,2021,843.483,2,541,145,1236,67
0b3bc1441529,DauT,2021,857.483,2,541,147,1220,68
0b3bc1441529,DauT,2021,871.483,2,449,147,1130,68
0b3bc1441529,DauT,2021,885.483,2,499,152,1393,69
0b3bc1441529,DauT,2021,899.483,2,555,153,1352,71
0b3bc1441529,DauT,2021,913.483,2,602,158,1586,72
0b3bc1441529,DauT,2021,927.483,2,627,163,1519,74
0b3bc1441529,DauT,2021,941.483,2,660,163,1547,74
0b3bc1441529,DauT,2021,955.483,2,710,171,1404,78
0b3bc1441529,DauT,2021,969.483,2,628,168,1725,77
0b3bc1441529,DauT,2021,983.483,2,796,172,1571,78
0b3bc1441529,DauT,2021,997.483,2,821,178,1563,81
0b3bc1441529,DauT,2021,1011.483,2,780,174,1532,82
0b3bc1441529,DauT,2021,1025.483,2,912,183,1694,83
0b3bc1441529,DauT,2021,1039.483,2,966,180,1675,82
0b3bc1441529,DauT,2021,1053.483,2,799,187,1614,87
0b3bc1441529,DauT,2021,1067.483,2,849,187,1555,88
0b3bc1441529,DauT,2021,1081.483,2,979,193,1470,89
0b3bc1441529,DauT,2021,1095.483,2,1008,203,1398,93
0b3bc1441529,DauT,2021,1109.483,2,1008,194,1362,90
0b3bc1441529,DauT,2021,1123.483,2,1198,196,1291,91
0b3bc1441529,DauT,2021,1137.483,2,1359,207,1214,94
0b3bc1441529,DauT,2021,1151.638,2,399,198,1205,92
0b3bc1441529,DauT,2021,1165.638,2,585,198,1089,93
0b3bc1441529,DauT,2021,1179.638,2,467,197,1063,92
0b3bc1441529,DauT,2021,1193.638,2,515,203,1645,94
0b3bc1441529,DauT,2021,1207.638,2,685,197,1580,92
0b3bc1441529,DauT,2021,1221.638,2,715,199,1487,93
0b3bc1441529,DauT,2021,1235.793,2,665,199,1498,94
0b3bc1441529,DauT,2021,1249.793,2,808,199,1405,96
0b3bc1441529,DauT,2021,1263.793,2,846,198,1384,95
0b3bc1441529,DauT,2021,1277.793,2,1036,206,1881,95
0b3bc1441529,DauT,2021,1291.793,2,945,208,1839,96
0b3bc1441529,DauT,2021,1305.793,2,1065,210,1800,97
0b3bc1441529,DauT,2021,1319.793,2,1045,212,1703,98
0b3bc1441529,DauT,2021,1333.793,2,568,215,1620,101
0b3bc1441529,DauT,2021,1347.793,2,463,218,1608,102
0b3bc1441529,DauT,2021,1361.793,2,643,224,1544,105
0b3bc1441529,DauT,2021,1375.793,2,428,228,1530,107
0b3bc1441529,DauT,2021,1389.793,2,513,230,1451,108
0b3bc1441529,DauT,2021,1403.793,2,507,242,1409,114
0b3bc1441529,DauT,2021,1417.793,2,577,251,1396,117
0b3bc1441529,DauT,2021,1431.793,2,612,248,1286,117
0b3bc1441529,DauT,2021,1445.793,2,698,250,1230,118
0b3bc1441529,DauT,2021,1459.793,2,668,278,1235,129
0b3bc1441529,DauT,2021,1473.793,2,538,346,1543,152
0b3bc1441529,DauT,2021,1487.793,2,654,282,1375,130
0b3bc1441529,DauT,2021,1501.793,2,569,263,1325,125
0b3bc1441529,DauT,2021,1515.793,2,575,264,1325,129
0b3bc1441529,DauT,2021,1529.793,2,468,410,1619,179
0b3bc1441529,DauT,2021,1543.793,2,413,288,1373,138
0b3bc1441529,DauT,2021,1557.793,2,513,317,1679,145
0b3bc1441529,DauT,2021,1571.793,2,478,327,1747,152
0b3bc1441529,DauT,2021,1585.793,2,688,468,2404,196
0b3bc1441529,DauT,2021,1599.793,2,672,528,2628,214
0b3bc1441529,DauT,2021,1613.793,2,851,501,2815,206
0b3bc1441529,DauT,2021,1627.793,2,911,428,2959,181
0b3bc1441529,DauT,2021,1641.793,2,972,386,3437,168
0b3bc1441529,DauT,2021,1655.793,2,937,491,3478,200
0b3bc1441529,DauT,2021,1669.793,2,657,359,3197,159
0b3bc1441529,DauT,2021,1683.793,2,567,379,3214,167
0b3bc1441529,DauT,2021,1697.793,2,797,444,3116,188
0b3bc1441529,DauT,2021,1711.793,2,842,520,3048,217
0b3bc1441529,DauT,2021,1725.793,2,1047,419,3268,182
0b3bc1441529,DauT,2021,1739.793,2,1237,420,3082,182
0b3bc1441529,DauT,2021,1753.793,2,1154,448,2737,193
0b3bc1441529,DauT,2021,1767.793,2,909,557,2975,230
0b3bc1441529,DauT,2021,1781.793,2,894,562,2685,233
0b3bc1441529,DauT,2021,1795.793,2,1030,566,2584,235
0b3bc1441529,DauT,2021,1809.793,2,1149,568,2514,237
0b3bc1441529,DauT,2021,1823.793,2,1282,583,2531,238
0b3bc1441529,DauT,2021,1837.793,2,1048,616,3012,250
0b3bc1441529,DauT,2021,1851.793,2,938,435,2950,190
0b3bc1441529,DauT,2021,1865.793,2,1198,461,2699,200
0b3bc1441529,DauT,2021,1879.793,2,1468,502,2571,212
0b3bc1441529,DauT,2021,1893.793,2,1374,428,2956,193
0b3bc1441529,DauT,2021,1907.793,2,1174,423,2960,200
0b3bc1441529,DauT,2021,1921.793,2,1351,453,2791,211
0b3bc1441529,DauT,2021,1935.793,2,1389,445,2697,210
0b3bc1441529,DauT,2021,1949.793,2,1386,461,3289,213
0b3bc1441529,DauT,2021,1963.793,2,1493,490,3769,224
0b3bc1441529,DauT,2021,1977.793,2,1107,510,3627,232
0b3bc1441529,DauT,2021,1991.793,2,1072,713,3961,295
0b3bc1441529,DauT,2021,2005.793,2,818,565,4101,246
0b3bc1441529,DauT,2021,2019.793,2,929,460,3830,216
0b3bc1441529,DauT,2021,2033.793,2,991,485,6041,219
0b3bc1441529,DauT,2021,2047.793,2,612,537,5782,239
0b3bc1441529,DauT,2021,2061.793,2,778,523,6133,231
0b3bc1441529,DauT,2021,2075.793,2,861,573,6587,247
0b3bc1441529,DauT,2021,2089.793,2,1430,565,7529,241
0b3bc1441529,DauT,2021,2103.793,2,1485,576,7263,247
0b3bc1441529,DauT,2021,2117.793,2,1593,663,8851,268
0b3bc1441529,DauT,2021,2131.793,2,1771,588,8893,245
0b3bc1441529,DauT,2021,2145.793,2,1906,584,8527,246
0b3bc1441529,DauT,2021,2159.793,2,1782,583,8214,252
0b3bc1441529,DauT,2021,2173.793,2,1529,595,7765,255
0b3bc1441529,DauT,2021,2187.793,2,1196,660,7424,276
0b3bc1441529,DauT,2021,2201.793,2,951,632,7014,267
0b3bc1441529,DauT,2021,2215.793,2,615,796,7169,324
0b3bc1441529,DauT,2021,2229.793,2,857,823,7469,328
0b3bc1441529,DauT,2021,2243.793,2,1135,704,7174,288
0b3bc1441529,DauT,2021,2257.793,2,1082,741,6842,302
0b3bc1441529,DauT,2021,2271.793,2,1484,678,6609,279
0b3bc1441529,DauT,2021,2285.793,2,1210,677,6791,276
0b3bc1441529,DauT,2021,2299.793,2,604,716,6487,294
0b3bc1441529,DauT,2021,2313.793,2,990,718,6289,293
0b3bc1441529,DauT,2021,2327.793,2,1249,675,5692,280
0b3bc1441529,DauT,2021,2341.793,2,1330,621,5425,269
0b3bc1441529,DauT,2021,2355.948,2,1732,625,5329,273
0b3bc1441529,DauT,2021,2369.948,2,1675,633,5135,282
0b3bc1441529,DauT,2021,2383.948,2,1962,640,5438,286
0b3bc1441529,DauT,2021,2397.948,2,2136,650,5453,289
0b3bc1441529,DauT,2021,2411.948,2,551,640,5472,287
0b3bc1441529,DauT,2021,2425.948,2,824,603,5573,280
0b3bc1441529,DauT,2021,2439.948,2,843,688,5561,305
0b3bc1441529,DauT,2021,2453.948,2,991,748,5600,327
0b3bc1441529,DauT,2021,2467.948,2,804,943,5698,392
0b3bc1441529,DauT,2021,2481.948,2,1162,961,5340,397
0b3bc1441529,DauT,2021,2495.948,2,641,1077,5302,434
0b3bc1441529,DauT,2021,2509.948,2,876,988,5256,408
0b3bc1441529,DauT,2021,2523.948,2,1110,990,5755,410
0b3bc1441529,DauT,2021,2538.103,2,1038,1316,5760,515
0b3bc1441529,DauT,2021,2552.103,2,996,944,5209,398
0b3bc1441529,DauT,2021,2566.103,2,908,964,5119,402
0b3bc1441529,DauT,2021,2580.103,2,1247,949,4898,403
0b3bc1441529,DauT,2021,2594.103,2,1295,940,4689,399
0b3bc1441529,DauT,2021,2608.103,2,1235,807,5620,357
0b3bc1441529,DauT,2021,2622.103,2,1582,834,6739,362
0b3bc1441529,DauT,2021,2636.103,2,1722,882,6867,377
0b3bc1441529,DauT,2021,2650.103,2,1529,935,7802,391
0b3bc1441529,DauT,2021,2664.103,2,1834,934,7309,394
0b3bc1441529,DauT,2021,2678.103,2,1983,1047,7926,435
0b3bc1441529,DauT,2021,2692.103,2,1633,1240,8009,503
0b3bc1441529,DauT,2021,2706.103,2,1870,1050,7923,438
0b3bc1441529,DauT,2021,2720.103,2,1601,1008,7909,427
0b3bc1441529,DauT,2021,2734.103,2,1832,1257,8703,502
0b3bc1441529,DauT,2021,2748.103,2,1937,1036,9537,432
0b3bc1441529,DauT,2021,2762.103,2,2431,905,9272,387
0b3bc1441529,DauT,2021,2776.103,2,2745,961,9059,406
0b3bc1441529,DauT,2021,2790.103,2,3031,964,9386,404
0b3bc1441529,DauT,2021,2804.103,2,2642,870,10700,369
0b3bc1441529,DauT,2021,2818.103,2,1975,958,11251,405
0b3bc1441529,DauT,2021,2832.103,2,2075,960,10592,409
0b3bc1441529,DauT,2021,2846.103,2,2622,995,10553,416
0b3bc1441529,DauT,2021,2860.103,2,2413,1081,11383,445
0b3bc1441529,DauT,2021,2874.103,2,3001,1045,11704,430
0b3bc1441529,DauT,2021,2888.103,2,2467,1073,12419,434
0b3bc1441529,DauT,2021,2902.103,2,2713,1170,11968,464
0b3bc1441529,DauT,2021,2916.103,2,2606,1111,11879,448
0b3bc1441529,DauT,2021,2930.103,2,2954,1031,11894,419
0b3bc1441529,DauT,2021,2944.103,2,2655,1286,12055,507
0b3bc1441529,DauT,2021,2958.103,2,2668,1282,12908,494
0b3bc1441529,DauT,2021,2972.103,2,1929,1174,13359,459
0b3bc1441529,DauT,2021,2986.103,2,1833,1169,15458,451
0b3bc1441529,DauT,2021,3000.103,2,1701,1208,17028,454
0b3bc1441529,DauT,2021,3014.103,2,1809,1226,17860,458
0b3bc1441529,DauT,2021,3028.103,2,1727,1072,17772,408
0b3bc1441529,DauT,2021,3042.103,2,1794,1071,17558,406
0b3bc1441529,DauT,2021,3056.103,2,1492,1081,16571,415
0b3bc1441529,DauT,2021,3070.103,2,1464,1095,17044,419
0b3bc1441529,DauT,2021,3084.103,2,1391,1181,16933,445
0b3bc1441529,DauT,2021,3098.103,2,1357,1194,18069,447
0b3bc1441529,DauT,2021,3112.103,2,1013,1148,16849,445
0b3bc1441529,DauT,2021,3126.103,2,1101,1126,17139,432
0b3bc1441529,DauT,2021,3140.103,2,1247,1149,16619,436
0b3bc1441529,DauT,2021,3154.103,2,980,1196,17583,450
0b3bc1441529,DauT,2021,3168.103,2,1379,1252,18219,463
0b3bc1441529,DauT,2021,3182.103,2,1394,1107,18910,414
0b3bc1441529,DauT,2021,3196.103,2,1730,1165,18517,433
0b3bc1441529,DauT,2021,3210.103,2,1643,1131,18659,418
0b3bc1441529,DauT,2021,3224.103,2,1456,1180,18157,435
0b3bc1441529,DauT,2021,3238.103,2,1186,1207,18674,442
0b3bc1441529,DauT,2021,3252.103,2,1285,1204,18001,441
0b3bc1441529,DauT,2021,3266.103,2,1598,1194,16168,442
0b3bc1441529,DauT,2021,3280.103,2,1595,1130,16376,424
0b3bc1441529,DauT,2021,3294.103,2,1371,1085,15217,412
0b3bc1441529,DauT,2021,3308.103,2,1607,1029,14085,403
0b3bc1441529,DauT,2021,3321.854,2,1815,1038,13849,405
0b3bc1441529,DauT,2021,3335.854,2,1171,1035,12737,415
0b3bc1441529,DauT,2021,3349.854,2,1154,1032,12682,410
0b3bc1441529,DauT,2021,3363.854,2,1407,1095,11778,434
0b3bc1441529,DauT,2021,3376.971,2,1533,1098,11291,438
0b3bc1441529,DauT,2021,3387.576,2,464,1092,11023,442
0b3bc1441529,DauT,2021,3397.421,2,782,1003,10961,413
0b3bc1441529,DauT,2021,3406.731,2,841,1012,11356,413
0b3bc1441529,DauT,2021,3416.207,2,1113,1068,11531,432
0b3bc1441529,DauT,2021,3425.791,2,1086,1032,11536,423
0b3bc1441529,DauT,2021,3435.214,2,1559,1096,12430,439
0b3bc1441529,DauT,2021,3444.674,2,1662,1137,13776,449
0b3bc1441529,DauT,2021,3454.134,2,1804,1060,14081,424
0b3bc1441529,DauT,2021,3463.67,2,1942,1100,14533,435
0b3bc1441529,DauT,2021,3473.132,2,1969,1141,14767,449
0b3bc1441529,DauT,2021,3482.499,2,1732,1099,14439,439
0b3bc1441529,DauT,2021,3491.887,2,1949,1085,14226,434
0b3bc1441529,DauT,2021,3501.389,2,2393,1076,15143,426
0b3bc1441529,DauT,2021,3510.805,2,2489,1117,17459,434
0b3bc1441529,DauT,2021,3520.243,2,2319,1096,19484,424
0b3bc1441529,DauT,2021,3529.14,2,2072,1199,19100,461
0b3bc1441529,DauT,2021,3537.845,2,2102,1372,18992,516
0b3bc1441529,DauT,2021,3546.081,2,2103,1467,19493,550
0b3bc1441529,DauT,2021,3554.079,2,2381,1364,18747,515
0b3bc1441529,DauT,2021,3561.543,2,2471,1277,20230,481
0b3bc1441529,DauT,2021,3568.349,2,2594,1325,19991,498
0b3bc1441529,DauT,2021,3574.849,2,2623,1206,19617,460
0b3bc1441529,DauT,2021,3581.349,2,2729,1159,19615,445
0b3bc1441529,DauT,2021,3587.849,2,2996,1159,20352,438
0b3bc1441529,DauT,2021,3594.349,2,2960,1173,20235,445
0b3bc1441529,DauT,2021,3600.849,2,3148,1198,20226,451
0b3bc1441529,DauT,2021,3607.349,2,3308,1216,20377,454
0b3bc1441529,DauT,2021,3613.849,2,3373,1231,21561,452
0b3bc1441529,DauT,2021,3620.349,2,3577,1243,22382,455
0b3bc1441529,DauT,2021,3626.849,2,3321,1264,21708,463
0b3bc1441529,DauT,2021,3633.349,2,3373,1295,21314,474
0b3bc1441529,DauT,2021,3639.849,2,3528,1303,21490,478
0b3bc1441529,DauT,2021,3646.349,2,3796,1329,21375,484
0b3bc1441529,DauT,2021,3652.849,2,3803,1321,20999,483
0b3bc1441529,DauT,2021,3659.349,2,3512,1300,21051,470
0b3bc1441529,DauT,2021,3666.015,2,3617,1346,22100,483
0b3bc1441529,DauT,2021,3672.515,2,3176,1296,23082,462
0b3bc1441529,DauT,2021,3679.015,2,2043,1316,22974,468
0b3bc1441529,DauT,2021,3685.515,2,2226,1320,22821,470
0b3bc1441529,DauT,2021,3692.015,2,1920,1299,22363,462
0b3bc1441529,DauT,2021,3698.515,2,1883,1367,21703,491
0b3bc1441529,DauT,2021,3705.015,2,1974,1371,21482,488
0b3bc1441529,DauT,2021,3711.515,2,2193,1305,22373,461
0b3bc1441529,DauT,2021,3718.015,2,2392,1292,21762,458
0b3bc1441529,DauT,2021,3724.515,2,2314,1317,21421,465
0b3bc1441529,DauT,2021,3731.015,2,2340,1318,21247,472
0b3bc1441529,DauT,2021,3737.515,2,2523,1317,20433,476
0b3bc1441529,DauT,2021,3744.015,2,2643,1286,19636,466
0b3bc1441529,DauT,2021,3750.515,2,2853,1341,18871,494
0b3bc1441529,DauT,2021,3757.015,2,2806,1335,18068,488
0b3bc1441529,DauT,2021,3763.515,2,3021,1280,17650,469
0b3bc1441529,DauT,2021,3770.015,2,2682,1248,17626,460
0b3bc1441529,DauT,2021,3776.515,2,2076,1280,17061,471
0b3bc1441529,DauT,2021,3783.015,2,2273,1328,17156,482
0b3bc1441529,DauT,2021,3789.515,2,2473,1369,17841,489
0b3bc1441529,DauT,2021,3796.015,2,2678,1341,18302,482
0b3bc1441529,DauT,2021,3802.515,2,2607,1312,17835,475
0b3bc1441529,DauT,2021,3809.015,2,2710,1285,17126,472
0b3bc1441529,DauT,2021,3815.515,2,2683,1235,16527,462
0b3bc1441529,DauT,2021,3822.015,2,2649,1217,16917,458
0b3bc1441529,DauT,2021,3828.515,2,2755,1237,17657,463
0b3bc1441529,DauT,2021,3835.015,2,3059,1254,17410,467
0b3bc1441529,DauT,2021,3841.515,2,2677,1256,17571,470
0b3bc1441529,DauT,2021,3848.015,2,2783,1267,17844,473
0b3bc1441529,DauT,2021,3854.515,2,2570,1245,17271,467
0b3bc1441529,DauT,2021,3861.015,2,2480,1231,16625,462
0b3bc1441529,DauT,2021,3867.515,2,2545,1214,16654,456
0b3bc1441529,DauT,2021,3874.015,2,2825,1214,16789,455
0b3bc1441529,DauT,2021,3880.515,2,2809,1212,17039,452
0b3bc1441529,DauT,2021,3887.015,2,2979,1216,16944,455
0b3bc1441529,DauT,2021,3893.515,2,2973,1249,18864,458
0b3bc1441529,DauT,2021,3900.015,2,3085,1253,20074,456
0b3bc1441529,DauT,2021,3906.515,2,3234,1259,19894,456
0b3bc1441529,DauT,2021,3913.015,2,3298,1248,19816,458
0b3bc1441529,DauT,2021,3919.515,2,3346,1229,19799,454
0b3bc1441529,DauT,2021,3926.015,2,3519,1225,19402,451
0b3bc1441529,DauT,2021,3932.515,2,3467,1220,19085,450
0b3bc1441529,DauT,2021,3939.015,2,3597,1225,18389,455
0b3bc1441529,DauT,2021,3945.515,2,3717,1206,18195,447
0b3bc1441529,DauT,2021,3952.015,2,3849,1199,17532,446
0b3bc1441529,DauT,2021,3958.515,2,3669,1199,16954,448
0b3bc1441529,DauT,2021,3965.015,2,3809,1181,16373,449
0b3bc1441529,DauT,2021,3971.515,2,2288,1155,15828,440
0b3bc1441529,DauT,2021,3978.015,2,2572,1150,15652,439
0b3bc1441529,DauT,2021,3984.515,2,2420,1159,15343,446
0b3bc1441529,DauT,2021,3991.015,2,2444,1207,15063,463
0b3bc1441529,DauT,2021,3997.515,2,2763,1263,14396,480
0b3bc1441529,DauT,2021,4004.015,2,2619,1282,14310,491
0b3bc1441529,DauT,2021,4010.515,2,2704,1231,14793,470
0b3bc1441529,DauT,2021,4017.015,2,2934,1266,15852,473
0b3bc1441529,DauT,2021,4023.515,2,2617,1258,17061,475
0b3bc1441529,DauT,2021,4030.015,2,2765,1181,16626,442
0b3bc1441529,DauT,2021,4036.515,2,3068,1210,16823,451
0b3bc1441529,DauT,2021,4043.015,2,2917,1272,16677,471
0b3bc1441529,DauT,2021,4049.515,2,3195,1257,16114,467
0b3bc1441529,DauT,2021,4056.015,2,3131,1259,15814,468
0b3bc1441529,DauT,2021,4062.515,2,3170,1244,15955,462
0b3bc1441529,DauT,2021,4069.015,2,3181,1201,15431,451
0b3bc1441529,DauT,2021,4075.515,2,3009,1216,14361,461
0b3bc1441529,DauT,2021,4082.015,2,3234,1216,14575,458
0b3bc1441529,DauT,2021,4088.515,2,3238,1220,14531,459
0b3bc1441529,DauT,2021,4095.015,2,3279,1234,14280,465
0b3bc1441529,DauT,2021,4101.515,2,3090,1260,15275,473
0b3bc1441529,DauT,2021,4108.015,2,3213,1215,14812,462
0b3bc1441529,DauT,2021,4114.515,2,3170,1197,15919,447
0b3bc1441529,DauT,2021,4121.015,2,3358,1214,17861,444
0b3bc1441529,DauT,2021,4127.515,2,3339,1216,19027,441
0b3bc1441529,DauT,2021,4134.015,2,3442,1236,21369,446
0b3bc1441529,DauT,2021,4140.515,2,3428,1252,22809,441
0b3bc1441529,DauT,2021,4147.015,2,3251,1236,24109,435
0b3bc1441529,DauT,2021,4153.515,2,3335,1240,23736,436
0b3bc1441529,DauT,2021,4160.015,2,3241,1251,23854,438
0b3bc1441529,DauT,2021,4166.515,2,3302,1246,24411,434
0b3bc1441529,DauT,2021,4173.015,2,3366,1241,23442,434
0b3bc1441529,DauT,2021,4179.515,2,3469,1255,23906,438
0b3bc1441529,DauT,2021,4186.015,2,3531,1256,24034,438
0b3bc1441529,DauT,2021,4192.515,2,3477,1235,24140,435
0b3bc1441529,DauT,2021,4199.015,2,3614,1187,23978,424
0b3bc1441529,DauT,2021,4205.515,2,3852,1220,25235,429
0b3bc1441529,DauT,2021,4212.181,2,2969,1202,25916,422
0b3bc1441529,DauT,2021,4218.681,2,3074,1203,25719,421
0b3bc1441529,DauT,2021,4225.181,2,3149,1210,25596,420
0b3bc1441529,DauT,2021,4231.681,2,3338,1235,27036,417
0b3bc1441529,DauT,2021,4238.181,2,3268,1254,28544,418
0b3bc1441529,DauT,2021,4244.681,2,3316,1291,30225,427
0b3bc1441529,DauT,2021,4251.181,2,3315,1343,31645,435
0b3bc1441529,DauT,2021,4257.681,2,2988,1345,32469,431
0b3bc1441529,DauT,2021,4264.181,2,2993,1376,33988,430
0b3bc1441529,DauT,2021,4270.681,2,2990,1368,33930,425
0b3bc1441529,DauT,2021,4277.181,2,3026,1364,33451,421
0b3bc1441529,DauT,2021,4283.681,2,3074,1369,33246,421
0b3bc1441529,DauT,2021,4290.181,2,3232,1384,32631,426
0b3bc1441529,DauT,2021,4296.681,2,3310,1371,31458,422
5e152714b185,DauT,2021,17.205,2,550,136,400,70
5e152714b185,DauT,2021,31.205,2,450,140,300,70
5e152714b185,DauT,2021,45.205,2,450,140,316,70
5e152714b185,DauT,2021,59.205,2,450,146,536,73
5e152714b185,DauT,2021,73.205,2,490,146,520,73
5e152714b185,DauT,2021,87.205,2,486,148,500,74
5e152714b185,DauT,2021,101.205,2,486,146,415,73
5e152714b185,DauT,2021,115.205,2,486,148,444,74
5e152714b185,DauT,2021,129.205,2,490,150,413,75
5e152714b185,DauT,2021,143.205,2,425,152,504,77
5e152714b185,DauT,2021,157.205,2,375,152,432,77
5e152714b185,DauT,2021,171.205,2,371,154,416,77
5e152714b185,DauT,2021,185.205,2,391,156,440,78
5e152714b185,DauT,2021,199.205,2,402,154,325,77
5e152714b185,DauT,2021,213.205,2,387,156,361,79
5e152714b185,DauT,2021,227.205,2,457,158,342,80
5e152714b185,DauT,2021,241.205,2,423,160,377,80
5e152714b185,DauT,2021,255.205,2,471,164,331,82
5e152714b185,DauT,2021,269.205,2,341,168,327,86
5e152714b185,DauT,2021,283.205,2,371,164,336,84
5e152714b185,DauT,2021,297.205,2,313,166,382,93
5e152714b185,DauT,2021,311.205,2,353,172,410,94
5e152714b185,DauT,2021,325.205,2,370,174,361,94
5e152714b185,DauT,2021,339.205,2,410,180,396,95
5e152714b185,DauT,2021,353.205,2,408,180,454,92
5e152714b185,DauT,2021,367.205,2,438,182,507,93
5e152714b185,DauT,2021,381.205,2,459,192,468,96
5e152714b185,DauT,2021,395.205,2,391,192,524,97
5e152714b185,DauT,2021,409.205,2,625,194,243,97
5e152714b185,DauT,2021,423.205,2,612,194,276,97
5e152714b185,DauT,2021,437.205,2,624,196,272,99
5e152714b185,DauT,2021,451.205,2,644,196,349,99
5e152714b185,DauT,2021,465.205,2,574,200,366,101
5e152714b185,DauT,2021,479.205,2,554,202,439,102
5e152714b185,DauT,2021,493.205,2,614,204,480,102
5e152714b185,DauT,2021,507.205,2,709,206,493,103
5e152714b185,DauT,2021,521.205,2,1029,206,287,103
5e152714b185,DauT,2021,535.234,2,1094,208,340,104
5e152714b185,DauT,2021,549.234,2,1039,208,413,105
5e152714b185,DauT,2021,563.234,2,611,212,454,106
5e152714b185,DauT,2021,577.234,2,860,210,205,105
5e152714b185,DauT,2021,591.514,2,850,212,239,106
5e152714b185,DauT,2021,605.514,2,795,212,251,107
5e152714b185,DauT,2021,619.514,2,865,212,307,107
5e152714b185,DauT,2021,633.514,2,1011,210,187,106
5e152714b185,DauT,2021,647.514,2,1056,210,209,107
5e152714b185,DauT,2021,661.676,2,1257,214,106,107
5e152714b185,DauT,2021,675.676,2,1287,214,155,108
5e152714b185,DauT,2021,689.676,2,1396,216,141,108
5e152714b185,DauT,2021,703.676,2,1527,216,135,108
5e152714b185,DauT,2021,717.676,2,1302,216,150,110
5e152714b185,DauT,2021,731.676,2,1408,216,148,110
5e152714b185,DauT,2021,745.676,2,1538,218,133,111
5e152714b185,DauT,2021,759.676,2,1460,224,176,112
5e152714b185,DauT,2021,773.676,2,488,224,180,114
5e152714b185,DauT,2021,787.676,2,458,226,217,116
5e152714b185,DauT,2021,801.676,2,386,232,174,117
5e152714b185,DauT,2021,815.676,2,454,234,173,119
5e152714b185,DauT,2021,829.676,2,514,234,166,119
5e152714b185,DauT,2021,843.676,2,594,236,176,119
5e152714b185,DauT,2021,857.676,2,708,244,197,123
5e152714b185,DauT,2021,871.676,2,671,247,363,129
5e152714b185,DauT,2021,885.676,2,736,253,288,129
5e152714b185,DauT,2021,899.676,2,847,259,259,130
5e152714b185,DauT,2021,913.676,2,967,269,219,130
5e152714b185,DauT,2021,927.676,2,1050,267,901,128
5e152714b185,DauT,2021,941.676,2,820,266,1050,129
5e152714b185,DauT,2021,955.676,2,840,269,943,129
5e152714b185,DauT,2021,969.676,2,455,273,849,131
5e152714b185,DauT,2021,983.676,2,544,263,737,128
5e152714b185,DauT,2021,997.676,2,626,264,705,129
5e152714b185,DauT,2021,1011.676,2,606,261,963,127
5e152714b185,DauT,2021,1025.676,2,601,265,1083,130
5e152714b185,DauT,2021,1039.676,2,758,278,1011,135
5e152714b185,DauT,2021,1053.676,2,394,286,1057,139
5e152714b185,DauT,2021,1067.676,2,464,296,939,143
5e152714b185,DauT,2021,1081.676,2,434,289,985,140
5e152714b185,DauT,2021,1095.676,2,449,293,894,144
5e152714b185,DauT,2021,1109.676,2,566,295,874,144
5e152714b185,DauT,2021,1123.676,2,308,302,1118,148
5e152714b185,DauT,2021,1137.676,2,389,305,1062,149
5e152714b185,DauT,2021,1151.676,2,249,320,1131,152
5e152714b185,DauT,2021,1165.676,2,298,338,1549,156
5e152714b185,DauT,2021,1179.676,2,432,334,1764,154
5e152714b185,DauT,2021,1193.676,2,210,341,1701,158
5e152714b185,DauT,2021,1207.676,2,346,361,1736,166
5e152714b185,DauT,2021,1221.676,2,447,389,1855,175
5e152714b185,DauT,2021,1235.676,2,601,348,1676,162
5e152714b185,DauT,2021,1249.676,2,736,409,2273,178
5e152714b185,DauT,2021,1263.676,2,640,342,2725,155
5e152714b185,DauT,2021,1277.676,2,637,339,2534,154
5e152714b185,DauT,2021,1291.676,2,679,339,2692,155
5e152714b185,DauT,2021,1305.676,2,643,341,2576,159
5e152714b185,DauT,2021,1319.676,2,469,347,2437,161
5e152714b185,DauT,2021,1333.676,2,641,348,2653,160
5e152714b185,DauT,2021,1347.676,2,882,360,2660,163
5e152714b185,DauT,2021,1361.676,2,604,362,2746,165
5e152714b185,DauT,2021,1375.676,2,506,369,2613,169
5e152714b185,DauT,2021,1389.676,2,595,401,2812,181
5e152714b185,DauT,2021,1403.676,2,745,405,2892,180
5e152714b185,DauT,2021,1417.676,2,809,397,2756,177
5e152714b185,DauT,2021,1431.676,2,879,397,2896,176
5e152714b185,DauT,2021,1445.676,2,726,402,2594,179
5e152714b185,DauT,2021,1459.676,2,685,405,2633,183
5e152714b185,DauT,2021,1473.676,2,792,401,2739,182
5e152714b185,DauT,2021,1487.676,2,788,413,2595,189
5e152714b185,DauT,2021,1501.676,2,805,419,2428,192
5e152714b185,DauT,2021,1515.676,2,1029,437,2167,200
5e152714b185,DauT,2021,1529.676,2,1220,452,2061,206
5e152714b185,DauT,2021,1543.676,2,957,445,2174,201
5e152714b185,DauT,2021,1557.676,2,851,424,2002,198
5e152714b185,DauT,2021,1571.676,2,969,428,1887,200
5e152714b185,DauT,2021,1585.676,2,966,456,1801,211
5e152714b185,DauT,2021,1599.676,2,1065,517,2100,229
5e152714b185,DauT,2021,1613.676,2,1240,466,2746,209
5e152714b185,DauT,2021,1627.676,2,1055,463,3437,211
5e152714b185,DauT,2021,1641.676,2,538,462,3248,215
5e152714b185,DauT,2021,1655.676,2,705,472,3020,219
5e152714b185,DauT,2021,1669.676,2,826,470,2888,218
5e152714b185,DauT,2021,1683.676,2,861,474,2907,221
5e152714b185,DauT,2021,1697.676,2,1048,473,2694,223
5e152714b185,DauT,2021,1711.676,2,1117,477,2468,224
5e152714b185,DauT,2021,1725.676,2,1289,480,2349,225
5e152714b185,DauT,2021,1739.676,2,1190,481,1820,229
5e152714b185,DauT,2021,1753.676,2,1263,485,1995,228
5e152714b185,DauT,2021,1767.676,2,1629,517,1904,241
5e152714b185,DauT,2021,1781.676,2,1509,490,1919,229
5e152714b185,DauT,2021,1795.676,2,1415,510,1823,235
5e152714b185,DauT,2021,1809.676,2,1418,547,1666,251
5e152714b185,DauT,2021,1823.676,2,1392,533,1938,246
5e152714b185,DauT,2021,1837.676,2,1749,508,1722,238
5e152714b185,DauT,2021,1851.676,2,1492,516,1874,242
5e152714b185,DauT,2021,1865.676,2,1577,564,2629,256
5e152714b185,DauT,2021,1879.676,2,1463,570,3543,255
5e152714b185,DauT,2021,1893.676,2,1584,582,3624,260
5e152714b185,DauT,2021,1907.676,2,1435,591,3418,266
5e152714b185,DauT,2021,1921.676,2,802,567,3294,263
5e152714b185,DauT,2021,1935.676,2,1072,571,3443,263
5e152714b185,DauT,2021,1949.676,2,1215,615,3322,279
5e152714b185,DauT,2021,1963.676,2,1318,628,3841,281
5e152714b185,DauT,2021,1977.676,2,1530,630,4024,280
5e152714b185,DauT,2021,1991.676,2,1855,646,3733,285
5e152714b185,DauT,2021,2005.676,2,1881,597,3631,270
5e152714b185,DauT,2021,2019.676,2,2123,621,3482,278
5e152714b185,DauT,2021,2033.676,2,1921,617,3642,277
5e152714b185,DauT,2021,2047.676,2,2163,618,3293,280
5e152714b185,DauT,2021,2061.676,2,2196,633,3770,282
5e152714b185,DauT,2021,2075.676,2,2668,634,3993,282
5e152714b185,DauT,2021,2089.676,2,2419,637,3564,287
5e152714b185,DauT,2021,2103.676,2,1930,662,4124,291
5e152714b185,DauT,2021,2117.676,2,2457,690,4589,296
5e152714b185,DauT,2021,2131.676,2,2314,677,4694,297
5e152714b185,DauT,2021,2145.676,2,2088,671,4300,296
5e152714b185,DauT,2021,2159.676,2,2387,663,4027,294
5e152714b185,DauT,2021,2173.836,2,737,676,4439,301
5e152714b185,DauT,2021,2187.836,2,814,666,4165,302
5e152714b185,DauT,2021,2201.836,2,1012,680,3940,306
5e152714b185,DauT,2021,2215.713,2,1325,686,3815,307
5e152714b185,DauT,2021,2229.713,2,1310,690,3592,311
5e152714b185,DauT,2021,2243.713,2,1211,748,3346,334
5e152714b185,DauT,2021,2257.713,2,1837,677,3200,307
5e152714b185,DauT,2021,2271.713,2,1938,655,3155,303
5e152714b185,DauT,2021,2285.713,2,2281,716,3124,341
5e152714b185,DauT,2021,2299.713,2,2019,731,3197,346
5e152714b185,DauT,2021,2313.713,2,2099,686,2882,330
5e152714b185,DauT,2021,2327.713,2,1809,684,2719,323
5e152714b185,DauT,2021,2341.713,2,2373,702,2709,330
5e152714b185,DauT,2021,2355.868,2,2772,725,3386,335
5e152714b185,DauT,2021,2370.023,2,1912,730,3504,337
5e152714b185,DauT,2021,2384.023,2,2024,725,3315,331
5e152714b185,DauT,2021,2398.023,2,1746,795,3625,353
5e152714b185,DauT,2021,2412.178,2,1611,758,3379,344
5e152714b185,DauT,2021,2426.178,2,2073,757,3183,346
5e152714b185,DauT,2021,2440.178,2,2008,727,3706,333
5e152714b185,DauT,2021,2454.178,2,1713,739,3780,340
5e152714b185,DauT,2021,2468.333,2,1926,728,3624,337
5e152714b185,DauT,2021,2482.398,2,1971,740,3316,347
5e152714b185,DauT,2021,2496.362,2,1280,763,3489,354
5e152714b185,DauT,2021,2510.522,2,1481,786,4448,354
5e152714b185,DauT,2021,2524.522,2,1839,821,4436,371
5e152714b185,DauT,2021,2538.522,2,2004,754,4198,349
5e152714b185,DauT,2021,2552.522,2,2211,773,3875,356
5e152714b185,DauT,2021,2566.522,2,2300,775,3758,359
5e152714b185,DauT,2021,2580.522,2,2050,788,3598,369
5e152714b185,DauT,2021,2594.399,2,2334,804,3511,371
5e152714b185,DauT,2021,2607.772,2,2277,798,4597,366
5e152714b185,DauT,2021,2621.646,2,2387,822,4840,376
5e152714b185,DauT,2021,2635.646,2,2064,794,4703,375
5e152714b185,DauT,2021,2649.646,2,2253,883,4728,411
5e152714b185,DauT,2021,2663.646,2,1926,811,4993,381
5e152714b185,DauT,2021,2677.646,2,2228,906,4975,409
5e152714b185,DauT,2021,2691.646,2,2259,820,4913,387
5e152714b185,DauT,2021,2705.646,2,1133,874,5103,405
5e152714b185,DauT,2021,2719.646,2,1126,830,4958,393
5e152714b185,DauT,2021,2733.646,2,1564,874,4748,405
5e152714b185,DauT,2021,2747.646,2,1724,860,4627,400
5e152714b185,DauT,2021,2761.646,2,1520,974,5586,437
5e152714b185,DauT,2021,2775.646,2,2018,945,7164,423
5e152714b185,DauT,2021,2789.646,2,2227,973,7765,430
5e152714b185,DauT,2021,2803.646,2,2427,989,7415,434
5e152714b185,DauT,2021,2817.646,2,2698,1113,9857,477
5e152714b185,DauT,2021,2831.646,2,2148,1074,11679,452
5e152714b185,DauT,2021,2845.646,2,2034,1084,11271,455
5e152714b185,DauT,2021,2859.646,2,1743,1002,10760,431
c0b3c47feff8,TheViper,2021,14.614,2,500,26,600,15
c0b3c47feff8,TheViper,2021,26.062,2,450,30,600,16
c0b3c47feff8,TheViper,2021,36.73,2,450,32,612,16
c0b3c47feff8,TheViper,2021,47.598,2,400,32,630,16
c0b3c47feff8,TheViper,2021,58.598,2,430,34,617,17
c0b3c47feff8,TheViper,2021,69.298,2,440,34,628,17
c0b3c47feff8,TheViper,2021,79.798,2,430,36,609,18
c0b3c47feff8,TheViper,2021,91.034,2,440,36,629,18
c0b3c47feff8,TheViper,2021,102.49,2,440,38,608,19
c0b3c47feff8,TheViper,2021,113.426,2,400,38,625,19
c0b3c47feff8,TheViper,2021,124.374,2,420,38,634,19
c0b3c47feff8,TheViper,2021,135.218,2,410,40,619,20
c0b3c47feff8,TheViper,2021,145.906,2,320,42,789,22
c0b3c47feff8,TheViper,2021,156.55,2,360,44,773,23
c0b3c47feff8,TheViper,2021,167.406,2,330,44,781,23
c0b3c47feff8,TheViper,2021,178.586,2,345,48,774,25
c0b3c47feff8,TheViper,2021,190.318,2,332,48,772,25
c0b3c47feff8,TheViper,2021,201.454,2,362,48,773,25
c0b3c47feff8,TheViper,2021,212.562,2,328,50,790,26
c0b3c47feff8,TheViper,2021,223.554,2,320,52,816,35
c0b3c47feff8,TheViper,2021,234.89,2,328,54,844,37
c0b3c47feff8,TheViper,2021,245.558,2,338,54,880,37
c0b3c47feff8,TheViper,2021,256.222,2,338,56,930,38
c0b3c47feff8,TheViper,2021,267.59,2,357,56,912,38
c0b3c47feff8,TheViper,2021,279.102,2,357,60,963,39
c0b3c47feff8,TheViper,2021,290.754,2,389,62,980,38
c0b3c47feff8,TheViper,2021,301.786,2,399,66,1027,39
c0b3c47feff8,TheViper,2021,313.086,2,437,66,897,39
c0b3c47feff8,TheViper,2021,323.586,2,467,66,929,39
c0b3c47feff8,TheViper,2021,334.294,2,477,68,930,40
c0b3c47feff8,TheViper,2021,345.982,2,475,68,946,40
c0b3c47feff8,TheViper,2021,357.322,2,525,70,960,41
c0b3c47feff8,TheViper,2021,368.306,2,573,70,931,41
c0b3c47feff8,TheViper,2021,378.974,2,452,70,952,42
c0b3c47feff8,TheViper,2021,389.806,2,392,70,839,43
c0b3c47feff8,TheViper,2021,400.546,2,422,70,861,43
c0b3c47feff8,TheViper,2021,412.118,2,407,77,1212,45
c0b3c47feff8,TheViper,2021,422.634,2,458,79,1207,45
c0b3c47feff8,TheViper,2021,433.194,2,795,79,771,44
c0b3c47feff8,TheViper,2021,444.65,2,590,81,791,46
c0b3c47feff8,TheViper,2021,455.798,2,660,81,770,46
c0b3c47feff8,TheViper,2021,466.73,2,360,83,766,47
c0b3c47feff8,TheViper,2021,477.798,2,401,83,780,47
c0b3c47feff8,TheViper,2021,488.298,2,441,83,790,47
c0b3c47feff8,TheViper,2021,499.542,2,509,83,789,47
c0b3c47feff8,TheViper,2021,510.594,2,327,85,833,47
c0b3c47feff8,TheViper,2021,521.526,2,405,87,811,44
c0b3c47feff8,TheViper,2021,533.244,2,365,87,797,45
c0b3c47feff8,TheViper,2021,545.096,2,375,87,685,45
c0b3c47feff8,TheViper,2021,556.579,2,405,89,717,46
c0b3c47feff8,TheViper,2021,568.071,2,461,91,656,46
c0b3c47feff8,TheViper,2021,579.071,2,571,91,561,46
c0b3c47feff8,TheViper,2021,590.194,2,641,93,502,47
c0b3c47feff8,TheViper,2021,601.767,2,516,93,502,47
c0b3c47feff8,TheViper,2021,613.268,2,482,93,536,54
c0b3c47feff8,TheViper,2021,624.52,2,407,99,527,53
c0b3c47feff8,TheViper,2021,636.198,2,420,98,602,49
c0b3c47feff8,TheViper,2021,648.074,2,490,102,589,51
c0b3c47feff8,TheViper,2021,659.35,2,611,102,453,53
c0b3c47feff8,TheViper,2021,670.419,2,685,119,558,55
c0b3c47feff8,TheViper,2021,682.127,2,505,116,736,58
c0b3c47feff8,TheViper,2021,694.09,2,535,115,713,58
c0b3c47feff8,TheViper,2021,705.72,2,620,115,608,59
c0b3c47feff8,TheViper,2021,716.87,2,465,114,592,58
c0b3c47feff8,TheViper,2021,728.143,2,505,116,529,58
c0b3c47feff8,TheViper,2021,739.566,2,600,109,467,55
c0b3c47feff8,TheViper,2021,751.16,2,465,109,441,56
c0b3c47feff8,TheViper,2021,762.736,2,553,121,436,60
c0b3c47feff8,TheViper,2021,773.742,2,613,112,431,57
c0b3c47feff8,TheViper,2021,785.243,2,564,109,439,57
c0b3c47feff8,TheViper,2021,796.492,2,609,112,420,58
c0b3c47feff8,TheViper,2021,807.618,2,598,111,460,57
c0b3c47feff8,TheViper,2021,818.915,2,541,127,488,64
c0b3c47feff8,TheViper,2021,830.554,2,640,135,705,65
c0b3c47feff8,TheViper,2021,841.719,2,664,141,685,67
c0b3c47feff8,TheViper,2021,852.719,2,578,147,1000,69
c0b3c47feff8,TheViper,2021,863.869,2,651,148,991,70
c0b3c47feff8,TheViper,2021,875.115,2,647,148,900,71
c0b3c47feff8,TheViper,2021,886.241,2,703,147,1231,70
c0b3c47feff8,TheViper,2021,897.487,2,526,166,1188,77
c0b3c47feff8,TheViper,2021,908.487,2,572,147,1367,69
c0b3c47feff8,TheViper,2021,919.487,2,597,151,1328,71
c0b3c47feff8,TheViper,2021,930.487,2,596,151,1295,72
c0b3c47feff8,TheViper,2021,941.613,2,538,182,1251,84
c0b3c47feff8,TheViper,2021,952.613,2,451,191,1202,85
c0b3c47feff8,TheViper,2021,963.739,2,528,173,1442,79
c0b3c47feff8,TheViper,2021,975.417,2,605,200,1680,88
c0b3c47feff8,TheViper,2021,986.567,2,735,174,1868,79
c0b3c47feff8,TheViper,2021,997.567,2,737,186,2447,81
c0b3c47feff8,TheViper,2021,1008.567,2,691,185,3539,80
c0b3c47feff8,TheViper,2021,1019.63,2,586,187,3352,82
c0b3c47feff8,TheViper,2021,1031.206,2,576,189,3259,82
c0b3c47feff8,TheViper,2021,1042.74,2,641,206,3179,88
c0b3c47feff8,TheViper,2021,1053.89,2,614,196,3008,84
c0b3c47feff8,TheViper,2021,1065.388,2,573,196,2863,85
c0b3c47feff8,TheViper,2021,1076.556,2,623,193,2808,84
c0b3c47feff8,TheViper,2021,1087.958,2,724,195,2681,85
c0b3c47feff8,TheViper,2021,1099.015,2,682,197,2473,86
c0b3c47feff8,TheViper,2021,1110.459,2,627,201,2397,88
c0b3c47feff8,TheViper,2021,1121.459,2,642,216,2336,93
c0b3c47feff8,TheViper,2021,1132.585,2,769,218,2138,93
c0b3c47feff8,TheViper,2021,1144.056,2,760,212,2325,92
c0b3c47feff8,TheViper,2021,1155.434,2,859,235,2408,101
c0b3c47feff8,TheViper,2021,1167.208,2,857,223,2326,96
c0b3c47feff8,TheViper,2021,1178.934,2,965,227,2186,96
c0b3c47feff8,TheViper,2021,1189.934,2,863,228,2588,97
c0b3c47feff8,TheViper,2021,1201.408,2,987,237,2603,99
c0b3c47feff8,TheViper,2021,1213.08,2,989,223,2636,94
c0b3c47feff8,TheViper,2021,1224.557,2,925,248,2311,106
c0b3c47feff8,TheViper,2021,1235.557,2,943,212,2151,94
c0b3c47feff8,TheViper,2021,1247.409,2,1010,218,1982,94
c0b3c47feff8,TheViper,2021,1259.129,2,1127,223,1864,97
c0b3c47feff8,TheViper,2021,1270.702,2,1174,266,1774,112
c0b3c47feff8,TheViper,2021,1281.702,2,1126,224,1593,98
c0b3c47feff8,TheViper,2021,1293.191,2,1196,199,1571,91
c0b3c47feff8,TheViper,2021,1304.8,2,1339,214,1540,97
c0b3c47feff8,TheViper,2021,1316.049,2,1406,184,1440,89
c0b3c47feff8,TheViper,2021,1327.049,2,1278,184,1426,94
c0b3c47feff8,TheViper,2021,1338.169,2,1194,185,1367,95
c0b3c47feff8,TheViper,2021,1349.949,2,1275,196,1387,97
c0b3c47feff8,TheViper,2021,1361.3,2,1071,195,1283,101
c0b3c47feff8,TheViper,2021,1372.3,2,1099,198,1455,102
c0b3c47feff8,TheViper,2021,1383.3,2,1154,206,1427,102
c0b3c47feff8,TheViper,2021,1394.324,2,254,212,1346,103
c0b3c47feff8,TheViper,2021,1406.227,2,290,221,1390,106
c0b3c47feff8,TheViper,2021,1417.674,2,486,214,1263,104
c0b3c47feff8,TheViper,2021,1428.95,2,519,222,1309,105
c0b3c47feff8,TheViper,2021,1440.076,2,363,213,1249,105
c0b3c47feff8,TheViper,2021,1451.076,2,515,227,1203,108
c0b3c47feff8,TheViper,2021,1462.076,2,395,233,1159,112
c0b3c47feff8,TheViper,2021,1473.199,2,473,222,1205,108
c0b3c47feff8,TheViper,2021,1484.325,2,654,213,1582,104
c0b3c47feff8,TheViper,2021,1495.325,2,787,211,1285,106
c0b3c47feff8,TheViper,2021,1506.325,2,852,217,1324,108
c0b3c47feff8,TheViper,2021,1517.925,2,980,225,1299,111
c0b3c47feff8,TheViper,2021,1529.324,2,985,223,1352,110
c0b3c47feff8,TheViper,2021,1540.447,2,1141,227,1309,111
c0b3c47feff8,TheViper,2021,1551.723,2,1271,222,1317,110
c0b3c47feff8,TheViper,2021,1562.597,2,774,222,1241,111
c0b3c47feff8,TheViper,2021,1573.597,2,849,222,1222,111
c0b3c47feff8,TheViper,2021,1584.597,2,722,224,1166,113
c0b3c47feff8,TheViper,2021,1595.849,2,825,307,1206,141
c0b3c47feff8,TheViper,2021,1607.35,2,932,263,1193,126
c0b3c47feff8,TheViper,2021,1619.148,2,1033,235,1758,117
c0b3c47feff8,TheViper,2021,1630.574,2,1032,253,1995,119
c0b3c47feff8,TheViper,2021,1641.094,2,918,255,2287,126
c0b3c47feff8,TheViper,2021,1651.844,2,847,270,2840,129
c0b3c47feff8,TheViper,2021,1662.47,2,905,282,2713,131
c0b3c47feff8,TheViper,2021,1673.094,2,774,288,3527,132
c0b3c47feff8,TheViper,2021,1684.094,2,697,314,4148,139
c0b3c47feff8,TheViper,2021,1694.97,2,833,316,4179,142
c0b3c47feff8,TheViper,2021,1706.313,2,885,305,4010,138
c0b3c47feff8,TheViper,2021,1717.67,2,913,313,3886,143
c0b3c47feff8,TheViper,2021,1729.471,2,758,319,3995,146
c0b3c47feff8,TheViper,2021,1740.894,2,827,324,4065,147
c0b3c47feff8,TheViper,2021,1752.163,2,970,328,3944,147
c0b3c47feff8,TheViper,2021,1763.487,2,623,337,4001,150
c0b3c47feff8,TheViper,2021,1774.646,2,475,336,3952,154
c0b3c47feff8,TheViper,2021,1786.222,2,604,343,3742,157
c0b3c47feff8,TheViper,2021,1797.888,2,730,346,3853,156
c0b3c47feff8,TheViper,2021,1809.788,2,656,356,3893,164
c0b3c47feff8,TheViper,2021,1821.361,2,786,356,3704,162
c0b3c47feff8,TheViper,2021,1831.901,2,922,368,3425,168
c0b3c47feff8,TheViper,2021,1842.591,2,753,366,3390,169
c0b3c47feff8,TheViper,2021,1853.091,2,907,370,3296,170
c0b3c47feff8,TheViper,2021,1863.713,2,1055,373,3276,169
c0b3c47feff8,TheViper,2021,1874.713,2,1242,377,3067,169
c0b3c47feff8,TheViper,2021,1886.091,2,955,380,3091,170
c0b3c47feff8,TheViper,2021,1897.394,2,870,375,2779,171
c0b3c47feff8,TheViper,2021,1908.34,2,882,374,2492,172
c0b3c47feff8,TheViper,2021,1919.487,2,955,362,2558,169
c0b3c47feff8,TheViper,2021,1930.741,2,650,356,2303,170
c0b3c47feff8,TheViper,2021,1941.93,2,592,359,2379,172
c0b3c47feff8,TheViper,2021,1953.536,2,809,353,2136,172
c0b3c47feff8,TheViper,2021,1965.358,2,724,357,2066,174
c0b3c47feff8,TheViper,2021,1976.53,2,815,379,2643,181
c0b3c47feff8,TheViper,2021,1987.28,2,718,405,2674,193
c0b3c47feff8,TheViper,2021,1997.906,2,667,406,2609,194
c0b3c47feff8,TheViper,2021,2009.032,2,837,423,2811,199
c0b3c47feff8,TheViper,2021,2020.785,2,1056,404,2693,194
c0b3c47feff8,TheViper,2021,2032.184,2,1098,409,2627,196
c0b3c47feff8,TheViper,2021,2043.016,2,1005,407,2648,200
c0b3c47feff8,TheViper,2021,2053.706,2,1046,425,2608,207
c0b3c47feff8,TheViper,2021,2064.104,2,1197,415,2640,204
c0b3c47feff8,TheViper,2021,2074.46,2,1171,423,3166,206
c0b3c47feff8,TheViper,2021,2085.022,2,1322,442,3156,213
c0b3c47feff8,TheViper,2021,2095.582,2,1476,432,3135,210
c0b3c47feff8,TheViper,2021,2105.892,2,1612,432,3405,209
c0b3c47feff8,TheViper,2021,2116.338,2,1459,448,3425,220
c0b3c47feff8,TheViper,2021,2126.802,2,1671,459,3474,224
c0b3c47feff8,TheViper,2021,2136.728,2,1765,461,3419,226
c0b3c47feff8,TheViper,2021,2146.204,2,1735,446,3411,221
c0b3c47feff8,TheViper,2021,2155.602,2,2120,460,3247,225
c0b3c47feff8,TheViper,2021,2165.104,2,2222,460,3263,224
c0b3c47feff8,TheViper,2021,2175.48,2,2089,523,4062,245
c0b3c47feff8,TheViper,2021,2185.92,2,1667,578,4560,259
c0b3c47feff8,TheViper,2021,2196.992,2,1212,577,5665,258
c0b3c47feff8,TheViper,2021,2208.541,2,1396,562,5402,253
c0b3c47feff8,TheViper,2021,2219.488,2,1111,567,5421,259
c0b3c47feff8,TheViper,2021,2230.758,2,1146,571,5263,262
c0b3c47feff8,TheViper,2021,2241.208,2,1151,550,5145,256
c0b3c47feff8,TheViper,2021,2250.886,2,1282,575,5233,264
c0b3c47feff8,TheViper,2021,2260.436,2,1502,567,5013,261
c0b3c47feff8,TheViper,2021,2269.998,2,1822,573,4821,264
c0b3c47feff8,TheViper,2021,2279.684,2,2067,624,4804,281
c0b3c47feff8,TheViper,2021,2289.016,2,2299,638,4696,284
c0b3c47feff8,TheViper,2021,2298.564,2,2478,658,5189,290
c0b3c47feff8,TheViper,2021,2307.755,2,2542,727,5215,315
c0b3c47feff8,TheViper,2021,2316.383,2,2671,759,5511,324
c0b3c47feff8,TheViper,2021,2325.019,2,975,764,5397,328
c0b3c47feff8,TheViper,2021,2333.746,2,1279,705,5430,309
c0b3c47feff8,TheViper,2021,2342.703,2,1494,791,5601,336
c0b3c47feff8,TheViper,2021,2352.151,2,1247,862,5557,361
c0b3c47feff8,TheViper,2021,2361.605,2,370,919,6089,377
c0b3c47feff8,TheViper,2021,2371.075,2,365,813,6116,342
c0b3c47feff8,TheViper,2021,2380.607,2,526,742,5781,319
c0b3c47feff8,TheViper,2021,2390.061,2,824,773,5736,327
c0b3c47feff8,TheViper,2021,2399.517,2,579,718,5222,311
c0b3c47feff8,TheViper,2021,2409.055,2,614,647,5129,289
c0b3c47feff8,TheViper,2021,2418.451,2,809,680,5009,299
c0b3c47feff8,TheViper,2021,2428.013,2,1144,751,5153,320
c0b3c47feff8,TheViper,2021,2437.471,2,1315,740,6000,312
c0b3c47feff8,TheViper,2021,2446.569,2,1013,668,5153,289
c0b3c47feff8,TheViper,2021,2455.306,2,1055,680,5010,294
c0b3c47feff8,TheViper,2021,2464.527,2,1391,682,4703,295
c0b3c47feff8,TheViper,2021,2474.001,2,1332,717,4949,305
c0b3c47feff8,TheViper,2021,2483.565,2,725,709,5071,303
c0b3c47feff8,TheViper,2021,2493.001,2,738,738,5129,318
c0b3c47feff8,TheViper,2021,2502.581,2,693,778,5363,333
c0b3c47feff8,TheViper,2021,2512.063,2,1075,763,4881,332
c0b3c47feff8,TheViper,2021,2521.131,2,388,722,4690,318
c0b3c47feff8,TheViper,2021,2530.625,2,694,762,4578,331
c0b3c47feff8,TheViper,2021,2540.107,2,743,826,4365,354
c0b3c47feff8,TheViper,2021,2548.962,2,605,781,4192,337
c0b3c47feff8,TheViper,2021,2557.727,2,901,814,4314,349
c0b3c47feff8,TheViper,2021,2566.687,2,808,839,4233,361
c0b3c47feff8,TheViper,2021,2575.462,2,1128,804,4933,346
c0b3c47feff8,TheViper,2021,2584.169,2,1254,833,5317,352
c0b3c47feff8,TheViper,2021,2593.409,2,1230,770,5499,338
c0b3c47feff8,TheViper,2021,2602.895,2,1050,807,5505,349
c0b3c47feff8,TheViper,2021,2612.351,2,698,804,5356,349
c0b3c47feff8,TheViper,2021,2621.871,2,1032,829,5232,361
c0b3c47feff8,TheViper,2021,2631.355,2,1192,826,5256,359
c0b3c47feff8,TheViper,2021,2640.773,2,1143,790,4888,345
c0b3c47feff8,TheViper,2021,2650.273,2,1031,857,5155,366
c0b3c47feff8,TheViper,2021,2659.773,2,705,772,5412,342
c0b3c47feff8,TheViper,2021,2669.269,2,826,765,5610,339
c0b3c47feff8,TheViper,2021,2678.709,2,1194,829,5990,360
c0b3c47feff8,TheViper,2021,2688.265,2,1391,765,6036,337
c0b3c47feff8,TheViper,2021,2697.741,2,1730,844,6477,360
c0b3c47feff8,TheViper,2021,2707.185,2,1713,863,8170,362
c0b3c47feff8,TheViper,2021,2716.769,2,1233,899,9792,371
c0b3c47feff8,TheViper,2021,2726.261,2,985,1045,10178,420
c0b3c47feff8,TheViper,2021,2735.695,2,1322,996,11251,398
c0b3c47feff8,TheViper,2021,2745.215,2,1423,890,11277,362
c0b3c47feff8,TheViper,2021,2754.647,2,1108,899,10896,366
c0b3c47feff8,TheViper,2021,2764.183,2,1166,934,11857,373
c0b3c47feff8,TheViper,2021,2773.661,2,1264,986,12246,386
c0b3c47feff8,TheViper,2021,2783.245,2,727,991,11800,396
c0b3c47feff8,TheViper,2021,2792.371,2,818,1019,11203,410
c0b3c47feff8,TheViper,2021,2801.725,2,593,967,10141,393
c0b3c47feff8,TheViper,2021,2811.283,2,624,950,9879,388
c0b3c47feff8,TheViper,2021,2820.747,2,607,956,9330,388
c0b3c47feff8,TheViper,2021,2830.241,2,680,916,8895,381
c0b3c47feff8,TheViper,2021,2839.689,2,794,919,8692,385
c0b3c47feff8,TheViper,2021,2849.085,2,851,890,8385,371
c0b3c47feff8,TheViper,2021,2858.523,2,674,893,8110,373
c0b3c47feff8,TheViper,2021,2868.041,2,635,905,8148,378
c0b3c47feff8,TheViper,2021,2877.535,2,468,906,8258,378
c0b3c47feff8,TheViper,2021,2886.989,2,701,896,8287,373
c0b3c47feff8,TheViper,2021,2896.415,2,767,1006,8201,415
c0b3c47feff8,TheViper,2021,2905.769,2,1038,1001,7463,417
679124a7c6b9,TheViper,2021,15.038,2,447,30,400,16
679124a7c6b9,TheViper,2021,26.806,2,347,33,448,18
679124a7c6b9,TheViper,2021,38.474,2,347,35,437,18
679124a7c6b9,TheViper,2021,49.922,2,347,35,431,18
679124a7c6b9,TheViper,2021,61.574,2,347,35,334,18
679124a7c6b9,TheViper,2021,73.074,2,367,41,518,20
679124a7c6b9,TheViper,2021,84.678,2,377,40,530,20
679124a7c6b9,TheViper,2021,96.23,2,407,38,425,19
679124a7c6b9,TheViper,2021,107.674,2,427,40,429,20
679124a7c6b9,TheViper,2021,119.642,2,467,40,416,20
679124a7c6b9,TheViper,2021,131.378,2,487,42,421,21
679124a7c6b9,TheViper,2021,142.77,2,347,42,1040,22
679124a7c6b9,TheViper,2021,154.146,2,327,44,1039,23
679124a7c6b9,TheViper,2021,165.506,2,371,42,927,22
679124a7c6b9,TheViper,2021,176.726,2,391,46,937,23
679124a7c6b9,TheViper,2021,188.11,2,357,46,930,23
679124a7c6b9,TheViper,2021,200.378,2,312,50,1134,26
679124a7c6b9,TheViper,2021,212.07,2,342,52,1144,27
679124a7c6b9,TheViper,2021,223.686,2,350,52,1025,27
679124a7c6b9,TheViper,2021,235.034,2,398,56,1022,28
679124a7c6b9,TheViper,2021,246.566,2,343,56,1051,28
679124a7c6b9,TheViper,2021,258.026,2,344,58,1048,29
679124a7c6b9,TheViper,2021,269.866,2,397,58,1030,29
679124a7c6b9,TheViper,2021,281.194,2,365,62,1059,31
679124a7c6b9,TheViper,2021,292.826,2,363,62,1035,32
679124a7c6b9,TheViper,2021,304.366,2,345,64,1065,33
679124a7c6b9,TheViper,2021,316.482,2,393,64,1039,33
679124a7c6b9,TheViper,2021,328.018,2,413,68,1090,34
679124a7c6b9,TheViper,2021,339.402,2,388,70,1129,35
679124a7c6b9,TheViper,2021,350.822,2,333,70,1194,35
679124a7c6b9,TheViper,2021,362.474,2,316,70,1244,36
679124a7c6b9,TheViper,2021,374.362,2,407,72,925,35
679124a7c6b9,TheViper,2021,386.014,2,424,75,1015,37
679124a7c6b9,TheViper,2021,397.63,2,441,75,1036,38
679124a7c6b9,TheViper,2021,409.018,2,516,77,1041,39
679124a7c6b9,TheViper,2021,420.326,2,626,79,1060,39
679124a7c6b9,TheViper,2021,431.798,2,732,83,957,41
679124a7c6b9,TheViper,2021,443.45,2,821,80,962,40
679124a7c6b9,TheViper,2021,455.594,2,364,80,1004,40
679124a7c6b9,TheViper,2021,467.054,2,339,82,1005,42
679124a7c6b9,TheViper,2021,478.246,2,421,84,992,42
679124a7c6b9,TheViper,2021,489.55,2,471,84,1034,42
679124a7c6b9,TheViper,2021,501.25,2,426,84,1088,43
679124a7c6b9,TheViper,2021,512.482,2,486,84,1033,44
679124a7c6b9,TheViper,2021,524.32,2,563,86,1047,44
679124a7c6b9,TheViper,2021,536.22,2,686,88,1009,55
679124a7c6b9,TheViper,2021,547.871,2,646,90,1048,56
679124a7c6b9,TheViper,2021,559.489,2,786,92,1002,56
679124a7c6b9,TheViper,2021,571.413,2,846,96,1033,56
679124a7c6b9,TheViper,2021,583.196,2,591,98,1050,56
679124a7c6b9,TheViper,2021,594.967,2,552,102,1000,55
679124a7c6b9,TheViper,2021,606.603,2,521,106,895,55
679124a7c6b9,TheViper,2021,618.344,2,607,108,897,55
679124a7c6b9,TheViper,2021,629.644,2,557,110,962,57
679124a7c6b9,TheViper,2021,641.07,2,628,116,894,59
679124a7c6b9,TheViper,2021,652.883,2,683,118,947,60
679124a7c6b9,TheViper,2021,664.945,2,788,127,910,63
679124a7c6b9,TheViper,2021,676.446,2,683,278,1071,115
679124a7c6b9,TheViper,2021,687.728,2,720,281,1093,116
679124a7c6b9,TheViper,2021,699.622,2,723,194,998,86
679124a7c6b9,TheViper,2021,710.745,2,772,169,981,77
679124a7c6b9,TheViper,2021,722.144,2,905,173,941,79
679124a7c6b9,TheViper,2021,734.236,2,735,209,1033,91
679124a7c6b9,TheViper,2021,745.698,2,872,270,959,111
679124a7c6b9,TheViper,2021,757.679,2,891,270,987,109
679124a7c6b9,TheViper,2021,769.645,2,876,216,913,94
679124a7c6b9,TheViper,2021,781.236,2,786,147,761,71
679124a7c6b9,TheViper,2021,792.818,2,820,169,732,85
679124a7c6b9,TheViper,2021,804.268,2,758,212,788,100
679124a7c6b9,TheViper,2021,815.418,2,818,296,873,127
679124a7c6b9,TheViper,2021,827.255,2,644,298,890,129
679124a7c6b9,TheViper,2021,838.915,2,594,302,902,132
679124a7c6b9,TheViper,2021,850.464,2,625,211,824,101
679124a7c6b9,TheViper,2021,862.127,2,755,300,906,128
679124a7c6b9,TheViper,2021,873.904,2,829,205,768,94
679124a7c6b9,TheViper,2021,885.516,2,649,204,803,96
679124a7c6b9,TheViper,2021,897.317,2,638,160,778,82
679124a7c6b9,TheViper,2021,908.989,2,708,411,1017,165
679124a7c6b9,TheViper,2021,920.688,2,744,424,1043,168
679124a7c6b9,TheViper,2021,932.237,2,780,321,967,137
679124a7c6b9,TheViper,2021,943.387,2,795,224,763,103
679124a7c6b9,TheViper,2021,954.708,2,745,210,787,100
679124a7c6b9,TheViper,2021,966.638,2,835,195,818,95
679124a7c6b9,TheViper,2021,978.088,2,1001,210,821,100
679124a7c6b9,TheViper,2021,989.583,2,1096,197,819,96
679124a7c6b9,TheViper,2021,1001.288,2,1002,261,910,136
679124a7c6b9,TheViper,2021,1012.768,2,1182,306,906,150
679124a7c6b9,TheViper,2021,1024.638,2,1162,358,1038,166
679124a7c6b9,TheViper,2021,1036.241,2,1270,360,1069,165
679124a7c6b9,TheViper,2021,1048.396,2,1271,363,1006,167
679124a7c6b9,TheViper,2021,1060.257,2,448,372,968,168
679124a7c6b9,TheViper,2021,1072.403,2,474,407,1422,179
679124a7c6b9,TheViper,2021,1083.955,2,570,378,1349,168
679124a7c6b9,TheViper,2021,1095.255,2,745,381,1294,167
679124a7c6b9,TheViper,2021,1106.882,2,678,384,1344,169
679124a7c6b9,TheViper,2021,1117.78,2,786,388,1342,170
679124a7c6b9,TheViper,2021,1128.466,2,955,475,1356,195
679124a7c6b9,TheViper,2021,1139.58,2,981,228,589,114
679124a7c6b9,TheViper,2021,1151.102,2,1174,230,514,114
679124a7c6b9,TheViper,2021,1162.804,2,945,229,461,113
679124a7c6b9,TheViper,2021,1174.155,2,1007,231,501,115
679124a7c6b9,TheViper,2021,1185.68,2,1120,229,524,114
679124a7c6b9,TheViper,2021,1197.055,2,1328,229,451,114
679124a7c6b9,TheViper,2021,1208.631,2,1390,231,479,114
679124a7c6b9,TheViper,2021,1220.429,2,1594,233,392,115
679124a7c6b9,TheViper,2021,1232.17,2,662,263,765,125
679124a7c6b9,TheViper,2021,1243.779,2,605,264,1379,124
679124a7c6b9,TheViper,2021,1255.577,2,761,247,1251,118
679124a7c6b9,TheViper,2021,1267.243,2,427,263,1361,124
679124a7c6b9,TheViper,2021,1278.732,2,357,250,1307,120
679124a7c6b9,TheViper,2021,1290.449,2,511,277,1174,131
679124a7c6b9,TheViper,2021,1301.775,2,463,263,1126,126
679124a7c6b9,TheViper,2021,1313.669,2,447,271,1216,126
679124a7c6b9,TheViper,2021,1325.563,2,510,256,1182,123
679124a7c6b9,TheViper,2021,1337.25,2,493,258,1140,126
679124a7c6b9,TheViper,2021,1348.55,2,624,288,1034,136
679124a7c6b9,TheViper,2021,1359.7,2,622,297,1252,138
679124a7c6b9,TheViper,2021,1371.126,2,765,291,1170,135
679124a7c6b9,TheViper,2021,1382.672,2,525,327,1494,148
679124a7c6b9,TheViper,2021,1394.527,2,423,322,1552,148
679124a7c6b9,TheViper,2021,1405.527,2,479,323,1471,148
679124a7c6b9,TheViper,2021,1416.259,2,622,336,1382,153
679124a7c6b9,TheViper,2021,1426.939,2,383,353,1383,159
679124a7c6b9,TheViper,2021,1437.495,2,496,424,1779,180
679124a7c6b9,TheViper,2021,1448.341,2,500,300,1581,144
679124a7c6b9,TheViper,2021,1458.925,2,555,311,1638,149
679124a7c6b9,TheViper,2021,1469.425,2,511,309,1513,151
679124a7c6b9,TheViper,2021,1480.242,2,555,315,1487,153
679124a7c6b9,TheViper,2021,1491.773,2,718,338,1461,159
679124a7c6b9,TheViper,2021,1502.799,2,655,345,1998,161
679124a7c6b9,TheViper,2021,1513.301,2,650,329,1953,157
679124a7c6b9,TheViper,2021,1523.925,2,521,343,2353,165
679124a7c6b9,TheViper,2021,1534.955,2,722,374,2221,174
679124a7c6b9,TheViper,2021,1546.228,2,617,434,2296,195
679124a7c6b9,TheViper,2021,1557.852,2,803,361,2367,170
679124a7c6b9,TheViper,2021,1569.689,2,696,405,2557,188
679124a7c6b9,TheViper,2021,1581.697,2,775,463,2963,204
679124a7c6b9,TheViper,2021,1592.609,2,799,453,3081,200
679124a7c6b9,TheViper,2021,1603.089,2,659,457,2963,202
679124a7c6b9,TheViper,2021,1614.785,2,586,462,3007,204
679124a7c6b9,TheViper,2021,1626.511,2,639,492,2844,216
679124a7c6b9,TheViper,2021,1638.066,2,702,487,2779,214
679124a7c6b9,TheViper,2021,1649.987,2,663,487,2667,218
679124a7c6b9,TheViper,2021,1661.359,2,893,382,2536,183
679124a7c6b9,TheViper,2021,1673.031,2,1156,389,2278,186
679124a7c6b9,TheViper,2021,1684.658,2,1288,381,2083,187
679124a7c6b9,TheViper,2021,1696.207,2,662,392,2224,193
679124a7c6b9,TheViper,2021,1708.008,2,714,384,2078,192
679124a7c6b9,TheViper,2021,1719.62,2,818,397,2135,195
679124a7c6b9,TheViper,2021,1731.631,2,737,405,2095,197
679124a7c6b9,TheViper,2021,1743.408,2,747,412,2138,203
679124a7c6b9,TheViper,2021,1755.419,2,1104,427,2110,209
679124a7c6b9,TheViper,2021,1767.283,2,999,418,2228,208
679124a7c6b9,TheViper,2021,1778.733,2,665,436,2433,213
679124a7c6b9,TheViper,2021,1790.309,2,928,456,2358,219
679124a7c6b9,TheViper,2021,1800.607,2,990,453,2280,219
679124a7c6b9,TheViper,2021,1810.173,2,905,455,2208,220
679124a7c6b9,TheViper,2021,1819.277,2,1168,465,2256,223
679124a7c6b9,TheViper,2021,1828.763,2,1355,488,2231,232
679124a7c6b9,TheViper,2021,1838.239,2,993,534,2256,248
679124a7c6b9,TheViper,2021,1847.733,2,1074,554,2122,254
679124a7c6b9,TheViper,2021,1857.211,2,1296,588,2155,266
679124a7c6b9,TheViper,2021,1866.689,2,1419,570,2066,261
679124a7c6b9,TheViper,2021,1876.279,2,1539,545,2037,257
679124a7c6b9,TheViper,2021,1885.877,2,1903,503,1960,243
679124a7c6b9,TheViper,2021,1895.001,2,1345,462,1948,233
679124a7c6b9,TheViper,2021,1903.655,2,1583,466,2008,235
679124a7c6b9,TheViper,2021,1912.099,2,1708,525,2082,257
679124a7c6b9,TheViper,2021,1921.223,2,1863,549,2071,270
679124a7c6b9,TheViper,2021,1930.495,2,2190,508,1929,252
679124a7c6b9,TheViper,2021,1939.979,2,2391,487,2031,244
679124a7c6b9,TheViper,2021,1949.569,2,961,497,1956,246
679124a7c6b9,TheViper,2021,1958.851,2,1102,576,2288,272
679124a7c6b9,TheViper,2021,1967.551,2,1293,662,2960,298
679124a7c6b9,TheViper,2021,1976.041,2,993,641,5160,285
679124a7c6b9,TheViper,2021,1984.449,2,952,540,5572,252
679124a7c6b9,TheViper,2021,1992.925,2,1008,534,5157,252
679124a7c6b9,TheViper,2021,2001.267,2,1128,536,5083,254
679124a7c6b9,TheViper,2021,2009.001,2,1335,546,4940,257
679124a7c6b9,TheViper,2021,2016.776,2,1299,618,4984,281
679124a7c6b9,TheViper,2021,2024.501,2,1410,697,5231,306
679124a7c6b9,TheViper,2021,2032.238,2,1498,729,6127,311
679124a7c6b9,TheViper,2021,2039.963,2,1640,709,6027,306
679124a7c6b9,TheViper,2021,2047.688,2,2003,685,6013,299
679124a7c6b9,TheViper,2021,2055.419,2,1905,601,5845,270
679124a7c6b9,TheViper,2021,2063.138,2,2055,742,6585,316
679124a7c6b9,TheViper,2021,2070.638,2,2079,728,6956,310
679124a7c6b9,TheViper,2021,2077.38,2,2162,752,6802,319
679124a7c6b9,TheViper,2021,2083.88,2,2358,707,6531,307
679124a7c6b9,TheViper,2021,2090.38,2,2568,831,6857,345
679124a7c6b9,TheViper,2021,2096.88,2,2461,884,7197,361
679124a7c6b9,TheViper,2021,2103.38,2,2561,804,7276,335
679124a7c6b9,TheViper,2021,2109.88,2,2630,835,7681,346
679124a7c6b9,TheViper,2021,2116.38,2,2791,892,7506,363
679124a7c6b9,TheViper,2021,2122.88,2,3005,896,7595,365
679124a7c6b9,TheViper,2021,2129.38,2,3297,863,8357,345
679124a7c6b9,TheViper,2021,2135.88,2,3429,838,8450,342
679124a7c6b9,TheViper,2021,2142.38,2,2276,899,8306,363
679124a7c6b9,TheViper,2021,2148.88,2,2758,896,8049,362
679124a7c6b9,TheViper,2021,2155.38,2,2352,807,8183,330
679124a7c6b9,TheViper,2021,2161.88,2,2397,744,8281,308
679124a7c6b9,TheViper,2021,2168.38,2,1984,949,8532,377
679124a7c6b9,TheViper,2021,2174.88,2,2172,996,9008,391
679124a7c6b9,TheViper,2021,2181.38,2,2346,919,8872,366
679124a7c6b9,TheViper,2021,2187.88,2,2384,893,8766,362
679124a7c6b9,TheViper,2021,2194.38,2,2064,861,8829,348
679124a7c6b9,TheViper,2021,2200.88,2,2260,780,8793,321
679124a7c6b9,TheViper,2021,2207.38,2,2078,824,8996,334
679124a7c6b9,TheViper,2021,2213.88,2,1972,808,8543,332
679124a7c6b9,TheViper,2021,2220.38,2,2153,787,8236,326
679124a7c6b9,TheViper,2021,2226.88,2,2139,746,7864,308
679124a7c6b9,TheViper,2021,2233.38,2,2188,768,7319,323
679124a7c6b9,TheViper,2021,2239.88,2,2262,767,7123,322
679124a7c6b9,TheViper,2021,2246.38,2,2612,844,7270,342
679124a7c6b9,TheViper,2021,2252.88,2,2734,932,7586,370
679124a7c6b9,TheViper,2021,2259.38,2,2917,903,8333,359
679124a7c6b9,TheViper,2021,2265.88,2,2566,812,7939,329
679124a7c6b9,TheViper,2021,2272.38,2,2489,749,7525,313
679124a7c6b9,TheViper,2021,2278.88,2,2508,736,7492,309
679124a7c6b9,TheViper,2021,2285.38,2,2668,744,7152,313
679124a7c6b9,TheViper,2021,2291.88,2,2729,734,6873,312
679124a7c6b9,TheViper,2021,2298.878,2,2668,743,6678,317
679124a7c6b9,TheViper,2021,2305.758,2,2549,769,6554,326
679124a7c6b9,TheViper,2021,2312.376,2,2578,787,6135,339
679124a7c6b9,TheViper,2021,2318.876,2,2482,787,5805,340
679124a7c6b9,TheViper,2021,2325.376,2,2664,810,5588,346
679124a7c6b9,TheViper,2021,2331.876,2,2830,798,5743,345
679124a7c6b9,TheViper,2021,2338.376,2,2674,823,5581,353
679124a7c6b9,TheViper,2021,2344.876,2,2698,812,5609,348
679124a7c6b9,TheViper,2021,2351.376,2,2661,812,5463,350
679124a7c6b9,TheViper,2021,2357.876,2,2692,807,5195,351
679124a7c6b9,TheViper,2021,2364.376,2,2639,710,4929,321
679124a7c6b9,TheViper,2021,2370.876,2,2715,712,4821,322
679124a7c6b9,TheViper,2021,2377.376,2,2772,711,4776,320
679124a7c6b9,TheViper,2021,2383.876,2,2639,719,4636,325
679124a7c6b9,TheViper,2021,2390.376,2,2634,714,4508,322
679124a7c6b9,TheViper,2021,2396.876,2,2616,718,4311,325
679124a7c6b9,TheViper,2021,2403.376,2,2893,723,4103,328
679124a7c6b9,TheViper,2021,2409.876,2,2917,752,3855,343
679124a7c6b9,TheViper,2021,2416.376,2,2885,719,3730,325
679124a7c6b9,TheViper,2021,2422.876,2,3096,750,4278,337
679124a7c6b9,TheViper,2021,2429.376,2,3038,775,5037,345
679124a7c6b9,TheViper,2021,2435.876,2,3057,947,5559,405
679124a7c6b9,TheViper,2021,2442.376,2,2615,872,5859,383
679124a7c6b9,TheViper,2021,2448.876,2,2581,805,6130,359
679124a7c6b9,TheViper,2021,2455.376,2,1764,871,6461,380
679124a7c6b9,TheViper,2021,2461.876,2,2007,936,7223,403
679124a7c6b9,TheViper,2021,2468.376,2,1542,848,6936,375
679124a7c6b9,TheViper,2021,2474.876,2,1731,935,7413,403
679124a7c6b9,TheViper,2021,2481.376,2,1978,877,7724,382
679124a7c6b9,TheViper,2021,2487.876,2,1665,824,7912,366
679124a7c6b9,TheViper,2021,2494.376,2,1883,823,7972,366
679124a7c6b9,TheViper,2021,2500.876,2,1637,811,7628,362
679124a7c6b9,TheViper,2021,2507.376,2,1872,822,7469,366
679124a7c6b9,TheViper,2021,2513.876,2,1478,812,7361,363
679124a7c6b9,TheViper,2021,2520.376,2,1415,779,7117,353
679124a7c6b9,TheViper,2021,2526.876,2,1762,826,6898,372
679124a7c6b9,TheViper,2021,2533.376,2,1809,952,6869,414
679124a7c6b9,TheViper,2021,2539.876,2,1946,832,6544,375
679124a7c6b9,TheViper,2021,2546.376,2,2014,780,6752,354
679124a7c6b9,TheViper,2021,2552.876,2,1818,765,6932,353
679124a7c6b9,TheViper,2021,2559.376,2,1879,745,6861,349
679124a7c6b9,TheViper,2021,2565.876,2,2014,716,5468,347
679124a7c6b9,TheViper,2021,2572.376,2,2608,730,5001,349
679124a7c6b9,TheViper,2021,2578.876,2,3005,931,5279,415
679124a7c6b9,TheViper,2021,2585.376,2,3209,800,5613,371
679124a7c6b9,TheViper,2021,2591.876,2,3247,747,5573,354
679124a7c6b9,TheViper,2021,2598.376,2,1236,751,5523,354
679124a7c6b9,TheViper,2021,2604.876,2,1512,805,5476,369
679124a7c6b9,TheViper,2021,2611.376,2,1438,766,6184,355
679124a7c6b9,TheViper,2021,2617.876,2,1700,780,6222,363
679124a7c6b9,TheViper,2021,2624.376,2,1884,790,6200,367
679124a7c6b9,TheViper,2021,2630.876,2,1888,814,6092,375
679124a7c6b9,TheViper,2021,2637.376,2,2157,984,6946,428
679124a7c6b9,TheViper,2021,2643.876,2,2238,917,8422,400
679124a7c6b9,TheViper,2021,2650.376,2,1966,848,8232,377
679124a7c6b9,TheViper,2021,2656.876,2,1861,976,8674,417
679124a7c6b9,TheViper,2021,2663.376,2,2135,1038,8550,434
679124a7c6b9,TheViper,2021,2669.876,2,1135,1011,8329,430
679124a7c6b9,TheViper,2021,2676.376,2,1397,977,8320,415
679124a7c6b9,TheViper,2021,2682.876,2,1718,962,8148,415
679124a7c6b9,TheViper,2021,2689.376,2,1559,916,7692,400
679124a7c6b9,TheViper,2021,2695.876,2,1714,914,7666,402
679124a7c6b9,TheViper,2021,2702.376,2,1698,987,7659,425
679124a7c6b9,TheViper,2021,2708.876,2,1776,1080,7857,456
679124a7c6b9,TheViper,2021,2715.376,2,1459,1108,8417,465
679124a7c6b9,TheViper,2021,2721.876,2,1961,1094,9478,455
679124a7c6b9,TheViper,2021,2728.376,2,1959,1048,9551,436
679124a7c6b9,TheViper,2021,2734.876,2,1694,1012,9812,426
679124a7c6b9,TheViper,2021,2741.376,2,2082,1004,9837,424
679124a7c6b9,TheViper,2021,2747.876,2,1815,1043,9830,439
679124a7c6b9,TheViper,2021,2754.376,2,2115,1002,9833,424
679124a7c6b9,TheViper,2021,2760.876,2,2336,1099,9860,460
679124a7c6b9,TheViper,2021,2767.376,2,2397,1147,10297,472
679124a7c6b9,TheViper,2021,2773.876,2,1807,1074,10609,445
679124a7c6b9,TheViper,2021,2780.376,2,2072,1039,11005,438
679124a7c6b9,TheViper,2021,2786.876,2,2447,1096,12030,455
679124a7c6b9,TheViper,2021,2793.376,2,2507,1037,12163,434
679124a7c6b9,TheViper,2021,2799.876,2,2728,1054,11846,439
679124a7c6b9,TheViper,2021,2806.376,2,3101,1072,12348,444
679124a7c6b9,TheViper,2021,2812.876,2,2643,1093,12581,450
679124a7c6b9,TheViper,2021,2819.376,2,2904,1058,12390,438
679124a7c6b9,TheViper,2021,2825.876,2,3252,1064,11961,441
679124a7c6b9,TheViper,2021,2832.376,2,3512,1073,12130,443
679124a7c6b9,TheViper,2021,2838.876,2,2384,1072,12124,442
679124a7c6b9,TheViper,2021,2845.376,2,2719,1033,11696,429
679124a7c6b9,TheViper,2021,2851.876,2,2200,1046,11912,431
679124a7c6b9,TheViper,2021,2858.376,2,2182,1058,11748,442
679124a7c6b9,TheViper,2021,2864.876,2,1893,1054,11434,442
679124a7c6b9,TheViper,2021,2871.376,2,1713,1066,11075,442
679124a7c6b9,TheViper,2021,2877.876,2,1505,1052,10629,438
679124a7c6b9,TheViper,2021,2884.376,2,1748,1078,10851,447
679124a7c6b9,TheViper,2021,2890.876,2,1698,1077,10544,447
679124a7c6b9,TheViper,2021,2897.376,2,2170,1057,10014,440
679124a7c6b9,TheViper,2021,2903.876,2,2512,1051,9625,440
679124a7c6b9,TheViper,2021,2910.376,2,2836,1030,9297,432
679124a7c6b9,TheViper,2021,2916.876,2,3074,1027,9047,433
679124a7c6b9,TheViper,2021,2923.376,2,3417,1022,9024,431
679124a7c6b9,TheViper,2021,2929.876,2,3444,1022,8491,431
679124a7c6b9,TheViper,2021,2936.376,2,2537,1022,8310,432
679124a7c6b9,TheViper,2021,2942.876,2,2207,1016,8125,436
679124a7c6b9,TheViper,2021,2949.376,2,2464,1028,8075,438
679124a7c6b9,TheViper,2021,2955.876,2,2919,1132,8943,469
679124a7c6b9,TheViper,2021,2962.376,2,3263,1109,8913,462
679124a7c6b9,TheViper,2021,2968.914,2,3422,1169,9352,480
679124a7c6b9,TheViper,2021,2975.876,2,3372,1226,9783,496
679124a7c6b9,TheViper,2021,2982.708,2,2848,1178,9727,482
d777b0479240,TheViper,2021,14.657,2,450,22,200,13
d777b0479240,TheViper,2021,25.522,2,450,30,400,16
d777b0479240,TheViper,2021,35.172,2,450,34,506,17
d777b0479240,TheViper,2021,44.72,2,450,34,518,17
d777b0479240,TheViper,2021,54.146,2,450,36,530,18
d777b0479240,TheViper,2021,63.744,2,480,36,515,18
d777b0479240,TheViper,2021,73.248,2,490,36,520,18
d777b0479240,TheViper,2021,83.069,2,490,38,538,19
d777b0479240,TheViper,2021,92.465,2,385,40,605,21
d777b0479240,TheViper,2021,102.581,2,385,42,620,22
d777b0479240,TheViper,2021,112.445,2,385,42,639,22
d777b0479240,TheViper,2021,121.941,2,385,42,606,22
d777b0479240,TheViper,2021,131.287,2,385,46,625,23
d777b0479240,TheViper,2021,140.459,2,385,46,647,23
d777b0479240,TheViper,2021,150.284,2,383,44,523,22
d777b0479240,TheViper,2021,161.321,2,393,46,545,23
d777b0479240,TheViper,2021,172.512,2,453,46,521,23
d777b0479240,TheViper,2021,183.928,2,423,48,535,24
d777b0479240,TheViper,2021,195.58,2,428,48,543,25
d777b0479240,TheViper,2021,206.368,2,426,50,530,26
d777b0479240,TheViper,2021,216.366,2,446,50,546,26
d777b0479240,TheViper,2021,225.892,2,453,52,525,27
d777b0479240,TheViper,2021,235.37,2,463,54,555,27
d777b0479240,TheViper,2021,244.646,2,361,54,1145,28
d777b0479240,TheViper,2021,254.144,2,358,56,1134,29
d777b0479240,TheViper,2021,263.748,2,368,56,1166,29
d777b0479240,TheViper,2021,272.872,2,414,56,1160,29
d777b0479240,TheViper,2021,281.624,2,338,60,1155,30
d777b0479240,TheViper,2021,291.17,2,401,60,1133,30
d777b0479240,TheViper,2021,300.478,2,371,60,1159,30
d777b0479240,TheViper,2021,309.328,2,366,62,1186,32
d777b0479240,TheViper,2021,317.602,2,378,64,1146,33
d777b0479240,TheViper,2021,325.435,2,352,64,1161,33
d777b0479240,TheViper,2021,333.089,2,389,68,1164,34
d777b0479240,TheViper,2021,340.777,2,452,68,1148,34
d777b0479240,TheViper,2021,348.762,2,368,68,1162,34
d777b0479240,TheViper,2021,356.498,2,413,81,1153,39
d777b0479240,TheViper,2021,364.147,2,413,72,1130,36
d777b0479240,TheViper,2021,371.797,2,398,72,1170,37
d777b0479240,TheViper,2021,379.447,2,354,74,1200,38
d777b0479240,TheViper,2021,387.172,2,441,74,1171,38
d777b0479240,TheViper,2021,394.747,2,401,74,1201,38
d777b0479240,TheViper,2021,402.397,2,436,80,1213,40
d777b0479240,TheViper,2021,410.047,2,441,80,1206,40
d777b0479240,TheViper,2021,417.257,2,471,80,1232,40
d777b0479240,TheViper,2021,423.757,2,475,80,1279,40
d777b0479240,TheViper,2021,430.257,2,363,82,1890,42
d777b0479240,TheViper,2021,436.757,2,450,84,1804,43
d777b0479240,TheViper,2021,443.257,2,443,84,1793,43
d777b0479240,TheViper,2021,450.327,2,468,84,1812,43
d777b0479240,TheViper,2021,457.471,2,503,86,1814,45
d777b0479240,TheViper,2021,464.471,2,473,86,1857,45
d777b0479240,TheViper,2021,471.441,2,429,88,1902,45
d777b0479240,TheViper,2021,478.001,2,504,92,1885,47
d777b0479240,TheViper,2021,484.501,2,455,94,1879,47
d777b0479240,TheViper,2021,491.001,2,510,94,1888,47
d777b0479240,TheViper,2021,497.501,2,466,94,1931,47
d777b0479240,TheViper,2021,504.001,2,451,96,1994,49
d777b0479240,TheViper,2021,510.501,2,445,96,1918,49
d777b0479240,TheViper,2021,517.001,2,515,96,1910,49
d777b0479240,TheViper,2021,523.501,2,596,98,1897,50
d777b0479240,TheViper,2021,530.001,2,507,102,1935,51
d777b0479240,TheViper,2021,536.501,2,762,102,1755,51
d777b0479240,TheViper,2021,543.001,2,842,102,1752,51
d777b0479240,TheViper,2021,549.501,2,481,104,1755,52
d777b0479240,TheViper,2021,556.001,2,427,106,1811,53
d777b0479240,TheViper,2021,562.501,2,446,104,1658,53
d777b0479240,TheViper,2021,569.001,2,517,106,1644,54
d777b0479240,TheViper,2021,575.501,2,542,106,1684,54
d777b0479240,TheViper,2021,582.001,2,609,108,1689,54
d777b0479240,TheViper,2021,588.501,2,684,108,1687,54
d777b0479240,TheViper,2021,595.001,2,734,110,1717,55
d777b0479240,TheViper,2021,601.501,2,772,110,1715,62
d777b0479240,TheViper,2021,608.001,2,837,112,1728,62
d777b0479240,TheViper,2021,614.501,2,902,112,1703,63
d777b0479240,TheViper,2021,621.001,2,954,116,1709,67
d777b0479240,TheViper,2021,627.501,2,1083,118,1641,67
d777b0479240,TheViper,2021,634.001,2,1153,122,1637,67
d777b0479240,TheViper,2021,640.501,2,1013,122,1675,68
d777b0479240,TheViper,2021,647.001,2,1053,122,1707,68
d777b0479240,TheViper,2021,653.501,2,1113,122,1713,68
d777b0479240,TheViper,2021,660.001,2,1192,126,1700,68
d777b0479240,TheViper,2021,666.501,2,1282,126,1575,67
d777b0479240,TheViper,2021,673.001,2,1309,128,1623,67
d777b0479240,TheViper,2021,679.501,2,1423,132,1582,67
d777b0479240,TheViper,2021,686.001,2,1493,134,1580,67
d777b0479240,TheViper,2021,692.501,2,1526,134,1563,68
d777b0479240,TheViper,2021,699.001,2,1600,144,1845,71
d777b0479240,TheViper,2021,705.501,2,1623,137,1869,71
d777b0479240,TheViper,2021,712.001,2,1484,149,1846,76
d777b0479240,TheViper,2021,718.501,2,1581,161,1797,80
d777b0479240,TheViper,2021,725.001,2,1436,161,1808,80
d777b0479240,TheViper,2021,731.501,2,1351,159,1825,81
d777b0479240,TheViper,2021,738.001,2,1366,168,2087,83
d777b0479240,TheViper,2021,744.501,2,1346,219,2144,100
d777b0479240,TheViper,2021,751.001,2,1406,232,2093,98
d777b0479240,TheViper,2021,757.501,2,1391,188,2233,85
d777b0479240,TheViper,2021,764.001,2,1441,240,2283,103
d777b0479240,TheViper,2021,770.501,2,1266,250,2227,106
d777b0479240,TheViper,2021,777.001,2,1238,224,2232,97
d777b0479240,TheViper,2021,783.501,2,1169,193,2154,87
d777b0479240,TheViper,2021,790.001,2,1159,239,2217,102
d777b0479240,TheViper,2021,796.501,2,1164,232,2404,98
d777b0479240,TheViper,2021,803.001,2,1219,239,2359,102
d777b0479240,TheViper,2021,809.501,2,1108,191,2328,87
d777b0479240,TheViper,2021,816.001,2,1188,180,2175,83
d777b0479240,TheViper,2021,822.501,2,1138,270,2296,113
d777b0479240,TheViper,2021,829.001,2,1208,307,2235,125
d777b0479240,TheViper,2021,835.501,2,1258,223,2168,98
d777b0479240,TheViper,2021,842.001,2,1323,178,2421,82
d777b0479240,TheViper,2021,848.501,2,1328,201,2379,91
d777b0479240,TheViper,2021,855.001,2,1358,256,2442,108
d777b0479240,TheViper,2021,862.206,2,373,313,2461,128
d777b0479240,TheViper,2021,870.207,2,480,345,2450,137
d777b0479240,TheViper,2021,877.932,2,333,369,2395,147
d777b0479240,TheViper,2021,885.657,2,378,312,2299,128
d777b0479240,TheViper,2021,893.232,2,438,213,2191,95
d777b0479240,TheViper,2021,900.807,2,513,276,2293,116
d777b0479240,TheViper,2021,907.359,2,583,309,2218,127
d777b0479240,TheViper,2021,913.859,2,658,267,2171,113
d777b0479240,TheViper,2021,920.359,2,702,288,2181,120
d777b0479240,TheViper,2021,926.859,2,790,266,1993,112
d777b0479240,TheViper,2021,933.359,2,845,363,2069,144
d777b0479240,TheViper,2021,939.859,2,873,276,1958,115
d777b0479240,TheViper,2021,946.359,2,881,290,2334,119
d777b0479240,TheViper,2021,952.859,2,771,272,2278,113
d777b0479240,TheViper,2021,959.359,2,851,233,2155,100
d777b0479240,TheViper,2021,965.859,2,794,203,2088,90
d777b0479240,TheViper,2021,972.359,2,814,211,2075,94
d777b0479240,TheViper,2021,978.859,2,809,215,2022,97
d777b0479240,TheViper,2021,985.359,2,871,342,2101,140
d777b0479240,TheViper,2021,991.859,2,925,291,1956,122
d777b0479240,TheViper,2021,998.359,2,965,186,1881,87
d777b0479240,TheViper,2021,1004.859,2,660,172,1811,82
d777b0479240,TheViper,2021,1011.359,2,590,172,1785,82
d777b0479240,TheViper,2021,1017.859,2,620,172,1791,82
d777b0479240,TheViper,2021,1024.359,2,665,243,1849,108
d777b0479240,TheViper,2021,1030.859,2,730,198,1751,89
d777b0479240,TheViper,2021,1037.359,2,770,277,1912,118
d777b0479240,TheViper,2021,1043.859,2,855,240,1776,105
d777b0479240,TheViper,2021,1050.359,2,875,180,1722,85
d777b0479240,TheViper,2021,1056.859,2,849,204,1719,95
d777b0479240,TheViper,2021,1063.359,2,859,396,1820,157
d777b0479240,TheViper,2021,1069.859,2,930,348,1677,142
d777b0479240,TheViper,2021,1076.359,2,900,214,1619,100
d777b0479240,TheViper,2021,1082.859,2,930,264,1675,116
d777b0479240,TheViper,2021,1089.359,2,815,280,1688,121
d777b0479240,TheViper,2021,1095.859,2,940,281,1629,123
d777b0479240,TheViper,2021,1102.359,2,963,247,1653,110
d777b0479240,TheViper,2021,1108.859,2,868,272,1656,118
d777b0479240,TheViper,2021,1115.359,2,988,275,1606,119
d777b0479240,TheViper,2021,1121.859,2,898,265,1621,119
d777b0479240,TheViper,2021,1128.359,2,815,221,1564,108
d777b0479240,TheViper,2021,1134.859,2,813,380,1802,162
d777b0479240,TheViper,2021,1141.359,2,663,522,1769,212
d777b0479240,TheViper,2021,1147.859,2,683,211,1592,105
d777b0479240,TheViper,2021,1154.359,2,780,269,1660,124
d777b0479240,TheViper,2021,1160.859,2,870,257,1584,121
d777b0479240,TheViper,2021,1167.359,2,905,227,1497,109
d777b0479240,TheViper,2021,1173.859,2,652,209,1479,103
d777b0479240,TheViper,2021,1180.359,2,562,265,1544,124
d777b0479240,TheViper,2021,1186.859,2,584,332,1507,144
d777b0479240,TheViper,2021,1193.359,2,382,224,1446,109
d777b0479240,TheViper,2021,1199.859,2,463,247,1479,117
d777b0479240,TheViper,2021,1206.359,2,522,248,1505,117
d777b0479240,TheViper,2021,1212.859,2,635,247,1495,117
d777b0479240,TheViper,2021,1219.359,2,685,287,1495,130
d777b0479240,TheViper,2021,1225.859,2,426,263,1509,124
d777b0479240,TheViper,2021,1232.359,2,512,412,1678,175
d777b0479240,TheViper,2021,1238.859,2,606,377,1553,162
d777b0479240,TheViper,2021,1245.359,2,746,282,1452,131
d777b0479240,TheViper,2021,1251.859,2,836,278,1465,129
d777b0479240,TheViper,2021,1258.359,2,721,248,1459,120
d777b0479240,TheViper,2021,1264.859,2,926,227,1509,111
d777b0479240,TheViper,2021,1271.359,2,841,226,1498,111
d777b0479240,TheViper,2021,1277.859,2,1003,231,1488,114
d777b0479240,TheViper,2021,1284.359,2,1053,230,1520,114
d777b0479240,TheViper,2021,1290.859,2,818,237,1542,114
d777b0479240,TheViper,2021,1297.359,2,944,239,1504,115
d777b0479240,TheViper,2021,1303.859,2,1011,245,1613,116
d777b0479240,TheViper,2021,1310.359,2,1120,258,1858,122
d777b0479240,TheViper,2021,1316.859,2,1056,253,1827,117
d777b0479240,TheViper,2021,1323.359,2,1046,312,1913,139
d777b0479240,TheViper,2021,1329.859,2,1066,251,1847,118
d777b0479240,TheViper,2021,1336.359,2,731,267,1881,126
d777b0479240,TheViper,2021,1342.859,2,831,309,1918,141
d777b0479240,TheViper,2021,1349.359,2,861,344,1888,156
d777b0479240,TheViper,2021,1355.859,2,951,357,1834,157
d777b0479240,TheViper,2021,1362.359,2,986,339,1855,155
d777b0479240,TheViper,2021,1368.859,2,1029,264,1795,130
d777b0479240,TheViper,2021,1375.359,2,519,265,1761,130
d777b0479240,TheViper,2021,1381.859,2,589,271,1761,130
d777b0479240,TheViper,2021,1388.359,2,649,283,1774,134
d777b0479240,TheViper,2021,1394.859,2,699,254,1794,122
d777b0479240,TheViper,2021,1401.359,2,629,251,2390,124
d777b0479240,TheViper,2021,1407.859,2,661,320,2438,147
d777b0479240,TheViper,2021,1414.359,2,707,497,2561,206
d777b0479240,TheViper,2021,1420.859,2,847,486,2465,200
d777b0479240,TheViper,2021,1427.359,2,704,450,2520,191
d777b0479240,TheViper,2021,1433.859,2,744,473,2468,196
d777b0479240,TheViper,2021,1440.359,2,879,408,2375,175
d777b0479240,TheViper,2021,1446.859,2,949,413,2411,176
d777b0479240,TheViper,2021,1453.359,2,719,429,2458,182
d777b0479240,TheViper,2021,1459.859,2,749,360,2372,161
d777b0479240,TheViper,2021,1466.359,2,684,318,2296,146
d777b0479240,TheViper,2021,1472.859,2,666,343,2357,157
d777b0479240,TheViper,2021,1479.359,2,746,374,2367,165
d777b0479240,TheViper,2021,1485.859,2,772,365,2671,160
d777b0479240,TheViper,2021,1492.359,2,871,435,2728,184
d777b0479240,TheViper,2021,1498.859,2,797,457,3237,192
d777b0479240,TheViper,2021,1505.359,2,867,384,3482,165
d777b0479240,TheViper,2021,1511.859,2,742,309,3409,141
d777b0479240,TheViper,2021,1518.359,2,878,267,3376,129
d777b0479240,TheViper,2021,1524.859,2,858,270,3360,132
d777b0479240,TheViper,2021,1531.359,2,728,277,3309,132
d777b0479240,TheViper,2021,1537.859,2,844,273,3307,131
d777b0479240,TheViper,2021,1544.359,2,949,271,3311,130
d777b0479240,TheViper,2021,1550.859,2,976,276,3300,132
d777b0479240,TheViper,2021,1557.359,2,828,327,3388,150
d777b0479240,TheViper,2021,1563.859,2,979,463,3731,194
d777b0479240,TheViper,2021,1570.359,2,998,446,3797,189
d777b0479240,TheViper,2021,1576.859,2,1125,457,3762,195
d777b0479240,TheViper,2021,1583.359,2,1234,422,3687,179
d777b0479240,TheViper,2021,1589.859,2,1275,373,3601,166
d777b0479240,TheViper,2021,1596.359,2,1281,499,3809,208
d777b0479240,TheViper,2021,1602.859,2,1096,499,3837,209
d777b0479240,TheViper,2021,1609.359,2,1245,509,3908,212
d777b0479240,TheViper,2021,1615.859,2,1319,623,3918,250
d777b0479240,TheViper,2021,1622.359,2,1100,625,3875,252
d777b0479240,TheViper,2021,1628.859,2,1197,630,4176,253
d777b0479240,TheViper,2021,1635.359,2,1347,633,4116,254
d777b0479240,TheViper,2021,1641.859,2,1311,652,4096,260
d777b0479240,TheViper,2021,1648.359,2,1314,656,4248,261
d777b0479240,TheViper,2021,1654.859,2,1370,728,4787,283
d777b0479240,TheViper,2021,1661.359,2,1292,609,4343,249
d777b0479240,TheViper,2021,1667.859,2,1165,633,4203,262
d777b0479240,TheViper,2021,1674.359,2,1212,606,4489,251
d777b0479240,TheViper,2021,1680.859,2,1177,444,4341,192
d777b0479240,TheViper,2021,1687.359,2,1196,465,4422,198
d777b0479240,TheViper,2021,1693.859,2,1303,397,4242,176
d777b0479240,TheViper,2021,1700.359,2,1213,372,4149,168
d777b0479240,TheViper,2021,1706.859,2,1339,358,4111,164
d777b0479240,TheViper,2021,1713.359,2,1304,375,3869,174
d777b0479240,TheViper,2021,1719.859,2,1398,375,3707,176
d777b0479240,TheViper,2021,1726.359,2,1389,352,3654,168
d777b0479240,TheViper,2021,1732.859,2,1314,368,3621,174
d777b0479240,TheViper,2021,1739.359,2,1447,365,3606,173
d777b0479240,TheViper,2021,1745.859,2,1510,372,3599,175
d777b0479240,TheViper,2021,1752.359,2,1746,447,3596,202
d777b0479240,TheViper,2021,1758.859,2,1862,542,3601,235
d777b0479240,TheViper,2021,1765.359,2,2018,439,3518,198
d777b0479240,TheViper,2021,1771.859,2,1883,448,3537,203
d777b0479240,TheViper,2021,1778.359,2,2038,518,3554,228
d777b0479240,TheViper,2021,1784.859,2,1559,622,3693,266
d777b0479240,TheViper,2021,1791.359,2,1024,601,3597,258
d777b0479240,TheViper,2021,1797.859,2,1044,620,3789,263
d777b0479240,TheViper,2021,1804.359,2,1212,564,3571,245
d777b0479240,TheViper,2021,1810.859,2,1219,612,3714,262
d777b0479240,TheViper,2021,1817.359,2,1432,611,3625,259
d777b0479240,TheViper,2021,1823.859,2,1608,726,3734,303
d777b0479240,TheViper,2021,1830.359,2,1769,869,3907,351
d777b0479240,TheViper,2021,1836.859,2,1818,807,3987,329
d777b0479240,TheViper,2021,1843.359,2,1915,608,3809,262
d777b0479240,TheViper,2021,1849.859,2,1883,767,4514,317
d777b0479240,TheViper,2021,1856.359,2,1878,710,4575,297
d777b0479240,TheViper,2021,1862.859,2,1830,805,4767,328
d777b0479240,TheViper,2021,1869.359,2,2019,721,4791,302
d777b0479240,TheViper,2021,1875.859,2,2052,801,4909,329
d777b0479240,TheViper,2021,1882.359,2,2330,734,4610,307
d777b0479240,TheViper,2021,1888.859,2,2642,716,4462,302
d777b0479240,TheViper,2021,1895.359,2,2938,758,4309,315
d777b0479240,TheViper,2021,1901.859,2,2762,711,4318,298
d777b0479240,TheViper,2021,1908.359,2,2708,524,4354,235
d777b0479240,TheViper,2021,1914.859,2,2959,566,4362,250
d777b0479240,TheViper,2021,1921.602,2,2946,741,4505,306
d777b0479240,TheViper,2021,1928.444,2,3008,812,4498,334
d777b0479240,TheViper,2021,1934.944,2,1569,740,4329,310
d777b0479240,TheViper,2021,1941.444,2,1814,521,4075,234
d777b0479240,TheViper,2021,1947.944,2,2043,474,4076,218
d777b0479240,TheViper,2021,1954.444,2,1779,467,4457,217
d777b0479240,TheViper,2021,1960.944,2,1743,473,4452,222
d777b0479240,TheViper,2021,1967.444,2,1968,473,4724,220
d777b0479240,TheViper,2021,1973.944,2,1847,557,4915,249
d777b0479240,TheViper,2021,1980.444,2,1917,605,4661,267
d777b0479240,TheViper,2021,1986.944,2,2023,533,4626,240
d777b0479240,TheViper,2021,1993.444,2,1989,510,3965,234
d777b0479240,TheViper,2021,1999.944,2,2035,591,4109,261
d777b0479240,TheViper,2021,2006.444,2,2011,477,4177,227
d777b0479240,TheViper,2021,2012.944,2,2092,483,4168,229
d777b0479240,TheViper,2021,2019.444,2,2253,485,4151,229
d777b0479240,TheViper,2021,2025.944,2,2552,491,3991,229
d777b0479240,TheViper,2021,2032.444,2,2515,524,3994,240
d777b0479240,TheViper,2021,2038.944,2,2667,522,3992,240
d777b0479240,TheViper,2021,2045.444,2,3057,505,3777,234
d777b0479240,TheViper,2021,2051.944,2,3120,487,3806,226
d777b0479240,TheViper,2021,2058.444,2,3215,664,4119,285
d777b0479240,TheViper,2021,2064.944,2,3423,526,3931,238
d777b0479240,TheViper,2021,2071.444,2,3428,567,3985,252
d777b0479240,TheViper,2021,2077.944,2,3304,474,5020,224
d777b0479240,TheViper,2021,2084.444,2,3451,434,4950,217
d777b0479240,TheViper,2021,2090.944,2,3655,467,5168,225
d777b0479240,TheViper,2021,2097.444,2,3190,528,5140,240
d777b0479240,TheViper,2021,2103.944,2,3278,496,5026,234
d777b0479240,TheViper,2021,2110.444,2,3392,464,5030,221
d777b0479240,TheViper,2021,2116.944,2,3537,523,5613,234
d777b0479240,TheViper,2021,2123.444,2,3312,481,5125,225
d777b0479240,TheViper,2021,2129.944,2,3152,490,5030,234
d777b0479240,TheViper,2021,2136.444,2,3032,511,5124,242
d777b0479240,TheViper,2021,2142.944,2,3298,423,4934,211
d777b0479240,TheViper,2021,2149.444,2,3259,429,5003,215
d777b0479240,TheViper,2021,2155.944,2,3523,433,4974,217
d777b0479240,TheViper,2021,2162.444,2,3752,435,4944,218
d777b0479240,TheViper,2021,2168.944,2,2796,459,4953,226
d777b0479240,TheViper,2021,2175.444,2,3003,480,4938,231
d777b0479240,TheViper,2021,2181.944,2,3337,455,4803,222
d777b0479240,TheViper,2021,2188.444,2,2927,443,4723,218
d777b0479240,TheViper,2021,2194.944,2,2501,455,5381,223
d777b0479240,TheViper,2021,2201.444,2,2602,530,6044,251
d777b0479240,TheViper,2021,2207.944,2,2381,746,6193,323
d777b0479240,TheViper,2021,2214.444,2,2628,724,6155,315
d777b0479240,TheViper,2021,2220.944,2,2461,557,6089,259
d777b0479240,TheViper,2021,2227.444,2,2662,467,5927,229
d777b0479240,TheViper,2021,2233.944,2,2671,469,5839,231
d777b0479240,TheViper,2021,2240.444,2,2432,471,5880,237
d777b0479240,TheViper,2021,2246.944,2,1906,481,5906,242
d777b0479240,TheViper,2021,2253.444,2,1931,485,5805,244
d777b0479240,TheViper,2021,2259.944,2,2170,484,5797,244
d777b0479240,TheViper,2021,2266.444,2,2281,487,5909,246
d777b0479240,TheViper,2021,2272.944,2,2306,495,5889,249
d777b0479240,TheViper,2021,2279.444,2,2661,525,5769,260
d777b0479240,TheViper,2021,2285.944,2,2809,539,5744,269
d777b0479240,TheViper,2021,2292.444,2,2471,557,5778,264
d777b0479240,TheViper,2021,2298.944,2,2365,508,5780,253
d777b0479240,TheViper,2021,2305.444,2,2118,525,5805,261
d777b0479240,TheViper,2021,2311.944,2,2725,505,5846,254
d777b0479240,TheViper,2021,2318.444,2,2896,531,6154,262
d777b0479240,TheViper,2021,2324.944,2,2645,531,5966,266
d777b0479240,TheViper,2021,2331.444,2,2596,630,5985,301
d777b0479240,TheViper,2021,2337.944,2,2949,714,5867,326
d777b0479240,TheViper,2021,2344.444,2,3291,579,5631,282
d777b0479240,TheViper,2021,2350.944,2,3456,580,5696,279
d777b0479240,TheViper,2021,2357.444,2,3351,593,7683,280
d777b0479240,TheViper,2021,2363.944,2,3506,688,7800,313
d777b0479240,TheViper,2021,2370.444,2,3312,769,7982,342
d777b0479240,TheViper,2021,2376.944,2,2556,793,7762,347
d777b0479240,TheViper,2021,2383.444,2,2881,704,7629,316
d777b0479240,TheViper,2021,2389.944,2,3220,706,7522,314
d777b0479240,TheViper,2021,2396.444,2,2871,600,7415,277
d777b0479240,TheViper,2021,2402.944,2,2719,621,7231,293
d777b0479240,TheViper,2021,2409.444,2,2701,634,7276,294
d777b0479240,TheViper,2021,2415.944,2,2702,511,7120,250
d777b0479240,TheViper,2021,2422.444,2,1796,485,7243,242
d777b0479240,TheViper,2021,2428.944,2,2405,494,6900,246
d777b0479240,TheViper,2021,2435.444,2,2045,504,7133,251
d777b0479240,TheViper,2021,2441.944,2,1878,551,7399,269
d777b0479240,TheViper,2021,2448.444,2,2149,651,7500,305
d777b0479240,TheViper,2021,2454.944,2,1864,585,7451,279
d777b0479240,TheViper,2021,2461.444,2,1911,529,7415,262
d777b0479240,TheViper,2021,2467.944,2,2036,565,7528,274
d777b0479240,TheViper,2021,2474.444,2,1946,566,7207,276
d777b0479240,TheViper,2021,2480.944,2,1945,585,7166,282
d777b0479240,TheViper,2021,2487.444,2,954,593,7199,287
d777b0479240,TheViper,2021,2493.944,2,1133,569,7218,277
d777b0479240,TheViper,2021,2500.444,2,1213,566,7165,279
d777b0479240,TheViper,2021,2506.944,2,1383,570,7110,281
d777b0479240,TheViper,2021,2513.444,2,1493,578,7252,283
d777b0479240,TheViper,2021,2520.194,2,1258,679,7512,314
d777b0479240,TheViper,2021,2527.114,2,1103,666,7436,313
d777b0479240,TheViper,2021,2533.614,2,1247,630,8014,297
d777b0479240,TheViper,2021,2540.114,2,788,734,8405,333
d777b0479240,TheViper,2021,2546.614,2,538,837,8884,365
d777b0479240,TheViper,2021,2553.114,2,673,821,8774,361
d777b0479240,TheViper,2021,2559.614,2,677,835,9250,365
d777b0479240,TheViper,2021,2566.114,2,694,780,9081,349
d777b0479240,TheViper,2021,2572.614,2,853,779,8938,348
d777b0479240,TheViper,2021,2579.114,2,1123,818,8919,360
d777b0479240,TheViper,2021,2585.614,2,1353,825,8916,363
d777b0479240,TheViper,2021,2592.114,2,1596,751,8798,338
d777b0479240,TheViper,2021,2598.614,2,1031,755,8856,343
d777b0479240,TheViper,2021,2605.114,2,1340,791,8881,354
d777b0479240,TheViper,2021,2611.614,2,1589,807,8604,356
d777b0479240,TheViper,2021,2618.114,2,1767,749,8846,337
d777b0479240,TheViper,2021,2624.614,2,1708,778,8745,349
d777b0479240,TheViper,2021,2631.114,2,2305,857,9086,374
d777b0479240,TheViper,2021,2637.614,2,1183,891,9182,385
d777b0479240,TheViper,2021,2644.114,2,1562,888,9160,383
d777b0479240,TheViper,2021,2650.614,2,1512,858,9325,373
d777b0479240,TheViper,2021,2657.114,2,1665,822,9383,362
d777b0479240,TheViper,2021,2663.614,2,1688,787,9342,353
d777b0479240,TheViper,2021,2670.114,2,1899,847,9364,373
d777b0479240,TheViper,2021,2676.614,2,1890,952,9356,405
d777b0479240,TheViper,2021,2683.114,2,1992,908,10252,390
d777b0479240,TheViper,2021,2689.614,2,2005,966,10370,408
d777b0479240,TheViper,2021,2696.114,2,2166,1034,11221,427
d777b0479240,TheViper,2021,2702.614,2,2369,989,12743,407
d777b0479240,TheViper,2021,2709.114,2,1237,928,12580,387
d777b0479240,TheViper,2021,2715.614,2,1407,851,12426,358
d777b0479240,TheViper,2021,2722.114,2,1557,848,12669,358
d777b0479240,TheViper,2021,2728.614,2,1556,854,13088,357
d777b0479240,TheViper,2021,2735.114,2,1889,883,13101,367
d777b0479240,TheViper,2021,2741.614,2,1638,954,12841,395
d777b0479240,TheViper,2021,2748.114,2,1838,966,12660,400
d777b0479240,TheViper,2021,2754.614,2,1982,995,12593,404
d777b0479240,TheViper,2021,2761.114,2,2188,966,12383,396
d777b0479240,TheViper,2021,2767.614,2,2616,1046,12838,414
d777b0479240,TheViper,2021,2774.114,2,1703,894,12103,365
d777b0479240,TheViper,2021,2780.614,2,1158,749,11821,317
d777b0479240,TheViper,2021,2787.114,2,1109,758,11703,322
d777b0479240,TheViper,2021,2793.614,2,1273,848,11710,354
d777b0479240,TheViper,2021,2800.114,2,1413,909,11604,375
d777b0479240,TheViper,2021,2806.614,2,1705,1001,12130,400
d777b0479240,TheViper,2021,2813.114,2,2031,1013,11710,409
d777b0479240,TheViper,2021,2819.614,2,1940,922,10983,389
d777b0479240,TheViper,2021,2826.114,2,1887,916,10813,388
d777b0479240,TheViper,2021,2832.614,2,2092,900,10632,381
d777b0479240,TheViper,2021,2839.114,2,2331,826,10413,359
d777b0479240,TheViper,2021,2845.614,2,1499,836,10619,359
d777b0479240,TheViper,2021,2852.114,2,1658,793,10180,343
d777b0479240,TheViper,2021,2858.614,2,2153,776,10126,338
d777b0479240,TheViper,2021,2865.114,2,1714,829,10336,355
d777b0479240,TheViper,2021,2871.614,2,2046,829,10435,357
d777b0479240,TheViper,2021,2878.114,2,1716,812,10373,350
d777b0479240,TheViper,2021,2884.614,2,1532,869,11448,368
d777b0479240,TheViper,2021,2891.114,2,1725,871,11810,366
d777b0479240,TheViper,2021,2897.614,2,1969,866,11689,364
d777b0479240,TheViper,2021,2904.114,2,1457,825,11890,348
d777b0479240,TheViper,2021,2910.614,2,1922,855,11687,358
d777b0479240,TheViper,2021,2917.114,2,2000,861,11599,359
d777b0479240,TheViper,2021,2923.614,2,2137,834,11231,353
d777b0479240,TheViper,2021,2930.114,2,1743,833,11484,352
d777b0479240,TheViper,2021,2936.614,2,1924,850,11294,360
d777b0479240,TheViper,2021,2943.114,2,1609,845,11447,361
d777b0479240,TheViper,2021,2949.614,2,1252,858,11865,363
d777b0479240,TheViper,2021,2956.114,2,1442,867,11579,365
d777b0479240,TheViper,2021,2962.614,2,1503,881,12024,373
d777b0479240,TheViper,2021,2969.114,2,1707,822,11799,350
d777b0479240,TheViper,2021,2975.614,2,1905,794,11593,343
d777b0479240,TheViper,2021,2982.114,2,1422,790,11318,341
bdaf8d46c8e5,TheViper,2026,52.0,1,350,36,609,19
bdaf8d46c8e5,TheViper,2026,64.688,1,360,38,609,20
bdaf8d46c8e5,TheViper,2026,71.188,1,360,38,617,20
bdaf8d46c8e5,TheViper,2026,77.688,1,360,38,625,20
bdaf8d46c8e5,TheViper,2026,84.188,1,371,42,623,21
bdaf8d46c8e5,TheViper,2026,90.688,1,393,42,615,21
bdaf8d46c8e5,TheViper,2026,97.188,1,358,42,613,21
bdaf8d46c8e5,TheViper,2026,103.688,1,361,42,625,21
bdaf8d46c8e5,TheViper,2026,110.188,1,385,44,617,22
bdaf8d46c8e5,TheViper,2026,116.688,1,397,48,819,24
bdaf8d46c8e5,TheViper,2026,123.188,1,359,48,820,24
bdaf8d46c8e5,TheViper,2026,129.688,1,361,48,832,24
bdaf8d46c8e5,TheViper,2026,136.188,1,364,50,845,25
bdaf8d46c8e5,TheViper,2026,142.688,1,358,50,813,25
bdaf8d46c8e5,TheViper,2026,149.188,1,370,50,817,25
bdaf8d46c8e5,TheViper,2026,155.688,1,396,66,803,30
bdaf8d46c8e5,TheViper,2026,162.188,1,399,52,817,26
bdaf8d46c8e5,TheViper,2026,168.688,1,376,52,814,26
bdaf8d46c8e5,TheViper,2026,175.188,1,379,52,832,26
bdaf8d46c8e5,TheViper,2026,181.688,1,372,54,819,27
bdaf8d46c8e5,TheViper,2026,188.188,1,374,54,838,27
bdaf8d46c8e5,TheViper,2026,194.688,1,368,54,821,27
bdaf8d46c8e5,TheViper,2026,201.188,1,380,54,837,27
bdaf8d46c8e5,TheViper,2026,207.688,1,382,56,866,28
bdaf8d46c8e5,TheViper,2026,214.188,1,396,56,875,28
bdaf8d46c8e5,TheViper,2026,220.688,1,374,56,902,29
bdaf8d46c8e5,TheViper,2026,227.188,1,397,56,905,29
bdaf8d46c8e5,TheViper,2026,233.688,1,399,58,923,30
bdaf8d46c8e5,TheViper,2026,240.188,1,461,58,844,30
bdaf8d46c8e5,TheViper,2026,246.688,1,503,60,818,30
bdaf8d46c8e5,TheViper,2026,253.188,1,465,60,835,30
bdaf8d46c8e5,TheViper,2026,259.688,1,478,62,854,31
bdaf8d46c8e5,TheViper,2026,266.188,1,491,62,874,31
bdaf8d46c8e5,TheViper,2026,272.688,1,504,62,893,31
bdaf8d46c8e5,TheViper,2026,279.188,1,561,62,863,31
bdaf8d46c8e5,TheViper,2026,285.688,1,463,64,889,33
bdaf8d46c8e5,TheViper,2026,292.188,1,476,64,908,33
bdaf8d46c8e5,TheViper,2026,298.688,1,429,64,937,33
bdaf8d46c8e5,TheViper,2026,305.188,1,432,64,964,33
bdaf8d46c8e5,TheViper,2026,311.688,1,434,68,998,34
bdaf8d46c8e5,TheViper,2026,318.188,1,437,68,1036,34
bdaf8d46c8e5,TheViper,2026,324.688,1,399,68,1062,34
bdaf8d46c8e5,TheViper,2026,331.188,1,516,70,988,35
bdaf8d46c8e5,TheViper,2026,337.688,1,727,70,816,35
bdaf8d46c8e5,TheViper,2026,344.188,1,740,68,718,34
bdaf8d46c8e5,TheViper,2026,350.688,1,696,68,742,34
bdaf8d46c8e5,TheViper,2026,357.188,1,726,70,746,35
bdaf8d46c8e5,TheViper,2026,363.688,1,767,70,737,35
bdaf8d46c8e5,TheViper,2026,370.188,1,780,70,757,35
bdaf8d46c8e5,TheViper,2026,376.688,1,324,70,756,35
bdaf8d46c8e5,TheViper,2026,383.188,1,336,70,781,35
bdaf8d46c8e5,TheViper,2026,389.688,1,395,70,762,35
bdaf8d46c8e5,TheViper,2026,396.188,1,437,70,753,35
bdaf8d46c8e5,TheViper,2026,402.688,1,469,68,651,34
bdaf8d46c8e5,TheViper,2026,409.188,1,479,68,679,34
bdaf8d46c8e5,TheViper,2026,415.688,1,326,68,694,35
bdaf8d46c8e5,TheViper,2026,422.188,1,388,68,670,35
bdaf8d46c8e5,TheViper,2026,428.688,1,447,68,646,35
bdaf8d46c8e5,TheViper,2026,435.188,1,480,68,654,35
bdaf8d46c8e5,TheViper,2026,441.688,1,482,68,690,35
bdaf8d46c8e5,TheViper,2026,448.188,1,547,68,661,35
bdaf8d46c8e5,TheViper,2026,454.688,1,594,68,642,35
bdaf8d46c8e5,TheViper,2026,461.188,1,627,68,639,35
bdaf8d46c8e5,TheViper,2026,467.688,1,629,70,671,35
bdaf8d46c8e5,TheViper,2026,474.188,1,616,70,699,36
bdaf8d46c8e5,TheViper,2026,480.688,1,648,70,704,36
bdaf8d46c8e5,TheViper,2026,487.188,1,731,70,655,36
bdaf8d46c8e5,TheViper,2026,493.688,1,774,70,640,36
bdaf8d46c8e5,TheViper,2026,500.188,1,686,72,660,37
bdaf8d46c8e5,TheViper,2026,506.688,1,657,72,672,37
bdaf8d46c8e5,TheViper,2026,513.188,1,708,72,650,37
bdaf8d46c8e5,TheViper,2026,519.688,1,523,72,632,38
bdaf8d46c8e5,TheViper,2026,526.188,1,396,72,638,38
bdaf8d46c8e5,TheViper,2026,532.688,1,348,74,668,38
bdaf8d46c8e5,TheViper,2026,539.188,1,370,76,676,39
bdaf8d46c8e5,TheViper,2026,545.688,1,432,76,651,39
bdaf8d46c8e5,TheViper,2026,552.188,1,461,76,661,39
bdaf8d46c8e5,TheViper,2026,558.688,1,319,78,689,41
bdaf8d46c8e5,TheViper,2026,565.188,1,355,80,696,42
bdaf8d46c8e5,TheViper,2026,571.688,1,398,82,681,42
bdaf8d46c8e5,TheViper,2026,578.188,1,362,82,716,42
bdaf8d46c8e5,TheViper,2026,584.688,1,394,82,729,42
bdaf8d46c8e5,TheViper,2026,591.188,1,437,88,732,44
bdaf8d46c8e5,TheViper,2026,597.688,1,486,88,644,44
bdaf8d46c8e5,TheViper,2026,604.188,1,335,88,675,45
bdaf8d46c8e5,TheViper,2026,610.688,1,321,88,692,45
bdaf8d46c8e5,TheViper,2026,617.188,1,299,90,690,48
bdaf8d46c8e5,TheViper,2026,623.688,1,341,90,690,48
bdaf8d46c8e5,TheViper,2026,630.188,1,386,94,677,49
bdaf8d46c8e5,TheViper,2026,636.688,1,348,96,717,51
bdaf8d46c8e5,TheViper,2026,643.188,1,401,96,709,51
bdaf8d46c8e5,TheViper,2026,649.688,1,432,98,712,51
bdaf8d46c8e5,TheViper,2026,656.188,1,458,100,685,52
bdaf8d46c8e5,TheViper,2026,662.688,1,335,102,699,53
bdaf8d46c8e5,TheViper,2026,669.188,1,330,104,693,54
bdaf8d46c8e5,TheViper,2026,675.688,1,334,104,743,54
bdaf8d46c8e5,TheViper,2026,682.188,1,321,106,695,55
bdaf8d46c8e5,TheViper,2026,688.688,1,353,112,719,57
bdaf8d46c8e5,TheViper,2026,695.188,1,325,114,723,57
bdaf8d46c8e5,TheViper,2026,701.688,1,324,114,741,58
bdaf8d46c8e5,TheViper,2026,708.188,1,297,116,713,59
bdaf8d46c8e5,TheViper,2026,714.688,1,341,116,719,59
bdaf8d46c8e5,TheViper,2026,721.188,1,369,118,751,60
bdaf8d46c8e5,TheViper,2026,727.688,1,375,120,737,60
bdaf8d46c8e5,TheViper,2026,734.188,1,347,122,778,62
bdaf8d46c8e5,TheViper,2026,740.688,1,432,125,745,63
bdaf8d46c8e5,TheViper,2026,747.188,1,438,132,724,65
bdaf8d46c8e5,TheViper,2026,753.688,1,410,126,735,63
bdaf8d46c8e5,TheViper,2026,760.188,1,333,128,764,65
bdaf8d46c8e5,TheViper,2026,766.688,1,365,128,797,65
bdaf8d46c8e5,TheViper,2026,773.188,1,347,128,830,66
bdaf8d46c8e5,TheViper,2026,779.688,1,414,132,739,67
bdaf8d46c8e5,TheViper,2026,786.188,1,397,136,757,68
bdaf8d46c8e5,TheViper,2026,792.688,1,439,136,783,68
bdaf8d46c8e5,TheViper,2026,799.188,1,381,136,796,68
bdaf8d46c8e5,TheViper,2026,805.688,1,428,138,786,70
bdaf8d46c8e5,TheViper,2026,812.188,1,421,140,807,71
bdaf8d46c8e5,TheViper,2026,818.688,1,393,140,798,72
bdaf8d46c8e5,TheViper,2026,825.188,1,435,146,821,74
bdaf8d46c8e5,TheViper,2026,831.688,1,418,144,853,73
bdaf8d46c8e5,TheViper,2026,838.188,1,471,146,870,74
bdaf8d46c8e5,TheViper,2026,844.688,1,544,172,878,82
bdaf8d46c8e5,TheViper,2026,851.188,1,608,175,1144,82
bdaf8d46c8e5,TheViper,2026,857.688,1,650,187,1468,85
bdaf8d46c8e5,TheViper,2026,864.188,1,637,199,1728,88
bdaf8d46c8e5,TheViper,2026,870.688,1,639,179,1991,81
bdaf8d46c8e5,TheViper,2026,877.188,1,732,184,1951,82
bdaf8d46c8e5,TheViper,2026,883.688,1,564,190,2275,85
bdaf8d46c8e5,TheViper,2026,890.188,1,636,171,2207,79
bdaf8d46c8e5,TheViper,2026,896.688,1,698,171,2181,79
bdaf8d46c8e5,TheViper,2026,903.188,1,701,183,2160,83
bdaf8d46c8e5,TheViper,2026,909.688,1,733,173,2172,80
bdaf8d46c8e5,TheViper,2026,916.188,1,735,175,2164,82
bdaf8d46c8e5,TheViper,2026,922.688,1,810,175,2124,82
bdaf8d46c8e5,TheViper,2026,929.188,1,902,175,2073,82
bdaf8d46c8e5,TheViper,2026,935.688,1,805,179,1974,84
bdaf8d46c8e5,TheViper,2026,942.188,1,787,181,1981,85
bdaf8d46c8e5,TheViper,2026,948.688,1,849,183,1946,85
bdaf8d46c8e5,TheViper,2026,955.188,1,921,183,1918,85
bdaf8d46c8e5,TheViper,2026,961.688,1,1023,187,1863,86
bdaf8d46c8e5,TheViper,2026,968.188,1,912,189,1893,89
bdaf8d46c8e5,TheViper,2026,974.688,1,924,189,1876,90
bdaf8d46c8e5,TheViper,2026,981.188,1,1010,191,1817,90
bdaf8d46c8e5,TheViper,2026,987.688,1,1012,193,1813,92
bdaf8d46c8e5,TheViper,2026,994.188,1,1123,197,1731,92
bdaf8d46c8e5,TheViper,2026,1000.688,1,1185,197,1708,92
bdaf8d46c8e5,TheViper,2026,1007.188,1,1267,222,1686,100
bdaf8d46c8e5,TheViper,2026,1013.688,1,1329,225,1641,101
bdaf8d46c8e5,TheViper,2026,1020.188,1,1422,212,1589,96
bdaf8d46c8e5,TheViper,2026,1026.688,1,1474,219,1604,99
bdaf8d46c8e5,TheViper,2026,1033.188,1,1536,225,1608,101
bdaf8d46c8e5,TheViper,2026,1039.688,1,618,210,1525,96
bdaf8d46c8e5,TheViper,2026,1046.188,1,721,216,1477,98
bdaf8d46c8e5,TheViper,2026,1052.688,1,783,203,1443,94
bdaf8d46c8e5,TheViper,2026,1059.188,1,845,206,1614,94
bdaf8d46c8e5,TheViper,2026,1065.688,1,864,216,1580,97
bdaf8d46c8e5,TheViper,2026,1072.188,1,947,261,1881,111
bdaf8d46c8e5,TheViper,2026,1078.688,1,1049,216,1772,96
bdaf8d46c8e5,TheViper,2026,1085.188,1,901,202,1599,93
bdaf8d46c8e5,TheViper,2026,1091.688,1,983,204,1567,94
bdaf8d46c8e5,TheViper,2026,1098.188,1,976,204,1552,94
bdaf8d46c8e5,TheViper,2026,1104.688,1,1088,218,1474,98
bdaf8d46c8e5,TheViper,2026,1111.188,1,941,210,1385,96
bdaf8d46c8e5,TheViper,2026,1117.688,1,933,206,1370,94
bdaf8d46c8e5,TheViper,2026,1124.188,1,976,220,1378,99
bdaf8d46c8e5,TheViper,2026,1130.688,1,933,214,1332,97
bdaf8d46c8e5,TheViper,2026,1137.188,1,991,237,1304,106
bdaf8d46c8e5,TheViper,2026,1143.688,1,1083,248,1252,109
bdaf8d46c8e5,TheViper,2026,1150.188,1,1125,254,1837,110
bdaf8d46c8e5,TheViper,2026,1156.688,1,1138,239,1942,104
bdaf8d46c8e5,TheViper,2026,1163.188,1,1031,233,2023,104
bdaf8d46c8e5,TheViper,2026,1169.688,1,928,195,1947,92
bdaf8d46c8e5,TheViper,2026,1176.188,1,857,199,1932,93
bdaf8d46c8e5,TheViper,2026,1182.688,1,814,194,1909,92
bdaf8d46c8e5,TheViper,2026,1189.188,1,916,194,1858,92
bdaf8d46c8e5,TheViper,2026,1195.688,1,938,196,1822,92
bdaf8d46c8e5,TheViper,2026,1202.188,1,511,216,1804,100
bdaf8d46c8e5,TheViper,2026,1208.688,1,588,200,1766,94
bdaf8d46c8e5,TheViper,2026,1215.188,1,267,200,1706,95
bdaf8d46c8e5,TheViper,2026,1221.688,1,309,205,1890,96
bdaf8d46c8e5,TheViper,2026,1228.188,1,300,205,1879,96
bdaf8d46c8e5,TheViper,2026,1234.688,1,262,205,1860,96
bdaf8d46c8e5,TheViper,2026,1241.188,1,369,205,1785,96
bdaf8d46c8e5,TheViper,2026,1247.688,1,441,207,1746,97
bdaf8d46c8e5,TheViper,2026,1254.188,1,333,207,1735,98
bdaf8d46c8e5,TheViper,2026,1260.688,1,315,207,1686,98
bdaf8d46c8e5,TheViper,2026,1267.188,1,388,209,1630,98
bdaf8d46c8e5,TheViper,2026,1273.688,1,470,213,1620,100
bdaf8d46c8e5,TheViper,2026,1280.188,1,542,213,1576,100
bdaf8d46c8e5,TheViper,2026,1286.688,1,388,225,1508,105
bdaf8d46c8e5,TheViper,2026,1293.188,1,381,225,1489,105
bdaf8d46c8e5,TheViper,2026,1299.688,1,413,225,1519,105
bdaf8d46c8e5,TheViper,2026,1306.188,1,445,225,1494,105
bdaf8d46c8e5,TheViper,2026,1312.688,1,487,227,1515,106
bdaf8d46c8e5,TheViper,2026,1319.188,1,605,243,1589,111
bdaf8d46c8e5,TheViper,2026,1325.688,1,587,279,1415,124
bdaf8d46c8e5,TheViper,2026,1332.188,1,650,328,1448,142
bdaf8d46c8e5,TheViper,2026,1338.688,1,662,277,1373,123
bdaf8d46c8e5,TheViper,2026,1345.188,1,714,237,1333,110
bdaf8d46c8e5,TheViper,2026,1351.688,1,856,260,1252,121
bdaf8d46c8e5,TheViper,2026,1358.188,1,525,233,1193,110
bdaf8d46c8e5,TheViper,2026,1364.688,1,587,283,1234,127
bdaf8d46c8e5,TheViper,2026,1371.188,1,569,256,1191,119
bdaf8d46c8e5,TheViper,2026,1377.688,1,655,261,1154,121
bdaf8d46c8e5,TheViper,2026,1384.188,1,662,234,1116,113
bdaf8d46c8e5,TheViper,2026,1390.688,1,746,269,1267,128
bdaf8d46c8e5,TheViper,2026,1397.188,1,769,275,1555,126
bdaf8d46c8e5,TheViper,2026,1403.688,1,801,287,1548,130
bdaf8d46c8e5,TheViper,2026,1410.188,1,815,346,1501,136
bdaf8d46c8e5,TheViper,2026,1416.688,1,907,330,1822,145
bdaf8d46c8e5,TheViper,2026,1423.188,1,929,336,2370,143
bdaf8d46c8e5,TheViper,2026,1429.688,1,1021,346,2614,145
bdaf8d46c8e5,TheViper,2026,1436.188,1,973,308,2809,132
bdaf8d46c8e5,TheViper,2026,1442.688,1,1035,293,2771,127
bdaf8d46c8e5,TheViper,2026,1449.188,1,1088,282,3297,124
bdaf8d46c8e5,TheViper,2026,1455.688,1,1008,336,3877,143
bdaf8d46c8e5,TheViper,2026,1462.188,1,1201,316,4048,136
bdaf8d46c8e5,TheViper,2026,1468.688,1,953,281,4095,124
bdaf8d46c8e5,TheViper,2026,1475.188,1,998,281,4074,124
bdaf8d46c8e5,TheViper,2026,1481.688,1,980,278,3859,125
bdaf8d46c8e5,TheViper,2026,1488.188,1,1043,278,3732,126
bdaf8d46c8e5,TheViper,2026,1494.688,1,1086,286,3620,127
bdaf8d46c8e5,TheViper,2026,1501.188,1,660,290,3564,128
bdaf8d46c8e5,TheViper,2026,1507.688,1,755,292,3481,129
bdaf8d46c8e5,TheViper,2026,1514.188,1,748,292,3414,129
bdaf8d46c8e5,TheViper,2026,1520.688,1,836,294,3370,130
bdaf8d46c8e5,TheViper,2026,1527.188,1,782,294,3323,132
bdaf8d46c8e5,TheViper,2026,1533.688,1,954,296,3187,133
bdaf8d46c8e5,TheViper,2026,1540.188,1,1070,337,3166,147
bdaf8d46c8e5,TheViper,2026,1546.688,1,952,351,3150,152
bdaf8d46c8e5,TheViper,2026,1553.188,1,960,300,3141,136
bdaf8d46c8e5,TheViper,2026,1559.688,1,920,319,3176,144
bdaf8d46c8e5,TheViper,2026,1566.188,1,1065,376,3081,164
bdaf8d46c8e5,TheViper,2026,1572.688,1,1015,345,2779,155
bdaf8d46c8e5,TheViper,2026,1579.188,1,1032,317,2766,146
bdaf8d46c8e5,TheViper,2026,1585.688,1,549,319,2821,150
bdaf8d46c8e5,TheViper,2026,1592.188,1,616,325,2803,151
bdaf8d46c8e5,TheViper,2026,1598.688,1,715,333,2612,154
bdaf8d46c8e5,TheViper,2026,1605.188,1,738,335,2553,155
bdaf8d46c8e5,TheViper,2026,1611.688,1,682,335,2481,158
bdaf8d46c8e5,TheViper,2026,1618.188,1,595,343,2440,159
bdaf8d46c8e5,TheViper,2026,1624.688,1,563,353,2420,166
bdaf8d46c8e5,TheViper,2026,1631.188,1,612,375,2357,173
bdaf8d46c8e5,TheViper,2026,1637.688,1,602,396,2221,180
bdaf8d46c8e5,TheViper,2026,1644.188,1,598,365,2150,170
bdaf8d46c8e5,TheViper,2026,1650.688,1,751,371,2026,172
bdaf8d46c8e5,TheViper,2026,1657.188,1,705,375,2030,174
bdaf8d46c8e5,TheViper,2026,1663.688,1,615,375,2072,176
bdaf8d46c8e5,TheViper,2026,1670.188,1,726,432,2143,196
bdaf8d46c8e5,TheViper,2026,1676.688,1,991,469,1970,208
bdaf8d46c8e5,TheViper,2026,1683.188,1,969,449,1871,200
bdaf8d46c8e5,TheViper,2026,1689.688,1,1038,411,1852,189
bdaf8d46c8e5,TheViper,2026,1696.188,1,1076,417,1799,191
bdaf8d46c8e5,TheViper,2026,1702.688,1,1187,416,2303,189
bdaf8d46c8e5,TheViper,2026,1709.188,1,1325,429,2549,193
bdaf8d46c8e5,TheViper,2026,1715.688,1,1395,448,2372,199
bdaf8d46c8e5,TheViper,2026,1722.188,1,1444,444,2921,200
bdaf8d46c8e5,TheViper,2026,1728.688,1,1621,430,3116,196
bdaf8d46c8e5,TheViper,2026,1735.188,1,1592,427,2988,195
bdaf8d46c8e5,TheViper,2026,1741.688,1,1554,434,2883,198
bdaf8d46c8e5,TheViper,2026,1748.188,1,1751,452,3280,203
bdaf8d46c8e5,TheViper,2026,1754.688,1,1759,470,3308,212
bdaf8d46c8e5,TheViper,2026,1761.188,1,1936,473,3156,215
bdaf8d46c8e5,TheViper,2026,1767.688,1,1378,437,3315,203
bdaf8d46c8e5,TheViper,2026,1774.188,1,1286,520,3132,232
bdaf8d46c8e5,TheViper,2026,1780.688,1,1116,492,3040,223
bdaf8d46c8e5,TheViper,2026,1787.188,1,1033,478,3440,215
bdaf8d46c8e5,TheViper,2026,1793.688,1,1047,448,3324,207
bdaf8d46c8e5,TheViper,2026,1800.188,1,809,449,3297,207
bdaf8d46c8e5,TheViper,2026,1806.688,1,649,459,3282,209
bdaf8d46c8e5,TheViper,2026,1813.188,1,705,489,3312,219
bdaf8d46c8e5,TheViper,2026,1819.688,1,833,524,3294,230
bdaf8d46c8e5,TheViper,2026,1826.188,1,1056,526,3157,231
bdaf8d46c8e5,TheViper,2026,1832.688,1,525,547,3121,239
bdaf8d46c8e5,TheViper,2026,1839.188,1,686,581,3026,249
bdaf8d46c8e5,TheViper,2026,1845.688,1,685,587,3079,254
bdaf8d46c8e5,TheViper,2026,1852.188,1,799,585,3057,254
bdaf8d46c8e5,TheViper,2026,1858.688,1,1044,535,2901,238
bdaf8d46c8e5,TheViper,2026,1865.188,1,1037,579,2905,253
bdaf8d46c8e5,TheViper,2026,1871.688,1,1240,567,3056,248
bdaf8d46c8e5,TheViper,2026,1878.188,1,1233,542,3079,241
bdaf8d46c8e5,TheViper,2026,1884.688,1,1350,510,2993,233
bdaf8d46c8e5,TheViper,2026,1891.188,1,1598,513,2871,230
bdaf8d46c8e5,TheViper,2026,1897.688,1,1363,530,2717,238
bdaf8d46c8e5,TheViper,2026,1904.188,1,1519,539,2684,242
bdaf8d46c8e5,TheViper,2026,1910.688,1,1640,602,2778,251
bdaf8d46c8e5,TheViper,2026,1917.188,1,1673,548,2469,248
bdaf8d46c8e5,TheViper,2026,1923.688,1,1776,586,2481,260
bdaf8d46c8e5,TheViper,2026,1930.188,1,1877,546,2299,251
bdaf8d46c8e5,TheViper,2026,1936.688,1,1849,626,2548,277
bdaf8d46c8e5,TheViper,2026,1943.188,1,1940,628,2733,280
bdaf8d46c8e5,TheViper,2026,1949.688,1,2194,648,2549,285
bdaf8d46c8e5,TheViper,2026,1956.188,1,2239,667,2829,286
bdaf8d46c8e5,TheViper,2026,1962.688,1,2435,587,2615,262
bdaf8d46c8e5,TheViper,2026,1969.188,1,1553,576,2382,265
bdaf8d46c8e5,TheViper,2026,1975.688,1,1678,546,2287,254
bdaf8d46c8e5,TheViper,2026,1982.188,1,2330,628,3089,278
bdaf8d46c8e5,TheViper,2026,1988.688,1,2514,571,3031,259
bdaf8d46c8e5,TheViper,2026,1995.188,1,2548,616,3067,274
bdaf8d46c8e5,TheViper,2026,2001.688,1,2761,679,3307,296
bdaf8d46c8e5,TheViper,2026,2008.188,1,1101,697,4438,298
bdaf8d46c8e5,TheViper,2026,2014.688,1,1259,714,4976,301
bdaf8d46c8e5,TheViper,2026,2021.188,1,1491,688,5450,293
bdaf8d46c8e5,TheViper,2026,2027.688,1,1591,707,6191,296
bdaf8d46c8e5,TheViper,2026,2034.188,1,1736,739,7013,307
bdaf8d46c8e5,TheViper,2026,2040.688,1,1787,741,8057,302
bdaf8d46c8e5,TheViper,2026,2047.188,1,1815,663,7874,272
bdaf8d46c8e5,TheViper,2026,2053.688,1,1554,732,9250,288
bdaf8d46c8e5,TheViper,2026,2060.188,1,1593,710,9541,283
bdaf8d46c8e5,TheViper,2026,2066.688,1,1771,657,9635,264
bdaf8d46c8e5,TheViper,2026,2073.188,1,1905,642,9435,259
bdaf8d46c8e5,TheViper,2026,2079.688,1,2028,651,9186,263
bdaf8d46c8e5,TheViper,2026,2086.188,1,1494,658,9033,267
bdaf8d46c8e5,TheViper,2026,2092.688,1,1622,632,9138,257
bdaf8d46c8e5,TheViper,2026,2099.188,1,1661,645,8583,269
bdaf8d46c8e5,TheViper,2026,2105.688,1,1537,633,8337,261
bdaf8d46c8e5,TheViper,2026,2112.188,1,1354,645,8164,268
bdaf8d46c8e5,TheViper,2026,2118.688,1,1486,662,7931,274
bdaf8d46c8e5,TheViper,2026,2125.188,1,1280,656,8290,267
bdaf8d46c8e5,TheViper,2026,2131.688,1,1200,640,8145,264
bdaf8d46c8e5,TheViper,2026,2138.188,1,1292,649,7885,270
bdaf8d46c8e5,TheViper,2026,2144.688,1,1327,645,7760,267
bdaf8d46c8e5,TheViper,2026,2151.188,1,1242,648,7551,267
bdaf8d46c8e5,TheViper,2026,2157.688,1,1312,658,7331,270
bdaf8d46c8e5,TheViper,2026,2164.188,1,965,674,7073,275
bdaf8d46c8e5,TheViper,2026,2170.688,1,1019,668,6893,275
bdaf8d46c8e5,TheViper,2026,2177.188,1,1226,675,6806,276
bdaf8d46c8e5,TheViper,2026,2183.688,1,1259,679,6558,277
bdaf8d46c8e5,TheViper,2026,2190.188,1,1225,685,6519,279
bdaf8d46c8e5,TheViper,2026,2196.688,1,1211,696,6583,285
bdaf8d46c8e5,TheViper,2026,2203.188,1,1396,707,6781,288
bdaf8d46c8e5,TheViper,2026,2209.688,1,801,719,6518,292
bdaf8d46c8e5,TheViper,2026,2216.188,1,1131,701,6394,284
bdaf8d46c8e5,TheViper,2026,2222.688,1,1405,681,5724,280
bdaf8d46c8e5,TheViper,2026,2229.188,1,1356,685,5343,282
bdaf8d46c8e5,TheViper,2026,2235.688,1,1534,680,5221,279
bdaf8d46c8e5,TheViper,2026,2242.188,1,1259,638,4980,267
bdaf8d46c8e5,TheViper,2026,2248.688,1,1285,667,5081,278
bdaf8d46c8e5,TheViper,2026,2255.188,1,1327,680,4781,284
bdaf8d46c8e5,TheViper,2026,2261.688,1,1565,665,4971,276
bdaf8d46c8e5,TheViper,2026,2268.188,1,1533,667,4414,278
bdaf8d46c8e5,TheViper,2026,2274.688,1,1142,659,4438,275
bdaf8d46c8e5,TheViper,2026,2281.188,1,1567,674,3999,279
bdaf8d46c8e5,TheViper,2026,2287.688,1,1660,664,4288,278
bdaf8d46c8e5,TheViper,2026,2294.188,1,1168,672,3998,279
bdaf8d46c8e5,TheViper,2026,2300.688,1,1270,651,4109,277
bdaf8d46c8e5,TheViper,2026,2307.188,1,1360,652,3828,279
bdaf8d46c8e5,TheViper,2026,2313.688,1,1495,652,4141,278
bdaf8d46c8e5,TheViper,2026,2320.188,1,1617,661,4359,281
bdaf8d46c8e5,TheViper,2026,2326.688,1,1650,633,4958,273
bdaf8d46c8e5,TheViper,2026,2333.188,1,1722,629,4876,275
bdaf8d46c8e5,TheViper,2026,2339.688,1,2050,623,5191,271
bdaf8d46c8e5,TheViper,2026,2346.188,1,2255,626,5080,275
bdaf8d46c8e5,TheViper,2026,2352.688,1,2454,617,5180,272
bdaf8d46c8e5,TheViper,2026,2359.188,1,2456,611,5710,271
bdaf8d46c8e5,TheViper,2026,2365.688,1,2338,588,5760,267
bdaf8d46c8e5,TheViper,2026,2372.188,1,2440,617,6053,276
bdaf8d46c8e5,TheViper,2026,2378.688,1,2637,588,6337,265
bdaf8d46c8e5,TheViper,2026,2385.188,1,2851,581,6055,262
bdaf8d46c8e5,TheViper,2026,2391.688,1,3286,606,5726,271
bdaf8d46c8e5,TheViper,2026,2398.188,1,2902,611,5747,272
bdaf8d46c8e5,TheViper,2026,2404.688,1,2810,614,6168,272
bdaf8d46c8e5,TheViper,2026,2411.188,1,3044,613,6065,272
bdaf8d46c8e5,TheViper,2026,2417.688,1,3143,653,6008,288
bdaf8d46c8e5,TheViper,2026,2424.188,1,2586,653,6274,289
bdaf8d46c8e5,TheViper,2026,2430.688,1,2777,789,6899,331
bdaf8d46c8e5,TheViper,2026,2437.188,1,3069,839,7961,345
bdaf8d46c8e5,TheViper,2026,2443.688,1,3951,732,8494,306
bdaf8d46c8e5,TheViper,2026,2450.188,1,4134,753,9206,310
bdaf8d46c8e5,TheViper,2026,2456.688,1,3729,750,9506,306
bdaf8d46c8e5,TheViper,2026,2463.188,1,3235,711,10060,295
bdaf8d46c8e5,TheViper,2026,2469.688,1,3395,809,10354,327
bdaf8d46c8e5,TheViper,2026,2476.188,1,3208,907,10749,356
bdaf8d46c8e5,TheViper,2026,2482.688,1,3114,1100,12751,413
bdaf8d46c8e5,TheViper,2026,2489.188,1,2366,968,14417,364
bdaf8d46c8e5,TheViper,2026,2495.688,1,2488,898,14399,338
bdaf8d46c8e5,TheViper,2026,2502.188,1,2394,874,14463,326
bdaf8d46c8e5,TheViper,2026,2508.688,1,2304,958,15023,356
bdaf8d46c8e5,TheViper,2026,2515.188,1,2402,1043,15413,381
bdaf8d46c8e5,TheViper,2026,2521.688,1,2479,1101,16192,398
bdaf8d46c8e5,TheViper,2026,2528.188,1,2570,934,16090,343
bdaf8d46c8e5,TheViper,2026,2534.688,1,2827,944,16017,348
bdaf8d46c8e5,TheViper,2026,2541.188,1,2734,908,15616,330
bdaf8d46c8e5,TheViper,2026,2547.688,1,2676,900,15238,328
bdaf8d46c8e5,TheViper,2026,2554.188,1,2698,1079,15448,386
bdaf8d46c8e5,TheViper,2026,2560.688,1,2830,1043,15466,376
bdaf8d46c8e5,TheViper,2026,2567.188,1,2673,938,14941,342
bdaf8d46c8e5,TheViper,2026,2573.688,1,2011,1037,15254,376
bdaf8d46c8e5,TheViper,2026,2580.188,1,1963,1086,15720,390
bdaf8d46c8e5,TheViper,2026,2586.688,1,2104,1192,15540,428
bdaf8d46c8e5,TheViper,2026,2593.188,1,2111,1110,15670,396
bdaf8d46c8e5,TheViper,2026,2599.688,1,2284,1001,15586,361
bdaf8d46c8e5,TheViper,2026,2606.188,1,1547,950,15152,345
bdaf8d46c8e5,TheViper,2026,2612.688,1,1631,941,14626,344
bdaf8d46c8e5,TheViper,2026,2619.188,1,1580,937,14040,346
bdaf8d46c8e5,TheViper,2026,2625.688,1,1662,974,13664,364
bdaf8d46c8e5,TheViper,2026,2632.188,1,1769,958,13165,355
bdaf8d46c8e5,TheViper,2026,2638.688,1,1778,951,12555,354
bdaf8d46c8e5,TheViper,2026,2645.188,1,1681,946,12149,354
bdaf8d46c8e5,TheViper,2026,2651.688,1,1922,917,11625,347
bdaf8d46c8e5,TheViper,2026,2658.188,1,1971,910,11125,349
bdaf8d46c8e5,TheViper,2026,2664.688,1,2038,943,10577,363
bdaf8d46c8e5,TheViper,2026,2671.188,1,1880,983,10634,376
bdaf8d46c8e5,TheViper,2026,2677.688,1,2082,1046,10866,396
bdaf8d46c8e5,TheViper,2026,2684.188,1,2259,1095,11097,409
bdaf8d46c8e5,TheViper,2026,2690.688,1,2153,1058,10838,405
bdaf8d46c8e5,TheViper,2026,2697.188,1,2304,1051,10696,403
bdaf8d46c8e5,TheViper,2026,2703.688,1,2546,1038,10777,396
bdaf8d46c8e5,TheViper,2026,2710.188,1,2698,1082,10729,411
bdaf8d46c8e5,TheViper,2026,2716.688,1,2837,1141,11252,428
bdaf8d46c8e5,TheViper,2026,2723.188,1,2840,1096,11874,409
bdaf8d46c8e5,TheViper,2026,2729.688,1,2435,1056,12093,394
bdaf8d46c8e5,TheViper,2026,2736.188,1,2661,968,11411,371
bdaf8d46c8e5,TheViper,2026,2742.688,1,3008,984,11155,376
bdaf8d46c8e5,TheViper,2026,2749.188,1,3073,1050,11778,399
bdaf8d46c8e5,TheViper,2026,2755.688,1,3166,1215,11859,454
bdaf8d46c8e5,TheViper,2026,2762.188,1,3222,1064,11156,408
bdaf8d46c8e5,TheViper,2026,2768.688,1,3347,1197,11094,453
bdaf8d46c8e5,TheViper,2026,2775.188,1,3571,1299,11883,486
bdaf8d46c8e5,TheViper,2026,2781.688,1,3752,1267,12125,479
bdaf8d46c8e5,TheViper,2026,2788.188,1,3676,1010,11231,396
bdaf8d46c8e5,TheViper,2026,2794.688,1,3779,924,10908,372
bdaf8d46c8e5,TheViper,2026,2801.188,1,4050,923,11096,369
bdaf8d46c8e5,TheViper,2026,2807.688,1,3796,957,10922,383
bdaf8d46c8e5,TheViper,2026,2814.188,1,4004,904,10827,365
bdaf8d46c8e5,TheViper,2026,2820.688,1,4100,875,10527,355
bdaf8d46c8e5,TheViper,2026,2827.188,1,4066,916,10260,369
bdaf8d46c8e5,TheViper,2026,2833.688,1,3604,910,10311,375
bdaf8d46c8e5,TheViper,2026,2840.188,1,3664,903,10343,373
bdaf8d46c8e5,TheViper,2026,2846.688,1,3769,928,10277,384
bdaf8d46c8e5,TheViper,2026,2853.188,1,3915,912,10153,377
bdaf8d46c8e5,TheViper,2026,2859.688,1,3465,888,9718,375
bdaf8d46c8e5,TheViper,2026,2866.188,1,3735,980,9932,405
bdaf8d46c8e5,TheViper,2026,2872.688,1,4009,1004,10645,405
bdaf8d46c8e5,TheViper,2026,2879.188,1,4268,1067,11831,420
bdaf8d46c8e5,TheViper,2026,2885.688,1,4084,945,11392,385
bdaf8d46c8e5,TheViper,2026,2892.188,1,3330,914,11079,375
bdaf8d46c8e5,TheViper,2026,2898.688,1,3585,954,10994,385
bdaf8d46c8e5,TheViper,2026,2905.188,1,3768,1025,11349,405
bdaf8d46c8e5,TheViper,2026,2911.688,1,3631,1062,11794,415
bdaf8d46c8e5,TheViper,2026,2918.188,1,3825,1077,11789,422
bdaf8d46c8e5,TheViper,2026,2924.688,1,4130,1196,11857,461
bdaf8d46c8e5,TheViper,2026,2931.188,1,3926,1227,13571,468
bdaf8d46c8e5,TheViper,2026,2937.688,1,3483,1154,14257,439
bdaf8d46c8e5,TheViper,2026,2944.188,1,3436,1227,14302,463
bdaf8d46c8e5,TheViper,2026,2950.688,1,3869,1057,14530,396
bdaf8d46c8e5,TheViper,2026,2957.188,1,1893,1279,15798,465
bdaf8d46c8e5,TheViper,2026,2963.688,1,1857,1349,16582,486
bdaf8d46c8e5,TheViper,2026,2970.188,1,1961,1272,16806,460
bdaf8d46c8e5,TheViper,2026,2976.688,1,1485,1195,18467,435
bdaf8d46c8e5,TheViper,2026,2983.188,1,1532,1293,18336,467
bdaf8d46c8e5,TheViper,2026,2989.688,1,1691,1263,19025,457
bdaf8d46c8e5,TheViper,2026,2996.188,1,1786,1338,19276,481
bdaf8d46c8e5,TheViper,2026,3002.688,1,2117,1126,18318,410
bdaf8d46c8e5,TheViper,2026,3009.188,1,1506,1322,17904,478
bdaf8d46c8e5,TheViper,2026,3015.688,1,1661,1308,17333,473
bdaf8d46c8e5,TheViper,2026,3022.188,1,1460,1371,16830,499
bdaf8d46c8e5,TheViper,2026,3028.688,1,1540,1331,16099,490
bdaf8d46c8e5,TheViper,2026,3035.188,1,1426,1063,15818,406
bdaf8d46c8e5,TheViper,2026,3041.688,1,1583,1097,15149,419
bdaf8d46c8e5,TheViper,2026,3048.188,1,1571,1447,15748,536
bdaf8d46c8e5,TheViper,2026,3054.688,1,1321,1551,16560,567
bdaf8d46c8e5,TheViper,2026,3061.188,1,1243,1747,18193,628
bdaf8d46c8e5,TheViper,2026,3067.688,1,1245,1655,19617,591
bdaf8d46c8e5,TheViper,2026,3074.188,1,1256,1592,19855,563
bdaf8d46c8e5,TheViper,2026,3080.688,1,1367,1436,20273,516
bdaf8d46c8e5,TheViper,2026,3087.188,1,1385,1398,19938,499
bdaf8d46c8e5,TheViper,2026,3093.688,1,1375,1464,19720,523
bdaf8d46c8e5,TheViper,2026,3100.188,1,1513,1341,19812,487
bdaf8d46c8e5,TheViper,2026,3106.688,1,1298,1353,19712,490
bdaf8d46c8e5,TheViper,2026,3113.188,1,1030,1628,20207,580
bdaf8d46c8e5,TheViper,2026,3119.688,1,1061,1714,20788,606
bdaf8d46c8e5,TheViper,2026,3126.188,1,981,1811,21658,629
bdaf8d46c8e5,TheViper,2026,3132.688,1,1322,1747,21313,606
bdaf8d46c8e5,TheViper,2026,3139.188,1,1159,1532,20221,538
bdaf8d46c8e5,TheViper,2026,3145.688,1,1291,1770,19742,618
bdaf8d46c8e5,TheViper,2026,3152.188,1,1010,1603,19131,567
bdaf8d46c8e5,TheViper,2026,3158.688,1,1056,1542,19032,542
bdaf8d46c8e5,TheViper,2026,3165.188,1,926,1580,18887,555
bdaf8d46c8e5,TheViper,2026,3171.688,1,1128,1511,19164,530
bdaf8d46c8e5,TheViper,2026,3178.188,1,1313,1813,19903,631
bdaf8d46c8e5,TheViper,2026,3184.688,1,1034,1765,20830,610
bdaf8d46c8e5,TheViper,2026,3191.188,1,756,1805,22733,618
bdaf8d46c8e5,TheViper,2026,3197.688,1,858,1731,22743,593
bdaf8d46c8e5,TheViper,2026,3204.188,1,820,1580,22724,541
bdaf8d46c8e5,TheViper,2026,3210.688,1,861,1560,22791,535
bdaf8d46c8e5,TheViper,2026,3217.188,1,932,1533,22614,527
bdaf8d46c8e5,TheViper,2026,3223.688,1,785,1469,22143,499
bdaf8d46c8e5,TheViper,2026,3230.188,1,915,1435,21744,495
bdaf8d46c8e5,TheViper,2026,3236.688,1,860,1388,21287,480
bdaf8d46c8e5,TheViper,2026,3243.188,1,1139,1291,20268,448
bdaf8d46c8e5,TheViper,2026,3249.688,1,1159,1337,20312,462
bdaf8d46c8e5,TheViper,2026,3256.188,1,807,1340,20158,467
bdaf8d46c8e5,TheViper,2026,3262.688,1,659,1370,19955,480
bdaf8d46c8e5,TheViper,2026,3269.188,1,733,1355,19519,477
bdaf8d46c8e5,TheViper,2026,3275.688,1,826,1313,18785,466
bdaf8d46c8e5,TheViper,2026,3282.188,1,976,1272,18076,455
bdaf8d46c8e5,TheViper,2026,3288.688,1,1307,1240,17637,445
bdaf8d46c8e5,TheViper,2026,3295.188,1,996,1160,16817,421
bdaf8d46c8e5,TheViper,2026,3301.688,1,1312,1168,16249,424
bdaf8d46c8e5,TheViper,2026,3308.188,1,1278,1174,15686,426
bdaf8d46c8e5,TheViper,2026,3314.688,1,1191,1179,14983,428
bdaf8d46c8e5,TheViper,2026,3321.188,1,1363,1211,14266,442
bdaf8d46c8e5,TheViper,2026,3327.688,1,1441,1212,13624,441
bdaf8d46c8e5,TheViper,2026,3334.188,1,1540,1229,13058,446
bdaf8d46c8e5,TheViper,2026,3340.688,1,360,1205,12462,438
bdaf8d46c8e5,TheViper,2026,3347.188,1,560,1189,11706,434
bdaf8d46c8e5,TheViper,2026,3353.688,1,657,1167,11162,430
bdaf8d46c8e5,TheViper,2026,3360.188,1,699,1154,10511,432
bdaf8d46c8e5,TheViper,2026,3366.688,1,886,1179,10296,445
bdaf8d46c8e5,TheViper,2026,3373.188,1,1266,1156,9767,441
bdaf8d46c8e5,TheViper,2026,3379.688,1,1363,1090,9246,420
bdaf8d46c8e5,TheViper,2026,3386.188,1,1533,1103,8790,430
bdaf8d46c8e5,TheViper,2026,3392.688,1,1181,1093,8129,433
bdaf8d46c8e5,TheViper,2026,3399.188,1,1175,1071,7682,430
bdaf8d46c8e5,TheViper,2026,3405.688,1,1322,1021,7328,409
bdaf8d46c8e5,TheViper,2026,3412.188,1,1376,1022,6976,412
bdaf8d46c8e5,TheViper,2026,3418.688,1,1444,1033,6638,421
bdaf8d46c8e5,TheViper,2026,3425.188,1,1293,1213,7058,485
bdaf8d46c8e5,TheViper,2026,3431.688,1,1575,1347,7631,526
bdaf8d46c8e5,TheViper,2026,3438.188,1,1267,1057,7997,428
bdaf8d46c8e5,TheViper,2026,3444.688,1,1278,1107,8093,443
bdaf8d46c8e5,TheViper,2026,3451.188,1,1611,1170,8252,463
bdaf8d46c8e5,TheViper,2026,3457.688,1,1467,1054,8071,429
bdaf8d46c8e5,TheViper,2026,3464.188,1,1586,1025,7728,423
bdaf8d46c8e5,TheViper,2026,3470.688,1,1806,1006,7301,416
bdaf8d46c8e5,TheViper,2026,3477.188,1,1916,1054,7192,445
bdaf8d46c8e5,TheViper,2026,3483.688,1,2114,960,6901,408
bdaf8d46c8e5,TheViper,2026,3490.188,1,2415,929,6522,399
bdaf8d46c8e5,TheViper,2026,3496.688,1,2519,896,6083,391
bdaf8d46c8e5,TheViper,2026,3503.188,1,2198,885,5812,390
bdaf8d46c8e5,TheViper,2026,3509.688,1,2345,925,5747,417
bdaf8d46c8e5,TheViper,2026,3516.188,1,2490,937,6135,414
bdaf8d46c8e5,TheViper,2026,3522.688,1,2659,952,6318,419
bdaf8d46c8e5,TheViper,2026,3529.188,1,2712,921,6129,407
bdaf8d46c8e5,TheViper,2026,3535.688,1,2923,1303,6400,538
bdaf8d46c8e5,TheViper,2026,3542.188,1,2123,1189,6686,497
bdaf8d46c8e5,TheViper,2026,3548.688,1,2537,1156,6453,490
bdaf8d46c8e5,TheViper,2026,3555.188,1,2737,914,6249,409
bdaf8d46c8e5,TheViper,2026,3561.688,1,2905,1000,6600,438
bdaf8d46c8e5,TheViper,2026,3568.188,1,2533,1597,8143,641
bdaf8d46c8e5,TheViper,2026,3574.688,1,2776,975,8818,422
bdaf8d46c8e5,TheViper,2026,3581.188,1,2743,972,9159,421
bdaf8d46c8e5,TheViper,2026,3587.688,1,2509,1134,9748,478
bdaf8d46c8e5,TheViper,2026,3594.188,1,2088,1243,12210,499
bdaf8d46c8e5,TheViper,2026,3600.688,1,2526,1084,12404,445
bdaf8d46c8e5,TheViper,2026,3607.188,1,2187,1095,12908,450
bdaf8d46c8e5,TheViper,2026,3613.688,1,1734,1434,13729,563
bdaf8d46c8e5,TheViper,2026,3620.188,1,1902,1688,17074,633
bdaf8d46c8e5,TheViper,2026,3626.688,1,2051,1896,20443,692
bdaf8d46c8e5,TheViper,2026,3633.188,1,1806,1997,23496,711
bdaf8d46c8e5,TheViper,2026,3639.688,1,1580,1981,26578,697
bdaf8d46c8e5,TheViper,2026,3646.188,1,1749,1643,27350,575
bdaf8d46c8e5,TheViper,2026,3652.688,1,2082,1451,27160,517
bdaf8d46c8e5,TheViper,2026,3659.188,1,1954,1854,28677,648
bdaf8d46c8e5,TheViper,2026,3665.688,1,1932,1958,30325,679
bdaf8d46c8e5,TheViper,2026,3672.188,1,2231,1996,32000,685
bdaf8d46c8e5,TheViper,2026,3678.688,1,2236,1855,32542,632
bdaf8d46c8e5,TheViper,2026,3685.188,1,1867,1818,32971,620
bdaf8d46c8e5,TheViper,2026,3691.688,1,1905,1436,31997,493
bdaf8d46c8e5,TheViper,2026,3698.188,1,2021,1471,31836,503
bdaf8d46c8e5,TheViper,2026,3704.688,1,2337,1612,31470,554
bdaf8d46c8e5,TheViper,2026,3711.188,1,2262,1501,30385,501
bdaf8d46c8e5,TheViper,2026,3717.688,1,2450,1451,29652,501
bdaf8d46c8e5,TheViper,2026,3724.188,1,2317,1537,29037,528
bdaf8d46c8e5,TheViper,2026,3730.688,1,2604,1576,28420,543
bdaf8d46c8e5,TheViper,2026,3737.188,1,2628,1557,27535,541
bdaf8d46c8e5,TheViper,2026,3743.688,1,2651,1587,26964,554
bdaf8d46c8e5,TheViper,2026,3750.188,1,2754,1618,27030,564
bdaf8d46c8e5,TheViper,2026,3756.688,1,2928,1580,25202,556
bdaf8d46c8e5,TheViper,2026,3763.188,1,3017,1531,24375,540
bdaf8d46c8e5,TheViper,2026,3769.688,1,3245,1477,23469,521
bdaf8d46c8e5,TheViper,2026,3776.188,1,3437,1378,22549,488
bdaf8d46c8e5,TheViper,2026,3782.688,1,3618,1399,21753,496
bdaf8d46c8e5,TheViper,2026,3789.188,1,3816,1432,21126,506
bdaf8d46c8e5,TheViper,2026,3795.688,1,3642,1477,20485,528
bdaf8d46c8e5,TheViper,2026,3802.188,1,3335,1444,19329,514
bdaf8d46c8e5,TheViper,2026,3808.688,1,3609,1435,18372,509
bdaf8d46c8e5,TheViper,2026,3815.188,1,3534,1442,18208,510
bdaf8d46c8e5,TheViper,2026,3821.688,1,3207,1373,17274,490
bdaf8d46c8e5,TheViper,2026,3828.188,1,3376,1383,16333,495
bdaf8d46c8e5,TheViper,2026,3834.688,1,3463,1421,15399,514
bdaf8d46c8e5,TheViper,2026,3841.188,1,2813,1408,14694,502
bdaf8d46c8e5,TheViper,2026,3847.688,1,2801,1428,13961,510
bdaf8d46c8e5,TheViper,2026,3854.188,1,2247,1457,13046,522
bdaf8d46c8e5,TheViper,2026,3860.688,1,2063,1348,12142,486
bdaf8d46c8e5,TheViper,2026,3867.188,1,2256,1374,11444,499
bdaf8d46c8e5,TheViper,2026,3873.688,1,2550,1427,10965,520
bdaf8d46c8e5,TheViper,2026,3880.188,1,2162,1355,9994,495
bdaf8d46c8e5,TheViper,2026,3886.688,1,2387,1656,9801,591
bdaf8d46c8e5,TheViper,2026,3893.188,1,2556,1519,10258,548
bdaf8d46c8e5,TheViper,2026,3899.688,1,2625,1574,10007,569
bdaf8d46c8e5,TheViper,2026,3906.188,1,2196,1521,9855,552
bdaf8d46c8e5,TheViper,2026,3912.688,1,1969,1398,10124,507
bdaf8d46c8e5,TheViper,2026,3919.188,1,2003,1241,9462,460
bdaf8d46c8e5,TheViper,2026,3925.688,1,2236,1328,8993,495
bdaf8d46c8e5,TheViper,2026,3932.188,1,2468,1272,8649,485
bdaf8d46c8e5,TheViper,2026,3938.688,1,2718,1189,8174,464
bdaf8d46c8e5,TheViper,2026,3945.188,1,3028,1086,7862,436
bdaf8d46c8e5,TheViper,2026,3951.688,1,3236,1059,7849,427
bdaf8d46c8e5,TheViper,2026,3958.188,1,3357,1341,8339,525
bdaf8d46c8e5,TheViper,2026,3964.688,1,3548,979,7708,410
bdaf8d46c8e5,TheViper,2026,3971.188,1,3708,934,7266,402
bdaf8d46c8e5,TheViper,2026,3977.688,1,3700,950,7413,408
bdaf8d46c8e5,TheViper,2026,3984.188,1,3885,1008,7178,433
bdaf8d46c8e5,TheViper,2026,3990.688,1,4209,1149,6738,480
bdaf8d46c8e5,TheViper,2026,3997.188,1,4444,886,6436,394
bdaf8d46c8e5,TheViper,2026,4003.688,1,4643,863,6288,387
bdaf8d46c8e5,TheViper,2026,4010.188,1,4905,866,6229,387
bdaf8d46c8e5,TheViper,2026,4016.688,1,5238,895,5958,396
bdaf8d46c8e5,TheViper,2026,4023.188,1,5263,1049,6367,448
bdaf8d46c8e5,TheViper,2026,4029.688,1,5539,920,6007,406
bdaf8d46c8e5,TheViper,2026,4036.188,1,5729,926,5912,409
bdaf8d46c8e5,TheViper,2026,4042.688,1,5901,942,5998,417
bdaf8d46c8e5,TheViper,2026,4049.188,1,6128,917,6015,408
bdaf8d46c8e5,TheViper,2026,4055.688,1,6386,896,6680,398
bdaf8d46c8e5,TheViper,2026,4062.188,1,5630,1469,8508,582
bdaf8d46c8e5,TheViper,2026,4068.688,1,5584,1588,9852,624
bdaf8d46c8e5,TheViper,2026,4075.188,1,5755,1798,11647,687
bdaf8d46c8e5,TheViper,2026,4081.688,1,6008,1478,12970,572
bdaf8d46c8e5,TheViper,2026,4088.188,1,4820,1262,14294,497
bdaf8d46c8e5,TheViper,2026,4094.688,1,4908,1728,17136,646
bdaf8d46c8e5,TheViper,2026,4101.188,1,5198,1846,19294,678
bdaf8d46c8e5,TheViper,2026,4107.688,1,4607,1735,20099,610
bdaf8d46c8e5,TheViper,2026,4114.188,1,4796,1208,19852,460
bdaf8d46c8e5,TheViper,2026,4120.688,1,5147,1163,19418,444
bdaf8d46c8e5,TheViper,2026,4127.188,1,4522,1223,18781,469
bdaf8d46c8e5,TheViper,2026,4133.688,1,4676,1105,18695,429
bdaf8d46c8e5,TheViper,2026,4140.188,1,3433,1165,18033,453
bdaf8d46c8e5,TheViper,2026,4146.688,1,3532,1176,17530,459
bdaf8d46c8e5,TheViper,2026,4153.188,1,3699,1400,17687,534
bdaf8d46c8e5,TheViper,2026,4159.688,1,3848,1548,18951,577
bdaf8d46c8e5,TheViper,2026,4166.188,1,3905,1148,18551,444
bdaf8d46c8e5,TheViper,2026,4172.688,1,4268,1152,17754,444
bdaf8d46c8e5,TheViper,2026,4179.188,1,3958,1158,17210,448
bdaf8d46c8e5,TheViper,2026,4185.688,1,4110,1164,16298,455
bdaf8d46c8e5,TheViper,2026,4192.188,1,4313,1219,16008,473
bdaf8d46c8e5,TheViper,2026,4198.688,1,4428,1601,16599,599
bdaf8d46c8e5,TheViper,2026,4205.188,1,4708,1521,16879,570
bdaf8d46c8e5,TheViper,2026,4211.688,1,4675,1350,16490,517
bdaf8d46c8e5,TheViper,2026,4218.188,1,4904,1552,16974,582
bdaf8d46c8e5,TheViper,2026,4224.688,1,5275,2144,20028,768
bdaf8d46c8e5,TheViper,2026,4231.188,1,5396,2339,21968,821
bdaf8d46c8e5,TheViper,2026,4237.688,1,5389,1971,24217,692
bdaf8d46c8e5,TheViper,2026,4244.188,1,4441,1947,25550,683
bdaf8d46c8e5,TheViper,2026,4250.688,1,4648,1806,26919,625
bdaf8d46c8e5,TheViper,2026,4257.188,1,3356,1722,27582,601
bdaf8d46c8e5,TheViper,2026,4263.688,1,2385,1772,28568,612
bdaf8d46c8e5,TheViper,2026,4270.188,1,2634,1798,29436,620
bdaf8d46c8e5,TheViper,2026,4276.688,1,2946,1766,29455,606
bdaf8d46c8e5,TheViper,2026,4283.188,1,2684,1742,29636,594
bdaf8d46c8e5,TheViper,2026,4289.688,1,2936,1794,29760,613
bdaf8d46c8e5,TheViper,2026,4296.188,1,2648,1485,28530,511
bdaf8d46c8e5,TheViper,2026,4302.688,1,2198,1481,28098,509
bdaf8d46c8e5,TheViper,2026,4309.188,1,2449,1490,27053,516
bdaf8d46c8e5,TheViper,2026,4315.688,1,2639,1490,26267,515
bdaf8d46c8e5,TheViper,2026,4322.188,1,2805,1487,25345,515
bdaf8d46c8e5,TheViper,2026,4328.688,1,2411,1488,24177,518
bdaf8d46c8e5,TheViper,2026,4335.188,1,2646,1500,23153,522
bdaf8d46c8e5,TheViper,2026,4341.688,1,3024,1810,22314,624
bdaf8d46c8e5,TheViper,2026,4348.188,1,2854,1960,21381,674
bdaf8d46c8e5,TheViper,2026,4354.688,1,2688,1882,21078,649
bdaf8d46c8e5,TheViper,2026,4361.188,1,2816,1861,20292,644
bdaf8d46c8e5,TheViper,2026,4367.688,1,3066,1908,19384,664
bdaf8d46c8e5,TheViper,2026,4374.188,1,3194,1671,18675,586
bdaf8d46c8e5,TheViper,2026,4380.688,1,3529,1591,17886,566
bdaf8d46c8e5,TheViper,2026,4387.188,1,3800,1581,16848,569
bdaf8d46c8e5,TheViper,2026,4393.688,1,4207,1587,16134,573
bdaf8d46c8e5,TheViper,2026,4400.188,1,4440,1647,15734,600
bdaf8d46c8e5,TheViper,2026,4406.688,1,3657,1965,16808,704
bdaf8d46c8e5,TheViper,2026,4413.188,1,3673,1933,19407,689
hc4_tatoh_vs_hera,TaToH,2021,17.209,1,450,26,400,15
hc4_tatoh_vs_hera,TaToH,2021,31.209,1,450,30,300,15
hc4_tatoh_vs_hera,TaToH,2021,45.209,1,450,30,315,15
hc4_tatoh_vs_hera,TaToH,2021,59.209,1,460,32,326,16
hc4_tatoh_vs_hera,TaToH,2021,73.209,1,490,32,317,16
hc4_tatoh_vs_hera,TaToH,2021,87.209,1,536,34,300,17
hc4_tatoh_vs_hera,TaToH,2021,101.209,1,486,34,222,17
hc4_tatoh_vs_hera,TaToH,2021,115.209,1,486,34,251,17
hc4_tatoh_vs_hera,TaToH,2021,129.209,1,506,40,417,20
hc4_tatoh_vs_hera,TaToH,2021,143.209,1,385,38,314,20
hc4_tatoh_vs_hera,TaToH,2021,157.209,1,385,40,343,21
hc4_tatoh_vs_hera,TaToH,2021,171.209,1,385,40,321,21
hc4_tatoh_vs_hera,TaToH,2021,185.209,1,381,42,207,21
hc4_tatoh_vs_hera,TaToH,2021,199.209,1,391,42,240,21
hc4_tatoh_vs_hera,TaToH,2021,213.209,1,411,44,270,22
hc4_tatoh_vs_hera,TaToH,2021,227.209,1,446,46,233,23
hc4_tatoh_vs_hera,TaToH,2021,241.209,1,417,46,229,24
hc4_tatoh_vs_hera,TaToH,2021,255.209,1,457,48,253,25
hc4_tatoh_vs_hera,TaToH,2021,269.554,1,446,50,257,26
hc4_tatoh_vs_hera,TaToH,2021,283.554,1,473,52,246,27
hc4_tatoh_vs_hera,TaToH,2021,297.554,1,385,54,294,32
hc4_tatoh_vs_hera,TaToH,2021,311.744,1,409,58,289,33
hc4_tatoh_vs_hera,TaToH,2021,325.744,1,439,64,327,33
hc4_tatoh_vs_hera,TaToH,2021,339.744,1,486,72,475,38
hc4_tatoh_vs_hera,TaToH,2021,353.744,1,482,76,482,47
hc4_tatoh_vs_hera,TaToH,2021,367.744,1,596,78,427,47
hc4_tatoh_vs_hera,TaToH,2021,381.744,1,552,88,498,50
hc4_tatoh_vs_hera,TaToH,2021,395.744,1,598,92,530,50
hc4_tatoh_vs_hera,TaToH,2021,409.744,1,618,98,591,51
hc4_tatoh_vs_hera,TaToH,2021,423.744,1,439,102,628,54
hc4_tatoh_vs_hera,TaToH,2021,437.899,1,442,108,683,57
hc4_tatoh_vs_hera,TaToH,2021,451.899,1,730,112,327,63
hc4_tatoh_vs_hera,TaToH,2021,465.899,1,737,114,366,64
hc4_tatoh_vs_hera,TaToH,2021,479.899,1,562,122,382,66
hc4_tatoh_vs_hera,TaToH,2021,493.899,1,635,128,240,65
hc4_tatoh_vs_hera,TaToH,2021,507.899,1,545,132,296,68
hc4_tatoh_vs_hera,TaToH,2021,521.899,1,497,136,330,70
hc4_tatoh_vs_hera,TaToH,2021,536.054,1,593,140,170,71
hc4_tatoh_vs_hera,TaToH,2021,550.054,1,543,144,221,73
hc4_tatoh_vs_hera,TaToH,2021,564.054,1,623,148,190,74
hc4_tatoh_vs_hera,TaToH,2021,578.054,1,688,148,88,75
hc4_tatoh_vs_hera,TaToH,2021,592.209,1,708,150,116,76
hc4_tatoh_vs_hera,TaToH,2021,606.464,1,769,154,125,77
hc4_tatoh_vs_hera,TaToH,2021,620.584,1,904,154,129,77
hc4_tatoh_vs_hera,TaToH,2021,634.584,1,984,156,106,78
hc4_tatoh_vs_hera,TaToH,2021,648.739,1,888,156,190,80
hc4_tatoh_vs_hera,TaToH,2021,662.739,1,898,160,210,83
hc4_tatoh_vs_hera,TaToH,2021,676.739,1,962,166,106,84
hc4_tatoh_vs_hera,TaToH,2021,690.739,1,472,168,193,85
hc4_tatoh_vs_hera,TaToH,2021,704.864,1,631,168,179,85
hc4_tatoh_vs_hera,TaToH,2021,718.864,1,699,170,208,86
hc4_tatoh_vs_hera,TaToH,2021,732.864,1,689,172,795,87
hc4_tatoh_vs_hera,TaToH,2021,746.864,1,819,172,821,87
hc4_tatoh_vs_hera,TaToH,2021,760.864,1,957,172,827,87
hc4_tatoh_vs_hera,TaToH,2021,774.864,1,1077,172,865,87
hc4_tatoh_vs_hera,TaToH,2021,788.864,1,1242,177,1128,87
hc4_tatoh_vs_hera,TaToH,2021,802.864,1,1352,177,1158,87
hc4_tatoh_vs_hera,TaToH,2021,816.864,1,1482,177,1103,87
hc4_tatoh_vs_hera,TaToH,2021,830.864,1,1623,177,1095,87
hc4_tatoh_vs_hera,TaToH,2021,844.989,1,1210,177,1109,89
hc4_tatoh_vs_hera,TaToH,2021,858.989,1,1335,177,1074,90
hc4_tatoh_vs_hera,TaToH,2021,872.989,1,1460,179,1066,91
hc4_tatoh_vs_hera,TaToH,2021,886.989,1,1570,183,1086,92
hc4_tatoh_vs_hera,TaToH,2021,901.364,1,520,187,1067,92
hc4_tatoh_vs_hera,TaToH,2021,915.364,1,640,214,1406,100
hc4_tatoh_vs_hera,TaToH,2021,929.364,1,505,196,2284,94
hc4_tatoh_vs_hera,TaToH,2021,943.364,1,546,196,2208,94
hc4_tatoh_vs_hera,TaToH,2021,957.364,1,681,198,2168,95
hc4_tatoh_vs_hera,TaToH,2021,971.364,1,804,200,2125,96
hc4_tatoh_vs_hera,TaToH,2021,985.364,1,976,207,2043,96
hc4_tatoh_vs_hera,TaToH,2021,999.364,1,986,199,2008,95
hc4_tatoh_vs_hera,TaToH,2021,1013.364,1,1161,204,2108,96
hc4_tatoh_vs_hera,TaToH,2021,1027.364,1,1131,204,2065,96
hc4_tatoh_vs_hera,TaToH,2021,1041.364,1,1311,216,1957,100
hc4_tatoh_vs_hera,TaToH,2021,1055.364,1,899,232,2106,104
hc4_tatoh_vs_hera,TaToH,2021,1069.364,1,675,215,2447,98
hc4_tatoh_vs_hera,TaToH,2021,1083.364,1,370,217,2354,100
hc4_tatoh_vs_hera,TaToH,2021,1097.364,1,306,210,2255,99
hc4_tatoh_vs_hera,TaToH,2021,1111.364,1,396,212,2209,100
hc4_tatoh_vs_hera,TaToH,2021,1125.364,1,401,240,2131,109
hc4_tatoh_vs_hera,TaToH,2021,1139.364,1,501,281,2375,122
hc4_tatoh_vs_hera,TaToH,2021,1153.364,1,445,234,2462,106
hc4_tatoh_vs_hera,TaToH,2021,1167.364,1,458,272,2582,119
hc4_tatoh_vs_hera,TaToH,2021,1181.364,1,268,244,2320,113
hc4_tatoh_vs_hera,TaToH,2021,1195.364,1,348,247,2188,115
hc4_tatoh_vs_hera,TaToH,2021,1209.364,1,465,256,2260,117
hc4_tatoh_vs_hera,TaToH,2021,1223.364,1,511,279,2340,127
hc4_tatoh_vs_hera,TaToH,2021,1237.364,1,561,249,2280,119
hc4_tatoh_vs_hera,TaToH,2021,1251.364,1,526,255,2232,123
hc4_tatoh_vs_hera,TaToH,2021,1265.364,1,664,293,2467,134
hc4_tatoh_vs_hera,TaToH,2021,1279.364,1,639,271,2578,129
hc4_tatoh_vs_hera,TaToH,2021,1293.364,1,806,277,2447,129
hc4_tatoh_vs_hera,TaToH,2021,1307.364,1,646,291,2252,135
hc4_tatoh_vs_hera,TaToH,2021,1321.364,1,864,299,2280,138
hc4_tatoh_vs_hera,TaToH,2021,1335.364,1,844,327,2110,149
hc4_tatoh_vs_hera,TaToH,2021,1349.364,1,671,323,1994,148
hc4_tatoh_vs_hera,TaToH,2021,1363.364,1,720,284,1870,136
hc4_tatoh_vs_hera,TaToH,2021,1377.364,1,830,289,1970,138
hc4_tatoh_vs_hera,TaToH,2021,1391.364,1,770,292,1851,144
hc4_tatoh_vs_hera,TaToH,2021,1405.364,1,943,372,1916,170
hc4_tatoh_vs_hera,TaToH,2021,1419.364,1,863,321,2130,152
hc4_tatoh_vs_hera,TaToH,2021,1433.364,1,997,361,2221,165
hc4_tatoh_vs_hera,TaToH,2021,1447.364,1,773,294,2048,147
hc4_tatoh_vs_hera,TaToH,2021,1461.364,1,833,309,2031,152
hc4_tatoh_vs_hera,TaToH,2021,1475.364,1,1072,334,2017,159
hc4_tatoh_vs_hera,TaToH,2021,1489.364,1,1090,302,2038,151
hc4_tatoh_vs_hera,TaToH,2021,1503.364,1,970,314,2329,154
hc4_tatoh_vs_hera,TaToH,2021,1517.364,1,860,313,2168,157
hc4_tatoh_vs_hera,TaToH,2021,1531.364,1,640,313,2011,156
hc4_tatoh_vs_hera,TaToH,2021,1545.364,1,622,318,2021,157
hc4_tatoh_vs_hera,TaToH,2021,1559.364,1,752,317,2047,160
hc4_tatoh_vs_hera,TaToH,2021,1573.364,1,988,330,1937,163
hc4_tatoh_vs_hera,TaToH,2021,1587.364,1,920,323,1986,162
hc4_tatoh_vs_hera,TaToH,2021,1601.364,1,853,339,1946,170
hc4_tatoh_vs_hera,TaToH,2021,1615.364,1,950,342,1881,170
hc4_tatoh_vs_hera,TaToH,2021,1629.364,1,1145,348,2012,172
hc4_tatoh_vs_hera,TaToH,2021,1643.364,1,803,355,2136,181
hc4_tatoh_vs_hera,TaToH,2021,1657.364,1,1186,359,1967,182
hc4_tatoh_vs_hera,TaToH,2021,1671.364,1,1266,382,2025,187
hc4_tatoh_vs_hera,TaToH,2021,1685.364,1,1561,371,2050,186
hc4_tatoh_vs_hera,TaToH,2021,1699.364,1,2026,448,2002,212
hc4_tatoh_vs_hera,TaToH,2021,1713.364,1,1461,401,2091,200
hc4_tatoh_vs_hera,TaToH,2021,1727.364,1,1528,388,2003,198
hc4_tatoh_vs_hera,TaToH,2021,1741.364,1,1231,398,2092,202
hc4_tatoh_vs_hera,TaToH,2021,1755.364,1,1391,410,2013,211
hc4_tatoh_vs_hera,TaToH,2021,1769.364,1,1784,471,2112,228
hc4_tatoh_vs_hera,TaToH,2021,1783.364,1,2145,447,2113,220
hc4_tatoh_vs_hera,TaToH,2021,1797.364,1,1547,422,2172,212
hc4_tatoh_vs_hera,TaToH,2021,1811.364,1,1640,549,3007,255
hc4_tatoh_vs_hera,TaToH,2021,1825.364,1,1701,473,3049,230
hc4_tatoh_vs_hera,TaToH,2021,1839.364,1,2015,534,3119,250
hc4_tatoh_vs_hera,TaToH,2021,1853.364,1,1369,575,3166,268
hc4_tatoh_vs_hera,TaToH,2021,1867.519,1,1869,565,3203,264
hc4_tatoh_vs_hera,TaToH,2021,1881.519,1,1689,565,3064,273
hc4_tatoh_vs_hera,TaToH,2021,1895.644,1,1874,508,3300,252
hc4_tatoh_vs_hera,TaToH,2021,1909.644,1,1995,541,3318,259
hc4_tatoh_vs_hera,TaToH,2021,1923.644,1,1842,565,3973,265
hc4_tatoh_vs_hera,TaToH,2021,1937.644,1,2117,547,3906,259
hc4_tatoh_vs_hera,TaToH,2021,1951.644,1,2586,545,3613,261
hc4_tatoh_vs_hera,TaToH,2021,1965.644,1,1014,567,3672,268
hc4_tatoh_vs_hera,TaToH,2021,1979.644,1,868,581,3777,274
hc4_tatoh_vs_hera,TaToH,2021,1993.644,1,829,585,3830,275
hc4_tatoh_vs_hera,TaToH,2021,2007.644,1,882,576,3738,277
hc4_tatoh_vs_hera,TaToH,2021,2021.644,1,1168,576,3622,275
hc4_tatoh_vs_hera,TaToH,2021,2035.644,1,1357,602,3607,286
hc4_tatoh_vs_hera,TaToH,2021,2049.959,1,2090,614,3685,287
hc4_tatoh_vs_hera,TaToH,2021,2063.959,1,1978,619,3293,292
hc4_tatoh_vs_hera,TaToH,2021,2077.959,1,1829,687,4181,310
hc4_tatoh_vs_hera,TaToH,2021,2091.959,1,2234,643,4401,296
hc4_tatoh_vs_hera,TaToH,2021,2105.959,1,2687,630,4656,292
hc4_tatoh_vs_hera,TaToH,2021,2119.959,1,2941,577,4082,278
hc4_tatoh_vs_hera,TaToH,2021,2133.959,1,3281,646,4209,301
hc4_tatoh_vs_hera,TaToH,2021,2147.959,1,3708,667,4075,307
hc4_tatoh_vs_hera,TaToH,2021,2161.959,1,1497,597,4460,286
hc4_tatoh_vs_hera,TaToH,2021,2175.959,1,641,666,5318,313
hc4_tatoh_vs_hera,TaToH,2021,2189.959,1,1099,759,5303,345
hc4_tatoh_vs_hera,TaToH,2021,2203.959,1,1097,707,5258,328
hc4_tatoh_vs_hera,TaToH,2021,2217.959,1,1184,711,5232,334
hc4_tatoh_vs_hera,TaToH,2021,2231.959,1,1401,699,5015,330
hc4_tatoh_vs_hera,TaToH,2021,2245.959,1,1682,710,5123,331
hc4_tatoh_vs_hera,TaToH,2021,2259.959,1,1567,652,5194,319
hc4_tatoh_vs_hera,TaToH,2021,2273.959,1,1834,724,4978,347
hc4_tatoh_vs_hera,TaToH,2021,2287.959,1,1786,701,5021,343
hc4_tatoh_vs_hera,TaToH,2021,2301.959,1,2397,706,5033,344
hc4_tatoh_vs_hera,TaToH,2021,2315.959,1,2822,770,5309,364
hc4_tatoh_vs_hera,TaToH,2021,2329.959,1,3097,718,5925,349
hc4_tatoh_vs_hera,TaToH,2021,2343.959,1,2683,797,5946,375
hc4_tatoh_vs_hera,TaToH,2021,2357.959,1,2895,842,6005,395
hc4_tatoh_vs_hera,TaToH,2021,2371.959,1,2940,900,6046,414
hc4_tatoh_vs_hera,TaToH,2021,2385.959,1,3186,848,5767,399
hc4_tatoh_vs_hera,TaToH,2021,2399.959,1,3362,853,5930,402
hc4_tatoh_vs_hera,TaToH,2021,2413.959,1,3811,867,5741,406
hc4_tatoh_vs_hera,TaToH,2021,2427.959,1,3771,910,6981,415
hc4_tatoh_vs_hera,TaToH,2021,2441.959,1,5439,921,8632,411
hc4_tatoh_vs_hera,TaToH,2021,2455.959,1,5276,922,9842,410
hc4_tatoh_vs_hera,TaToH,2021,2469.959,1,4894,1003,10647,436
hc4_tatoh_vs_hera,TaToH,2021,2483.959,1,5167,879,10104,397
hc4_tatoh_vs_hera,TaToH,2021,2497.959,1,5229,930,9125,416
hc4_tatoh_vs_hera,TaToH,2021,2511.959,1,5195,926,9280,412
hc4_tatoh_vs_hera,TaToH,2021,2525.959,1,5967,965,10321,421
hc4_tatoh_vs_hera,TaToH,2021,2539.959,1,6118,1114,10411,472
hc4_tatoh_vs_hera,TaToH,2021,2553.959,1,6024,1135,11072,477
hc4_tatoh_vs_hera,TaToH,2021,2567.959,1,5797,1068,12378,450
hc4_tatoh_vs_hera,TaToH,2021,2581.959,1,6429,1083,12529,451
hc4_tatoh_vs_hera,TaToH,2021,2595.959,1,7080,1118,13463,460
hc4_tatoh_vs_hera,TaToH,2021,2609.959,1,6855,1064,16523,433
hc4_tatoh_vs_hera,TaToH,2021,2623.959,1,6773,1127,17094,448
hc4_tatoh_vs_hera,TaToH,2021,2637.959,1,6835,1086,16147,440
hc4_tatoh_vs_hera,TaToH,2021,2651.959,1,6804,1120,15480,455
hc4_tatoh_vs_hera,TaToH,2021,2665.959,1,6540,1119,14783,457
hc4_tatoh_vs_hera,TaToH,2021,2679.959,1,7166,1111,14252,452
hc4_tatoh_vs_hera,TaToH,2021,2693.959,1,7578,1157,15335,462
hc4_tatoh_vs_hera,TaToH,2021,2707.959,1,8311,1203,15843,475
hc4_tatoh_vs_hera,TaToH,2021,2721.959,1,8733,1214,15280,478
hc4_tatoh_vs_hera,TaToH,2021,2735.959,1,9349,1105,14514,446
hc4_tatoh_vs_hera,TaToH,2021,2749.959,1,9030,1116,15225,450
hc4_tatoh_vs_hera,TaToH,2021,2763.959,1,9352,1105,14149,448
hc4_tatoh_vs_hera,TaToH,2021,2777.959,1,8654,1136,13512,460
hc4_tatoh_vs_hera,TaToH,2021,2791.959,1,9225,1068,12138,440
hc4_tatoh_vs_hera,TaToH,2021,2805.959,1,9567,1137,12600,460
hc4_tatoh_vs_hera,TaToH,2021,2819.959,1,9954,1098,11695,445
hc4_tatoh_vs_hera,TaToH,2021,2833.959,1,10122,1090,11095,447
hc4_tatoh_vs_hera,TaToH,2021,2847.959,1,10451,1035,11472,428
hc4_tatoh_vs_hera,TaToH,2021,2861.959,1,10511,1137,12984,464
hc4_tatoh_vs_hera,TaToH,2021,2875.959,1,10901,1243,13033,496
hc4_tatoh_vs_hera,TaToH,2021,2889.959,1,11681,1224,15824,481
hc4_tatoh_vs_hera,TaToH,2021,2903.959,1,10947,1239,20215,472
hc4_tatoh_vs_hera,TaToH,2021,2917.959,1,10708,1237,20043,478
hc4_tatoh_vs_hera,TaToH,2021,2931.959,1,10200,1181,19207,459
hc4_tatoh_vs_hera,TaToH,2021,2945.959,1,8607,1095,18480,432
hc4_tatoh_vs_hera,TaToH,2021,2959.959,1,7962,1184,17376,473
hc4_tatoh_vs_hera,TaToH,2021,2973.959,1,7168,1240,16644,495
hc4_tatoh_vs_hera,TaToH,2021,2987.959,1,7761,1272,16255,509
hc4_tatoh_vs_hera,TaToH,2021,3001.959,1,7384,1348,15972,534
hc4_tatoh_vs_hera,TaToH,2021,3015.959,1,8029,1342,15542,528
hc4_tatoh_vs_hera,TaToH,2021,3029.959,1,8734,1285,16227,505
hc4_tatoh_vs_hera,TaToH,2021,3043.959,1,8108,1266,16375,497
hc4_tatoh_vs_hera,TaToH,2021,3057.959,1,8286,1238,17230,485
hc4_tatoh_vs_hera,TaToH,2021,3071.959,1,8385,1212,16233,476
hc4_tatoh_vs_hera,TaToH,2021,3085.959,1,8722,1289,16436,499
hc4_tatoh_vs_hera,TaToH,2021,3099.959,1,9201,1252,16756,484
hc4_tatoh_vs_hera,TaToH,2021,3113.959,1,9388,1255,16528,484
hc4_tatoh_vs_hera,TaToH,2021,3127.959,1,7682,1329,15787,506
hc4_tatoh_vs_hera,TaToH,2021,3141.959,1,7615,1376,15746,516
hc4_tatoh_vs_hera,TaToH,2021,3155.959,1,8018,1350,19390,501
hc4_tatoh_vs_hera,TaToH,2021,3169.959,1,8639,1421,19626,519
hc4_tatoh_vs_hera,TaToH,2021,3183.959,1,8705,1307,20533,482
hc4_tatoh_vs_hera,TaToH,2021,3197.959,1,6818,1300,22891,484
hc4_tatoh_vs_hera,TaToH,2021,3211.959,1,6467,1284,22708,484
hc4_tatoh_vs_hera,TaToH,2021,3226.239,1,7125,1296,24205,481
hc4_tatoh_vs_hera,TaToH,2021,3240.239,1,6540,1238,26189,461
hc4_tatoh_vs_hera,TaToH,2021,3254.239,1,5027,1266,25310,471
hc4_tatoh_vs_hera,TaToH,2021,3268.239,1,5409,1242,24690,465
hc4_tatoh_vs_hera,TaToH,2021,3282.239,1,5002,1257,23101,473
hc4_tatoh_vs_hera,TaToH,2021,3296.239,1,4852,1257,21667,471
hc4_tatoh_vs_hera,TaToH,2021,3310.239,1,5534,1257,19359,480
hc4_tatoh_vs_hera,TaToH,2021,3324.239,1,5460,1293,19115,492
hc4_tatoh_vs_hera,TaToH,2021,3338.239,1,6009,1249,17884,479
hc4_tatoh_vs_hera,TaToH,2021,3352.239,1,5811,1268,16848,488
hc4_tatoh_vs_hera,TaToH,2021,3366.239,1,4796,1199,16607,467
hc4_tatoh_vs_hera,TaToH,2021,3380.239,1,4391,1271,17166,492
hc4_tatoh_vs_hera,TaToH,2021,3394.239,1,4095,1294,19883,490
hc4_tatoh_vs_hera,TaToH,2021,3408.239,1,4135,1305,19298,496
hc4_tatoh_vs_hera,TaToH,2021,3422.239,1,4417,1316,17713,501
hc4_tatoh_vs_hera,TaToH,2021,3436.239,1,4586,1371,16432,522
hc4_tatoh_vs_hera,TaToH,2021,3450.239,1,4820,1281,17383,499
hc4_tatoh_vs_hera,TaToH,2021,3464.239,1,4985,1274,16743,500
hc4_tatoh_vs_hera,TaToH,2021,3478.239,1,5350,1326,15964,520
hc4_tatoh_vs_hera,TaToH,2021,3492.239,1,5054,1337,14694,529
hc4_tatoh_vs_hera,TaToH,2021,3506.239,1,5235,1146,13571,469
hc4_tatoh_vs_hera,TaToH,2021,3520.239,1,2887,1178,15193,481
hc4_tatoh_vs_hera,TaToH,2021,3534.239,1,3560,1170,15978,479
hc4_tatoh_vs_hera,TaToH,2021,3548.239,1,3416,1076,15817,451
hc4_tatoh_vs_hera,TaToH,2021,3562.239,1,2038,1058,15534,447
hc4_tatoh_vs_hera,TaToH,2021,3576.239,1,2219,1568,20057,598
hc4_tatoh_vs_hera,TaToH,2021,3590.239,1,2738,1422,21734,543
hc4_tatoh_vs_hera,TaToH,2021,3604.239,1,765,1333,20661,515
hc4_tatoh_vs_hera,TaToH,2021,3618.239,1,946,1209,19953,475
hc4_tatoh_vs_hera,TaToH,2021,3632.239,1,1039,1459,21154,554
hc4_tatoh_vs_hera,TaToH,2021,3646.239,1,398,1361,20404,526
hc4_tatoh_vs_hera,TaToH,2021,3660.239,1,524,1263,19275,499
hc4_tatoh_vs_hera,TaToH,2021,3674.239,1,1025,1496,18645,577
hc4_tatoh_vs_hera,TaToH,2021,3688.239,1,1484,1323,20855,517
hc4_tatoh_vs_hera,TaToH,2021,3702.239,1,1599,1297,22382,504
hc4_tatoh_vs_hera,TaToH,2021,3716.239,1,428,1285,24033,494
hc4_tatoh_vs_hera,TaToH,2021,3730.239,1,929,1419,24437,536
hc4_tatoh_vs_hera,TaToH,2021,3744.394,1,948,1398,23847,531
hc4_tatoh_vs_hera,TaToH,2021,3758.394,1,960,1460,25832,543
hc4_tatoh_vs_hera,TaToH,2021,3772.394,1,1045,1541,26839,568
hc4_tatoh_vs_hera,TaToH,2021,3786.394,1,1393,1578,29200,566
hc4_tatoh_vs_hera,TaToH,2021,3800.394,1,2099,1622,30730,570
hc4_tatoh_vs_hera,TaToH,2021,3814.394,1,1114,1721,32968,595
hc4_tatoh_vs_hera,TaToH,2021,3828.394,1,1717,1671,33337,583
hc4_tatoh_vs_hera,TaToH,2021,3842.394,1,1140,1753,31546,610
hc4_tatoh_vs_hera,TaToH,2021,3856.394,1,1363,1629,29780,564
hc4_tatoh_vs_hera,TaToH,2021,3870.394,1,1668,1675,27799,590
hc4_tatoh_vs_hera,TaToH,2021,3884.394,1,1619,1646,25686,592
hc4_tatoh_vs_hera,TaToH,2021,3898.394,1,1779,1669,24749,600
hc4_tatoh_vs_hera,TaToH,2021,3912.394,1,2305,1601,22178,574
hc4_tatoh_vs_hera,TaToH,2021,3926.394,1,1289,1640,20504,597
hc4_tatoh_vs_hera,TaToH,2021,3940.394,1,1781,1612,19471,584
hc4_tatoh_vs_hera,TaToH,2021,3954.394,1,1785,1693,19123,612
hc4_tatoh_vs_hera,TaToH,2021,3968.394,1,1810,1654,17332,600
hc4_tatoh_vs_hera,TaToH,2021,3982.614,1,1831,1647,15290,601
hc4_tatoh_vs_hera,TaToH,2021,3996.614,1,2056,1622,13631,606
hc4_tatoh_vs_hera,TaToH,2021,4010.614,1,2899,1599,13388,599
hc4_tatoh_vs_hera,TaToH,2021,4024.614,1,3422,1659,13195,618
hc4_tatoh_vs_hera,TaToH,2021,4038.614,1,3610,1619,12459,604
hc4_tatoh_vs_hera,TaToH,2021,4052.614,1,3412,1552,12393,587
hc4_tatoh_vs_hera,TaToH,2021,4066.614,1,4118,1664,12643,619
hc4_tatoh_vs_hera,TaToH,2021,4080.614,1,2355,1535,15392,577
hc4_tatoh_vs_hera,TaToH,2021,4094.614,1,2913,1488,14022,567
hc4_tatoh_vs_hera,TaToH,2021,4108.614,1,3051,1463,15016,560
hc4_tatoh_vs_hera,TaToH,2021,4122.614,1,3845,1392,15953,538
hc4_tatoh_vs_hera,TaToH,2021,4136.614,1,3713,1271,16770,501
hc4_tatoh_vs_hera,TaToH,2021,4150.614,1,2146,1342,17254,519
hc4_tatoh_vs_hera,TaToH,2021,4164.614,1,2666,1342,17091,520
lobby_509105894,TaToH,2026,8.866,1,950,326,15,164
lobby_509105894,TaToH,2026,15.366,1,950,326,27,164
lobby_509105894,TaToH,2026,21.866,1,850,326,39,165
lobby_509105894,TaToH,2026,28.366,1,750,328,50,166
lobby_509105894,TaToH,2026,34.866,1,750,328,63,166
lobby_509105894,TaToH,2026,41.366,1,790,330,41,166
lobby_509105894,TaToH,2026,47.866,1,790,332,58,166
lobby_509105894,TaToH,2026,54.366,1,750,334,67,167
lobby_509105894,TaToH,2026,60.866,1,750,334,90,167
lobby_509105894,TaToH,2026,67.366,1,791,334,76,167
lobby_509105894,TaToH,2026,73.866,1,761,334,87,167
lobby_509105894,TaToH,2026,80.366,1,791,336,91,168
lobby_509105894,TaToH,2026,86.866,1,791,336,131,168
lobby_509105894,TaToH,2026,93.366,1,741,336,165,168
lobby_509105894,TaToH,2026,99.866,1,751,336,185,168
lobby_509105894,TaToH,2026,106.366,1,781,338,186,169
lobby_509105894,TaToH,2026,112.866,1,791,338,212,169
lobby_509105894,TaToH,2026,119.366,1,905,338,120,169
lobby_509105894,TaToH,2026,125.866,1,905,338,144,169
lobby_509105894,TaToH,2026,132.366,1,875,340,160,170
lobby_509105894,TaToH,2026,138.866,1,895,340,177,170
lobby_509105894,TaToH,2026,145.366,1,905,340,203,170
lobby_509105894,TaToH,2026,151.866,1,905,342,241,171
lobby_509105894,TaToH,2026,158.366,1,825,342,258,172
lobby_509105894,TaToH,2026,164.866,1,890,342,229,172
lobby_509105894,TaToH,2026,171.366,1,1058,342,100,172
lobby_509105894,TaToH,2026,177.866,1,1008,344,135,173
lobby_509105894,TaToH,2026,184.366,1,1028,344,149,173
lobby_509105894,TaToH,2026,190.866,1,1048,344,167,173
lobby_509105894,TaToH,2026,197.366,1,1068,346,187,173
lobby_509105894,TaToH,2026,203.866,1,1068,348,225,174
lobby_509105894,TaToH,2026,210.366,1,1018,348,272,175
lobby_509105894,TaToH,2026,216.866,1,998,348,280,175
lobby_509105894,TaToH,2026,223.366,1,938,348,333,176
lobby_509105894,TaToH,2026,229.866,1,992,352,307,177
lobby_509105894,TaToH,2026,236.366,1,967,354,307,178
lobby_509105894,TaToH,2026,242.866,1,477,354,339,178
lobby_509105894,TaToH,2026,249.366,1,522,356,322,178
lobby_509105894,TaToH,2026,255.866,1,662,358,230,179
lobby_509105894,TaToH,2026,262.366,1,781,358,152,179
lobby_509105894,TaToH,2026,268.866,1,821,358,142,179
lobby_509105894,TaToH,2026,275.366,1,861,358,143,179
lobby_509105894,TaToH,2026,281.866,1,871,358,179,179
lobby_509105894,TaToH,2026,288.366,1,916,360,183,180
lobby_509105894,TaToH,2026,294.866,1,976,361,224,179
lobby_509105894,TaToH,2026,301.366,1,1046,363,409,179
lobby_509105894,TaToH,2026,307.866,1,1056,363,413,179
lobby_509105894,TaToH,2026,314.366,1,1086,363,395,179
lobby_509105894,TaToH,2026,320.866,1,1139,363,359,179
lobby_509105894,TaToH,2026,327.366,1,1229,363,277,179
lobby_509105894,TaToH,2026,333.866,1,1189,363,280,179
lobby_509105894,TaToH,2026,340.366,1,1219,363,264,179
lobby_509105894,TaToH,2026,346.866,1,1239,363,258,179
lobby_509105894,TaToH,2026,353.366,1,1329,363,182,179
lobby_509105894,TaToH,2026,359.866,1,1389,348,151,174
lobby_509105894,TaToH,2026,366.366,1,1389,348,195,174
lobby_509105894,TaToH,2026,372.866,1,1429,348,201,174
lobby_509105894,TaToH,2026,379.366,1,1469,350,310,174
lobby_509105894,TaToH,2026,385.866,1,1404,350,273,176
lobby_509105894,TaToH,2026,392.366,1,1244,360,480,176
lobby_509105894,TaToH,2026,398.866,1,1284,357,616,176
lobby_509105894,TaToH,2026,405.366,1,1294,361,709,176
lobby_509105894,TaToH,2026,411.866,1,1354,370,1116,177
lobby_509105894,TaToH,2026,418.366,1,1411,370,969,177
lobby_509105894,TaToH,2026,424.866,1,1441,372,850,177
lobby_509105894,TaToH,2026,431.366,1,1464,376,736,178
lobby_509105894,TaToH,2026,437.866,1,514,370,602,176
lobby_509105894,TaToH,2026,444.366,1,544,379,899,176
lobby_509105894,TaToH,2026,450.866,1,564,366,837,172
lobby_509105894,TaToH,2026,457.366,1,614,372,706,174
lobby_509105894,TaToH,2026,463.866,1,704,369,538,173
lobby_509105894,TaToH,2026,470.366,1,594,324,441,158
lobby_509105894,TaToH,2026,476.866,1,614,324,417,158
lobby_509105894,TaToH,2026,483.366,1,658,324,371,158
lobby_509105894,TaToH,2026,489.866,1,711,324,312,158
lobby_509105894,TaToH,2026,496.366,1,761,324,259,158
lobby_509105894,TaToH,2026,502.866,1,831,312,186,154
lobby_509105894,TaToH,2026,509.366,1,861,300,201,150
lobby_509105894,TaToH,2026,515.866,1,881,300,240,150
lobby_509105894,TaToH,2026,522.366,1,951,300,225,150
lobby_509105894,TaToH,2026,528.866,1,1048,300,176,150
lobby_509105894,TaToH,2026,535.366,1,1068,300,207,150
lobby_509105894,TaToH,2026,541.866,1,1098,300,225,150
lobby_509105894,TaToH,2026,548.366,1,1148,300,232,150
lobby_509105894,TaToH,2026,554.866,1,1218,300,209,150
lobby_509105894,TaToH,2026,561.366,1,1278,300,203,150
lobby_509105894,TaToH,2026,567.866,1,1336,300,199,150
lobby_509105894,TaToH,2026,574.366,1,1386,300,189,150
lobby_509105894,TaToH,2026,580.866,1,1390,300,176,150
lobby_509105894,TaToH,2026,587.366,1,1458,300,140,150
lobby_509105894,TaToH,2026,593.866,1,1283,300,182,151
lobby_509105894,TaToH,2026,600.366,1,428,300,196,152
lobby_509105894,TaToH,2026,606.866,1,388,300,220,152
lobby_509105894,TaToH,2026,613.366,1,438,300,198,152
lobby_509105894,TaToH,2026,619.866,1,408,302,211,154
lobby_509105894,TaToH,2026,626.366,1,448,302,199,154
lobby_509105894,TaToH,2026,632.866,1,408,302,222,154
lobby_509105894,TaToH,2026,639.366,1,448,307,199,155
lobby_509105894,TaToH,2026,645.866,1,409,306,222,156
lobby_509105894,TaToH,2026,652.366,1,430,306,236,156
lobby_509105894,TaToH,2026,658.866,1,481,308,204,156
lobby_509105894,TaToH,2026,665.366,1,450,318,174,160
lobby_509105894,TaToH,2026,671.866,1,362,330,219,166
lobby_509105894,TaToH,2026,678.366,1,364,336,240,168
lobby_509105894,TaToH,2026,684.866,1,385,330,218,166
lobby_509105894,TaToH,2026,691.366,1,334,334,226,168
lobby_509105894,TaToH,2026,697.866,1,386,336,243,169
lobby_509105894,TaToH,2026,704.366,1,237,340,314,172
lobby_509105894,TaToH,2026,710.866,1,144,340,331,174
lobby_509105894,TaToH,2026,717.366,1,176,346,284,176
lobby_509105894,TaToH,2026,723.866,1,202,352,244,178
lobby_509105894,TaToH,2026,730.366,1,127,354,277,179
lobby_509105894,TaToH,2026,736.866,1,139,354,289,179
lobby_509105894,TaToH,2026,743.366,1,139,360,308,182
lobby_509105894,TaToH,2026,749.866,1,101,362,302,183
lobby_509105894,TaToH,2026,756.366,1,134,362,302,183
lobby_509105894,TaToH,2026,762.866,1,186,364,268,184
lobby_509105894,TaToH,2026,769.366,1,192,370,264,186
lobby_509105894,TaToH,2026,775.866,1,124,377,438,189
lobby_509105894,TaToH,2026,782.366,1,128,383,815,189
lobby_509105894,TaToH,2026,788.866,1,202,383,805,189
lobby_509105894,TaToH,2026,795.366,1,152,381,435,191
lobby_509105894,TaToH,2026,801.866,1,154,383,473,192
lobby_509105894,TaToH,2026,808.366,1,128,385,482,192
lobby_509105894,TaToH,2026,814.866,1,171,384,329,193
lobby_509105894,TaToH,2026,821.366,1,193,386,351,194
lobby_509105894,TaToH,2026,827.866,1,215,388,364,196
lobby_509105894,TaToH,2026,834.366,1,257,390,359,196
lobby_509105894,TaToH,2026,840.866,1,201,390,284,197
lobby_509105894,TaToH,2026,847.366,1,169,395,502,199
lobby_509105894,TaToH,2026,853.866,1,241,397,525,200
lobby_509105894,TaToH,2026,860.366,1,173,397,520,201
lobby_509105894,TaToH,2026,866.866,1,207,396,380,202
lobby_509105894,TaToH,2026,873.366,1,265,400,310,203
lobby_509105894,TaToH,2026,879.866,1,214,402,375,205
lobby_509105894,TaToH,2026,886.366,1,297,404,398,205
lobby_509105894,TaToH,2026,892.866,1,268,410,387,207
lobby_509105894,TaToH,2026,899.366,1,274,416,392,210
lobby_509105894,TaToH,2026,905.866,1,201,418,377,211
lobby_509105894,TaToH,2026,912.366,1,293,419,430,211
lobby_509105894,TaToH,2026,918.866,1,338,427,441,213
lobby_509105894,TaToH,2026,925.366,1,323,431,432,215
lobby_509105894,TaToH,2026,931.866,1,283,433,440,217
lobby_509105894,TaToH,2026,938.366,1,327,431,475,216
lobby_509105894,TaToH,2026,944.866,1,382,432,472,218
lobby_509105894,TaToH,2026,951.366,1,228,434,535,221
lobby_509105894,TaToH,2026,957.866,1,291,438,549,222
lobby_509105894,TaToH,2026,964.366,1,225,444,453,224
lobby_509105894,TaToH,2026,970.866,1,268,448,502,225
lobby_509105894,TaToH,2026,977.366,1,364,450,509,226
lobby_509105894,TaToH,2026,983.866,1,474,450,518,227
lobby_509105894,TaToH,2026,990.366,1,269,456,584,233
lobby_509105894,TaToH,2026,996.866,1,227,458,564,234
lobby_509105894,TaToH,2026,1003.366,1,362,460,604,235
lobby_509105894,TaToH,2026,1009.866,1,454,464,589,235
lobby_509105894,TaToH,2026,1016.366,1,551,466,598,236
lobby_509105894,TaToH,2026,1022.866,1,706,472,592,237
lobby_509105894,TaToH,2026,1029.366,1,601,473,668,240
lobby_509105894,TaToH,2026,1035.866,1,748,475,681,240
lobby_509105894,TaToH,2026,1042.366,1,900,483,671,243
lobby_509105894,TaToH,2026,1048.866,1,775,478,627,244
lobby_509105894,TaToH,2026,1055.366,1,808,480,625,245
lobby_509105894,TaToH,2026,1061.866,1,739,499,980,251
lobby_509105894,TaToH,2026,1068.366,1,785,510,975,255
lobby_509105894,TaToH,2026,1074.866,1,889,516,1016,257
lobby_509105894,TaToH,2026,1081.366,1,709,528,1002,261
lobby_509105894,TaToH,2026,1087.866,1,858,525,998,260
lobby_509105894,TaToH,2026,1094.366,1,680,545,1071,267
lobby_509105894,TaToH,2026,1100.866,1,886,543,1163,266
lobby_509105894,TaToH,2026,1107.366,1,899,525,1254,259
lobby_509105894,TaToH,2026,1113.866,1,1099,546,1216,266
lobby_509105894,TaToH,2026,1120.366,1,1146,578,1518,273
lobby_509105894,TaToH,2026,1126.866,1,654,571,1487,273
lobby_509105894,TaToH,2026,1133.366,1,774,572,1476,274
lobby_509105894,TaToH,2026,1139.866,1,920,560,1409,271
lobby_509105894,TaToH,2026,1146.366,1,1102,599,1635,284
lobby_509105894,TaToH,2026,1152.866,1,1176,558,1613,268
lobby_509105894,TaToH,2026,1159.366,1,894,551,1546,266
lobby_509105894,TaToH,2026,1165.866,1,822,555,1969,266
lobby_509105894,TaToH,2026,1172.366,1,767,545,1926,264
lobby_509105894,TaToH,2026,1178.866,1,706,518,1915,255
lobby_509105894,TaToH,2026,1185.366,1,642,547,1859,264
lobby_509105894,TaToH,2026,1191.866,1,673,624,1875,291
lobby_509105894,TaToH,2026,1198.366,1,461,619,1896,292
lobby_509105894,TaToH,2026,1204.866,1,629,619,1769,292
lobby_509105894,TaToH,2026,1211.366,1,585,618,1753,290
lobby_509105894,TaToH,2026,1217.866,1,769,574,1654,275
lobby_509105894,TaToH,2026,1224.366,1,608,583,1717,280
lobby_509105894,TaToH,2026,1230.866,1,450,604,1687,290
lobby_509105894,TaToH,2026,1237.366,1,610,607,1646,294
lobby_509105894,TaToH,2026,1243.866,1,763,645,1665,306
lobby_509105894,TaToH,2026,1250.366,1,946,608,1542,291
lobby_509105894,TaToH,2026,1256.866,1,809,592,1533,287
lobby_509105894,TaToH,2026,1263.366,1,997,612,1444,292
lobby_509105894,TaToH,2026,1269.866,1,854,615,1418,296
lobby_509105894,TaToH,2026,1276.366,1,345,616,1410,297
lobby_509105894,TaToH,2026,1282.866,1,422,610,1287,291
lobby_509105894,TaToH,2026,1289.366,1,447,605,1316,289
lobby_509105894,TaToH,2026,1295.866,1,611,631,1836,298
lobby_509105894,TaToH,2026,1302.366,1,637,619,2252,293
lobby_509105894,TaToH,2026,1308.866,1,782,632,2205,299
lobby_509105894,TaToH,2026,1315.366,1,1011,672,2403,310
lobby_509105894,TaToH,2026,1321.866,1,1066,737,2929,332
lobby_509105894,TaToH,2026,1328.366,1,1129,693,2882,314
lobby_509105894,TaToH,2026,1334.866,1,1308,700,2822,317
lobby_509105894,TaToH,2026,1341.366,1,1478,727,2720,328
lobby_509105894,TaToH,2026,1347.866,1,1353,703,2586,317
lobby_509105894,TaToH,2026,1354.366,1,1147,655,2456,304
lobby_509105894,TaToH,2026,1360.866,1,1113,609,2411,289
lobby_509105894,TaToH,2026,1367.366,1,1056,612,2702,289
lobby_509105894,TaToH,2026,1373.866,1,1232,610,2615,287
lobby_509105894,TaToH,2026,1380.366,1,1194,609,2520,288
lobby_509105894,TaToH,2026,1386.866,1,1180,633,2497,300
lobby_509105894,TaToH,2026,1393.366,1,710,625,2496,296
lobby_509105894,TaToH,2026,1399.866,1,845,631,2602,295
lobby_509105894,TaToH,2026,1406.366,1,876,629,2576,295
lobby_509105894,TaToH,2026,1412.866,1,666,659,2537,310
lobby_509105894,TaToH,2026,1419.366,1,505,633,2560,304
lobby_509105894,TaToH,2026,1425.866,1,535,661,2485,316
lobby_509105894,TaToH,2026,1432.366,1,623,652,2386,312
lobby_509105894,TaToH,2026,1438.866,1,802,657,2279,312
lobby_509105894,TaToH,2026,1445.366,1,781,687,2241,326
lobby_509105894,TaToH,2026,1451.866,1,771,663,2201,313
lobby_509105894,TaToH,2026,1458.366,1,728,685,2191,325
lobby_509105894,TaToH,2026,1464.866,1,878,672,2145,317
lobby_509105894,TaToH,2026,1471.366,1,1098,729,2362,337
lobby_509105894,TaToH,2026,1477.866,1,1232,833,2742,369
lobby_509105894,TaToH,2026,1484.366,1,1280,874,3001,385
lobby_509105894,TaToH,2026,1490.866,1,907,881,2904,388
lobby_509105894,TaToH,2026,1497.366,1,963,896,3428,395
lobby_509105894,TaToH,2026,1503.866,1,1171,748,3510,338
lobby_509105894,TaToH,2026,1510.366,1,1159,813,3764,362
lobby_509105894,TaToH,2026,1516.866,1,1195,727,3870,331
lobby_509105894,TaToH,2026,1523.366,1,1227,666,3791,313
lobby_509105894,TaToH,2026,1529.866,1,891,671,3740,314
lobby_509105894,TaToH,2026,1536.366,1,1057,671,3643,315
lobby_509105894,TaToH,2026,1542.866,1,1160,676,3485,319
lobby_509105894,TaToH,2026,1549.366,1,938,680,3447,320
lobby_509105894,TaToH,2026,1555.866,1,1052,685,3345,322
lobby_509105894,TaToH,2026,1562.366,1,1014,684,3312,324
lobby_509105894,TaToH,2026,1568.866,1,1068,686,3179,324
lobby_509105894,TaToH,2026,1575.366,1,1077,723,3079,342
lobby_509105894,TaToH,2026,1581.866,1,985,698,2964,328
lobby_509105894,TaToH,2026,1588.366,1,1176,688,2852,323
lobby_509105894,TaToH,2026,1594.866,1,1000,698,2754,332
lobby_509105894,TaToH,2026,1601.366,1,1186,692,2670,332
lobby_509105894,TaToH,2026,1608.491,1,1221,696,2575,333
lobby_509105894,TaToH,2026,1614.991,1,853,732,2512,348
lobby_509105894,TaToH,2026,1621.491,1,841,801,2559,376
lobby_509105894,TaToH,2026,1627.991,1,979,834,2591,387
lobby_509105894,TaToH,2026,1634.491,1,1117,855,2563,393
lobby_509105894,TaToH,2026,1640.991,1,994,720,2553,343
lobby_509105894,TaToH,2026,1647.491,1,623,699,2495,338
lobby_509105894,TaToH,2026,1653.991,1,680,693,2453,335
lobby_509105894,TaToH,2026,1660.491,1,530,696,2418,340
lobby_509105894,TaToH,2026,1666.991,1,799,755,2360,356
lobby_509105894,TaToH,2026,1673.491,1,974,826,2393,382
lobby_509105894,TaToH,2026,1679.991,1,1203,907,2322,409
lobby_509105894,TaToH,2026,1686.491,1,1182,888,2485,405
lobby_509105894,TaToH,2026,1692.991,1,1235,915,2464,412
lobby_509105894,TaToH,2026,1699.491,1,1459,805,2219,376
lobby_509105894,TaToH,2026,1705.991,1,1635,922,2374,414
lobby_509105894,TaToH,2026,1712.491,1,1066,948,2912,421
lobby_509105894,TaToH,2026,1718.991,1,1245,1023,3163,445
lobby_509105894,TaToH,2026,1725.491,1,1391,972,3311,428
lobby_509105894,TaToH,2026,1732.129,1,1196,913,3714,407
lobby_509105894,TaToH,2026,1738.629,1,1463,915,3571,407
lobby_509105894,TaToH,2026,1745.129,1,1448,788,3815,368
lobby_509105894,TaToH,2026,1751.629,1,1666,864,3833,389
lobby_509105894,TaToH,2026,1758.129,1,1879,987,3960,430
lobby_509105894,TaToH,2026,1764.629,1,1995,931,3648,412
lobby_509105894,TaToH,2026,1771.269,1,2004,978,3527,434
lobby_509105894,TaToH,2026,1777.769,1,2225,960,3304,426
lobby_509105894,TaToH,2026,1784.269,1,2421,1001,3396,444
lobby_509105894,TaToH,2026,1790.769,1,2446,814,3419,374
lobby_509105894,TaToH,2026,1797.269,1,2394,795,3546,368
lobby_509105894,TaToH,2026,1803.769,1,2389,789,3304,370
lobby_509105894,TaToH,2026,1810.269,1,1908,837,3378,391
lobby_509105894,TaToH,2026,1816.769,1,2021,944,3395,423
lobby_509105894,TaToH,2026,1823.269,1,2181,1000,3614,445
lobby_509105894,TaToH,2026,1830.185,1,2393,913,3932,409
lobby_509105894,TaToH,2026,1836.685,1,2564,1007,4019,438
lobby_509105894,TaToH,2026,1843.185,1,2552,1050,4097,458
lobby_509105894,TaToH,2026,1849.811,1,2109,1023,4577,444
lobby_509105894,TaToH,2026,1856.325,1,1833,1017,4665,440
lobby_509105894,TaToH,2026,1862.825,1,1971,1052,5091,452
lobby_509105894,TaToH,2026,1869.325,1,2122,1046,5432,445
lobby_509105894,TaToH,2026,1875.825,1,1825,1122,5804,479
lobby_509105894,TaToH,2026,1882.325,1,1568,1093,5991,456
lobby_509105894,TaToH,2026,1888.825,1,1693,1056,6392,442
lobby_509105894,TaToH,2026,1895.325,1,1882,1046,6690,442
lobby_509105894,TaToH,2026,1901.825,1,1937,920,6710,398
lobby_509105894,TaToH,2026,1908.325,1,1768,893,6450,392
lobby_509105894,TaToH,2026,1914.825,1,1785,870,6339,382
lobby_509105894,TaToH,2026,1921.325,1,1860,918,6233,399
lobby_509105894,TaToH,2026,1927.825,1,1879,946,6054,412
lobby_509105894,TaToH,2026,1934.325,1,1348,903,6151,396
lobby_509105894,TaToH,2026,1940.825,1,955,860,5899,384
lobby_509105894,TaToH,2026,1947.325,1,1025,868,5710,388
lobby_509105894,TaToH,2026,1953.825,1,878,938,5748,415
lobby_509105894,TaToH,2026,1960.325,1,1112,1025,5855,441
lobby_509105894,TaToH,2026,1966.825,1,1286,976,5609,424
lobby_509105894,TaToH,2026,1973.325,1,1077,961,5744,422
lobby_509105894,TaToH,2026,1979.825,1,1017,1070,5623,459
lobby_509105894,TaToH,2026,1986.325,1,1077,1164,6320,485
lobby_509105894,TaToH,2026,1992.825,1,828,1176,6292,495
lobby_509105894,TaToH,2026,1999.325,1,1170,1016,6087,442
lobby_509105894,TaToH,2026,2005.825,1,1395,1003,6167,436
lobby_509105894,TaToH,2026,2012.473,1,1290,1000,6020,438
lobby_509105894,TaToH,2026,2019.248,1,1595,967,6660,422
lobby_509105894,TaToH,2026,2025.886,1,1400,978,6444,433
lobby_509105894,TaToH,2026,2032.386,1,956,975,6627,438
lobby_509105894,TaToH,2026,2038.886,1,981,968,6502,436
lobby_509105894,TaToH,2026,2045.636,1,1153,932,6341,425
lobby_509105894,TaToH,2026,2052.44,1,1582,1044,6040,463
lobby_509105894,TaToH,2026,2059.384,1,1373,1030,5788,458
lobby_509105894,TaToH,2026,2066.134,1,1560,1052,5746,465
lobby_509105894,TaToH,2026,2073.104,1,1463,1044,5470,465
lobby_509105894,TaToH,2026,2079.742,1,1284,933,5239,431
lobby_509105894,TaToH,2026,2086.242,1,1616,952,5378,433
lobby_509105894,TaToH,2026,2092.742,1,1263,920,4762,435
lobby_509105894,TaToH,2026,2099.38,1,1570,967,4661,449
lobby_509105894,TaToH,2026,2105.88,1,1900,918,4398,432
lobby_509105894,TaToH,2026,2112.38,1,2171,949,4138,445
lobby_509105894,TaToH,2026,2119.018,1,2274,963,4055,450
lobby_509105894,TaToH,2026,2125.518,1,2293,942,4152,438
lobby_509105894,TaToH,2026,2132.018,1,1883,938,4110,433
lobby_509105894,TaToH,2026,2138.518,1,2141,965,4022,448
lobby_509105894,TaToH,2026,2145.018,1,2519,970,3816,452
lobby_509105894,TaToH,2026,2151.63,1,2724,1041,4085,469
lobby_509105894,TaToH,2026,2158.462,1,3010,1039,4278,468
lobby_509105894,TaToH,2026,2165.378,1,3207,1110,4539,494
lobby_509105894,TaToH,2026,2172.268,1,3118,979,4671,450
lobby_509105894,TaToH,2026,2179.16,1,3161,1054,4720,474
lobby_509105894,TaToH,2026,2185.878,1,2994,1081,4868,482
lobby_509105894,TaToH,2026,2192.752,1,2962,1014,4665,464
lobby_509105894,TaToH,2026,2199.937,1,3071,1044,5301,473
lobby_509105894,TaToH,2026,2207.281,1,1515,1033,5685,465
lobby_509105894,TaToH,2026,2214.768,1,1541,1131,5897,501
lobby_509105894,TaToH,2026,2221.564,1,1427,1070,6202,480
lobby_509105894,TaToH,2026,2228.486,1,1241,1081,6278,486
lobby_509105894,TaToH,2026,2235.452,1,1378,1136,6852,504
lobby_509105894,TaToH,2026,2242.23,1,1394,1328,7286,561
lobby_509105894,TaToH,2026,2248.868,1,1559,1063,7024,475
lobby_509105894,TaToH,2026,2255.506,1,1865,1064,6688,473
lobby_509105894,TaToH,2026,2262.234,1,1761,1174,6405,519
lobby_509105894,TaToH,2026,2269.116,1,1812,1163,6274,515
lobby_509105894,TaToH,2026,2276.317,1,1238,1132,6153,502
lobby_509105894,TaToH,2026,2282.817,1,1268,1181,6631,519
lobby_509105894,TaToH,2026,2289.317,1,1370,1110,6919,491
lobby_509105894,TaToH,2026,2296.123,1,1223,1065,6590,479
lobby_509105894,TaToH,2026,2303.235,1,1252,1090,6972,486
lobby_509105894,TaToH,2026,2310.217,1,1323,1102,6634,496
lobby_509105894,TaToH,2026,2316.903,1,964,1091,6480,496
lobby_509105894,TaToH,2026,2323.567,1,1177,1069,6386,490
lobby_509105894,TaToH,2026,2330.903,1,1014,1108,6333,503
lobby_509105894,TaToH,2026,2338.247,1,949,1386,6673,591
lobby_509105894,TaToH,2026,2345.698,1,1226,1461,7093,618
lobby_509105894,TaToH,2026,2353.369,1,1864,1283,6703,552
lobby_509105894,TaToH,2026,2360.869,1,2101,1290,7087,557
lobby_509105894,TaToH,2026,2368.213,1,2568,1414,7449,593
lobby_509105894,TaToH,2026,2375.135,1,2604,1366,7358,575
lobby_509105894,TaToH,2026,2382.245,1,2730,1406,8443,588
lobby_509105894,TaToH,2026,2389.666,1,2728,1430,9175,591
lobby_509105894,TaToH,2026,2397.166,1,3193,1402,10173,575
lobby_509105894,TaToH,2026,2404.448,1,2469,1363,10484,565
lobby_509105894,TaToH,2026,2411.51,1,2307,1365,10663,566
lobby_509105894,TaToH,2026,2418.837,1,2615,1457,11587,586
lobby_509105894,TaToH,2026,2425.787,1,2952,1378,11539,560
lobby_509105894,TaToH,2026,2432.621,1,2746,1367,11198,558
lobby_509105894,TaToH,2026,2439.773,1,2179,1413,11930,579
lobby_509105894,TaToH,2026,2447.286,1,2657,1449,11976,583
lobby_509105894,TaToH,2026,2454.32,1,2790,1329,12273,544
lobby_509105894,TaToH,2026,2460.958,1,3031,1336,12438,545
lobby_509105894,TaToH,2026,2467.88,1,3299,1301,12276,537
lobby_509105894,TaToH,2026,2474.792,1,3200,1339,12223,537
lobby_509105894,TaToH,2026,2481.568,1,3307,1293,12151,536
lobby_509105894,TaToH,2026,2488.346,1,3529,1297,11669,535
lobby_509105894,TaToH,2026,2494.984,1,3395,1290,11609,540
lobby_509105894,TaToH,2026,2501.764,1,3580,1255,11598,533
lobby_509105894,TaToH,2026,2508.54,1,3616,1281,11107,540
lobby_509105894,TaToH,2026,2515.472,1,3831,1235,11080,524
lobby_509105894,TaToH,2026,2522.318,1,4029,1214,10793,519
lobby_509105894,TaToH,2026,2528.878,1,3014,1175,10297,503
lobby_509105894,TaToH,2026,2535.846,1,3422,1217,9931,516
lobby_509105894,TaToH,2026,2542.816,1,3395,1163,9605,500
lobby_509105894,TaToH,2026,2549.454,1,3478,1135,9537,490
lobby_509105894,TaToH,2026,2556.092,1,3534,1173,9295,503
lobby_509105894,TaToH,2026,2563.008,1,3878,1181,9010,507
lobby_509105894,TaToH,2026,2570.028,1,4291,1157,8223,495
lobby_509105894,TaToH,2026,2576.784,1,3204,1100,7728,480
lobby_509105894,TaToH,2026,2583.56,1,3184,1099,7360,486
lobby_509105894,TaToH,2026,2590.586,1,3362,1130,7572,494
lobby_509105894,TaToH,2026,2597.953,1,3541,1126,7592,494
lobby_509105894,TaToH,2026,2605.037,1,3340,1123,7482,492
lobby_509105894,TaToH,2026,2612.287,1,3702,1135,7009,498
lobby_509105894,TaToH,2026,2619.131,1,3962,1116,6658,489
lobby_509105894,TaToH,2026,2626.285,1,3817,1234,6793,528
lobby_509105894,TaToH,2026,2633.673,1,4140,1296,6403,550
lobby_509105894,TaToH,2026,2640.617,1,4452,1292,5908,550
lobby_509105894,TaToH,2026,2648.201,1,4115,1330,6219,560
lobby_509105894,TaToH,2026,2655.701,1,4070,1191,4336,537
lobby_509105894,TaToH,2026,2663.043,1,4517,1164,4231,522
lobby_509105894,TaToH,2026,2670.323,1,4271,1142,4036,518
lobby_509105894,TaToH,2026,2677.665,1,4417,1200,4338,548
lobby_509105894,TaToH,2026,2685.735,1,4472,1145,4300,538
lobby_509105894,TaToH,2026,2693.43,1,4464,1200,4530,564
lobby_509105894,TaToH,2026,2700.934,1,4510,988,4932,485
lobby_509105894,TaToH,2026,2707.768,1,3723,977,4775,483
lobby_509105894,TaToH,2026,2715.132,1,4179,992,4681,487
lobby_509105894,TaToH,2026,2722.905,1,4542,971,4282,481
lobby_509105894,TaToH,2026,2730.405,1,4754,984,3975,484
lobby_509105894,TaToH,2026,2738.346,1,4797,1026,4207,497
lobby_509105894,TaToH,2026,2745.846,1,5045,1026,4271,498
lobby_509105894,TaToH,2026,2753.19,1,5208,1047,5254,507
lobby_509105894,TaToH,2026,2760.002,1,5259,1065,5254,530
lobby_509105894,TaToH,2026,2767.673,1,5681,1036,5516,514
lobby_509105894,TaToH,2026,2775.103,1,3831,1061,5248,518
lobby_509105894,TaToH,2026,2782.468,1,4011,1113,5048,538
lobby_509105894,TaToH,2026,2790.649,1,4380,1305,5598,598
lobby_509105894,TaToH,2026,2798.149,1,3938,1413,6514,627
lobby_509105894,TaToH,2026,2805.051,1,3980,1427,7199,642
lobby_509105894,TaToH,2026,2812.701,1,4137,1285,7556,586
lobby_509105894,TaToH,2026,2820.369,1,4349,1270,7359,581
lobby_509105894,TaToH,2026,2828.106,1,4632,1274,7443,581
lobby_509105894,TaToH,2026,2835.406,1,5002,1540,9008,670
lobby_509105894,TaToH,2026,2842.992,1,4854,1529,9275,668
lobby_509105894,TaToH,2026,2851.008,1,5132,1467,9598,640
lobby_509105894,TaToH,2026,2858.844,1,5268,1478,10726,636
lobby_509105894,TaToH,2026,2865.818,1,5583,1424,10728,624
lobby_509105894,TaToH,2026,2873.318,1,5745,1383,10956,607
lobby_509105894,TaToH,2026,2880.805,1,5735,1296,10751,572
lobby_509105894,TaToH,2026,2887.715,1,5843,1283,10413,564
lobby_509105894,TaToH,2026,2895.215,1,5985,1281,10978,567
lobby_509105894,TaToH,2026,2902.832,1,5886,1338,10573,588
lobby_509105894,TaToH,2026,2910.896,1,5866,1537,12677,634
lobby_509105894,TaToH,2026,2918.416,1,5788,1403,15816,586
lobby_509105894,TaToH,2026,2925.35,1,5713,1357,15475,573
lobby_509105894,TaToH,2026,2933.258,1,5798,1353,14852,578
lobby_509105894,TaToH,2026,2941.166,1,5679,1576,15376,646
lobby_509105894,TaToH,2026,2949.347,1,5925,1520,15525,624
lobby_509105894,TaToH,2026,2956.737,1,6047,1347,14872,572
lobby_509105894,TaToH,2026,2964.678,1,5574,1347,14353,572
lobby_509105894,TaToH,2026,2971.606,1,5732,1417,14216,598
lobby_509105894,TaToH,2026,2979.733,1,5675,1427,13615,604
lobby_509105894,TaToH,2026,2987.482,1,5734,1538,13496,641
lobby_509105894,TaToH,2026,2995.95,1,6012,1467,14001,613
lobby_509105894,TaToH,2026,3002.947,1,6133,1436,13704,602
lobby_509105894,TaToH,2026,3011.08,1,6332,1410,13060,594
lobby_511046560,TaToH,2026,8.866,2,463,174,600,88
lobby_511046560,TaToH,2026,15.366,2,438,176,604,90
lobby_511046560,TaToH,2026,21.866,2,438,174,612,89
lobby_511046560,TaToH,2026,28.366,2,438,178,626,90
lobby_511046560,TaToH,2026,34.866,2,438,176,541,89
lobby_511046560,TaToH,2026,41.366,2,448,176,547,89
lobby_511046560,TaToH,2026,47.866,2,458,178,558,89
lobby_511046560,TaToH,2026,54.366,2,422,180,566,90
lobby_511046560,TaToH,2026,60.866,2,449,180,564,90
lobby_511046560,TaToH,2026,67.366,2,449,180,588,90
lobby_511046560,TaToH,2026,73.866,2,459,180,602,90
lobby_511046560,TaToH,2026,80.366,2,423,182,616,91
lobby_511046560,TaToH,2026,86.866,2,458,182,612,91
lobby_511046560,TaToH,2026,93.366,2,445,180,502,90
lobby_511046560,TaToH,2026,99.866,2,445,180,522,90
lobby_511046560,TaToH,2026,106.366,2,455,182,539,91
lobby_511046560,TaToH,2026,112.866,2,427,182,444,91
lobby_511046560,TaToH,2026,119.366,2,462,182,434,91
lobby_511046560,TaToH,2026,125.866,2,447,182,448,92
lobby_511046560,TaToH,2026,132.366,2,426,184,472,92
lobby_511046560,TaToH,2026,138.866,2,436,184,487,92
lobby_511046560,TaToH,2026,145.366,2,503,184,438,92
lobby_511046560,TaToH,2026,151.866,2,411,184,457,93
lobby_511046560,TaToH,2026,158.366,2,393,186,459,94
lobby_511046560,TaToH,2026,164.866,2,399,186,487,94
lobby_511046560,TaToH,2026,171.366,2,399,186,513,94
lobby_511046560,TaToH,2026,177.866,2,446,186,496,94
lobby_511046560,TaToH,2026,184.366,2,400,188,529,95
lobby_511046560,TaToH,2026,190.866,2,447,190,512,95
lobby_511046560,TaToH,2026,197.366,2,411,190,537,95
lobby_511046560,TaToH,2026,203.866,2,411,190,567,95
lobby_511046560,TaToH,2026,210.366,2,410,192,557,96
lobby_511046560,TaToH,2026,216.866,2,420,192,557,97
lobby_511046560,TaToH,2026,223.366,2,475,192,556,96
lobby_511046560,TaToH,2026,229.866,2,484,192,540,96
lobby_511046560,TaToH,2026,236.366,2,564,194,448,97
lobby_511046560,TaToH,2026,242.866,2,539,194,491,98
lobby_511046560,TaToH,2026,249.366,2,537,194,507,99
lobby_511046560,TaToH,2026,255.866,2,575,196,442,100
lobby_511046560,TaToH,2026,262.366,2,514,198,426,101
lobby_511046560,TaToH,2026,268.866,2,524,198,441,100
lobby_511046560,TaToH,2026,275.366,2,559,198,474,99
lobby_511046560,TaToH,2026,281.866,2,570,200,464,100
lobby_511046560,TaToH,2026,288.366,2,597,200,477,100
lobby_511046560,TaToH,2026,294.866,2,653,200,476,100
lobby_511046560,TaToH,2026,301.366,2,673,200,502,100
lobby_511046560,TaToH,2026,307.866,2,694,202,529,101
lobby_511046560,TaToH,2026,314.366,2,719,202,558,101
lobby_511046560,TaToH,2026,320.866,2,639,202,583,102
lobby_511046560,TaToH,2026,327.366,2,771,202,505,102
lobby_511046560,TaToH,2026,333.866,2,794,204,526,103
lobby_511046560,TaToH,2026,340.366,2,800,204,566,103
lobby_511046560,TaToH,2026,346.866,2,1004,204,596,103
lobby_511046560,TaToH,2026,353.366,2,1059,204,583,103
lobby_511046560,TaToH,2026,359.866,2,1069,206,621,104
lobby_511046560,TaToH,2026,366.366,2,1139,208,596,104
lobby_511046560,TaToH,2026,372.866,2,694,208,580,104
lobby_511046560,TaToH,2026,379.366,2,799,218,524,109
lobby_511046560,TaToH,2026,385.866,2,823,210,543,105
lobby_511046560,TaToH,2026,392.366,2,921,210,487,105
lobby_511046560,TaToH,2026,398.866,2,991,210,463,105
lobby_511046560,TaToH,2026,405.366,2,1004,210,495,105
lobby_511046560,TaToH,2026,411.866,2,1004,210,548,105
lobby_511046560,TaToH,2026,418.366,2,1027,210,579,105
lobby_511046560,TaToH,2026,424.866,2,1082,210,571,105
lobby_511046560,TaToH,2026,431.366,2,1087,210,591,106
lobby_511046560,TaToH,2026,437.866,2,1107,210,620,106
lobby_511046560,TaToH,2026,444.366,2,1092,210,658,107
lobby_511046560,TaToH,2026,450.866,2,1142,210,667,107
lobby_511046560,TaToH,2026,457.366,2,1162,210,704,107
lobby_511046560,TaToH,2026,463.866,2,1212,210,703,107
lobby_511046560,TaToH,2026,470.366,2,1287,212,682,107
lobby_511046560,TaToH,2026,476.866,2,1560,212,465,107
lobby_511046560,TaToH,2026,483.366,2,1580,212,500,107
lobby_511046560,TaToH,2026,489.866,2,1514,212,523,107
lobby_511046560,TaToH,2026,496.366,2,1534,214,526,108
lobby_511046560,TaToH,2026,502.866,2,1597,214,517,108
lobby_511046560,TaToH,2026,509.366,2,1697,214,454,108
lobby_511046560,TaToH,2026,515.866,2,1392,212,372,109
lobby_511046560,TaToH,2026,522.366,2,1432,212,375,109
lobby_511046560,TaToH,2026,528.866,2,1452,212,399,109
lobby_511046560,TaToH,2026,535.366,2,1512,216,382,110
lobby_511046560,TaToH,2026,541.866,2,1532,216,402,110
lobby_511046560,TaToH,2026,548.366,2,1610,216,377,110
lobby_511046560,TaToH,2026,554.866,2,1640,216,389,110
lobby_511046560,TaToH,2026,561.366,2,1730,220,351,110
lobby_511046560,TaToH,2026,567.866,2,720,218,258,112
lobby_511046560,TaToH,2026,574.366,2,739,218,285,112
lobby_511046560,TaToH,2026,580.866,2,789,220,282,112
lobby_511046560,TaToH,2026,587.366,2,688,220,283,112
lobby_511046560,TaToH,2026,593.866,2,748,222,262,112
lobby_511046560,TaToH,2026,600.366,2,768,222,292,112
lobby_511046560,TaToH,2026,606.866,2,778,222,335,112
lobby_511046560,TaToH,2026,613.366,2,879,220,181,111
lobby_511046560,TaToH,2026,619.866,2,869,220,197,113
lobby_511046560,TaToH,2026,626.366,2,909,220,209,113
lobby_511046560,TaToH,2026,632.866,2,949,220,222,113
lobby_511046560,TaToH,2026,639.366,2,1039,220,187,113
lobby_511046560,TaToH,2026,645.866,2,1107,226,177,115
lobby_511046560,TaToH,2026,652.366,2,1147,226,180,115
lobby_511046560,TaToH,2026,658.866,2,1124,226,215,115
lobby_511046560,TaToH,2026,665.366,2,1013,224,86,114
lobby_511046560,TaToH,2026,671.866,2,990,224,114,115
lobby_511046560,TaToH,2026,678.366,2,1060,224,84,115
lobby_511046560,TaToH,2026,684.866,2,1093,228,87,115
lobby_511046560,TaToH,2026,691.366,2,1113,228,118,115
lobby_511046560,TaToH,2026,697.866,2,1163,228,126,115
lobby_511046560,TaToH,2026,704.366,2,1253,228,90,115
lobby_511046560,TaToH,2026,710.866,2,1303,230,93,115
lobby_511046560,TaToH,2026,717.366,2,1310,230,93,115
lobby_511046560,TaToH,2026,723.866,2,1368,230,87,115
lobby_511046560,TaToH,2026,730.366,2,758,230,89,116
lobby_511046560,TaToH,2026,736.866,2,488,230,109,117
lobby_511046560,TaToH,2026,743.366,2,538,230,99,117
lobby_511046560,TaToH,2026,749.866,2,588,234,80,118
lobby_511046560,TaToH,2026,756.366,2,618,234,98,118
lobby_511046560,TaToH,2026,762.866,2,658,234,103,118
lobby_511046560,TaToH,2026,769.366,2,657,234,106,118
lobby_511046560,TaToH,2026,775.866,2,519,236,91,120
lobby_511046560,TaToH,2026,782.366,2,579,245,85,123
lobby_511046560,TaToH,2026,788.866,2,539,275,151,134
lobby_511046560,TaToH,2026,795.366,2,539,275,168,135
lobby_511046560,TaToH,2026,801.866,2,569,279,157,138
lobby_511046560,TaToH,2026,808.366,2,473,269,108,132
lobby_511046560,TaToH,2026,814.866,2,458,243,147,125
lobby_511046560,TaToH,2026,821.366,2,447,259,186,129
lobby_511046560,TaToH,2026,827.866,2,478,291,207,140
lobby_511046560,TaToH,2026,834.366,2,538,289,186,139
lobby_511046560,TaToH,2026,840.866,2,463,292,191,141
lobby_511046560,TaToH,2026,847.366,2,452,292,206,141
lobby_511046560,TaToH,2026,853.866,2,442,291,212,143
lobby_511046560,TaToH,2026,860.366,2,302,293,203,148
lobby_511046560,TaToH,2026,866.866,2,356,322,217,157
lobby_511046560,TaToH,2026,873.366,2,416,300,178,150
lobby_511046560,TaToH,2026,879.866,2,403,296,159,148
lobby_511046560,TaToH,2026,886.366,2,237,295,164,148
lobby_511046560,TaToH,2026,892.866,2,237,292,202,149
lobby_511046560,TaToH,2026,899.366,2,202,291,230,149
lobby_511046560,TaToH,2026,905.866,2,304,302,170,158
lobby_511046560,TaToH,2026,912.366,2,289,375,243,183
lobby_511046560,TaToH,2026,918.866,2,353,412,293,194
lobby_511046560,TaToH,2026,925.366,2,183,397,321,189
lobby_511046560,TaToH,2026,931.866,2,510,394,260,185
lobby_511046560,TaToH,2026,938.366,2,560,381,359,181
lobby_511046560,TaToH,2026,944.866,2,554,353,255,172
lobby_511046560,TaToH,2026,951.366,2,564,343,284,168
lobby_511046560,TaToH,2026,957.866,2,563,328,249,164
lobby_511046560,TaToH,2026,964.366,2,623,330,233,164
lobby_511046560,TaToH,2026,971.151,2,693,409,289,190
lobby_511046560,TaToH,2026,977.651,2,548,348,226,170
lobby_511046560,TaToH,2026,984.151,2,580,411,342,191
lobby_511046560,TaToH,2026,990.651,2,375,535,295,209
lobby_511046560,TaToH,2026,997.151,2,285,523,437,227
lobby_511046560,TaToH,2026,1003.651,2,355,544,385,236
lobby_511046560,TaToH,2026,1010.151,2,415,562,412,242
lobby_511046560,TaToH,2026,1016.651,2,455,555,431,240
lobby_511046560,TaToH,2026,1023.151,2,464,515,430,226
lobby_511046560,TaToH,2026,1029.651,2,347,428,310,197
lobby_511046560,TaToH,2026,1036.151,2,352,397,288,187
lobby_511046560,TaToH,2026,1042.651,2,352,370,195,179
lobby_511046560,TaToH,2026,1049.151,2,307,352,212,173
lobby_511046560,TaToH,2026,1055.651,2,357,378,243,181
lobby_511046560,TaToH,2026,1062.151,2,338,381,292,182
lobby_511046560,TaToH,2026,1068.651,2,378,411,320,192
lobby_511046560,TaToH,2026,1075.151,2,476,401,284,188
lobby_511046560,TaToH,2026,1081.651,2,495,452,348,207
lobby_511046560,TaToH,2026,1088.151,2,440,404,316,192
lobby_511046560,TaToH,2026,1094.651,2,480,407,345,193
lobby_511046560,TaToH,2026,1101.151,2,442,481,429,219
lobby_511046560,TaToH,2026,1107.651,2,529,543,447,238
lobby_511046560,TaToH,2026,1114.151,2,608,435,273,203
lobby_511046560,TaToH,2026,1120.651,2,668,426,421,199
lobby_511046560,TaToH,2026,1127.151,2,670,362,306,177
lobby_511046560,TaToH,2026,1133.651,2,700,341,353,170
lobby_511046560,TaToH,2026,1140.151,2,445,350,295,174
lobby_511046560,TaToH,2026,1146.651,2,485,353,311,177
lobby_511046560,TaToH,2026,1153.151,2,565,355,301,176
lobby_511046560,TaToH,2026,1159.651,2,594,343,281,172
lobby_511046560,TaToH,2026,1166.151,2,593,343,310,172
lobby_511046560,TaToH,2026,1172.651,2,643,343,278,173
lobby_511046560,TaToH,2026,1179.151,2,673,348,316,175
lobby_511046560,TaToH,2026,1185.651,2,763,359,267,180
lobby_511046560,TaToH,2026,1192.151,2,782,407,358,196
lobby_511046560,TaToH,2026,1198.651,2,842,443,392,208
lobby_511046560,TaToH,2026,1205.151,2,938,512,717,229
lobby_511046560,TaToH,2026,1211.651,2,934,513,713,229
lobby_511046560,TaToH,2026,1218.151,2,873,372,580,184
lobby_511046560,TaToH,2026,1224.651,2,849,359,561,180
lobby_511046560,TaToH,2026,1231.151,2,847,361,546,181
lobby_511046560,TaToH,2026,1237.651,2,835,386,573,189
lobby_511046560,TaToH,2026,1244.151,2,764,379,633,188
lobby_511046560,TaToH,2026,1250.651,2,723,431,645,207
lobby_511046560,TaToH,2026,1257.151,2,833,430,614,207
lobby_511046560,TaToH,2026,1263.651,2,889,458,628,215
lobby_511046560,TaToH,2026,1270.151,2,984,471,595,219
lobby_511046560,TaToH,2026,1276.651,2,839,435,594,208
lobby_511046560,TaToH,2026,1283.151,2,721,426,617,207
lobby_511046560,TaToH,2026,1289.651,2,791,437,645,211
lobby_511046560,TaToH,2026,1296.151,2,816,408,590,201
lobby_511046560,TaToH,2026,1302.651,2,717,425,538,207
lobby_511046560,TaToH,2026,1309.151,2,627,391,549,197
lobby_511046560,TaToH,2026,1315.651,2,632,403,588,201
lobby_511046560,TaToH,2026,1322.151,2,637,459,643,220
lobby_511046560,TaToH,2026,1328.651,2,732,428,522,209
lobby_511046560,TaToH,2026,1335.151,2,720,454,851,216
lobby_511046560,TaToH,2026,1341.651,2,470,458,887,218
lobby_511046560,TaToH,2026,1348.151,2,399,455,836,218
lobby_511046560,TaToH,2026,1355.676,2,509,511,920,237
lobby_511046560,TaToH,2026,1363.105,2,612,469,849,223
lobby_511046560,TaToH,2026,1370.65,2,523,465,817,223
lobby_511046560,TaToH,2026,1377.288,2,523,596,964,267
lobby_511046560,TaToH,2026,1383.788,2,468,674,1066,294
lobby_511046560,TaToH,2026,1390.288,2,452,725,1069,313
lobby_511046560,TaToH,2026,1396.788,2,457,751,1120,322
lobby_511046560,TaToH,2026,1403.288,2,576,674,930,297
lobby_511046560,TaToH,2026,1410.211,2,683,535,788,248
lobby_511046560,TaToH,2026,1416.711,2,563,598,958,271
lobby_511046560,TaToH,2026,1423.211,2,492,612,1158,276
lobby_511046560,TaToH,2026,1429.711,2,487,585,1125,267
lobby_511046560,TaToH,2026,1436.211,2,502,745,1277,319
lobby_511046560,TaToH,2026,1442.711,2,552,824,1386,344
lobby_511046560,TaToH,2026,1449.211,2,218,818,1605,341
lobby_511046560,TaToH,2026,1455.711,2,243,498,1260,235
lobby_511046560,TaToH,2026,1462.211,2,333,470,1222,226
lobby_511046560,TaToH,2026,1468.711,2,432,583,1269,263
lobby_511046560,TaToH,2026,1475.211,2,400,522,1132,244
lobby_511046560,TaToH,2026,1481.711,2,500,462,1072,224
lobby_511046560,TaToH,2026,1488.211,2,495,489,1416,232
lobby_511046560,TaToH,2026,1494.711,2,616,470,1344,226
lobby_511046560,TaToH,2026,1501.211,2,736,475,1472,227
lobby_511046560,TaToH,2026,1507.711,2,841,468,1217,227
lobby_511046560,TaToH,2026,1514.211,2,554,480,1229,231
lobby_511046560,TaToH,2026,1520.711,2,494,496,1222,236
lobby_511046560,TaToH,2026,1527.211,2,574,502,1261,238
lobby_511046560,TaToH,2026,1533.711,2,765,553,1179,254
lobby_511046560,TaToH,2026,1540.211,2,895,704,1331,306
lobby_511046560,TaToH,2026,1546.711,2,975,771,1352,329
lobby_511046560,TaToH,2026,1553.509,2,1137,922,1423,381
lobby_511046560,TaToH,2026,1560.131,2,1227,803,1571,339
lobby_511046560,TaToH,2026,1566.631,2,1370,542,1283,252
lobby_511046560,TaToH,2026,1573.131,2,1295,551,1564,254
lobby_511046560,TaToH,2026,1579.631,2,1205,549,1797,251
lobby_511046560,TaToH,2026,1586.131,2,645,530,1733,247
lobby_511046560,TaToH,2026,1592.631,2,589,534,1689,250
lobby_511046560,TaToH,2026,1599.131,2,679,524,1671,245
lobby_511046560,TaToH,2026,1605.916,2,749,542,1656,254
lobby_511046560,TaToH,2026,1612.416,2,848,596,1635,273
lobby_511046560,TaToH,2026,1618.916,2,831,549,1563,257
lobby_511046560,TaToH,2026,1625.416,2,796,597,1567,274
lobby_511046560,TaToH,2026,1631.916,2,895,632,1524,286
lobby_511046560,TaToH,2026,1638.416,2,1027,758,1856,327
lobby_511046560,TaToH,2026,1644.916,2,1041,707,1571,312
lobby_511046560,TaToH,2026,1651.701,2,1097,623,1464,284
lobby_511046560,TaToH,2026,1658.201,2,1217,607,1408,278
lobby_511046560,TaToH,2026,1664.701,2,1286,606,1391,278
lobby_511046560,TaToH,2026,1671.201,2,1290,703,1429,309
lobby_511046560,TaToH,2026,1677.701,2,1337,539,1266,256
lobby_511046560,TaToH,2026,1684.201,2,1397,556,1202,263
lobby_511046560,TaToH,2026,1690.701,2,1251,509,1217,251
lobby_511046560,TaToH,2026,1697.201,2,1256,513,1186,253
lobby_511046560,TaToH,2026,1703.701,2,1248,534,1320,260
lobby_511046560,TaToH,2026,1710.201,2,1390,619,1297,288
lobby_511046560,TaToH,2026,1716.701,2,1413,549,1155,266
lobby_511046560,TaToH,2026,1723.201,2,1528,562,1118,271
lobby_511046560,TaToH,2026,1729.701,2,1304,623,1089,292
lobby_511046560,TaToH,2026,1736.201,2,1300,543,983,266
lobby_511046560,TaToH,2026,1742.701,2,1202,549,946,268
lobby_511046560,TaToH,2026,1749.201,2,1314,567,986,273
lobby_511046560,TaToH,2026,1755.701,2,1468,576,1395,273
lobby_511046560,TaToH,2026,1762.201,2,1475,580,1553,276
lobby_511046560,TaToH,2026,1768.701,2,1543,966,2484,403
lobby_511046560,TaToH,2026,1775.201,2,1665,1009,3910,413
lobby_511046560,TaToH,2026,1781.701,2,1730,985,4698,400
lobby_511046560,TaToH,2026,1788.201,2,1500,712,4927,308
lobby_511046560,TaToH,2026,1794.701,2,1392,695,4876,306
lobby_511046560,TaToH,2026,1801.711,2,1278,730,5054,318
lobby_511046560,TaToH,2026,1808.211,2,1253,604,4921,277
lobby_511046560,TaToH,2026,1814.711,2,1195,606,4871,280
lobby_511046560,TaToH,2026,1821.211,2,1398,612,4640,282
lobby_511046560,TaToH,2026,1827.711,2,1421,615,4560,283
lobby_511046560,TaToH,2026,1834.211,2,1285,692,4445,309
lobby_511046560,TaToH,2026,1840.711,2,1094,629,4351,288
lobby_511046560,TaToH,2026,1847.496,2,917,628,4238,288
lobby_511046560,TaToH,2026,1854.204,2,1099,630,4231,289
lobby_511046560,TaToH,2026,1860.88,2,1305,631,4068,291
lobby_511046560,TaToH,2026,1867.38,2,1470,631,3980,291
lobby_511046560,TaToH,2026,1873.88,2,1586,692,3946,312
lobby_511046560,TaToH,2026,1880.38,2,1503,621,3783,289
lobby_511046560,TaToH,2026,1886.88,2,1242,635,3789,295
lobby_511046560,TaToH,2026,1893.38,2,1386,665,3613,305
lobby_511046560,TaToH,2026,1900.45,2,1271,635,3532,299
lobby_511046560,TaToH,2026,1906.95,2,1118,635,3475,303
lobby_511046560,TaToH,2026,1913.45,2,1168,637,3366,303
lobby_511046560,TaToH,2026,1919.95,2,1357,651,3207,308
lobby_511046560,TaToH,2026,1926.45,2,1451,703,3453,324
lobby_511046560,TaToH,2026,1932.95,2,1563,658,3294,310
lobby_511046560,TaToH,2026,1939.45,2,1429,730,3358,334
lobby_511046560,TaToH,2026,1946.235,2,1355,901,3348,389
lobby_511046560,TaToH,2026,1952.735,2,1236,984,3277,420
lobby_511046560,TaToH,2026,1959.365,2,638,776,2919,352
lobby_511046560,TaToH,2026,1966.894,2,906,952,3252,408
lobby_511046560,TaToH,2026,1974.063,2,988,832,3216,363
lobby_511046560,TaToH,2026,1980.563,2,900,757,2861,345
lobby_511046560,TaToH,2026,1988.357,2,960,847,2840,376
lobby_511046560,TaToH,2026,1995.175,2,862,897,2728,395
lobby_511046560,TaToH,2026,2002.065,2,1039,896,2876,392
lobby_511046560,TaToH,2026,2011.031,2,1094,822,2895,362
lobby_511046560,TaToH,2026,2018.988,2,1131,816,3681,360
lobby_511046560,TaToH,2026,2026.208,2,1321,901,3660,391
lobby_511046560,TaToH,2026,2033.488,2,1077,900,3897,390
lobby_511046560,TaToH,2026,2041.558,2,1192,944,3633,408
lobby_511046560,TaToH,2026,2049.058,2,975,958,3794,408
lobby_511046560,TaToH,2026,2056.062,2,1213,983,4297,416
lobby_511046560,TaToH,2026,2062.562,2,1268,1161,4994,474
lobby_511046560,TaToH,2026,2070.296,2,1505,1134,5365,464
lobby_511046560,TaToH,2026,2077.004,2,1533,1228,6335,496
lobby_511046560,TaToH,2026,2086.333,2,1409,730,5506,335
lobby_511046560,TaToH,2026,2095.187,2,1572,715,5241,336
lobby_511046560,TaToH,2026,2105.176,2,1765,718,5099,344
lobby_511046560,TaToH,2026,2111.881,2,1681,718,5172,345
lobby_511046560,TaToH,2026,2118.381,2,1673,720,5273,346
lobby_511046560,TaToH,2026,2125.444,2,1005,731,5352,349
lobby_511046560,TaToH,2026,2131.944,2,1277,751,5540,353
lobby_511046560,TaToH,2026,2142.192,2,1706,808,5018,374
lobby_511046560,TaToH,2026,2149.604,2,1717,914,5111,408
lobby_511046560,TaToH,2026,2157.539,2,1998,1030,5007,445
lobby_511046560,TaToH,2026,2166.048,2,2214,1338,5164,548
lobby_511046560,TaToH,2026,2173.787,2,2404,1408,5054,567
lobby_511046560,TaToH,2026,2184.939,2,2473,1377,4849,554
lobby_511046560,TaToH,2026,2196.823,2,1244,1218,5234,501
lobby_511046560,TaToH,2026,2207.971,2,1468,1007,4865,433
lobby_511046560,TaToH,2026,2216.595,2,1415,1032,4732,437
lobby_511046560,TaToH,2026,2224.922,2,1263,1009,4670,434
lobby_511046560,TaToH,2026,2233.694,2,1125,1013,4701,436
lobby_511046560,TaToH,2026,2243.73,2,1406,1033,4479,444
lobby_511046560,TaToH,2026,2254.462,2,1790,1047,4164,445
lobby_511046560,TaToH,2026,2265.126,2,1865,983,4157,426
lobby_511046560,TaToH,2026,2277.286,2,2237,1286,5051,527
lobby_511046560,TaToH,2026,2289.294,2,2452,1345,7122,538
lobby_511046560,TaToH,2026,2299.372,2,1889,1413,9430,555
lobby_511046560,TaToH,2026,2310.036,2,2082,1273,10174,504
lobby_511046560,TaToH,2026,2320.972,2,1915,1328,10481,525
lobby_511046560,TaToH,2026,2331.798,2,2085,973,10169,408
lobby_511046560,TaToH,2026,2342.164,2,1688,1030,10138,433
lobby_511046560,TaToH,2026,2352.844,2,1542,1086,10065,453
lobby_511046560,TaToH,2026,2363.244,2,1915,1080,9551,453
lobby_511046560,TaToH,2026,2373.594,2,2123,1200,9682,494
lobby_511046560,TaToH,2026,2384.094,2,2330,1184,9922,485
lobby_511046560,TaToH,2026,2394.386,2,1910,1166,9498,481
lobby_511046560,TaToH,2026,2404.552,2,1602,1146,8957,488
lobby_511046560,TaToH,2026,2414.95,2,1751,998,8461,436
lobby_511046560,TaToH,2026,2424.676,2,1145,1127,8750,481
lobby_511046560,TaToH,2026,2435.344,2,1120,1223,8467,511
lobby_511046560,TaToH,2026,2446.344,2,1277,1174,7898,497
lobby_511046560,TaToH,2026,2457.285,2,978,1225,8183,511
lobby_511046560,TaToH,2026,2467.652,2,999,1515,8469,599
lobby_511046560,TaToH,2026,2477.996,2,1166,1555,7838,614
lobby_511046560,TaToH,2026,2488.679,2,1121,1159,7380,488
lobby_511046560,TaToH,2026,2499.651,2,802,1394,7560,569
lobby_511046560,TaToH,2026,2509.939,2,990,1566,7984,623
lobby_511046560,TaToH,2026,2520.515,2,1211,1291,7751,532
lobby_511046560,TaToH,2026,2531.832,2,1111,1400,8355,569
lobby_511046560,TaToH,2026,2543.149,2,1265,1586,9553,623
lobby_511046560,TaToH,2026,2553.677,2,1170,1343,9928,538
lobby_511046560,TaToH,2026,2564.669,2,1151,1437,9811,570
lobby_511046560,TaToH,2026,2575.381,2,1523,1197,9073,492
lobby_511046560,TaToH,2026,2586.535,2,1742,1211,9109,498
lobby_511046560,TaToH,2026,2597.298,2,1750,1221,8593,503
lobby_511046560,TaToH,2026,2608.36,2,2168,1099,8029,475
lobby_511046560,TaToH,2026,2619.628,2,2737,1270,8128,531
lobby_511046560,TaToH,2026,2631.668,2,3280,1291,8799,539
lobby_511046560,TaToH,2026,2643.524,2,3376,1378,10699,552
lobby_511046560,TaToH,2026,2654.063,2,3286,1141,12644,469
lobby_511046560,TaToH,2026,2665.131,2,3686,1327,14610,525
lobby_511046560,TaToH,2026,2675.959,2,3629,1311,14839,520
lobby_511046560,TaToH,2026,2687.191,2,3445,1196,14993,481
lobby_511046560,TaToH,2026,2698.117,2,2736,1162,14637,472
lobby_511046560,TaToH,2026,2709.081,2,3061,1330,14496,530
lobby_511046560,TaToH,2026,2720.01,2,3180,1390,16072,542
lobby_511046560,TaToH,2026,2731.358,2,3470,1523,16564,585
lobby_511046560,TaToH,2026,2742.801,2,3241,1577,16322,593
lobby_511046560,TaToH,2026,2753.769,2,2536,1587,16784,600
lobby_511046560,TaToH,2026,2765.033,2,2429,1280,17387,491
lobby_511046560,TaToH,2026,2776.765,2,2720,1413,18020,532
lobby_511046560,TaToH,2026,2788.601,2,3114,1444,19977,528
lobby_511046560,TaToH,2026,2799.056,2,2972,1495,21352,540
ranked_506421735,TaToH,2026,8.684,2,450,28,600,16
ranked_506421735,TaToH,2026,15.184,2,450,28,600,16
ranked_506421735,TaToH,2026,21.684,2,450,28,600,16
ranked_506421735,TaToH,2026,28.184,2,450,36,900,19
ranked_506421735,TaToH,2026,34.684,2,450,36,750,18
ranked_506421735,TaToH,2026,41.184,2,450,36,758,18
ranked_506421735,TaToH,2026,47.684,2,450,36,767,18
ranked_506421735,TaToH,2026,54.184,2,469,38,758,19
ranked_506421735,TaToH,2026,60.684,2,469,38,767,19
ranked_506421735,TaToH,2026,67.184,2,469,38,778,19
ranked_506421735,TaToH,2026,73.684,2,469,38,788,19
ranked_506421735,TaToH,2026,80.184,2,509,40,758,20
ranked_506421735,TaToH,2026,86.684,2,469,40,760,20
ranked_506421735,TaToH,2026,93.184,2,469,40,777,20
ranked_506421735,TaToH,2026,99.684,2,469,40,789,20
ranked_506421735,TaToH,2026,106.184,2,469,42,802,21
ranked_506421735,TaToH,2026,112.684,2,481,44,900,22
ranked_506421735,TaToH,2026,119.184,2,481,44,910,22
ranked_506421735,TaToH,2026,125.684,2,481,44,926,22
ranked_506421735,TaToH,2026,132.184,2,481,46,940,23
ranked_506421735,TaToH,2026,138.684,2,481,46,956,23
ranked_506421735,TaToH,2026,145.184,2,493,46,908,23
ranked_506421735,TaToH,2026,151.684,2,497,48,919,24
ranked_506421735,TaToH,2026,158.184,2,473,48,913,24
ranked_506421735,TaToH,2026,164.684,2,473,48,932,24
ranked_506421735,TaToH,2026,171.184,2,483,48,943,24
ranked_506421735,TaToH,2026,177.684,2,483,50,961,25
ranked_506421735,TaToH,2026,184.184,2,527,50,940,25
ranked_506421735,TaToH,2026,190.684,2,556,50,933,25
ranked_506421735,TaToH,2026,197.184,2,526,50,923,25
ranked_506421735,TaToH,2026,203.684,2,526,52,937,26
ranked_506421735,TaToH,2026,210.184,2,503,52,936,26
ranked_506421735,TaToH,2026,216.684,2,513,52,956,26
ranked_506421735,TaToH,2026,223.184,2,533,52,960,26
ranked_506421735,TaToH,2026,229.684,2,508,54,993,28
ranked_506421735,TaToH,2026,236.184,2,548,54,929,28
ranked_506421735,TaToH,2026,242.684,2,568,54,941,28
ranked_506421735,TaToH,2026,249.184,2,578,54,961,28
ranked_506421735,TaToH,2026,255.684,2,537,56,976,29
ranked_506421735,TaToH,2026,262.184,2,437,58,1008,30
ranked_506421735,TaToH,2026,268.684,2,571,58,908,30
ranked_506421735,TaToH,2026,275.184,2,581,58,922,30
ranked_506421735,TaToH,2026,281.684,2,481,60,959,31
ranked_506421735,TaToH,2026,288.184,2,481,60,996,31
ranked_506421735,TaToH,2026,294.684,2,498,60,1004,32
ranked_506421735,TaToH,2026,301.184,2,534,62,1006,32
ranked_506421735,TaToH,2026,307.684,2,665,64,912,33
ranked_506421735,TaToH,2026,314.184,2,665,64,943,33
ranked_506421735,TaToH,2026,320.684,2,654,64,942,33
ranked_506421735,TaToH,2026,327.184,2,480,66,980,35
ranked_506421735,TaToH,2026,333.684,2,474,68,963,35
ranked_506421735,TaToH,2026,340.184,2,474,68,996,35
ranked_506421735,TaToH,2026,346.684,2,584,68,926,35
ranked_506421735,TaToH,2026,353.184,2,559,70,957,37
ranked_506421735,TaToH,2026,359.684,2,569,70,989,37
ranked_506421735,TaToH,2026,366.184,2,610,70,981,37
ranked_506421735,TaToH,2026,372.684,2,640,70,979,37
ranked_506421735,TaToH,2026,379.184,2,640,72,1020,38
ranked_506421735,TaToH,2026,385.684,2,735,74,968,38
ranked_506421735,TaToH,2026,392.184,2,805,74,937,38
ranked_506421735,TaToH,2026,398.684,2,858,74,919,38
ranked_506421735,TaToH,2026,405.184,2,391,76,923,39
ranked_506421735,TaToH,2026,411.684,2,401,78,955,39
ranked_506421735,TaToH,2026,418.184,2,426,78,975,39
ranked_506421735,TaToH,2026,424.684,2,498,78,937,39
ranked_506421735,TaToH,2026,431.184,2,508,78,963,39
ranked_506421735,TaToH,2026,437.684,2,551,78,951,39
ranked_506421735,TaToH,2026,444.184,2,571,78,961,39
ranked_506421735,TaToH,2026,450.684,2,581,78,988,39
ranked_506421735,TaToH,2026,457.184,2,421,78,1020,40
ranked_506421735,TaToH,2026,463.684,2,457,78,1025,40
ranked_506421735,TaToH,2026,470.184,2,487,78,1020,40
ranked_506421735,TaToH,2026,476.684,2,485,80,942,40
ranked_506421735,TaToH,2026,483.184,2,492,82,975,42
ranked_506421735,TaToH,2026,489.684,2,505,82,1004,41
ranked_506421735,TaToH,2026,496.184,2,585,82,966,41
ranked_506421735,TaToH,2026,502.684,2,652,84,937,43
ranked_506421735,TaToH,2026,509.184,2,649,84,973,44
ranked_506421735,TaToH,2026,515.684,2,688,86,953,51
ranked_506421735,TaToH,2026,522.184,2,718,90,945,51
ranked_506421735,TaToH,2026,528.684,2,668,92,944,51
ranked_506421735,TaToH,2026,535.184,2,698,92,792,50
ranked_506421735,TaToH,2026,541.684,2,483,92,813,51
ranked_506421735,TaToH,2026,548.184,2,503,94,827,51
ranked_506421735,TaToH,2026,554.684,2,383,98,837,52
ranked_506421735,TaToH,2026,561.184,2,428,100,795,53
ranked_506421735,TaToH,2026,567.684,2,438,102,818,53
ranked_506421735,TaToH,2026,574.184,2,425,102,814,53
ranked_506421735,TaToH,2026,580.684,2,455,104,819,53
ranked_506421735,TaToH,2026,587.184,2,485,106,823,54
ranked_506421735,TaToH,2026,593.684,2,505,106,843,54
ranked_506421735,TaToH,2026,600.184,2,480,108,821,55
ranked_506421735,TaToH,2026,606.684,2,475,106,662,54
ranked_506421735,TaToH,2026,613.184,2,515,108,661,55
ranked_506421735,TaToH,2026,619.684,2,495,108,671,55
ranked_506421735,TaToH,2026,626.184,2,355,110,693,56
ranked_506421735,TaToH,2026,632.684,2,357,110,661,56
ranked_506421735,TaToH,2026,639.184,2,337,114,675,59
ranked_506421735,TaToH,2026,645.684,2,317,114,685,59
ranked_506421735,TaToH,2026,652.184,2,277,120,737,62
ranked_506421735,TaToH,2026,658.684,2,188,116,749,61
ranked_506421735,TaToH,2026,665.184,2,228,120,682,62
ranked_506421735,TaToH,2026,671.684,2,228,120,505,62
ranked_506421735,TaToH,2026,678.184,2,248,120,524,62
ranked_506421735,TaToH,2026,684.684,2,278,122,534,63
ranked_506421735,TaToH,2026,691.184,2,264,136,559,67
ranked_506421735,TaToH,2026,697.684,2,328,130,522,65
ranked_506421735,TaToH,2026,704.184,2,318,128,535,64
ranked_506421735,TaToH,2026,710.684,2,338,134,569,67
ranked_506421735,TaToH,2026,717.184,2,363,130,576,66
ranked_506421735,TaToH,2026,723.684,2,237,130,548,67
ranked_506421735,TaToH,2026,730.184,2,317,132,515,68
ranked_506421735,TaToH,2026,736.684,2,343,134,540,69
ranked_506421735,TaToH,2026,743.184,2,343,134,588,69
ranked_506421735,TaToH,2026,749.684,2,333,136,589,69
ranked_506421735,TaToH,2026,756.184,2,410,142,368,70
ranked_506421735,TaToH,2026,762.684,2,270,147,411,72
ranked_506421735,TaToH,2026,769.184,2,253,150,429,73
ranked_506421735,TaToH,2026,775.684,2,233,149,445,73
ranked_506421735,TaToH,2026,782.184,2,323,140,403,70
ranked_506421735,TaToH,2026,788.684,2,363,145,433,72
ranked_506421735,TaToH,2026,795.184,2,350,181,503,85
ranked_506421735,TaToH,2026,801.684,2,380,200,527,90
ranked_506421735,TaToH,2026,808.184,2,450,179,503,85
ranked_506421735,TaToH,2026,814.684,2,480,160,433,78
ranked_506421735,TaToH,2026,821.184,2,565,148,406,74
ranked_506421735,TaToH,2026,827.684,2,465,148,464,75
ranked_506421735,TaToH,2026,834.184,2,445,146,303,74
ranked_506421735,TaToH,2026,840.684,2,534,148,264,75
ranked_506421735,TaToH,2026,847.184,2,529,151,599,76
ranked_506421735,TaToH,2026,853.684,2,520,151,544,76
ranked_506421735,TaToH,2026,860.184,2,411,151,582,77
ranked_506421735,TaToH,2026,866.684,2,416,151,601,78
ranked_506421735,TaToH,2026,873.184,2,446,157,606,79
ranked_506421735,TaToH,2026,879.684,2,346,157,649,79
ranked_506421735,TaToH,2026,886.184,2,506,202,590,93
ranked_506421735,TaToH,2026,892.684,2,556,183,845,86
ranked_506421735,TaToH,2026,899.184,2,406,166,905,83
ranked_506421735,TaToH,2026,905.684,2,446,168,899,83
ranked_506421735,TaToH,2026,912.184,2,498,171,686,83
ranked_506421735,TaToH,2026,918.684,2,618,190,621,89
ranked_506421735,TaToH,2026,925.184,2,458,192,686,90
ranked_506421735,TaToH,2026,931.684,2,428,172,695,85
ranked_506421735,TaToH,2026,938.184,2,468,174,697,85
ranked_506421735,TaToH,2026,944.684,2,598,214,611,96
ranked_506421735,TaToH,2026,951.184,2,653,178,582,87
ranked_506421735,TaToH,2026,957.684,2,673,187,641,90
ranked_506421735,TaToH,2026,964.184,2,733,201,627,95
ranked_506421735,TaToH,2026,970.684,2,613,182,601,90
ranked_506421735,TaToH,2026,977.184,2,523,182,591,92
ranked_506421735,TaToH,2026,983.684,2,488,184,602,93
ranked_506421735,TaToH,2026,990.184,2,546,188,576,93
ranked_506421735,TaToH,2026,996.684,2,637,192,531,94
ranked_506421735,TaToH,2026,1003.184,2,706,194,524,95
ranked_506421735,TaToH,2026,1009.684,2,786,199,505,96
ranked_506421735,TaToH,2026,1016.184,2,806,196,553,95
ranked_506421735,TaToH,2026,1022.684,2,867,207,521,99
ranked_506421735,TaToH,2026,1029.184,2,969,235,811,108
ranked_506421735,TaToH,2026,1035.684,2,864,206,761,99
ranked_506421735,TaToH,2026,1042.184,2,794,209,773,100
ranked_506421735,TaToH,2026,1048.684,2,804,271,849,121
ranked_506421735,TaToH,2026,1055.184,2,874,275,1108,122
ranked_506421735,TaToH,2026,1061.684,2,959,271,1366,121
ranked_506421735,TaToH,2026,1068.184,2,949,216,1254,101
ranked_506421735,TaToH,2026,1074.684,2,834,215,1268,103
ranked_506421735,TaToH,2026,1081.184,2,914,218,1234,104
ranked_506421735,TaToH,2026,1087.684,2,964,262,1268,118
ranked_506421735,TaToH,2026,1094.184,2,1014,241,1525,111
ranked_506421735,TaToH,2026,1100.684,2,1073,247,1455,111
ranked_506421735,TaToH,2026,1107.184,2,1113,244,1396,110
ranked_506421735,TaToH,2026,1113.684,2,1093,264,1416,117
ranked_506421735,TaToH,2026,1120.184,2,1104,251,1373,113
ranked_506421735,TaToH,2026,1126.684,2,1244,260,1353,117
ranked_506421735,TaToH,2026,1133.184,2,1206,254,1625,115
ranked_506421735,TaToH,2026,1139.684,2,1328,244,1527,110
ranked_506421735,TaToH,2026,1146.184,2,438,267,1481,119
ranked_506421735,TaToH,2026,1152.684,2,438,243,1414,112
ranked_506421735,TaToH,2026,1159.184,2,458,264,1451,119
ranked_506421735,TaToH,2026,1165.684,2,573,252,1554,114
ranked_506421735,TaToH,2026,1172.184,2,643,270,1609,120
ranked_506421735,TaToH,2026,1178.684,2,648,289,2187,124
ranked_506421735,TaToH,2026,1185.184,2,728,277,2701,118
ranked_506421735,TaToH,2026,1191.684,2,723,270,2690,117
ranked_506421735,TaToH,2026,1198.184,2,732,246,2623,109
ranked_506421735,TaToH,2026,1204.684,2,852,265,2821,114
ranked_506421735,TaToH,2026,1211.184,2,637,253,2719,110
ranked_506421735,TaToH,2026,1217.684,2,671,253,2674,111
ranked_506421735,TaToH,2026,1224.184,2,762,254,2665,111
ranked_506421735,TaToH,2026,1230.684,2,771,254,2601,111
ranked_506421735,TaToH,2026,1237.184,2,898,254,2481,111
ranked_506421735,TaToH,2026,1243.684,2,946,258,2447,112
ranked_506421735,TaToH,2026,1250.184,2,1006,258,2355,112
ranked_506421735,TaToH,2026,1256.684,2,1071,258,2281,113
ranked_506421735,TaToH,2026,1263.184,2,977,258,2219,114
ranked_506421735,TaToH,2026,1269.684,2,1077,258,2134,114
ranked_506421735,TaToH,2026,1276.184,2,1187,260,2032,115
ranked_506421735,TaToH,2026,1282.684,2,1277,260,1947,115
ranked_506421735,TaToH,2026,1289.184,2,1317,257,1927,114
ranked_506421735,TaToH,2026,1295.684,2,1437,259,1821,114
ranked_506421735,TaToH,2026,1302.184,2,1507,259,1770,114
ranked_506421735,TaToH,2026,1308.684,2,1397,261,1697,115
ranked_506421735,TaToH,2026,1315.184,2,974,261,1640,116
ranked_506421735,TaToH,2026,1321.684,2,482,261,1529,116
ranked_506421735,TaToH,2026,1328.184,2,569,261,1440,116
ranked_506421735,TaToH,2026,1334.684,2,507,263,1590,117
ranked_506421735,TaToH,2026,1341.184,2,587,263,1515,117
ranked_506421735,TaToH,2026,1347.684,2,687,280,1447,122
ranked_506421735,TaToH,2026,1354.184,2,552,289,1206,127
ranked_506421735,TaToH,2026,1360.684,2,493,283,1168,125
ranked_506421735,TaToH,2026,1367.184,2,433,271,1122,121
ranked_506421735,TaToH,2026,1373.684,2,543,292,1061,129
ranked_506421735,TaToH,2026,1380.184,2,553,263,1037,119
ranked_506421735,TaToH,2026,1386.684,2,673,266,980,120
ranked_506421735,TaToH,2026,1393.184,2,803,260,901,119
ranked_506421735,TaToH,2026,1399.684,2,865,302,876,136
ranked_506421735,TaToH,2026,1406.184,2,610,282,838,128
ranked_506421735,TaToH,2026,1412.684,2,691,259,894,120
ranked_506421735,TaToH,2026,1419.184,2,448,263,908,121
ranked_506421735,TaToH,2026,1425.684,2,527,263,868,121
ranked_506421735,TaToH,2026,1432.184,2,530,258,817,121
ranked_506421735,TaToH,2026,1438.684,2,511,260,783,122
ranked_506421735,TaToH,2026,1445.184,2,621,262,713,122
ranked_506421735,TaToH,2026,1451.684,2,708,265,802,122
ranked_506421735,TaToH,2026,1458.184,2,798,267,755,123
ranked_506421735,TaToH,2026,1464.684,2,848,267,759,123
ranked_506421735,TaToH,2026,1471.184,2,968,267,690,123
ranked_506421735,TaToH,2026,1477.684,2,1058,246,584,118
ranked_506421735,TaToH,2026,1484.324,2,1148,240,679,118
ranked_506421735,TaToH,2026,1490.824,2,803,240,671,119
ranked_506421735,TaToH,2026,1497.324,2,905,246,981,120
ranked_506421735,TaToH,2026,1503.824,2,686,233,693,120
ranked_506421735,TaToH,2026,1510.324,2,796,235,667,121
ranked_506421735,TaToH,2026,1516.824,2,796,251,659,124
ranked_506421735,TaToH,2026,1523.324,2,886,254,1162,124
ranked_506421735,TaToH,2026,1529.824,2,836,267,1457,127
ranked_506421735,TaToH,2026,1536.324,2,926,282,1426,132
ranked_506421735,TaToH,2026,1542.824,2,997,312,1671,142
ranked_506421735,TaToH,2026,1549.324,2,1037,301,1657,137
ranked_506421735,TaToH,2026,1555.824,2,1076,310,1636,142
ranked_506421735,TaToH,2026,1562.324,2,1014,298,1647,139
ranked_506421735,TaToH,2026,1568.824,2,994,288,1613,138
ranked_506421735,TaToH,2026,1575.324,2,944,290,1597,142
ranked_506421735,TaToH,2026,1581.824,2,1026,297,1544,144
ranked_506421735,TaToH,2026,1588.324,2,1001,303,1514,147
ranked_506421735,TaToH,2026,1594.824,2,971,307,1529,148
ranked_506421735,TaToH,2026,1601.324,2,1054,310,1397,147
ranked_506421735,TaToH,2026,1607.824,2,606,317,1442,151
ranked_506421735,TaToH,2026,1614.324,2,736,327,1442,154
ranked_506421735,TaToH,2026,1621.07,2,936,347,1656,162
ranked_506421735,TaToH,2026,1627.712,2,996,340,1955,156
ranked_506421735,TaToH,2026,1634.35,2,1066,330,1905,155
ranked_506421735,TaToH,2026,1640.85,2,1099,329,1904,155
ranked_506421735,TaToH,2026,1647.35,2,1082,348,2259,162
ranked_506421735,TaToH,2026,1653.85,2,1229,333,2207,157
ranked_506421735,TaToH,2026,1660.35,2,1054,368,2229,173
ranked_506421735,TaToH,2026,1666.85,2,1085,376,2155,176
ranked_506421735,TaToH,2026,1673.35,2,1005,335,2215,164
ranked_506421735,TaToH,2026,1679.85,2,1135,342,2311,165
ranked_506421735,TaToH,2026,1686.35,2,1198,354,2159,168
ranked_506421735,TaToH,2026,1692.85,2,1073,369,2190,176
ranked_506421735,TaToH,2026,1699.35,2,1202,361,2425,170
ranked_506421735,TaToH,2026,1705.85,2,973,367,2374,175
ranked_506421735,TaToH,2026,1712.86,2,993,398,2312,184
ranked_506421735,TaToH,2026,1719.36,2,1083,406,2246,187
ranked_506421735,TaToH,2026,1725.86,2,1092,375,2229,177
ranked_506421735,TaToH,2026,1732.36,2,1194,419,2495,190
ranked_506421735,TaToH,2026,1739.145,2,1363,397,2720,182
ranked_506421735,TaToH,2026,1745.645,2,1238,394,2372,185
ranked_506421735,TaToH,2026,1752.29,2,1358,392,2604,184
ranked_506421735,TaToH,2026,1758.87,2,908,412,2835,192
ranked_506421735,TaToH,2026,1765.37,2,926,406,2717,192
ranked_506421735,TaToH,2026,1771.87,2,1001,416,2656,195
ranked_506421735,TaToH,2026,1778.37,2,1011,418,2634,195
ranked_506421735,TaToH,2026,1784.87,2,1050,421,2876,197
ranked_506421735,TaToH,2026,1791.37,2,1123,437,3039,203
ranked_506421735,TaToH,2026,1797.87,2,1203,476,4528,211
ranked_506421735,TaToH,2026,1804.37,2,1203,502,4415,219
ranked_506421735,TaToH,2026,1810.87,2,1285,478,4267,212
ranked_506421735,TaToH,2026,1817.37,2,1050,470,4157,214
ranked_506421735,TaToH,2026,1823.87,2,989,479,4123,219
ranked_506421735,TaToH,2026,1830.37,2,1169,485,4011,221
ranked_506421735,TaToH,2026,1836.87,2,1299,484,3869,221
ranked_506421735,TaToH,2026,1843.37,2,1209,491,3809,229
ranked_506421735,TaToH,2026,1849.87,2,852,517,4059,235
ranked_506421735,TaToH,2026,1856.37,2,1111,552,3923,248
ranked_506421735,TaToH,2026,1862.87,2,1221,563,4120,251
ranked_506421735,TaToH,2026,1869.37,2,1393,527,4176,236
ranked_506421735,TaToH,2026,1875.87,2,1614,538,4619,240
ranked_506421735,TaToH,2026,1882.37,2,1524,521,4584,233
ranked_506421735,TaToH,2026,1888.87,2,1658,540,4891,238
ranked_506421735,TaToH,2026,1895.37,2,1518,514,4598,231
ranked_506421735,TaToH,2026,1901.87,2,1504,502,4381,227
ranked_506421735,TaToH,2026,1908.825,2,1201,506,4449,229
ranked_506421735,TaToH,2026,1915.325,2,1092,518,4415,234
ranked_506421735,TaToH,2026,1921.825,2,1199,534,4640,240
ranked_506421735,TaToH,2026,1928.325,2,1174,547,4512,251
ranked_506421735,TaToH,2026,1934.825,2,1167,526,4286,243
ranked_506421735,TaToH,2026,1941.325,2,1307,546,4525,248
ranked_506421735,TaToH,2026,1947.825,2,1410,536,4563,244
ranked_506421735,TaToH,2026,1954.325,2,1525,584,4451,260
ranked_506421735,TaToH,2026,1960.825,2,1721,608,4098,268
ranked_506421735,TaToH,2026,1967.335,2,1709,547,4298,247
ranked_506421735,TaToH,2026,1975.13,2,1589,584,4217,263
ranked_506421735,TaToH,2026,1981.63,2,1772,624,4343,275
ranked_506421735,TaToH,2026,1988.13,2,1932,624,4204,276
ranked_506421735,TaToH,2026,1995.053,2,2042,664,4192,293
ranked_506421735,TaToH,2026,2001.553,2,2137,682,4317,299
ranked_506421735,TaToH,2026,2008.053,2,1937,633,4384,282
ranked_506421735,TaToH,2026,2014.665,2,1858,572,4499,262
ranked_506421735,TaToH,2026,2021.45,2,1898,574,4368,264
ranked_506421735,TaToH,2026,2027.95,2,1867,627,4284,282
ranked_506421735,TaToH,2026,2034.45,2,1922,600,4344,275
ranked_506421735,TaToH,2026,2041.146,2,2042,577,4140,268
ranked_506421735,TaToH,2026,2047.646,2,1957,605,4362,277
ranked_506421735,TaToH,2026,2054.146,2,1932,584,4205,270
ranked_506421735,TaToH,2026,2060.646,2,1797,587,3992,274
ranked_506421735,TaToH,2026,2067.146,2,2002,597,3833,281
ranked_506421735,TaToH,2026,2073.646,2,2268,644,3709,297
ranked_506421735,TaToH,2026,2080.426,2,2252,604,3597,282
ranked_506421735,TaToH,2026,2086.926,2,2220,617,3450,287
ranked_506421735,TaToH,2026,2093.426,2,1890,619,3912,285
ranked_506421735,TaToH,2026,2099.926,2,1814,619,4044,289
ranked_506421735,TaToH,2026,2106.936,2,1566,594,3959,281
ranked_506421735,TaToH,2026,2113.646,2,1786,617,3839,289
ranked_506421735,TaToH,2026,2120.161,2,1846,620,3747,290
ranked_506421735,TaToH,2026,2127.026,2,2137,637,3910,296
ranked_506421735,TaToH,2026,2134.181,2,2086,637,3813,300
ranked_506421735,TaToH,2026,2142.411,2,2226,630,3649,301
ranked_506421735,TaToH,2026,2148.911,2,2437,631,3565,302
ranked_506421735,TaToH,2026,2155.411,2,2363,660,3401,314
ranked_506421735,TaToH,2026,2161.911,2,2309,658,3233,314
ranked_506421735,TaToH,2026,2168.411,2,2404,707,3064,330
ranked_506421735,TaToH,2026,2174.911,2,2367,676,3028,319
ranked_506421735,TaToH,2026,2181.411,2,2527,681,3535,319
ranked_506421735,TaToH,2026,2188.046,2,2077,665,3714,313
ranked_506421735,TaToH,2026,2195.316,2,2177,678,3525,318
ranked_506421735,TaToH,2026,2201.816,2,2238,713,3893,329
ranked_506421735,TaToH,2026,2208.541,2,2112,680,3580,322
ranked_506421735,TaToH,2026,2215.281,2,2068,664,3479,315
ranked_506421735,TaToH,2026,2222.221,2,2251,667,3517,316
ranked_506421735,TaToH,2026,2228.721,2,2448,700,3455,329
ranked_506421735,TaToH,2026,2235.581,2,2542,730,3683,338
ranked_506421735,TaToH,2026,2242.081,2,2630,741,3561,341
ranked_506421735,TaToH,2026,2248.693,2,2643,703,3338,329
ranked_506421735,TaToH,2026,2255.193,2,2687,694,3210,326
ranked_506421735,TaToH,2026,2261.693,2,2858,692,3442,324
ranked_506421735,TaToH,2026,2268.193,2,2808,701,3320,329
ranked_506421735,TaToH,2026,2275.035,2,2808,721,3931,336
ranked_506421735,TaToH,2026,2282.542,2,3038,693,3790,327
ranked_506421735,TaToH,2026,2289.587,2,1418,700,3792,331
ranked_506421735,TaToH,2026,2296.767,2,1344,698,3765,329
ranked_506421735,TaToH,2026,2304.639,2,1621,695,3614,328
ranked_506421735,TaToH,2026,2311.345,2,1250,713,3920,332
ranked_506421735,TaToH,2026,2318.943,2,1438,694,3583,330
ranked_506421735,TaToH,2026,2325.848,2,1631,709,3493,342
ranked_506421735,TaToH,2026,2332.348,2,710,697,3418,338
ranked_506421735,TaToH,2026,2338.848,2,867,711,3415,342
ranked_506421735,TaToH,2026,2346.143,2,1038,737,3262,348
ranked_506421735,TaToH,2026,2353.861,2,1358,701,2964,346
ranked_506421735,TaToH,2026,2360.839,2,1224,737,2952,356
ranked_506421735,TaToH,2026,2367.564,2,1108,750,2836,361
ranked_506421735,TaToH,2026,2375.321,2,1340,733,2893,354
ranked_506421735,TaToH,2026,2382.266,2,1382,760,2830,364
ranked_506421735,TaToH,2026,2388.904,2,1296,769,2628,369
ranked_506421735,TaToH,2026,2396.445,2,1378,764,2845,366
ranked_506421735,TaToH,2026,2403.175,2,1311,805,3709,379
ranked_506421735,TaToH,2026,2410.111,2,1248,745,3548,358
ranked_506421735,TaToH,2026,2416.677,2,1259,749,3412,361
ranked_506421735,TaToH,2026,2424.424,2,1290,793,3304,380
ranked_506421735,TaToH,2026,2431.632,2,1178,764,3305,368
ranked_506421735,TaToH,2026,2438.492,2,1089,769,3118,371
ranked_506421735,TaToH,2026,2446.095,2,1129,761,2974,369
ranked_506421735,TaToH,2026,2453.359,2,1452,773,2994,373
ranked_506421735,TaToH,2026,2461.045,2,1699,783,2885,375
ranked_506421735,TaToH,2026,2468.506,2,1515,770,2910,371
ranked_506421735,TaToH,2026,2475.849,2,1022,787,3002,380
ranked_506421735,TaToH,2026,2482.847,2,1197,767,2699,374
ranked_506421735,TaToH,2026,2489.66,2,1458,778,2557,382
ranked_506421735,TaToH,2026,2497.333,2,1172,797,2613,387
ranked_506421735,TaToH,2026,2505.757,2,1559,801,3121,385
ranked_506421735,TaToH,2026,2513.135,2,1279,795,3009,385
ranked_506421735,TaToH,2026,2520.535,2,1513,802,2503,390
ranked_506421735,TaToH,2026,2528.131,2,1385,853,2430,408
ranked_506421735,TaToH,2026,2535.863,2,1470,854,3225,405
ranked_506421735,TaToH,2026,2542.87,2,1580,860,3480,406
ranked_506421735,TaToH,2026,2550.048,2,1860,854,3802,403
ranked_506421735,TaToH,2026,2557.424,2,1748,872,3614,408
ranked_506421735,TaToH,2026,2565.062,2,1635,890,4324,415
ranked_506421735,TaToH,2026,2573.064,2,1976,947,5143,434
ranked_506421735,TaToH,2026,2580.384,2,1404,1002,7132,441
ranked_506421735,TaToH,2026,2587.777,2,1271,831,6755,386
ranked_506421735,TaToH,2026,2594.821,2,1405,832,6592,386
ranked_506421735,TaToH,2026,2601.976,2,1504,842,6401,394
ranked_506421735,TaToH,2026,2609.571,2,1688,852,6387,394
ranked_506421735,TaToH,2026,2617.939,2,1967,865,6262,398
ranked_506421735,TaToH,2026,2625.671,2,1464,933,6962,418
ranked_506421735,TaToH,2026,2633.75,2,1512,956,7584,427
ranked_506421735,TaToH,2026,2641.493,2,1830,985,8348,434
ranked_506421735,TaToH,2026,2648.617,2,1725,938,7882,413
ranked_506421735,TaToH,2026,2655.835,2,1992,1036,9929,445
ranked_506421735,TaToH,2026,2664.294,2,2317,1034,10925,439
ranked_506421735,TaToH,2026,2673.398,2,1281,959,11331,408
ranked_506421735,TaToH,2026,2680.833,2,1138,966,11586,411
ranked_506421735,TaToH,2026,2689.327,2,1263,946,11880,402
ranked_506421735,TaToH,2026,2697.553,2,1189,965,12260,406
ranked_506421735,TaToH,2026,2705.542,2,1082,971,12652,410
ranked_506421735,TaToH,2026,2712.606,2,946,955,12458,403
ranked_506421735,TaToH,2026,2720.229,2,737,1052,12463,438
ranked_506421735,TaToH,2026,2728.059,2,696,1095,13989,448
ranked_506421735,TaToH,2026,2735.559,2,706,1104,13774,450
ranked_506421735,TaToH,2026,2743.004,2,864,1071,13503,435
ranked_506421735,TaToH,2026,2750.13,2,936,1077,13620,437
ranked_506421735,TaToH,2026,2757.765,2,1183,1095,13381,443
ranked_506421735,TaToH,2026,2766.39,2,1192,1090,13013,442
ranked_506421735,TaToH,2026,2773.89,2,1057,1130,13386,453
ranked_506421735,TaToH,2026,2780.796,2,1121,1098,13206,443
ranked_506421735,TaToH,2026,2789.046,2,1006,1187,12882,473
ranked_506421735,TaToH,2026,2796.852,2,1124,1157,12680,460
ranked_506421735,TaToH,2026,2804.748,2,1006,1283,13188,505
ranked_506421735,TaToH,2026,2812.464,2,1019,1218,13028,480
ranked_506421735,TaToH,2026,2820.549,2,1069,1157,12738,463
ranked_506421735,TaToH,2026,2827.215,2,1345,1152,12062,464
ranked_506421735,TaToH,2026,2834.981,2,1145,1151,11384,465
ranked_506421735,TaToH,2026,2842.481,2,1419,1140,10845,462
ranked_506421735,TaToH,2026,2850.152,2,1670,1147,10341,465
ranked_506421735,TaToH,2026,2857.652,2,1393,1209,9866,488
ranked_506421735,TaToH,2026,2865.56,2,1731,1185,9174,480
ranked_506421735,TaToH,2026,2874.032,2,2091,1165,8924,473
ranked_506421735,TaToH,2026,2882.741,2,2123,1183,9702,477
ranked_506421735,TaToH,2026,2890.241,2,1838,1123,9164,460
ranked_506421735,TaToH,2026,2897.876,2,2283,1100,8700,453
ranked_506421735,TaToH,2026,2905.514,2,2415,1125,8327,463
ranked_506421735,TaToH,2026,2913.572,2,2374,1103,7543,459
ranked_506421735,TaToH,2026,2922.083,2,2237,1101,7072,459
ranked_506421735,TaToH,2026,2930.195,2,2369,1101,6624,465
ranked_506421735,TaToH,2026,2938.775,2,2482,1146,6846,477
ranked_506421735,TaToH,2026,2946.692,2,2382,1259,11276,503
ranked_506421735,TaToH,2026,2955.628,2,2444,1271,13468,494
ranked_506421735,TaToH,2026,2963.866,2,2417,1084,13201,435
ranked_506421735,TaToH,2026,2971.21,2,2676,1085,12888,439
ranked_506421735,TaToH,2026,2978.71,2,2696,1076,12701,438
ranked_506421735,TaToH,2026,2986.687,2,2628,1084,12466,442
ranked_506421735,TaToH,2026,2994.493,2,2350,1123,12157,460
ranked_506421735,TaToH,2026,3002.821,2,2257,1157,11953,470
ranked_506421735,TaToH,2026,3012.401,2,2962,1177,12323,475
ranked_506421735,TaToH,2026,3020.892,2,3114,1093,11631,443
ranked_506421735,TaToH,2026,3028.94,2,3124,1103,12148,454
ranked_506421735,TaToH,2026,3037.022,2,1735,1196,12158,485
ranked_506421735,TaToH,2026,3045.647,2,2059,1075,12455,441
ranked_506421735,TaToH,2026,3055.355,2,1915,1149,13990,464
ranked_506421735,TaToH,2026,3064.682,2,1605,1140,13424,463
ranked_506421735,TaToH,2026,3072.182,2,1442,1106,13150,450
ranked_506421735,TaToH,2026,3079.282,2,1015,1276,16163,505
ranked_506421735,TaToH,2026,3088.656,2,1116,1183,15955,476
ranked_506421735,TaToH,2026,3097.116,2,1068,1266,16499,500
ranked_506421735,TaToH,2026,3106.353,2,1302,1387,17494,534
ranked_506421735,TaToH,2026,3114.958,2,1612,1206,18330,466
ranked_506421735,TaToH,2026,3122.764,2,805,1188,18006,459
ranked_506421735,TaToH,2026,3131.379,2,958,1302,17640,502
ranked_506421735,TaToH,2026,3141.033,2,980,1295,17729,495
ranked_506421735,TaToH,2026,3150.099,2,1144,1385,19009,513
ranked_506421735,TaToH,2026,3158.411,2,798,1383,21648,512
ranked_506421735,TaToH,2026,3166.686,2,850,1402,22061,512
ranked_506421735,TaToH,2026,3174.286,2,1051,1357,22727,489
ranked_506421735,TaToH,2026,3183.286,2,1325,1364,23376,489
ranked_506421735,TaToH,2026,3191.575,2,1320,1361,23446,485
ranked_506421735,TaToH,2026,3200.407,2,1326,1391,23910,491
ranked_506421735,TaToH,2026,3208.003,2,1319,1425,23547,501
ranked_506421735,TaToH,2026,3215.203,2,1052,1477,22728,524
ranked_506421735,TaToH,2026,3222.949,2,800,1447,21987,514
ranked_506421735,TaToH,2026,3231.577,2,905,1484,21555,530
ranked_506421735,TaToH,2026,3239.491,2,952,1444,20728,513
ranked_506421735,TaToH,2026,3248.491,2,1248,1364,20394,496
ranked_506421735,TaToH,2026,3257.116,2,1172,1356,20527,495
ranked_506421735,TaToH,2026,3265.51,2,1369,1398,21515,505
ranked_506421735,TaToH,2026,3273.484,2,1207,1433,22025,514
ranked_506421735,TaToH,2026,3281.119,2,1329,1445,22355,512
ranked_506421735,TaToH,2026,3288.928,2,990,1442,21991,510
ranked_506421735,TaToH,2026,3296.493,2,634,1486,22321,534
ranked_506421735,TaToH,2026,3303.849,2,607,1484,22349,524
ranked_506421735,TaToH,2026,3312.215,2,887,1499,22376,526
ranked_506687982,TaToH,2026,8.866,1,550,30,600,17
ranked_506687982,TaToH,2026,15.366,1,550,30,600,17
ranked_506687982,TaToH,2026,21.866,1,550,32,600,17
ranked_506687982,TaToH,2026,28.366,1,450,32,500,17
ranked_506687982,TaToH,2026,34.866,1,450,34,503,17
ranked_506687982,TaToH,2026,41.366,1,450,34,512,17
ranked_506687982,TaToH,2026,47.866,1,450,34,520,17
ranked_506687982,TaToH,2026,54.366,1,450,36,529,18
ranked_506687982,TaToH,2026,60.866,1,470,36,519,18
ranked_506687982,TaToH,2026,67.366,1,490,36,510,18
ranked_506687982,TaToH,2026,73.866,1,490,36,521,18
ranked_506687982,TaToH,2026,80.366,1,490,38,533,19
ranked_506687982,TaToH,2026,86.866,1,536,42,700,21
ranked_506687982,TaToH,2026,93.366,1,536,42,707,21
ranked_506687982,TaToH,2026,99.866,1,486,42,724,21
ranked_506687982,TaToH,2026,106.366,1,486,44,736,22
ranked_506687982,TaToH,2026,112.866,1,486,44,748,22
ranked_506687982,TaToH,2026,119.366,1,496,44,700,22
ranked_506687982,TaToH,2026,125.866,1,504,56,700,28
ranked_506687982,TaToH,2026,132.366,1,454,52,1005,26
ranked_506687982,TaToH,2026,138.866,1,456,52,1020,26
ranked_506687982,TaToH,2026,145.366,1,485,52,1006,26
ranked_506687982,TaToH,2026,151.866,1,385,54,1023,28
ranked_506687982,TaToH,2026,158.366,1,368,54,1000,28
ranked_506687982,TaToH,2026,164.866,1,368,54,1019,28
ranked_506687982,TaToH,2026,171.366,1,399,54,1011,28
ranked_506687982,TaToH,2026,177.866,1,418,56,1009,29
ranked_506687982,TaToH,2026,184.366,1,418,56,1029,29
ranked_506687982,TaToH,2026,190.866,1,418,58,1042,29
ranked_506687982,TaToH,2026,197.366,1,368,58,1062,29
ranked_506687982,TaToH,2026,203.866,1,378,60,1074,30
ranked_506687982,TaToH,2026,210.366,1,406,60,1019,30
ranked_506687982,TaToH,2026,216.866,1,416,60,1030,30
ranked_506687982,TaToH,2026,223.366,1,387,60,1039,30
ranked_506687982,TaToH,2026,229.866,1,382,62,1048,32
ranked_506687982,TaToH,2026,236.366,1,392,62,1061,32
ranked_506687982,TaToH,2026,242.866,1,406,62,1023,32
ranked_506687982,TaToH,2026,249.366,1,406,62,1052,32
ranked_506687982,TaToH,2026,255.866,1,436,64,1051,33
ranked_506687982,TaToH,2026,262.366,1,452,66,1057,33
ranked_506687982,TaToH,2026,268.866,1,356,66,1631,34
ranked_506687982,TaToH,2026,275.366,1,360,66,1633,36
ranked_506687982,TaToH,2026,281.866,1,340,68,1620,37
ranked_506687982,TaToH,2026,288.366,1,340,68,1635,37
ranked_506687982,TaToH,2026,294.866,1,360,68,1646,37
ranked_506687982,TaToH,2026,301.366,1,380,70,1659,38
ranked_506687982,TaToH,2026,307.866,1,414,72,1656,38
ranked_506687982,TaToH,2026,314.366,1,391,72,1632,38
ranked_506687982,TaToH,2026,320.866,1,378,72,1651,39
ranked_506687982,TaToH,2026,327.366,1,371,74,1642,40
ranked_506687982,TaToH,2026,333.866,1,396,74,1651,40
ranked_506687982,TaToH,2026,340.366,1,416,74,1670,40
ranked_506687982,TaToH,2026,346.866,1,426,76,1699,40
ranked_506687982,TaToH,2026,353.366,1,385,80,1649,42
ranked_506687982,TaToH,2026,359.866,1,373,80,1651,42
ranked_506687982,TaToH,2026,366.366,1,393,80,1676,42
ranked_506687982,TaToH,2026,372.866,1,403,80,1705,42
ranked_506687982,TaToH,2026,379.366,1,426,82,1724,43
ranked_506687982,TaToH,2026,385.866,1,451,82,1745,43
ranked_506687982,TaToH,2026,392.366,1,376,84,1740,44
ranked_506687982,TaToH,2026,398.866,1,479,84,1677,44
ranked_506687982,TaToH,2026,405.366,1,513,84,1552,45
ranked_506687982,TaToH,2026,411.866,1,490,84,1561,45
ranked_506687982,TaToH,2026,418.366,1,510,84,1585,45
ranked_506687982,TaToH,2026,424.866,1,535,84,1608,45
ranked_506687982,TaToH,2026,431.366,1,435,86,1607,47
ranked_506687982,TaToH,2026,437.866,1,485,90,1598,48
ranked_506687982,TaToH,2026,444.366,1,515,90,1615,48
ranked_506687982,TaToH,2026,450.866,1,489,88,1509,47
ranked_506687982,TaToH,2026,457.366,1,495,92,1508,48
ranked_506687982,TaToH,2026,463.866,1,540,92,1518,48
ranked_506687982,TaToH,2026,470.366,1,595,92,1510,48
ranked_506687982,TaToH,2026,476.866,1,655,92,1514,48
ranked_506687982,TaToH,2026,483.366,1,685,92,1542,48
ranked_506687982,TaToH,2026,489.866,1,607,94,1518,50
ranked_506687982,TaToH,2026,496.366,1,731,92,1344,49
ranked_506687982,TaToH,2026,502.866,1,731,92,1397,49
ranked_506687982,TaToH,2026,509.366,1,756,94,1426,50
ranked_506687982,TaToH,2026,515.866,1,768,94,1474,50
ranked_506687982,TaToH,2026,522.366,1,821,94,1429,50
ranked_506687982,TaToH,2026,528.866,1,886,96,1417,50
ranked_506687982,TaToH,2026,535.366,1,865,98,1463,54
ranked_506687982,TaToH,2026,541.866,1,900,98,1494,54
ranked_506687982,TaToH,2026,548.366,1,930,96,1379,53
ranked_506687982,TaToH,2026,554.866,1,975,98,1392,54
ranked_506687982,TaToH,2026,561.366,1,1030,98,1397,54
ranked_506687982,TaToH,2026,567.866,1,900,98,1401,55
ranked_506687982,TaToH,2026,574.366,1,575,98,1282,55
ranked_506687982,TaToH,2026,580.866,1,615,102,1291,56
ranked_506687982,TaToH,2026,587.366,1,665,104,1294,56
ranked_506687982,TaToH,2026,593.866,1,685,104,1336,56
ranked_506687982,TaToH,2026,600.366,1,743,104,1242,55
ranked_506687982,TaToH,2026,606.866,1,755,104,1270,61
ranked_506687982,TaToH,2026,613.366,1,841,106,1239,61
ranked_506687982,TaToH,2026,619.866,1,883,110,1247,61
ranked_506687982,TaToH,2026,626.366,1,935,112,1225,68
ranked_506687982,TaToH,2026,632.866,1,955,114,1209,68
ranked_506687982,TaToH,2026,639.366,1,944,118,1253,75
ranked_506687982,TaToH,2026,645.866,1,1013,118,1129,74
ranked_506687982,TaToH,2026,652.366,1,1043,126,1152,74
ranked_506687982,TaToH,2026,658.866,1,1078,145,1481,74
ranked_506687982,TaToH,2026,665.366,1,1108,155,1495,75
ranked_506687982,TaToH,2026,671.866,1,1238,153,1519,74
ranked_506687982,TaToH,2026,678.366,1,1343,153,1447,74
ranked_506687982,TaToH,2026,684.866,1,1373,153,1451,74
ranked_506687982,TaToH,2026,691.366,1,1412,151,1354,73
ranked_506687982,TaToH,2026,697.866,1,1461,151,1351,73
ranked_506687982,TaToH,2026,704.366,1,1475,151,1378,75
ranked_506687982,TaToH,2026,710.866,1,1546,151,1347,75
ranked_506687982,TaToH,2026,717.366,1,1300,153,1338,76
ranked_506687982,TaToH,2026,723.866,1,1242,155,1276,77
ranked_506687982,TaToH,2026,730.366,1,1189,155,1269,78
ranked_506687982,TaToH,2026,736.866,1,1264,160,1250,79
ranked_506687982,TaToH,2026,743.366,1,1174,161,1162,79
ranked_506687982,TaToH,2026,749.866,1,1212,163,1165,80
ranked_506687982,TaToH,2026,756.366,1,1232,167,1193,80
ranked_506687982,TaToH,2026,762.866,1,309,171,1126,83
ranked_506687982,TaToH,2026,769.366,1,359,179,1116,87
ranked_506687982,TaToH,2026,775.866,1,414,162,1091,80
ranked_506687982,TaToH,2026,782.366,1,389,161,1117,79
ranked_506687982,TaToH,2026,788.866,1,453,159,1012,78
ranked_506687982,TaToH,2026,795.366,1,493,159,1034,78
ranked_506687982,TaToH,2026,801.866,1,243,161,1071,79
ranked_506687982,TaToH,2026,808.366,1,303,163,1065,80
ranked_506687982,TaToH,2026,814.866,1,439,163,985,80
ranked_506687982,TaToH,2026,821.366,1,479,155,967,79
ranked_506687982,TaToH,2026,827.866,1,534,155,969,79
ranked_506687982,TaToH,2026,834.366,1,652,153,804,78
ranked_506687982,TaToH,2026,840.866,1,672,153,835,78
ranked_506687982,TaToH,2026,847.366,1,712,159,844,78
ranked_506687982,TaToH,2026,853.866,1,592,161,1474,80
ranked_506687982,TaToH,2026,860.366,1,642,161,1484,80
ranked_506687982,TaToH,2026,866.866,1,728,161,1464,80
ranked_506687982,TaToH,2026,873.366,1,703,161,1479,81
ranked_506687982,TaToH,2026,879.866,1,652,161,1436,81
ranked_506687982,TaToH,2026,886.366,1,682,161,1462,81
ranked_506687982,TaToH,2026,892.866,1,732,161,1464,81
ranked_506687982,TaToH,2026,899.366,1,827,161,1424,81
ranked_506687982,TaToH,2026,906.661,1,892,165,1417,81
ranked_506687982,TaToH,2026,913.216,1,712,165,1416,81
ranked_506687982,TaToH,2026,920.396,1,781,165,1412,81
ranked_506687982,TaToH,2026,926.896,1,770,185,1399,88
ranked_506687982,TaToH,2026,933.396,1,875,179,1355,88
ranked_506687982,TaToH,2026,940.181,1,721,175,1343,86
ranked_506687982,TaToH,2026,946.681,1,781,175,1332,87
ranked_506687982,TaToH,2026,953.181,1,678,178,1335,88
ranked_506687982,TaToH,2026,959.681,1,690,168,1397,86
ranked_506687982,TaToH,2026,966.181,1,640,180,1381,90
ranked_506687982,TaToH,2026,972.681,1,750,190,1321,94
ranked_506687982,TaToH,2026,979.181,1,800,179,1335,89
ranked_506687982,TaToH,2026,985.681,1,850,176,1364,88
ranked_506687982,TaToH,2026,992.181,1,870,221,1410,102
ranked_506687982,TaToH,2026,999.306,1,875,221,1370,103
ranked_506687982,TaToH,2026,1006.091,1,980,222,1343,105
ranked_506687982,TaToH,2026,1012.591,1,946,217,1372,103
ranked_506687982,TaToH,2026,1019.431,1,571,217,1673,102
ranked_506687982,TaToH,2026,1026.216,1,468,181,1620,90
ranked_506687982,TaToH,2026,1032.716,1,521,181,1641,90
ranked_506687982,TaToH,2026,1039.216,1,455,181,1698,90
ranked_506687982,TaToH,2026,1045.716,1,545,185,1776,92
ranked_506687982,TaToH,2026,1052.216,1,631,187,1761,93
ranked_506687982,TaToH,2026,1058.716,1,595,193,1768,95
ranked_506687982,TaToH,2026,1065.216,1,676,187,1782,93
ranked_506687982,TaToH,2026,1072.001,1,696,189,1724,94
ranked_506687982,TaToH,2026,1078.501,1,282,191,1836,95
ranked_506687982,TaToH,2026,1085.001,1,242,191,2358,96
ranked_506687982,TaToH,2026,1091.501,1,382,191,2369,96
ranked_506687982,TaToH,2026,1099.875,1,502,193,2417,97
ranked_506687982,TaToH,2026,1108.001,1,277,205,2443,102
ranked_506687982,TaToH,2026,1115.806,1,282,205,2440,102
ranked_506687982,TaToH,2026,1123.826,1,254,207,2434,102
ranked_506687982,TaToH,2026,1130.791,1,171,209,2438,104
ranked_506687982,TaToH,2026,1137.296,1,340,208,2324,104
ranked_506687982,TaToH,2026,1144.186,1,251,215,2330,108
ranked_506687982,TaToH,2026,1151.114,1,265,215,2354,109
ranked_506687982,TaToH,2026,1157.726,1,308,240,2433,117
ranked_506687982,TaToH,2026,1164.731,1,463,230,2634,112
ranked_506687982,TaToH,2026,1171.296,1,151,230,2658,113
ranked_506687982,TaToH,2026,1178.081,1,125,232,2678,115
ranked_506687982,TaToH,2026,1185.086,1,288,232,2725,115
ranked_506687982,TaToH,2026,1192.381,1,365,232,2642,117
ranked_506687982,TaToH,2026,1199.736,1,338,242,2641,120
ranked_506687982,TaToH,2026,1206.686,1,297,246,2612,121
ranked_506687982,TaToH,2026,1213.214,1,281,246,2647,123
ranked_506687982,TaToH,2026,1220.964,1,455,246,2588,123
ranked_506687982,TaToH,2026,1228.319,1,471,250,2608,123
ranked_506687982,TaToH,2026,1235.999,1,645,254,2497,124
ranked_506687982,TaToH,2026,1243.234,1,343,254,2645,129
ranked_506687982,TaToH,2026,1250.019,1,378,258,2685,131
ranked_506687982,TaToH,2026,1258.844,1,515,264,2593,132
ranked_506687982,TaToH,2026,1266.089,1,484,268,2628,133
ranked_506687982,TaToH,2026,1273.409,1,462,270,2585,136
ranked_506687982,TaToH,2026,1279.944,1,581,276,2512,137
ranked_506687982,TaToH,2026,1287.114,1,603,276,2511,137
ranked_506687982,TaToH,2026,1294.929,1,548,282,2533,140
ranked_506687982,TaToH,2026,1302.784,1,502,286,2626,143
ranked_506687982,TaToH,2026,1311.084,1,610,286,2624,143
ranked_506687982,TaToH,2026,1320.52,1,378,289,2651,144
ranked_506687982,TaToH,2026,1328.994,1,257,289,2674,148
ranked_506687982,TaToH,2026,1335.764,1,300,294,3208,151
ranked_506687982,TaToH,2026,1342.264,1,487,354,3137,169
ranked_506687982,TaToH,2026,1348.764,1,427,350,3147,166
ranked_506687982,TaToH,2026,1355.944,1,223,349,3270,164
ranked_506687982,TaToH,2026,1362.444,1,195,326,3267,162
ranked_506687982,TaToH,2026,1369.224,1,388,353,3246,168
ranked_506687982,TaToH,2026,1375.734,1,493,370,3219,176
ranked_506687982,TaToH,2026,1382.647,1,620,344,3143,166
ranked_506687982,TaToH,2026,1389.227,1,534,365,3240,173
ranked_506687982,TaToH,2026,1395.927,1,448,339,3196,165
ranked_506687982,TaToH,2026,1402.427,1,565,339,3248,166
ranked_506687982,TaToH,2026,1409.627,1,542,328,3257,163
ranked_506687982,TaToH,2026,1419.513,1,532,323,3195,161
ranked_506687982,TaToH,2026,1426.773,1,515,327,3220,164
ranked_506687982,TaToH,2026,1435.247,1,611,346,3199,172
ranked_506687982,TaToH,2026,1442.717,1,562,346,3278,174
ranked_506687982,TaToH,2026,1450.122,1,548,337,3281,172
ranked_506687982,TaToH,2026,1459.122,1,520,342,3311,174
ranked_506687982,TaToH,2026,1466.402,1,710,368,3306,184
ranked_506687982,TaToH,2026,1475.402,1,671,354,3193,180
ranked_506687982,TaToH,2026,1483.057,1,819,360,3224,181
ranked_506687982,TaToH,2026,1491.79,1,711,395,3276,194
ranked_506687982,TaToH,2026,1498.525,1,719,377,3242,190
ranked_506687982,TaToH,2026,1507.525,1,679,381,3557,192
ranked_506687982,TaToH,2026,1516.629,1,670,377,3591,189
ranked_506687982,TaToH,2026,1525.239,1,830,383,3519,192
ranked_506687982,TaToH,2026,1533.359,1,852,385,3428,193
ranked_506687982,TaToH,2026,1540.899,1,1051,381,3390,190
ranked_506687982,TaToH,2026,1549.899,1,679,383,3348,190
ranked_506687982,TaToH,2026,1557.942,1,836,391,3255,193
ranked_506687982,TaToH,2026,1565.817,1,813,376,3889,190
ranked_506687982,TaToH,2026,1575.139,1,981,380,3966,192
ranked_506687982,TaToH,2026,1584.337,1,1206,549,4156,245
ranked_506687982,TaToH,2026,1593.615,1,939,419,4069,206
ranked_506687982,TaToH,2026,1602.731,1,1191,416,4088,209
ranked_506687982,TaToH,2026,1611.959,1,1433,538,4260,251
ranked_506687982,TaToH,2026,1621.297,1,1734,503,4941,232
ranked_506687982,TaToH,2026,1631.161,1,1859,569,5668,252
ranked_506687982,TaToH,2026,1640.899,1,1745,511,5831,233
ranked_506687982,TaToH,2026,1649.899,1,1873,515,6030,232
ranked_506687982,TaToH,2026,1658.922,1,1103,545,6093,244
ranked_506687982,TaToH,2026,1667.922,1,1240,608,6937,265
ranked_506687982,TaToH,2026,1675.77,1,820,452,7002,213
ranked_506687982,TaToH,2026,1682.515,1,958,452,6954,213
ranked_506687982,TaToH,2026,1690.678,1,1079,520,6950,235
ranked_506687982,TaToH,2026,1699.678,1,1076,565,7452,247
ranked_506687982,TaToH,2026,1707.177,1,632,486,7660,221
ranked_506687982,TaToH,2026,1715.419,1,754,509,7556,227
ranked_506687982,TaToH,2026,1724.139,1,864,507,7458,233
ranked_506687982,TaToH,2026,1732.943,1,867,515,7259,238
ranked_506687982,TaToH,2026,1740.783,1,707,564,7142,249
ranked_506687982,TaToH,2026,1749.783,1,929,528,6984,237
ranked_506687982,TaToH,2026,1758.783,1,1053,537,6924,241
ranked_506687982,TaToH,2026,1767.299,1,953,621,7102,271
ranked_506687982,TaToH,2026,1776.441,1,1253,577,6716,257
ranked_506687982,TaToH,2026,1785.711,1,891,640,6765,278
ranked_506687982,TaToH,2026,1794.815,1,1132,703,6997,302
ranked_506687982,TaToH,2026,1804.231,1,1242,720,7398,303
ranked_506687982,TaToH,2026,1813.231,1,1349,640,7147,277
ranked_506687982,TaToH,2026,1820.741,1,1599,696,6995,294
ranked_506687982,TaToH,2026,1829.572,1,1796,663,6817,286
ranked_506687982,TaToH,2026,1839.474,1,1880,668,6711,280
ranked_506687982,TaToH,2026,1849.362,1,522,583,6443,262
ranked_506687982,TaToH,2026,1859.01,1,815,582,6598,259
ranked_506687982,TaToH,2026,1868.282,1,1037,633,6470,271
ranked_506687982,TaToH,2026,1876.892,1,936,678,6454,285
ranked_506687982,TaToH,2026,1885.996,1,1150,674,6174,284
ranked_506687982,TaToH,2026,1893.581,1,1124,599,5945,261
ranked_506687982,TaToH,2026,1902.295,1,999,618,5704,268
ranked_506687982,TaToH,2026,1910.849,1,1133,624,5742,268
ranked_506687982,TaToH,2026,1919.849,1,1215,594,5335,263
ranked_506687982,TaToH,2026,1928.953,1,1421,591,5011,269
ranked_506687982,TaToH,2026,1937.975,1,1587,643,5224,284
ranked_506687982,TaToH,2026,1946.85,1,1439,587,5129,270
ranked_506687982,TaToH,2026,1955.775,1,1481,678,5077,301
ranked_506687982,TaToH,2026,1963.948,1,1365,748,4972,324
ranked_506687982,TaToH,2026,1971.895,1,1494,753,4930,320
ranked_506687982,TaToH,2026,1980.318,1,1238,779,5259,334
ranked_506687982,TaToH,2026,1987.948,1,1392,782,4959,339
ranked_506687982,TaToH,2026,1996.943,1,1260,823,5080,354
ranked_506687982,TaToH,2026,2005.548,1,1385,852,5007,370
ranked_506687982,TaToH,2026,2014.652,1,1494,770,4823,342
ranked_506687982,TaToH,2026,2024.32,1,1661,748,4762,332
ranked_506687982,TaToH,2026,2033.864,1,1276,742,5074,329
ranked_506687982,TaToH,2026,2042.275,1,1292,770,5725,345
ranked_506687982,TaToH,2026,2050.974,1,1013,626,6059,285
ranked_506687982,TaToH,2026,2061.022,1,1340,645,6547,288
ranked_506687982,TaToH,2026,2070.566,1,1410,614,6977,276
ranked_506687982,TaToH,2026,2080.296,1,1254,617,6719,276
ranked_506687982,TaToH,2026,2089.636,1,1365,616,6497,280
ranked_506687982,TaToH,2026,2099.042,1,1357,688,6439,309
ranked_506687982,TaToH,2026,2108.5,1,1486,703,6531,312
ranked_506687982,TaToH,2026,2117.568,1,1499,754,6660,330
ranked_506687982,TaToH,2026,2126.726,1,1164,770,7117,331
ranked_506687982,TaToH,2026,2136.088,1,736,769,7136,331
ranked_506687982,TaToH,2026,2145.032,1,865,766,6844,331
ranked_506687982,TaToH,2026,2155.068,1,576,773,6765,335
ranked_506687982,TaToH,2026,2164.263,1,652,638,6444,292
ranked_506687982,TaToH,2026,2173.222,1,726,631,6463,290
ranked_506687982,TaToH,2026,2182.328,1,912,677,6288,304
ranked_506687982,TaToH,2026,2192.032,1,777,648,6099,298
ranked_506687982,TaToH,2026,2201.554,1,883,715,6220,318
ranked_506687982,TaToH,2026,2211.074,1,742,653,5958,297
ranked_506687982,TaToH,2026,2220.302,1,725,615,5678,289
ranked_506687982,TaToH,2026,2230.12,1,1154,725,5848,324
ranked_506687982,TaToH,2026,2240.052,1,1241,657,6610,298
ranked_506687982,TaToH,2026,2249.62,1,1241,815,6744,354
ranked_506687982,TaToH,2026,2259.62,1,1461,760,6952,331
ranked_506687982,TaToH,2026,2269.166,1,1217,641,6509,294
ranked_506687982,TaToH,2026,2278.594,1,1209,640,6405,294
ranked_506687982,TaToH,2026,2288.462,1,1244,665,6389,307
ranked_506687982,TaToH,2026,2298.28,1,1653,705,6486,320
ranked_506687982,TaToH,2026,2308.328,1,1633,777,6880,346
ranked_506687982,TaToH,2026,2318.328,1,2019,875,7602,374
ranked_506687982,TaToH,2026,2328.383,1,2472,784,7589,342
ranked_506687982,TaToH,2026,2338.424,1,2462,734,7409,326
ranked_506687982,TaToH,2026,2348.481,1,2791,881,8020,375
ranked_506687982,TaToH,2026,2358.539,1,2893,874,9246,369
ranked_506687982,TaToH,2026,2368.852,1,2109,705,9440,318
ranked_506687982,TaToH,2026,2379.059,1,1261,683,9245,309
ranked_506687982,TaToH,2026,2388.987,1,1211,728,9543,323
ranked_506687982,TaToH,2026,2399.14,1,1491,711,9597,317
ranked_506687982,TaToH,2026,2408.9,1,1090,749,9422,331
ranked_506687982,TaToH,2026,2418.9,1,1350,816,9453,355
ranked_506687982,TaToH,2026,2429.034,1,1128,820,9631,352
ranked_506687982,TaToH,2026,2438.297,1,1451,765,9540,335
ranked_506687982,TaToH,2026,2448.118,1,796,770,9394,336
ranked_506687982,TaToH,2026,2457.368,1,900,777,9171,340
ranked_506687982,TaToH,2026,2467.074,1,656,773,9190,339
ranked_506687982,TaToH,2026,2476.96,1,652,1080,9467,443
ranked_506687982,TaToH,2026,2486.582,1,909,806,9053,351
ranked_506687982,TaToH,2026,2495.962,1,1480,1028,9557,423
ranked_506687982,TaToH,2026,2505.374,1,1726,832,9342,359
ranked_506687982,TaToH,2026,2515.0,1,1851,847,9143,366
ranked_506687982,TaToH,2026,2524.966,1,1483,938,9531,392
ranked_506687982,TaToH,2026,2534.79,1,1387,927,9771,391
ranked_506687982,TaToH,2026,2544.33,1,1770,1029,10568,429
ranked_506687982,TaToH,2026,2554.143,1,2117,983,11213,405
ranked_506687982,TaToH,2026,2563.652,1,2034,962,12167,396
ranked_506687982,TaToH,2026,2573.7,1,1964,925,12013,381
ranked_506687982,TaToH,2026,2584.325,1,1816,886,12242,368
ranked_506687982,TaToH,2026,2594.982,1,1112,868,11708,362
ranked_506687982,TaToH,2026,2605.387,1,1367,876,11606,366
ranked_506687982,TaToH,2026,2615.811,1,1125,861,12129,359
ranked_506687982,TaToH,2026,2625.533,1,1434,915,12624,381
ranked_506687982,TaToH,2026,2635.637,1,1219,897,12527,375
ranked_506687982,TaToH,2026,2645.98,1,1609,932,12276,386
ranked_506687982,TaToH,2026,2655.812,1,946,884,12502,371
ranked_506687982,TaToH,2026,2666.263,1,1172,880,11979,372
ranked_506687982,TaToH,2026,2676.534,1,1448,1053,12382,429
ranked_506687982,TaToH,2026,2687.014,1,1724,1123,13715,451
ranked_506687982,TaToH,2026,2697.419,1,1890,1007,13838,407
ranked_506687982,TaToH,2026,2707.803,1,1525,971,14483,394
ranked_506687982,TaToH,2026,2718.103,1,1593,1030,15272,415
ranked_506874133,TaToH,2026,8.684,1,431,246,450,125
ranked_506874133,TaToH,2026,15.184,1,382,246,450,125
ranked_506874133,TaToH,2026,21.684,1,352,246,450,125
ranked_506874133,TaToH,2026,28.184,1,352,252,450,126
ranked_506874133,TaToH,2026,34.684,1,252,250,376,126
ranked_506874133,TaToH,2026,41.184,1,205,250,377,126
ranked_506874133,TaToH,2026,47.684,1,205,250,379,126
ranked_506874133,TaToH,2026,54.184,1,205,252,381,127
ranked_506874133,TaToH,2026,60.684,1,155,254,383,127
ranked_506874133,TaToH,2026,67.184,1,165,254,377,127
ranked_506874133,TaToH,2026,73.684,1,15,254,987,128
ranked_506874133,TaToH,2026,80.184,1,15,256,996,129
ranked_506874133,TaToH,2026,86.684,1,15,256,1007,129
ranked_506874133,TaToH,2026,93.184,1,35,256,996,129
ranked_506874133,TaToH,2026,99.684,1,55,256,990,129
ranked_506874133,TaToH,2026,106.184,1,56,260,1001,130
ranked_506874133,TaToH,2026,112.684,1,62,260,1010,130
ranked_506874133,TaToH,2026,119.184,1,102,260,984,130
ranked_506874133,TaToH,2026,125.684,1,37,260,990,130
ranked_506874133,TaToH,2026,132.184,1,49,269,1372,133
ranked_506874133,TaToH,2026,138.684,1,49,282,1644,133
ranked_506874133,TaToH,2026,145.184,1,68,285,1870,133
ranked_506874133,TaToH,2026,151.684,1,48,284,1934,134
ranked_506874133,TaToH,2026,158.184,1,78,284,1822,134
ranked_506874133,TaToH,2026,164.684,1,78,284,1740,134
ranked_506874133,TaToH,2026,171.184,1,104,286,1635,135
ranked_506874133,TaToH,2026,177.684,1,84,288,1528,136
ranked_506874133,TaToH,2026,184.184,1,84,288,1424,137
ranked_506874133,TaToH,2026,190.684,1,39,285,1316,136
ranked_506874133,TaToH,2026,197.184,1,55,264,1257,129
ranked_506874133,TaToH,2026,203.684,1,45,251,1208,125
ranked_506874133,TaToH,2026,210.184,1,65,242,1211,122
ranked_506874133,TaToH,2026,216.684,1,95,250,1503,125
ranked_506874133,TaToH,2026,223.184,1,65,250,1510,125
ranked_506874133,TaToH,2026,229.684,1,85,254,1515,127
ranked_506874133,TaToH,2026,236.184,1,85,254,1544,127
ranked_506874133,TaToH,2026,242.684,1,74,252,1432,126
ranked_506874133,TaToH,2026,249.184,1,44,252,1437,126
ranked_506874133,TaToH,2026,255.684,1,54,254,1458,127
ranked_506874133,TaToH,2026,262.184,1,51,254,1470,128
ranked_506874133,TaToH,2026,268.684,1,44,254,1458,128
ranked_506874133,TaToH,2026,275.184,1,64,254,1468,128
ranked_506874133,TaToH,2026,281.684,1,76,256,1361,129
ranked_506874133,TaToH,2026,288.184,1,88,256,1380,129
ranked_506874133,TaToH,2026,294.684,1,33,258,1390,129
ranked_506874133,TaToH,2026,301.184,1,43,260,1424,130
ranked_506874133,TaToH,2026,307.684,1,68,260,1440,130
ranked_506874133,TaToH,2026,314.184,1,128,260,1425,130
ranked_506874133,TaToH,2026,320.684,1,211,260,1381,130
ranked_506874133,TaToH,2026,327.184,1,221,262,1414,131
ranked_506874133,TaToH,2026,333.684,1,247,264,1428,132
ranked_506874133,TaToH,2026,340.184,1,157,264,1462,133
ranked_506874133,TaToH,2026,346.684,1,162,264,1454,133
ranked_506874133,TaToH,2026,353.184,1,137,264,1471,133
ranked_506874133,TaToH,2026,359.684,1,152,264,1500,133
ranked_506874133,TaToH,2026,366.184,1,117,266,1508,133
ranked_506874133,TaToH,2026,372.684,1,250,266,1345,133
ranked_506874133,TaToH,2026,379.184,1,225,268,1365,134
ranked_506874133,TaToH,2026,385.684,1,235,268,1405,134
ranked_506874133,TaToH,2026,392.184,1,311,268,1376,134
ranked_506874133,TaToH,2026,398.684,1,305,270,1384,135
ranked_506874133,TaToH,2026,405.184,1,345,270,1396,135
ranked_506874133,TaToH,2026,411.684,1,361,270,1440,135
ranked_506874133,TaToH,2026,418.184,1,408,272,1368,136
ranked_506874133,TaToH,2026,424.684,1,431,274,1335,137
ranked_506874133,TaToH,2026,431.184,1,448,274,1344,138
ranked_506874133,TaToH,2026,437.684,1,458,274,1392,138
ranked_506874133,TaToH,2026,444.184,1,418,274,1439,138
ranked_506874133,TaToH,2026,450.684,1,483,276,1430,139
ranked_506874133,TaToH,2026,457.184,1,463,276,1380,139
ranked_506874133,TaToH,2026,463.684,1,411,278,1389,147
ranked_506874133,TaToH,2026,470.184,1,456,280,1396,147
ranked_506874133,TaToH,2026,476.684,1,604,284,1247,148
ranked_506874133,TaToH,2026,483.184,1,649,282,1169,147
ranked_506874133,TaToH,2026,489.684,1,679,284,1200,147
ranked_506874133,TaToH,2026,496.184,1,690,286,1252,148
ranked_506874133,TaToH,2026,502.684,1,720,288,1282,148
ranked_506874133,TaToH,2026,509.184,1,590,292,1293,150
ranked_506874133,TaToH,2026,515.684,1,732,292,1098,149
ranked_506874133,TaToH,2026,522.184,1,757,296,1127,150
ranked_506874133,TaToH,2026,528.684,1,806,298,1130,152
ranked_506874133,TaToH,2026,535.184,1,841,298,1154,152
ranked_506874133,TaToH,2026,541.684,1,921,298,1036,151
ranked_506874133,TaToH,2026,548.184,1,941,306,1030,153
ranked_506874133,TaToH,2026,554.684,1,931,306,1055,155
ranked_506874133,TaToH,2026,561.184,1,980,304,976,154
ranked_506874133,TaToH,2026,567.684,1,1066,304,947,154
ranked_506874133,TaToH,2026,574.184,1,540,306,936,156
ranked_506874133,TaToH,2026,580.684,1,545,308,938,158
ranked_506874133,TaToH,2026,587.184,1,600,320,1177,158
ranked_506874133,TaToH,2026,593.684,1,689,330,1811,158
ranked_506874133,TaToH,2026,600.184,1,724,327,1911,158
ranked_506874133,TaToH,2026,606.684,1,754,331,1814,158
ranked_506874133,TaToH,2026,613.184,1,873,331,1630,158
ranked_506874133,TaToH,2026,619.684,1,936,329,1400,157
ranked_506874133,TaToH,2026,626.184,1,999,329,1269,157
ranked_506874133,TaToH,2026,632.684,1,1053,331,1154,157
ranked_506874133,TaToH,2026,639.184,1,1126,331,1023,157
ranked_506874133,TaToH,2026,645.684,1,1166,325,927,155
ranked_506874133,TaToH,2026,652.184,1,1206,295,883,145
ranked_506874133,TaToH,2026,658.684,1,1261,276,889,138
ranked_506874133,TaToH,2026,665.184,1,1334,276,875,138
ranked_506874133,TaToH,2026,671.684,1,1324,276,904,138
ranked_506874133,TaToH,2026,678.184,1,1289,276,1448,139
ranked_506874133,TaToH,2026,684.684,1,1299,276,1499,139
ranked_506874133,TaToH,2026,691.184,1,1395,276,1460,139
ranked_506874133,TaToH,2026,697.684,1,1455,276,1447,139
ranked_506874133,TaToH,2026,704.184,1,1560,276,1391,139
ranked_506874133,TaToH,2026,710.684,1,1440,276,1416,140
ranked_506874133,TaToH,2026,717.184,1,1280,276,1439,140
ranked_506874133,TaToH,2026,723.684,1,1220,276,1481,141
ranked_506874133,TaToH,2026,730.184,1,1200,278,1478,143
ranked_506874133,TaToH,2026,736.684,1,1240,282,1502,143
ranked_506874133,TaToH,2026,743.184,1,1210,282,1521,143
ranked_506874133,TaToH,2026,749.684,1,1270,282,1530,143
ranked_506874133,TaToH,2026,756.184,1,1266,284,1519,145
ranked_506874133,TaToH,2026,762.684,1,1261,294,1804,146
ranked_506874133,TaToH,2026,769.184,1,1331,289,1788,145
ranked_506874133,TaToH,2026,775.684,1,1411,293,1767,146
ranked_506874133,TaToH,2026,782.184,1,480,295,1754,147
ranked_506874133,TaToH,2026,788.684,1,435,295,1774,148
ranked_506874133,TaToH,2026,795.184,1,315,295,1781,150
ranked_506874133,TaToH,2026,801.684,1,355,299,1808,151
ranked_506874133,TaToH,2026,808.184,1,185,299,1875,153
ranked_506874133,TaToH,2026,814.684,1,245,299,1875,153
ranked_506874133,TaToH,2026,821.184,1,275,299,1813,154
ranked_506874133,TaToH,2026,827.684,1,360,299,1787,154
ranked_506874133,TaToH,2026,834.184,1,229,299,1808,155
ranked_506874133,TaToH,2026,840.684,1,289,303,1812,155
ranked_506874133,TaToH,2026,847.184,1,240,309,1844,156
ranked_506874133,TaToH,2026,853.964,1,304,309,1819,157
ranked_506874133,TaToH,2026,860.464,1,346,311,1858,157
ranked_506874133,TaToH,2026,866.964,1,406,313,1881,157
ranked_506874133,TaToH,2026,873.464,1,351,313,1868,157
ranked_506874133,TaToH,2026,879.964,1,461,313,1833,157
ranked_506874133,TaToH,2026,886.464,1,531,315,1838,157
ranked_506874133,TaToH,2026,892.964,1,732,317,1722,157
ranked_506874133,TaToH,2026,899.464,1,792,317,1755,157
ranked_506874133,TaToH,2026,905.964,1,786,317,1776,157
ranked_506874133,TaToH,2026,912.464,1,886,321,1762,159
ranked_506874133,TaToH,2026,918.964,1,826,321,1822,160
ranked_506874133,TaToH,2026,925.464,1,776,321,1885,161
ranked_506874133,TaToH,2026,931.964,1,754,321,1906,162
ranked_506874133,TaToH,2026,938.464,1,721,321,1881,162
ranked_506874133,TaToH,2026,944.964,1,704,321,1732,162
ranked_506874133,TaToH,2026,951.464,1,694,321,1789,162
ranked_506874133,TaToH,2026,957.964,1,389,323,1803,163
ranked_506874133,TaToH,2026,964.464,1,449,325,1820,164
ranked_506874133,TaToH,2026,970.964,1,570,325,1768,164
ranked_506874133,TaToH,2026,977.464,1,570,327,1797,165
ranked_506874133,TaToH,2026,983.964,1,385,329,1835,165
ranked_506874133,TaToH,2026,990.464,1,356,331,1877,166
ranked_506874133,TaToH,2026,996.964,1,606,331,1706,166
ranked_506874133,TaToH,2026,1003.464,1,636,331,1708,166
ranked_506874133,TaToH,2026,1009.964,1,671,331,1726,167
ranked_506874133,TaToH,2026,1016.464,1,722,333,1754,168
ranked_506874133,TaToH,2026,1022.964,1,760,343,1738,172
ranked_506874133,TaToH,2026,1029.464,1,771,347,1759,172
ranked_506874133,TaToH,2026,1035.964,1,811,347,1817,172
ranked_506874133,TaToH,2026,1042.464,1,651,351,2694,173
ranked_506874133,TaToH,2026,1048.964,1,336,341,2438,171
ranked_506874133,TaToH,2026,1055.674,1,276,341,2499,171
ranked_506874133,TaToH,2026,1062.189,1,591,343,2296,172
ranked_506874133,TaToH,2026,1068.689,1,591,338,2334,171
ranked_506874133,TaToH,2026,1075.189,1,686,340,2307,173
ranked_506874133,TaToH,2026,1081.801,1,726,342,2388,174
ranked_506874133,TaToH,2026,1088.301,1,629,342,2436,175
ranked_506874133,TaToH,2026,1094.801,1,539,344,2497,176
ranked_506874133,TaToH,2026,1101.301,1,515,346,3069,178
ranked_506874133,TaToH,2026,1107.801,1,505,348,3146,178
ranked_506874133,TaToH,2026,1114.301,1,369,360,3187,184
ranked_506874133,TaToH,2026,1120.801,1,439,360,3012,184
ranked_506874133,TaToH,2026,1127.301,1,399,364,3033,187
ranked_506874133,TaToH,2026,1133.801,1,453,368,2951,188
ranked_506874133,TaToH,2026,1140.301,1,443,372,3029,190
ranked_506874133,TaToH,2026,1146.801,1,443,374,3037,193
ranked_506874133,TaToH,2026,1153.301,1,383,378,3078,195
ranked_506874133,TaToH,2026,1159.801,1,490,382,3072,196
ranked_506874133,TaToH,2026,1166.301,1,455,386,3137,199
ranked_506874133,TaToH,2026,1172.801,1,505,386,3161,199
ranked_506874133,TaToH,2026,1179.301,1,746,392,3004,200
ranked_506874133,TaToH,2026,1185.801,1,861,392,3019,200
ranked_506874133,TaToH,2026,1192.301,1,836,400,3012,203
ranked_506874133,TaToH,2026,1198.801,1,761,402,3014,204
ranked_506874133,TaToH,2026,1205.301,1,747,406,3076,205
ranked_506874133,TaToH,2026,1211.801,1,717,408,3158,206
ranked_506874133,TaToH,2026,1218.301,1,853,412,3175,208
ranked_506874133,TaToH,2026,1224.801,1,924,416,3187,215
ranked_506874133,TaToH,2026,1231.301,1,912,416,3182,216
ranked_506874133,TaToH,2026,1237.801,1,1082,418,3005,216
ranked_506874133,TaToH,2026,1244.301,1,1062,426,3079,220
ranked_506874133,TaToH,2026,1252.051,1,1177,428,3068,222
ranked_506874133,TaToH,2026,1258.551,1,1017,436,3127,225
ranked_506874133,TaToH,2026,1265.051,1,912,444,3145,227
ranked_506874133,TaToH,2026,1272.03,1,976,444,3210,229
ranked_506874133,TaToH,2026,1278.53,1,1039,446,3272,234
ranked_506874133,TaToH,2026,1285.03,1,1099,448,3271,234
ranked_506874133,TaToH,2026,1292.607,1,1249,454,3353,237
ranked_506874133,TaToH,2026,1299.107,1,1469,484,3318,245
ranked_506874133,TaToH,2026,1306.61,1,1613,502,3370,257
ranked_506874133,TaToH,2026,1313.78,1,1633,506,3332,259
ranked_506874133,TaToH,2026,1320.615,1,1765,511,3354,261
ranked_506874133,TaToH,2026,1327.115,1,1675,514,3456,260
ranked_506874133,TaToH,2026,1333.615,1,1514,528,3538,263
ranked_506874133,TaToH,2026,1340.886,1,1707,540,3677,267
ranked_506874133,TaToH,2026,1347.964,1,1629,538,3663,265
ranked_506874133,TaToH,2026,1354.63,1,1938,540,3520,267
ranked_506874133,TaToH,2026,1361.711,1,2143,550,3456,269
ranked_506874133,TaToH,2026,1368.358,1,2066,542,3661,268
ranked_506874133,TaToH,2026,1375.478,1,2161,562,3683,275
ranked_506874133,TaToH,2026,1382.378,1,1956,559,3732,277
ranked_506874133,TaToH,2026,1388.878,1,1871,557,3747,275
ranked_506874133,TaToH,2026,1395.378,1,1928,570,3807,279
ranked_506874133,TaToH,2026,1402.673,1,2012,561,3816,277
ranked_506874133,TaToH,2026,1409.173,1,1755,556,3927,278
ranked_506874133,TaToH,2026,1415.963,1,1830,565,3832,283
ranked_506874133,TaToH,2026,1422.688,1,2086,585,3694,288
ranked_506874133,TaToH,2026,1429.413,1,2038,599,3638,291
ranked_506874133,TaToH,2026,1436.138,1,1955,582,3724,289
ranked_506874133,TaToH,2026,1443.208,1,1809,576,3843,289
ranked_506874133,TaToH,2026,1451.029,1,1878,619,3975,303
ranked_506874133,TaToH,2026,1457.641,1,2198,615,3825,303
ranked_506874133,TaToH,2026,1465.142,1,2178,603,3980,298
ranked_506874133,TaToH,2026,1473.104,1,2281,607,3797,299
ranked_506874133,TaToH,2026,1480.174,1,2332,618,3796,303
ranked_506874133,TaToH,2026,1487.316,1,2411,633,3745,307
ranked_506874133,TaToH,2026,1494.216,1,2135,613,3778,303
ranked_506874133,TaToH,2026,1501.174,1,1583,626,3901,310
ranked_506874133,TaToH,2026,1507.984,1,1747,626,3921,308
ranked_506874133,TaToH,2026,1514.934,1,1764,619,3996,308
ranked_506874133,TaToH,2026,1521.996,1,1533,631,4416,310
ranked_506874133,TaToH,2026,1529.114,1,1218,644,4372,313
ranked_506874133,TaToH,2026,1536.014,1,1597,644,4117,316
ranked_506874133,TaToH,2026,1543.246,1,1769,654,3924,319
ranked_506874133,TaToH,2026,1549.914,1,1644,651,3957,317
ranked_506874133,TaToH,2026,1558.011,1,1741,646,4023,316
ranked_506874133,TaToH,2026,1566.386,1,1612,664,3988,324
ranked_506874133,TaToH,2026,1574.121,1,1521,650,4087,320
ranked_506874133,TaToH,2026,1580.986,1,1560,656,4155,322
ranked_506874133,TaToH,2026,1588.191,1,1152,672,4384,328
ranked_506874133,TaToH,2026,1594.693,1,1559,674,4136,329
ranked_506874133,TaToH,2026,1602.378,1,1441,667,3958,327
ranked_506874133,TaToH,2026,1609.343,1,1555,670,3966,329
ranked_506874133,TaToH,2026,1616.57,1,1194,680,3993,334
ranked_506874133,TaToH,2026,1623.801,1,1353,681,4031,335
ranked_506874133,TaToH,2026,1630.413,1,1316,693,4122,339
ranked_506874133,TaToH,2026,1637.708,1,1339,699,4114,340
ranked_506874133,TaToH,2026,1644.374,1,1315,698,4189,344
ranked_506874133,TaToH,2026,1652.526,1,1527,703,3995,346
ranked_506874133,TaToH,2026,1660.681,1,1815,709,3953,353
ranked_506874133,TaToH,2026,1668.578,1,1985,714,3925,357
ranked_506874133,TaToH,2026,1676.318,1,1635,732,3875,359
ranked_506874133,TaToH,2026,1683.166,1,1573,731,4090,357
ranked_506874133,TaToH,2026,1690.424,1,1293,747,4268,363
ranked_506874133,TaToH,2026,1698.284,1,1340,745,4904,364
ranked_506874133,TaToH,2026,1705.062,1,1580,756,4844,369
ranked_506874133,TaToH,2026,1712.99,1,2066,764,5196,370
ranked_506874133,TaToH,2026,1722.074,1,2596,766,5433,365
ranked_506874133,TaToH,2026,1731.074,1,2526,766,5778,366
ranked_506874133,TaToH,2026,1740.158,1,2026,787,5637,375
ranked_506874133,TaToH,2026,1748.222,1,1910,776,5750,372
ranked_506874133,TaToH,2026,1757.222,1,2154,788,5736,377
ranked_506874133,TaToH,2026,1766.908,1,2026,784,5899,375
ranked_506874133,TaToH,2026,1775.908,1,2171,805,5730,384
ranked_506874133,TaToH,2026,1784.598,1,2706,798,5334,384
ranked_506874133,TaToH,2026,1793.702,1,2840,809,5905,384
ranked_506874133,TaToH,2026,1802.702,1,2660,814,6235,390
ranked_506874133,TaToH,2026,1811.652,1,2692,800,6131,385
ranked_506874133,TaToH,2026,1820.099,1,2706,789,6062,383
ranked_506874133,TaToH,2026,1828.709,1,2922,793,5943,384
ranked_506874133,TaToH,2026,1837.989,1,2605,835,7339,388
ranked_506874133,TaToH,2026,1846.659,1,2781,882,7311,408
ranked_506874133,TaToH,2026,1854.45,1,2832,954,7415,431
ranked_506874133,TaToH,2026,1862.665,1,2394,916,7683,417
ranked_506874133,TaToH,2026,1870.121,1,2556,916,7512,418
ranked_506874133,TaToH,2026,1878.464,1,2657,939,8341,421
ranked_506874133,TaToH,2026,1886.384,1,2866,964,8760,429
ranked_506874133,TaToH,2026,1894.498,1,2891,964,9231,427
ranked_506874133,TaToH,2026,1901.632,1,2973,936,10192,415
ranked_506874133,TaToH,2026,1909.882,1,3098,992,10561,427
ranked_506874133,TaToH,2026,1917.823,1,2922,920,10889,406
ranked_506874133,TaToH,2026,1925.612,1,3034,942,12221,407
ranked_506874133,TaToH,2026,1932.984,1,2732,983,13399,419
ranked_506874133,TaToH,2026,1941.855,1,2128,916,13167,399
ranked_506874133,TaToH,2026,1949.613,1,2503,922,12650,401
ranked_506874133,TaToH,2026,1958.205,1,2690,930,12110,406
ranked_506874133,TaToH,2026,1966.518,1,2130,932,11849,407
ranked_506874133,TaToH,2026,1975.618,1,2147,933,11473,416
ranked_506874133,TaToH,2026,1983.683,1,1680,937,11260,417
ranked_506874133,TaToH,2026,1992.916,1,1539,944,10932,420
ranked_506874133,TaToH,2026,2001.1,1,1698,943,10727,423
ranked_506874133,TaToH,2026,2009.696,1,2124,949,9797,425
ranked_506874133,TaToH,2026,2018.135,1,2677,938,9346,423
ranked_506874133,TaToH,2026,2026.635,1,2769,1012,12961,435
ranked_506874133,TaToH,2026,2034.324,1,2644,995,12612,429
ranked_506874133,TaToH,2026,2041.808,1,3225,1083,12490,458
ranked_506874133,TaToH,2026,2049.299,1,1223,997,12153,430
ranked_506874133,TaToH,2026,2056.646,1,1364,1073,12039,456
ranked_506874133,TaToH,2026,2064.965,1,1848,1026,11410,441
ranked_506874133,TaToH,2026,2073.077,1,2057,989,10965,429
ranked_506874133,TaToH,2026,2080.698,1,2122,991,10457,430
ranked_506874133,TaToH,2026,2088.507,1,1992,1001,10498,434
ranked_506874133,TaToH,2026,2096.714,1,1916,996,10437,433
ranked_506874133,TaToH,2026,2104.589,1,2132,1005,10080,438
ranked_506874133,TaToH,2026,2113.589,1,2513,1026,10794,441
ranked_506874133,TaToH,2026,2121.464,1,2381,1026,10828,439
ranked_506874133,TaToH,2026,2129.39,1,2406,1057,10787,451
ranked_506874133,TaToH,2026,2137.253,1,2556,1100,11834,466
ranked_506874133,TaToH,2026,2144.78,1,2532,1087,11419,464
ranked_506874133,TaToH,2026,2152.46,1,2476,1084,11063,466
ranked_506874133,TaToH,2026,2160.237,1,2616,1093,10624,468
ranked_506874133,TaToH,2026,2167.807,1,2616,1130,10605,478
ranked_506874133,TaToH,2026,2175.125,1,2827,1148,10899,486
ranked_506874133,TaToH,2026,2183.312,1,3168,1144,11370,481
ranked_506874133,TaToH,2026,2190.842,1,3551,1152,11456,482
ranked_506874133,TaToH,2026,2198.645,1,3942,1146,11242,480
ranked_506874133,TaToH,2026,2207.105,1,4050,1167,12174,486
ranked_506874133,TaToH,2026,2215.739,1,3996,1117,12340,471
ranked_506874133,TaToH,2026,2223.872,1,4077,1085,12026,465
ranked_506874133,TaToH,2026,2232.098,1,4243,1042,11593,456
ranked_506874133,TaToH,2026,2240.867,1,3810,1050,11216,459
ranked_506874133,TaToH,2026,2249.93,1,3765,1103,11712,473
ranked_506874133,TaToH,2026,2258.534,1,4350,1170,14333,481
ranked_506874133,TaToH,2026,2267.47,1,4020,1116,15343,463
ranked_506874133,TaToH,2026,2276.218,1,4045,1130,14895,470
ranked_506874133,TaToH,2026,2285.134,1,3983,1150,14389,476
ranked_506874133,TaToH,2026,2293.922,1,2239,1155,14133,477
ranked_506874133,TaToH,2026,2302.586,1,2715,1176,15246,478
ranked_506874133,TaToH,2026,2311.67,1,3138,1194,16075,477
ranked_506874133,TaToH,2026,2320.754,1,3202,1119,16895,456
ranked_506874133,TaToH,2026,2329.838,1,3192,1139,17874,459
ranked_506874133,TaToH,2026,2338.295,1,2714,1209,19549,476
ranked_506874133,TaToH,2026,2346.229,1,2772,1215,22758,468
ranked_506874133,TaToH,2026,2354.941,1,2348,1212,22748,467
ranked_506874133,TaToH,2026,2363.062,1,2175,1225,22631,485
ranked_506874133,TaToH,2026,2371.729,1,1856,1243,21943,492
ranked_506874133,TaToH,2026,2380.435,1,1863,1232,20843,489
ranked_506874133,TaToH,2026,2388.976,1,1118,1232,20141,489
ranked_506874133,TaToH,2026,2398.08,1,1015,1251,19394,497
ranked_506874133,TaToH,2026,2406.813,1,1159,1262,18526,500
ranked_506874133,TaToH,2026,2414.856,1,1197,1247,18423,498
ranked_506874133,TaToH,2026,2424.037,1,1557,1279,17418,504
ranked_506874133,TaToH,2026,2432.235,1,1354,1265,17232,505
ranked_506874133,TaToH,2026,2441.785,1,1156,1257,16576,503
ranked_506874133,TaToH,2026,2450.973,1,1562,1311,15818,521
ranked_506874133,TaToH,2026,2460.057,1,1885,1330,15216,527
ranked_506874133,TaToH,2026,2468.514,1,1975,1326,14543,527
ranked_506874133,TaToH,2026,2477.388,1,2137,1315,13822,525
ranked_506874133,TaToH,2026,2485.762,1,1878,1298,13155,522
ranked_506874133,TaToH,2026,2494.426,1,1355,1287,12328,521
ranked_506874133,TaToH,2026,2503.094,1,1620,1289,11755,525
ranked_506874133,TaToH,2026,2512.32,1,1963,1355,11597,548
ranked_506874133,TaToH,2026,2521.49,1,1776,1352,10959,548
ranked_506874133,TaToH,2026,2530.82,1,2025,1320,10681,534
ranked_506874133,TaToH,2026,2540.09,1,2344,1325,10579,532
ranked_506874133,TaToH,2026,2548.841,1,1875,1312,10056,532
ranked_506874133,TaToH,2026,2558.182,1,2146,1256,10516,518
ranked_506874133,TaToH,2026,2567.484,1,2287,1235,10952,512
ranked_506874133,TaToH,2026,2576.4,1,2496,1220,10700,509
ranked_506874133,TaToH,2026,2585.67,1,2876,1227,10406,511
ranked_506874133,TaToH,2026,2595.256,1,2531,1254,9868,517
ranked_506874133,TaToH,2026,2604.699,1,2543,1198,9698,501
ranked_506874133,TaToH,2026,2613.995,1,3157,1306,9769,538
ranked_506874133,TaToH,2026,2623.079,1,3546,1303,10558,541
ranked_506874133,TaToH,2026,2632.559,1,3791,1152,10400,491
ranked_506874133,TaToH,2026,2642.225,1,3278,1221,11290,516
ranked_506874133,TaToH,2026,2651.225,1,3648,1190,12068,505
ranked_506874133,TaToH,2026,2660.307,1,3998,1208,13181,515
ranked_506874133,TaToH,2026,2668.764,1,2805,1204,13652,511
ranked_506874133,TaToH,2026,2677.764,1,2683,1200,14352,507
ranked_506874133,TaToH,2026,2686.305,1,3003,1069,14136,461
ranked_506874133,TaToH,2026,2695.305,1,2108,1163,14089,492
ranked_506874133,TaToH,2026,2704.305,1,1473,1188,14707,495
ranked_506874133,TaToH,2026,2713.305,1,1679,1297,15249,532
ranked_506874133,TaToH,2026,2721.39,1,1620,1197,15289,503
ranked_506874133,TaToH,2026,2729.609,1,1770,1391,16092,566
ranked_506874133,TaToH,2026,2738.304,1,1952,1276,16458,526
ranked_506874133,TaToH,2026,2747.304,1,1613,1317,17022,534
ranked_506874133,TaToH,2026,2756.304,1,1814,1296,16854,531
ranked_506874133,TaToH,2026,2764.89,1,2005,1316,16179,538
ranked_506874133,TaToH,2026,2773.89,1,1865,1474,16654,592
ranked_506874133,TaToH,2026,2782.725,1,1855,1480,16205,595
ranked_506874133,TaToH,2026,2791.56,1,2299,1407,17019,565
ranked_506874133,TaToH,2026,2800.56,1,2368,1515,18041,596
ranked_506874133,TaToH,2026,2809.788,1,2704,1533,19198,596
ranked_506874133,TaToH,2026,2818.788,1,2810,1617,20077,621
ranked_506874133,TaToH,2026,2827.623,1,3158,1782,21160,670
ranked_506874133,TaToH,2026,2836.623,1,1535,1508,22310,571
ranked_506874133,TaToH,2026,2846.169,1,1355,1555,23321,583
ranked_506874133,TaToH,2026,2855.723,1,959,1618,23932,601
ranked_506874133,TaToH,2026,2864.723,1,1187,1481,24115,554
ranked_506885930,TaToH,2026,8.684,2,450,30,400,17
ranked_506885930,TaToH,2026,15.184,2,450,30,400,17
ranked_506885930,TaToH,2026,21.684,2,450,32,400,17
ranked_506885930,TaToH,2026,28.184,2,450,32,300,17
ranked_506885930,TaToH,2026,34.684,2,450,34,303,17
ranked_506885930,TaToH,2026,41.184,2,450,34,311,17
ranked_506885930,TaToH,2026,47.684,2,450,34,320,17
ranked_506885930,TaToH,2026,54.184,2,450,36,329,18
ranked_506885930,TaToH,2026,60.684,2,470,36,320,18
ranked_506885930,TaToH,2026,67.184,2,490,36,313,18
ranked_506885930,TaToH,2026,73.684,2,490,36,323,18
ranked_506885930,TaToH,2026,80.184,2,490,38,335,19
ranked_506885930,TaToH,2026,86.684,2,486,36,200,18
ranked_506885930,TaToH,2026,93.184,2,486,36,210,18
ranked_506885930,TaToH,2026,99.684,2,486,36,225,18
ranked_506885930,TaToH,2026,106.184,2,386,38,240,20
ranked_506885930,TaToH,2026,112.684,2,383,38,206,20
ranked_506885930,TaToH,2026,119.184,2,383,38,218,20
ranked_506885930,TaToH,2026,125.684,2,395,38,215,20
ranked_506885930,TaToH,2026,132.184,2,395,40,232,21
ranked_506885930,TaToH,2026,138.684,2,434,40,206,21
ranked_506885930,TaToH,2026,145.184,2,434,40,216,21
ranked_506885930,TaToH,2026,151.684,2,384,42,233,22
ranked_506885930,TaToH,2026,158.184,2,384,44,251,22
ranked_506885930,TaToH,2026,164.684,2,384,44,268,22
ranked_506885930,TaToH,2026,171.184,2,467,44,208,22
ranked_506885930,TaToH,2026,177.684,2,418,46,224,23
ranked_506885930,TaToH,2026,184.184,2,399,46,211,23
ranked_506885930,TaToH,2026,190.684,2,409,46,212,23
ranked_506885930,TaToH,2026,197.184,2,425,46,219,23
ranked_506885930,TaToH,2026,203.684,2,425,48,243,24
ranked_506885930,TaToH,2026,210.184,2,438,48,208,24
ranked_506885930,TaToH,2026,216.684,2,438,48,236,24
ranked_506885930,TaToH,2026,223.184,2,448,48,254,24
ranked_506885930,TaToH,2026,229.684,2,458,50,276,25
ranked_506885930,TaToH,2026,236.184,2,408,50,301,25
ranked_506885930,TaToH,2026,242.684,2,507,50,235,25
ranked_506885930,TaToH,2026,249.184,2,517,50,252,25
ranked_506885930,TaToH,2026,255.684,2,517,52,231,26
ranked_506885930,TaToH,2026,262.184,2,520,52,259,26
ranked_506885930,TaToH,2026,268.684,2,530,52,283,26
ranked_506885930,TaToH,2026,275.184,2,490,52,305,26
ranked_506885930,TaToH,2026,281.684,2,510,54,314,27
ranked_506885930,TaToH,2026,288.184,2,522,54,337,27
ranked_506885930,TaToH,2026,294.684,2,433,54,278,28
ranked_506885930,TaToH,2026,301.184,2,433,54,303,28
ranked_506885930,TaToH,2026,307.684,2,383,56,339,29
ranked_506885930,TaToH,2026,314.184,2,403,56,357,29
ranked_506885930,TaToH,2026,320.684,2,458,56,339,29
ranked_506885930,TaToH,2026,327.184,2,458,58,379,30
ranked_506885930,TaToH,2026,333.684,2,418,58,383,31
ranked_506885930,TaToH,2026,340.184,2,463,60,405,30
ranked_506885930,TaToH,2026,346.684,2,532,60,347,31
ranked_506885930,TaToH,2026,353.184,2,532,62,382,32
ranked_506885930,TaToH,2026,359.684,2,724,62,235,32
ranked_506885930,TaToH,2026,366.184,2,694,62,253,32
ranked_506885930,TaToH,2026,372.684,2,704,64,287,32
ranked_506885930,TaToH,2026,379.184,2,714,66,323,33
ranked_506885930,TaToH,2026,385.684,2,655,66,326,34
ranked_506885930,TaToH,2026,392.184,2,787,66,238,34
ranked_506885930,TaToH,2026,398.684,2,343,66,230,34
ranked_506885930,TaToH,2026,405.184,2,384,66,129,34
ranked_506885930,TaToH,2026,411.684,2,408,66,130,34
ranked_506885930,TaToH,2026,418.184,2,358,66,159,34
ranked_506885930,TaToH,2026,424.684,2,368,68,178,34
ranked_506885930,TaToH,2026,431.184,2,379,68,206,34
ranked_506885930,TaToH,2026,437.684,2,359,68,195,34
ranked_506885930,TaToH,2026,444.184,2,262,68,159,35
ranked_506885930,TaToH,2026,450.684,2,291,68,157,35
ranked_506885930,TaToH,2026,457.184,2,326,70,155,36
ranked_506885930,TaToH,2026,463.684,2,345,72,168,36
ranked_506885930,TaToH,2026,470.184,2,393,72,159,36
ranked_506885930,TaToH,2026,476.684,2,363,72,55,36
ranked_506885930,TaToH,2026,483.184,2,358,72,82,37
ranked_506885930,TaToH,2026,489.684,2,368,72,118,37
ranked_506885930,TaToH,2026,496.184,2,418,72,109,37
ranked_506885930,TaToH,2026,502.684,2,528,74,35,38
ranked_506885930,TaToH,2026,509.184,2,538,76,68,38
ranked_506885930,TaToH,2026,515.684,2,548,76,104,38
ranked_506885930,TaToH,2026,522.184,2,588,76,107,38
ranked_506885930,TaToH,2026,528.684,2,666,76,67,38
ranked_506885930,TaToH,2026,535.184,2,721,76,49,38
ranked_506885930,TaToH,2026,541.684,2,471,76,104,40
ranked_506885930,TaToH,2026,548.184,2,326,76,106,41
ranked_506885930,TaToH,2026,554.684,2,366,80,71,41
ranked_506885930,TaToH,2026,561.184,2,366,82,54,42
ranked_506885930,TaToH,2026,567.684,2,397,82,61,42
ranked_506885930,TaToH,2026,574.184,2,347,112,132,53
ranked_506885930,TaToH,2026,580.684,2,347,112,101,53
ranked_506885930,TaToH,2026,587.184,2,387,84,71,43
ranked_506885930,TaToH,2026,593.684,2,367,84,82,44
ranked_506885930,TaToH,2026,600.184,2,234,84,104,45
ranked_506885930,TaToH,2026,606.684,2,271,88,91,45
ranked_506885930,TaToH,2026,613.184,2,251,90,90,58
ranked_506885930,TaToH,2026,619.684,2,286,90,68,59
ranked_506885930,TaToH,2026,626.184,2,256,90,88,59
ranked_506885930,TaToH,2026,632.684,2,266,90,77,67
ranked_506885930,TaToH,2026,639.184,2,226,98,123,71
ranked_506885930,TaToH,2026,645.684,2,265,107,119,72
ranked_506885930,TaToH,2026,652.184,2,265,102,113,74
ranked_506885930,TaToH,2026,658.684,2,275,100,93,73
ranked_506885930,TaToH,2026,665.184,2,305,102,104,73
ranked_506885930,TaToH,2026,671.684,2,265,107,122,78
ranked_506885930,TaToH,2026,678.184,2,315,106,114,77
ranked_506885930,TaToH,2026,684.684,2,385,115,89,79
ranked_506885930,TaToH,2026,691.184,2,260,114,113,88
ranked_506885930,TaToH,2026,697.684,2,226,116,146,89
ranked_506885930,TaToH,2026,704.184,2,246,124,151,89
ranked_506885930,TaToH,2026,710.684,2,401,146,136,96
ranked_506885930,TaToH,2026,717.184,2,400,141,396,92
ranked_506885930,TaToH,2026,723.684,2,402,141,421,89
ranked_506885930,TaToH,2026,730.184,2,372,147,445,90
ranked_506885930,TaToH,2026,736.684,2,442,157,418,91
ranked_506885930,TaToH,2026,743.184,2,482,161,403,91
ranked_506885930,TaToH,2026,749.684,2,482,169,405,93
ranked_506885930,TaToH,2026,756.184,2,392,174,443,95
ranked_506885930,TaToH,2026,762.684,2,462,194,432,102
ranked_506885930,TaToH,2026,769.184,2,362,176,386,94
ranked_506885930,TaToH,2026,775.684,2,202,175,397,93
ranked_506885930,TaToH,2026,782.184,2,232,179,404,95
ranked_506885930,TaToH,2026,788.684,2,257,183,402,97
ranked_506885930,TaToH,2026,795.184,2,297,187,408,99
ranked_506885930,TaToH,2026,801.684,2,357,187,391,99
ranked_506885930,TaToH,2026,808.184,2,267,195,376,99
ranked_506885930,TaToH,2026,814.684,2,247,199,392,102
ranked_506885930,TaToH,2026,821.184,2,277,203,414,103
ranked_506885930,TaToH,2026,827.684,2,357,203,386,103
ranked_506885930,TaToH,2026,834.184,2,267,213,384,106
ranked_506885930,TaToH,2026,840.684,2,337,212,365,105
ranked_506885930,TaToH,2026,847.184,2,347,209,416,104
ranked_506885930,TaToH,2026,853.684,2,382,209,361,104
ranked_506885930,TaToH,2026,860.184,2,422,235,412,113
ranked_506885930,TaToH,2026,866.684,2,521,261,373,121
ranked_506885930,TaToH,2026,873.184,2,534,216,652,108
ranked_506885930,TaToH,2026,879.684,2,384,216,644,110
ranked_506885930,TaToH,2026,886.184,2,546,220,651,112
ranked_506885930,TaToH,2026,892.684,2,433,221,697,113
ranked_506885930,TaToH,2026,899.639,2,523,236,663,118
ranked_506885930,TaToH,2026,906.139,2,563,221,626,113
ranked_506885930,TaToH,2026,912.639,2,563,223,641,114
ranked_506885930,TaToH,2026,919.139,2,574,229,630,114
ranked_506885930,TaToH,2026,925.639,2,614,229,570,114
ranked_506885930,TaToH,2026,932.139,2,522,228,592,115
ranked_506885930,TaToH,2026,938.639,2,500,230,585,116
ranked_506885930,TaToH,2026,945.139,2,540,265,617,128
ranked_506885930,TaToH,2026,951.639,2,611,238,547,119
ranked_506885930,TaToH,2026,958.139,2,687,233,506,116
ranked_506885930,TaToH,2026,964.639,2,482,239,515,118
ranked_506885930,TaToH,2026,971.139,2,467,239,492,121
ranked_506885930,TaToH,2026,977.639,2,547,296,772,139
ranked_506885930,TaToH,2026,984.139,2,541,303,1049,140
ranked_506885930,TaToH,2026,990.639,2,584,302,1029,140
ranked_506885930,TaToH,2026,997.139,2,494,268,994,130
ranked_506885930,TaToH,2026,1003.639,2,562,288,1041,138
ranked_506885930,TaToH,2026,1010.139,2,507,297,1035,141
ranked_506885930,TaToH,2026,1016.751,2,537,317,1271,148
ranked_506885930,TaToH,2026,1023.251,2,537,321,1226,148
ranked_506885930,TaToH,2026,1029.751,2,567,291,1759,136
ranked_506885930,TaToH,2026,1036.251,2,620,302,2268,137
ranked_506885930,TaToH,2026,1042.751,2,634,292,2241,134
ranked_506885930,TaToH,2026,1049.251,2,620,296,1987,139
ranked_506885930,TaToH,2026,1055.751,2,712,314,1956,145
ranked_506885930,TaToH,2026,1062.251,2,603,283,1855,134
ranked_506885930,TaToH,2026,1068.751,2,682,297,1790,139
ranked_506885930,TaToH,2026,1075.251,2,678,297,1763,139
ranked_506885930,TaToH,2026,1081.751,2,679,326,1704,148
ranked_506885930,TaToH,2026,1088.251,2,709,286,1627,134
ranked_506885930,TaToH,2026,1094.751,2,709,290,1590,136
ranked_506885930,TaToH,2026,1101.251,2,739,307,1890,141
ranked_506885930,TaToH,2026,1107.751,2,529,306,1791,140
ranked_506885930,TaToH,2026,1114.251,2,599,318,1732,144
ranked_506885930,TaToH,2026,1120.751,2,639,318,1715,144
ranked_506885930,TaToH,2026,1127.251,2,669,296,1684,137
ranked_506885930,TaToH,2026,1133.751,2,759,296,1620,137
ranked_506885930,TaToH,2026,1140.251,2,777,294,1579,137
ranked_506885930,TaToH,2026,1146.751,2,787,294,1547,137
ranked_506885930,TaToH,2026,1153.251,2,855,301,1457,140
ranked_506885930,TaToH,2026,1159.751,2,909,305,1391,140
ranked_506885930,TaToH,2026,1166.251,2,849,307,1458,142
ranked_506885930,TaToH,2026,1172.751,2,924,305,1409,143
ranked_506885930,TaToH,2026,1179.251,2,1038,301,1321,141
ranked_506885930,TaToH,2026,1185.751,2,1193,301,1247,141
ranked_506885930,TaToH,2026,1192.251,2,1133,300,1245,141
ranked_506885930,TaToH,2026,1198.751,2,1027,305,1376,142
ranked_506885930,TaToH,2026,1205.251,2,1085,305,1282,142
ranked_506885930,TaToH,2026,1211.751,2,1196,307,1186,142
ranked_506885930,TaToH,2026,1218.251,2,1244,352,1205,157
ranked_506885930,TaToH,2026,1224.751,2,1294,304,1148,141
ranked_506885930,TaToH,2026,1231.251,2,1399,306,1070,142
ranked_506885930,TaToH,2026,1237.751,2,1569,309,1175,142
ranked_506885930,TaToH,2026,1244.251,2,591,304,961,142
ranked_506885930,TaToH,2026,1250.751,2,756,307,1263,142
ranked_506885930,TaToH,2026,1257.251,2,866,328,1772,147
ranked_506885930,TaToH,2026,1263.751,2,996,315,1641,142
ranked_506885930,TaToH,2026,1270.251,2,868,315,1620,143
ranked_506885930,TaToH,2026,1276.751,2,793,318,1715,143
ranked_506885930,TaToH,2026,1283.251,2,815,308,1487,142
ranked_506885930,TaToH,2026,1289.751,2,946,318,1406,146
ranked_506885930,TaToH,2026,1296.251,2,986,305,1371,141
ranked_506885930,TaToH,2026,1302.751,2,1044,305,1308,149
ranked_506885930,TaToH,2026,1309.251,2,1119,309,1227,154
ranked_506885930,TaToH,2026,1315.751,2,1221,307,1268,154
ranked_506885930,TaToH,2026,1322.251,2,1236,306,1216,153
ranked_506885930,TaToH,2026,1328.751,2,1316,304,1181,151
ranked_506885930,TaToH,2026,1335.251,2,1376,357,1223,166
ranked_506885930,TaToH,2026,1341.751,2,1471,350,1129,171
ranked_506885930,TaToH,2026,1348.251,2,1506,316,1091,162
ranked_506885930,TaToH,2026,1354.751,2,1586,324,1049,162
ranked_506885930,TaToH,2026,1361.251,2,1683,328,1167,163
ranked_506885930,TaToH,2026,1367.976,2,1854,373,1094,176
ranked_506885930,TaToH,2026,1374.476,2,1914,371,1063,176
ranked_506885930,TaToH,2026,1380.976,2,1964,379,1050,178
ranked_506885930,TaToH,2026,1387.476,2,2074,379,957,178
ranked_506885930,TaToH,2026,1393.976,2,2134,334,898,163
ranked_506885930,TaToH,2026,1400.476,2,2041,356,871,172
ranked_506885930,TaToH,2026,1406.976,2,1581,386,815,182
ranked_506885930,TaToH,2026,1414.041,2,1481,368,757,176
ranked_506885930,TaToH,2026,1421.061,2,1339,380,789,179
ranked_506885930,TaToH,2026,1427.661,2,1406,380,1014,178
ranked_506885930,TaToH,2026,1434.161,2,1532,370,906,175
ranked_506885930,TaToH,2026,1440.661,2,907,391,1091,182
ranked_506885930,TaToH,2026,1447.161,2,999,411,1038,188
ranked_506885930,TaToH,2026,1453.661,2,919,397,860,186
ranked_506885930,TaToH,2026,1460.161,2,954,386,829,183
ranked_506885930,TaToH,2026,1466.661,2,1024,407,1166,191
ranked_506885930,TaToH,2026,1473.273,2,1014,344,1380,169
ranked_506885930,TaToH,2026,1479.773,2,1044,365,1321,176
ranked_506885930,TaToH,2026,1486.273,2,1084,403,1591,185
ranked_506885930,TaToH,2026,1492.773,2,849,427,2444,190
ranked_506885930,TaToH,2026,1499.273,2,737,400,2356,181
ranked_506885930,TaToH,2026,1505.773,2,412,453,2365,198
ranked_506885930,TaToH,2026,1512.273,2,379,472,2362,207
ranked_506885930,TaToH,2026,1518.773,2,470,452,2169,201
ranked_506885930,TaToH,2026,1525.273,2,483,403,2121,183
ranked_506885930,TaToH,2026,1531.773,2,516,439,2141,194
ranked_506885930,TaToH,2026,1538.273,2,413,393,1666,181
ranked_506885930,TaToH,2026,1544.773,2,555,363,1612,171
ranked_506885930,TaToH,2026,1551.273,2,591,363,1579,172
ranked_506885930,TaToH,2026,1557.773,2,487,397,1549,185
ranked_506885930,TaToH,2026,1564.273,2,625,349,1390,169
ranked_506885930,TaToH,2026,1570.773,2,648,358,1369,172
ranked_506885930,TaToH,2026,1577.273,2,684,378,1380,179
ranked_506885930,TaToH,2026,1583.773,2,652,359,1337,173
ranked_506885930,TaToH,2026,1590.273,2,678,417,1397,195
ranked_506885930,TaToH,2026,1596.773,2,826,364,1217,176
ranked_506885930,TaToH,2026,1603.273,2,549,364,1213,178
ranked_506885930,TaToH,2026,1609.773,2,844,366,1205,178
ranked_506885930,TaToH,2026,1616.273,2,841,355,1168,177
ranked_506885930,TaToH,2026,1623.328,2,921,388,1368,187
ranked_506885930,TaToH,2026,1632.328,2,1014,399,1326,191
ranked_506885930,TaToH,2026,1639.293,2,987,398,1245,191
ranked_506885930,TaToH,2026,1645.793,2,950,372,1114,182
ranked_506885930,TaToH,2026,1652.293,2,955,380,1099,183
ranked_506885930,TaToH,2026,1658.793,2,1028,454,1164,209
ranked_506885930,TaToH,2026,1665.293,2,1113,483,1495,217
ranked_506885930,TaToH,2026,1671.793,2,1220,496,1725,223
ranked_506885930,TaToH,2026,1678.293,2,1294,504,2223,222
ranked_506885930,TaToH,2026,1684.793,2,1272,493,2145,219
ranked_506885930,TaToH,2026,1691.293,2,1298,432,2398,197
ranked_506885930,TaToH,2026,1697.793,2,1347,482,2396,213
ranked_506885930,TaToH,2026,1704.293,2,1473,517,2588,225
ranked_506885930,TaToH,2026,1710.793,2,1539,490,2397,215
ranked_506885930,TaToH,2026,1717.293,2,1613,524,2393,228
ranked_506885930,TaToH,2026,1723.793,2,1688,557,2424,239
ranked_506885930,TaToH,2026,1731.294,2,1832,531,2309,230
ranked_506885930,TaToH,2026,1739.424,2,1591,438,2365,200
ranked_506885930,TaToH,2026,1746.834,2,1669,502,2389,217
ranked_506885930,TaToH,2026,1753.334,2,1743,526,2890,225
ranked_506885930,TaToH,2026,1759.834,2,1843,459,2966,202
ranked_506885930,TaToH,2026,1766.334,2,1884,448,2850,200
ranked_506885930,TaToH,2026,1773.064,2,1775,465,2802,209
ranked_506885930,TaToH,2026,1779.564,2,1875,508,3297,218
ranked_506885930,TaToH,2026,1786.064,2,1853,477,3459,208
ranked_506885930,TaToH,2026,1792.564,2,1976,449,3359,201
ranked_506885930,TaToH,2026,1799.064,2,1982,490,3340,216
ranked_506885930,TaToH,2026,1805.564,2,1643,508,3148,223
ranked_506885930,TaToH,2026,1812.064,2,1352,487,3006,217
ranked_506885930,TaToH,2026,1818.564,2,1172,465,3095,208
ranked_506885930,TaToH,2026,1825.064,2,1146,474,3066,211
ranked_506885930,TaToH,2026,1831.564,2,1133,468,2953,210
ranked_506885930,TaToH,2026,1838.064,2,1150,462,2872,209
ranked_506885930,TaToH,2026,1844.564,2,1152,471,2812,212
ranked_506885930,TaToH,2026,1851.064,2,1243,469,2699,212
ranked_506885930,TaToH,2026,1857.564,2,1149,478,2579,214
ranked_506885930,TaToH,2026,1864.289,2,1239,478,2462,214
ranked_506885930,TaToH,2026,1870.929,2,591,464,2150,212
ranked_506885930,TaToH,2026,1877.429,2,503,477,2156,219
ranked_506885930,TaToH,2026,1883.929,2,342,471,2086,217
ranked_506885930,TaToH,2026,1890.429,2,309,487,1967,224
ranked_506885930,TaToH,2026,1896.929,2,318,487,1889,225
ranked_506885930,TaToH,2026,1903.429,2,312,489,1827,226
ranked_506885930,TaToH,2026,1909.929,2,435,511,1804,232
ranked_506885930,TaToH,2026,1916.714,2,526,554,1803,247
ranked_506885930,TaToH,2026,1925.314,2,712,570,1629,249
ranked_506885930,TaToH,2026,1932.499,2,672,551,1528,246
ranked_506885930,TaToH,2026,1938.999,2,522,535,1436,242
ranked_506885930,TaToH,2026,1945.499,2,490,532,1404,242
ranked_506885930,TaToH,2026,1951.999,2,437,568,1387,256
ranked_506885930,TaToH,2026,1958.499,2,550,589,1370,262
ranked_506885930,TaToH,2026,1964.999,2,715,562,1233,254
ranked_506885930,TaToH,2026,1971.864,2,781,569,1154,257
ranked_506885930,TaToH,2026,1978.364,2,834,554,1213,253
ranked_506885930,TaToH,2026,1984.864,2,972,533,1063,246
ranked_506885930,TaToH,2026,1991.364,2,622,519,1126,245
ranked_506885930,TaToH,2026,1998.094,2,634,507,1156,243
ranked_506885930,TaToH,2026,2004.594,2,577,511,1116,246
ranked_506885930,TaToH,2026,2011.714,2,737,504,932,244
ranked_506885930,TaToH,2026,2018.556,2,843,527,907,252
ranked_506885930,TaToH,2026,2025.056,2,942,538,869,254
ranked_506885930,TaToH,2026,2031.556,2,1032,522,931,249
ranked_506885930,TaToH,2026,2038.056,2,1074,529,989,253
ranked_506885930,TaToH,2026,2044.556,2,1090,538,803,260
ranked_506885930,TaToH,2026,2051.056,2,1187,527,795,257
ranked_506885930,TaToH,2026,2057.556,2,1300,531,746,258
ranked_506885930,TaToH,2026,2064.056,2,1132,516,791,258
ranked_506885930,TaToH,2026,2070.556,2,1312,538,751,265
ranked_506885930,TaToH,2026,2077.056,2,968,528,844,267
ranked_506885930,TaToH,2026,2083.556,2,972,530,928,270
ranked_506885930,TaToH,2026,2090.056,2,1243,526,888,269
ranked_506885930,TaToH,2026,2096.556,2,1249,532,816,269
ranked_506885930,TaToH,2026,2103.056,2,1445,587,871,291
ranked_506885930,TaToH,2026,2109.556,2,1557,610,885,298
ranked_506885930,TaToH,2026,2116.056,2,1720,565,845,282
ranked_506885930,TaToH,2026,2122.831,2,1554,543,1111,272
ranked_506885930,TaToH,2026,2130.816,2,1647,561,1325,273
ranked_506885930,TaToH,2026,2137.601,2,1624,557,1349,271
ranked_506885930,TaToH,2026,2144.101,2,1671,578,1613,280
ranked_506885930,TaToH,2026,2150.826,2,1748,567,1812,275
ranked_506885930,TaToH,2026,2157.326,2,1791,561,1833,274
ranked_506885930,TaToH,2026,2163.826,2,1665,557,1669,276
ranked_506885930,TaToH,2026,2170.326,2,1559,568,1655,280
ranked_506885930,TaToH,2026,2176.826,2,1652,580,1694,283
ranked_506885930,TaToH,2026,2183.832,2,1598,591,1753,289
ranked_506885930,TaToH,2026,2190.332,2,1526,588,1668,289
ranked_506885930,TaToH,2026,2196.967,2,1588,597,1546,292
ranked_506885930,TaToH,2026,2203.902,2,1680,606,1787,296
ranked_506885930,TaToH,2026,2210.687,2,1788,638,1729,308
ranked_506885930,TaToH,2026,2217.187,2,1819,659,1598,315
ranked_506885930,TaToH,2026,2223.687,2,1625,669,1724,317
ranked_506885930,TaToH,2026,2230.697,2,1764,673,1596,320
ranked_506885930,TaToH,2026,2237.197,2,1880,671,1571,321
ranked_506885930,TaToH,2026,2244.377,2,1934,656,1465,313
ranked_506885930,TaToH,2026,2250.877,2,1980,684,1484,324
ranked_506885930,TaToH,2026,2257.377,2,1997,682,1432,328
ranked_506885930,TaToH,2026,2264.387,2,2173,663,1464,321
ranked_506885930,TaToH,2026,2271.227,2,2054,669,1427,321
ranked_506885930,TaToH,2026,2277.907,2,2016,662,1494,317
ranked_506885930,TaToH,2026,2285.777,2,2065,684,1690,325
ranked_506885930,TaToH,2026,2293.072,2,2201,688,1474,327
ranked_506885930,TaToH,2026,2299.572,2,2354,689,1474,326
ranked_506885930,TaToH,2026,2306.717,2,2617,693,1344,330
ranked_506885930,TaToH,2026,2315.117,2,2071,670,1454,322
ranked_506885930,TaToH,2026,2323.087,2,2187,732,1335,345
ranked_506885930,TaToH,2026,2331.666,2,2513,749,2645,340
ranked_506885930,TaToH,2026,2339.176,2,2689,842,3144,368
ranked_506885930,TaToH,2026,2347.706,2,2582,857,3159,374
ranked_506885930,TaToH,2026,2355.277,2,2684,846,3432,369
ranked_506885930,TaToH,2026,2362.182,2,2545,805,3292,353
ranked_506885930,TaToH,2026,2368.962,2,2865,797,4176,348
ranked_506885930,TaToH,2026,2376.634,2,1929,829,4616,357
ranked_506885930,TaToH,2026,2385.34,2,2292,800,5372,344
ranked_506885930,TaToH,2026,2393.585,2,2496,827,6165,351
ranked_506885930,TaToH,2026,2401.675,2,2212,888,7140,371
ranked_506885930,TaToH,2026,2410.345,2,2043,917,8284,373
ranked_506885930,TaToH,2026,2418.105,2,1860,924,8645,377
ranked_506885930,TaToH,2026,2425.365,2,1495,867,9449,354
ranked_506885930,TaToH,2026,2434.365,2,1569,923,10400,372
ranked_506885930,TaToH,2026,2442.843,2,1791,961,11493,380
ranked_506885930,TaToH,2026,2450.94,2,1619,887,11701,355
ranked_506885930,TaToH,2026,2458.848,2,1603,842,11577,342
ranked_506885930,TaToH,2026,2466.548,2,1571,828,11278,335
ranked_506885930,TaToH,2026,2473.048,2,1607,853,11198,343
ranked_506885930,TaToH,2026,2479.913,2,1465,859,11434,349
ranked_506885930,TaToH,2026,2487.825,2,1454,867,11375,347
ranked_506885930,TaToH,2026,2495.74,2,1508,854,10925,347
ranked_506885930,TaToH,2026,2503.465,2,1528,845,10587,341
ranked_506885930,TaToH,2026,2511.545,2,1921,863,10512,350
ranked_506885930,TaToH,2026,2520.323,2,1965,894,10229,359
ranked_506885930,TaToH,2026,2527.923,2,1457,831,9797,337
ranked_506885930,TaToH,2026,2536.208,2,1665,845,9612,342
ranked_506885930,TaToH,2026,2545.043,2,1925,865,8957,352
ranked_506885930,TaToH,2026,2553.668,2,1966,873,8463,356
ranked_506885930,TaToH,2026,2562.418,2,1355,851,7810,349
ranked_506885930,TaToH,2026,2571.418,2,1610,862,7680,351
ranked_506885930,TaToH,2026,2578.453,2,1239,880,8348,353
ranked_506885930,TaToH,2026,2587.055,2,1218,922,9381,363
ranked_506885930,TaToH,2026,2594.255,2,919,948,9434,370
ranked_506885930,TaToH,2026,2603.255,2,1161,966,9400,375
ranked_506885930,TaToH,2026,2611.155,2,848,963,10156,372
ranked_506885930,TaToH,2026,2620.155,2,1063,970,11013,370
ranked_506885930,TaToH,2026,2627.721,2,1017,986,10999,375
ranked_506885930,TaToH,2026,2635.434,2,1026,1022,11642,384
ranked_506885930,TaToH,2026,2643.651,2,1049,983,10740,371
ranked_506885930,TaToH,2026,2652.016,2,788,983,10201,373
ranked_506885930,TaToH,2026,2659.373,2,628,979,9861,379
ranked_506885930,TaToH,2026,2666.383,2,808,984,9295,385
ranked_506885930,TaToH,2026,2673.368,2,1052,966,8826,379
ranked_506885930,TaToH,2026,2681.736,2,1041,952,8389,378
ranked_506885930,TaToH,2026,2689.911,2,1148,940,8220,373
ranked_506885930,TaToH,2026,2698.911,2,1140,912,8017,367
ranked_506885930,TaToH,2026,2707.911,2,1194,858,8391,351
ranked_506885930,TaToH,2026,2716.601,2,1324,870,8847,355
ranked_506885930,TaToH,2026,2725.286,2,1391,876,9268,356
ranked_506885930,TaToH,2026,2733.121,2,1167,868,9069,360
ranked_506885930,TaToH,2026,2741.48,2,1020,843,8880,353
ranked_506885930,TaToH,2026,2748.967,2,1183,830,8661,355
ranked_506885930,TaToH,2026,2757.182,2,1382,836,8299,358
ranked_506885930,TaToH,2026,2765.452,2,1200,850,7869,360
ranked_506885930,TaToH,2026,2772.647,2,1282,866,7525,366
ranked_506885930,TaToH,2026,2780.797,2,1276,871,7568,366
ranked_506885930,TaToH,2026,2787.297,2,1185,881,8125,369
ranked_506885930,TaToH,2026,2795.042,2,1080,876,8375,367
ranked_506885930,TaToH,2026,2802.813,2,1386,866,8298,361
ranked_506885930,TaToH,2026,2810.298,2,1581,864,7453,366
ranked_506885930,TaToH,2026,2817.262,2,1278,881,7376,372
ranked_506885930,TaToH,2026,2824.709,2,1234,882,6896,372
ranked_506885930,TaToH,2026,2832.544,2,1304,914,6841,382
ranked_506885930,TaToH,2026,2839.138,2,1454,917,6627,382
ranked_506885930,TaToH,2026,2847.222,2,834,950,6103,390
ranked_506885930,TaToH,2026,2855.976,2,933,957,5691,400
ranked_506885930,TaToH,2026,2863.274,2,1230,929,5335,387
ranked_506885930,TaToH,2026,2872.254,2,1256,927,5526,387
ranked_506885930,TaToH,2026,2880.312,2,1154,943,5205,397
ranked_506885930,TaToH,2026,2888.577,2,1334,919,5109,390
ranked_506885930,TaToH,2026,2896.952,2,1617,920,5719,390
ranked_506885930,TaToH,2026,2904.877,2,992,927,5709,390
ranked_506885930,TaToH,2026,2913.877,2,1066,901,5919,385
ranked_506885930,TaToH,2026,2922.2,2,1110,902,5486,393
ranked_506885930,TaToH,2026,2931.2,2,932,884,5310,397
ranked_506885930,TaToH,2026,2940.2,2,1781,966,5267,422
ranked_506885930,TaToH,2026,2949.282,2,1825,917,6777,400
ranked_506885930,TaToH,2026,2958.282,2,1748,949,9341,395
ranked_506885930,TaToH,2026,2967.424,2,1044,949,10505,393
ranked_506885930,TaToH,2026,2975.401,2,1075,945,10125,401
ranked_506885930,TaToH,2026,2984.401,2,1112,940,9664,401
ranked_506885930,TaToH,2026,2993.645,2,1516,957,9111,405
ranked_506885930,TaToH,2026,3002.755,2,1672,988,9984,413
ranked_506885930,TaToH,2026,3011.755,2,1656,974,9751,411
ranked_506885930,TaToH,2026,3020.755,2,1753,1017,11128,425
ranked_506885930,TaToH,2026,3028.06,2,1624,997,11010,422
ranked_506885930,TaToH,2026,3036.698,2,1795,981,11373,418
ranked_506885930,TaToH,2026,3045.53,2,1842,1023,11758,431
ranked_506885930,TaToH,2026,3053.855,2,2003,1042,12315,437
ranked_506885930,TaToH,2026,3061.864,2,2054,1099,14359,445
ranked_506885930,TaToH,2026,3070.864,2,2025,1076,14900,432
ranked_506885930,TaToH,2026,3079.864,2,1930,1165,15591,459
ranked_506885930,TaToH,2026,3088.279,2,1885,1074,15773,424
ranked_506885930,TaToH,2026,3095.793,2,1565,1050,15356,423
ranked_506885930,TaToH,2026,3104.502,2,1566,1130,14924,451
ranked_508468284,TaToH,2026,8.684,1,550,20,100,12
ranked_508468284,TaToH,2026,15.184,1,450,24,300,14
ranked_508468284,TaToH,2026,21.684,1,450,26,300,14
ranked_508468284,TaToH,2026,28.184,1,450,26,200,14
ranked_508468284,TaToH,2026,34.684,1,450,28,203,14
ranked_508468284,TaToH,2026,41.184,1,450,28,211,14
ranked_508468284,TaToH,2026,47.684,1,450,28,220,14
ranked_508468284,TaToH,2026,54.184,1,450,30,230,15
ranked_508468284,TaToH,2026,60.684,1,472,30,221,15
ranked_508468284,TaToH,2026,67.184,1,491,30,211,15
ranked_508468284,TaToH,2026,73.684,1,491,30,219,15
ranked_508468284,TaToH,2026,80.184,1,491,32,228,16
ranked_508468284,TaToH,2026,86.684,1,502,32,229,16
ranked_508468284,TaToH,2026,93.184,1,493,36,200,18
ranked_508468284,TaToH,2026,99.684,1,493,32,205,16
ranked_508468284,TaToH,2026,106.184,1,493,34,217,17
ranked_508468284,TaToH,2026,112.684,1,469,34,212,17
ranked_508468284,TaToH,2026,119.184,1,469,34,231,17
ranked_508468284,TaToH,2026,125.684,1,469,34,247,17
ranked_508468284,TaToH,2026,132.184,1,382,36,208,19
ranked_508468284,TaToH,2026,138.684,1,391,36,217,19
ranked_508468284,TaToH,2026,145.184,1,391,36,237,19
ranked_508468284,TaToH,2026,151.684,1,391,38,254,20
ranked_508468284,TaToH,2026,158.184,1,400,38,218,20
ranked_508468284,TaToH,2026,164.684,1,421,38,217,20
ranked_508468284,TaToH,2026,171.184,1,421,40,235,20
ranked_508468284,TaToH,2026,177.684,1,423,42,210,21
ranked_508468284,TaToH,2026,184.184,1,431,42,225,21
ranked_508468284,TaToH,2026,190.684,1,431,44,350,22
ranked_508468284,TaToH,2026,197.184,1,391,44,370,22
ranked_508468284,TaToH,2026,203.684,1,391,46,391,23
ranked_508468284,TaToH,2026,210.184,1,376,46,409,24
ranked_508468284,TaToH,2026,216.684,1,446,46,374,24
ranked_508468284,TaToH,2026,223.184,1,473,44,265,23
ranked_508468284,TaToH,2026,229.684,1,423,46,292,24
ranked_508468284,TaToH,2026,236.184,1,433,46,306,24
ranked_508468284,TaToH,2026,242.684,1,418,46,319,25
ranked_508468284,TaToH,2026,249.184,1,412,48,304,25
ranked_508468284,TaToH,2026,255.684,1,423,50,318,26
ranked_508468284,TaToH,2026,262.184,1,547,50,223,26
ranked_508468284,TaToH,2026,268.684,1,557,50,232,26
ranked_508468284,TaToH,2026,275.184,1,592,52,229,26
ranked_508468284,TaToH,2026,281.684,1,542,54,256,27
ranked_508468284,TaToH,2026,288.184,1,552,52,175,26
ranked_508468284,TaToH,2026,294.684,1,574,56,390,28
ranked_508468284,TaToH,2026,301.184,1,574,58,428,29
ranked_508468284,TaToH,2026,307.684,1,524,58,463,29
ranked_508468284,TaToH,2026,314.184,1,534,58,490,29
ranked_508468284,TaToH,2026,320.684,1,444,58,517,30
ranked_508468284,TaToH,2026,327.184,1,444,60,551,31
ranked_508468284,TaToH,2026,333.684,1,444,64,785,33
ranked_508468284,TaToH,2026,340.184,1,454,64,810,33
ranked_508468284,TaToH,2026,346.684,1,474,66,826,33
ranked_508468284,TaToH,2026,353.184,1,617,68,690,34
ranked_508468284,TaToH,2026,359.684,1,655,68,697,34
ranked_508468284,TaToH,2026,366.184,1,742,68,656,34
ranked_508468284,TaToH,2026,372.684,1,854,66,436,33
ranked_508468284,TaToH,2026,379.184,1,884,68,439,34
ranked_508468284,TaToH,2026,385.684,1,884,68,475,34
ranked_508468284,TaToH,2026,392.184,1,422,68,469,34
ranked_508468284,TaToH,2026,398.684,1,465,68,467,34
ranked_508468284,TaToH,2026,405.184,1,531,68,440,34
ranked_508468284,TaToH,2026,411.684,1,541,68,467,34
ranked_508468284,TaToH,2026,418.184,1,571,68,462,34
ranked_508468284,TaToH,2026,424.684,1,611,68,461,34
ranked_508468284,TaToH,2026,431.184,1,643,68,470,34
ranked_508468284,TaToH,2026,437.684,1,669,66,389,33
ranked_508468284,TaToH,2026,444.184,1,709,66,387,33
ranked_508468284,TaToH,2026,450.684,1,769,66,360,33
ranked_508468284,TaToH,2026,457.184,1,789,66,382,33
ranked_508468284,TaToH,2026,463.684,1,812,66,398,33
ranked_508468284,TaToH,2026,470.184,1,691,66,385,34
ranked_508468284,TaToH,2026,476.684,1,731,66,327,34
ranked_508468284,TaToH,2026,483.184,1,731,66,362,34
ranked_508468284,TaToH,2026,489.684,1,741,66,393,34
ranked_508468284,TaToH,2026,496.184,1,773,66,399,34
ranked_508468284,TaToH,2026,502.684,1,773,66,388,34
ranked_508468284,TaToH,2026,509.184,1,798,68,363,35
ranked_508468284,TaToH,2026,515.684,1,798,68,397,35
ranked_508468284,TaToH,2026,522.184,1,818,68,415,35
ranked_508468284,TaToH,2026,528.684,1,879,68,390,35
ranked_508468284,TaToH,2026,535.184,1,534,70,392,36
ranked_508468284,TaToH,2026,541.684,1,552,70,410,36
ranked_508468284,TaToH,2026,548.184,1,586,68,310,35
ranked_508468284,TaToH,2026,554.684,1,544,68,293,35
ranked_508468284,TaToH,2026,561.184,1,603,70,275,36
ranked_508468284,TaToH,2026,567.684,1,648,70,270,36
ranked_508468284,TaToH,2026,574.184,1,615,72,262,37
ranked_508468284,TaToH,2026,580.684,1,537,72,290,38
ranked_508468284,TaToH,2026,587.184,1,507,76,314,39
ranked_508468284,TaToH,2026,593.684,1,537,76,323,39
ranked_508468284,TaToH,2026,600.184,1,562,78,325,39
ranked_508468284,TaToH,2026,606.684,1,489,82,315,49
ranked_508468284,TaToH,2026,613.184,1,581,80,173,48
ranked_508468284,TaToH,2026,619.684,1,541,80,217,49
ranked_508468284,TaToH,2026,626.184,1,571,80,233,49
ranked_508468284,TaToH,2026,632.684,1,591,84,255,51
ranked_508468284,TaToH,2026,639.184,1,674,88,213,51
ranked_508468284,TaToH,2026,645.684,1,709,99,241,54
ranked_508468284,TaToH,2026,652.184,1,539,90,273,52
ranked_508468284,TaToH,2026,658.684,1,653,94,168,53
ranked_508468284,TaToH,2026,665.184,1,690,96,163,53
ranked_508468284,TaToH,2026,671.684,1,624,98,175,54
ranked_508468284,TaToH,2026,678.184,1,525,102,207,57
ranked_508468284,TaToH,2026,684.684,1,535,108,226,58
ranked_508468284,TaToH,2026,691.184,1,509,110,225,59
ranked_508468284,TaToH,2026,697.684,1,547,114,181,60
ranked_508468284,TaToH,2026,704.184,1,567,114,87,68
ranked_508468284,TaToH,2026,710.684,1,527,116,94,69
ranked_508468284,TaToH,2026,717.184,1,567,116,107,69
ranked_508468284,TaToH,2026,723.684,1,587,118,94,70
ranked_508468284,TaToH,2026,730.184,1,573,120,132,78
ranked_508468284,TaToH,2026,736.684,1,506,124,129,80
ranked_508468284,TaToH,2026,743.184,1,516,124,126,80
ranked_508468284,TaToH,2026,749.684,1,550,128,142,80
ranked_508468284,TaToH,2026,756.184,1,609,132,130,80
ranked_508468284,TaToH,2026,762.684,1,659,136,132,80
ranked_508468284,TaToH,2026,769.184,1,662,142,140,83
ranked_508468284,TaToH,2026,775.684,1,582,146,184,84
ranked_508468284,TaToH,2026,782.184,1,662,150,146,84
ranked_508468284,TaToH,2026,788.684,1,673,154,123,85
ranked_508468284,TaToH,2026,795.184,1,603,160,150,87
ranked_508468284,TaToH,2026,801.684,1,613,164,203,87
ranked_508468284,TaToH,2026,808.184,1,663,170,197,87
ranked_508468284,TaToH,2026,814.684,1,693,172,162,87
ranked_508468284,TaToH,2026,821.184,1,773,176,140,88
ranked_508468284,TaToH,2026,827.684,1,734,176,200,89
ranked_508468284,TaToH,2026,834.184,1,734,203,533,98
ranked_508468284,TaToH,2026,840.684,1,544,188,527,93
ranked_508468284,TaToH,2026,847.184,1,574,183,482,91
ranked_508468284,TaToH,2026,853.684,1,534,185,468,92
ranked_508468284,TaToH,2026,860.184,1,564,185,502,92
ranked_508468284,TaToH,2026,866.684,1,665,185,458,92
ranked_508468284,TaToH,2026,873.184,1,705,187,480,93
ranked_508468284,TaToH,2026,879.684,1,765,187,481,93
ranked_508468284,TaToH,2026,886.184,1,815,187,501,93
ranked_508468284,TaToH,2026,892.684,1,865,187,458,93
ranked_508468284,TaToH,2026,899.184,1,855,191,489,95
ranked_508468284,TaToH,2026,905.684,1,905,191,502,95
ranked_508468284,TaToH,2026,912.184,1,973,193,487,95
ranked_508468284,TaToH,2026,918.684,1,1023,195,445,96
ranked_508468284,TaToH,2026,925.184,1,1068,195,469,96
ranked_508468284,TaToH,2026,931.684,1,1090,193,489,97
ranked_508468284,TaToH,2026,938.184,1,1090,193,508,97
ranked_508468284,TaToH,2026,944.684,1,1190,197,474,98
ranked_508468284,TaToH,2026,951.184,1,1280,197,452,98
ranked_508468284,TaToH,2026,957.684,1,1341,197,456,98
ranked_508468284,TaToH,2026,964.184,1,1381,197,483,98
ranked_508468284,TaToH,2026,970.684,1,1406,199,453,100
ranked_508468284,TaToH,2026,977.184,1,1406,201,482,101
ranked_508468284,TaToH,2026,983.684,1,1431,201,494,102
ranked_508468284,TaToH,2026,990.184,1,1431,215,507,110
ranked_508468284,TaToH,2026,996.684,1,1518,205,449,108
ranked_508468284,TaToH,2026,1003.184,1,1538,249,588,118
ranked_508468284,TaToH,2026,1009.684,1,1614,222,589,108
ranked_508468284,TaToH,2026,1016.184,1,1512,226,680,111
ranked_508468284,TaToH,2026,1022.684,1,1554,270,638,129
ranked_508468284,TaToH,2026,1029.184,1,1537,257,610,123
ranked_508468284,TaToH,2026,1035.684,1,1597,248,563,120
ranked_508468284,TaToH,2026,1042.184,1,1667,256,545,120
ranked_508468284,TaToH,2026,1048.684,1,705,232,602,112
ranked_508468284,TaToH,2026,1055.184,1,685,234,608,114
ranked_508468284,TaToH,2026,1061.684,1,732,234,581,114
ranked_508468284,TaToH,2026,1068.184,1,850,225,479,111
ranked_508468284,TaToH,2026,1074.684,1,860,223,449,111
ranked_508468284,TaToH,2026,1081.184,1,860,223,457,112
ranked_508468284,TaToH,2026,1087.684,1,855,223,505,113
ranked_508468284,TaToH,2026,1094.184,1,933,223,446,114
ranked_508468284,TaToH,2026,1100.684,1,988,223,411,115
ranked_508468284,TaToH,2026,1107.184,1,1089,225,335,116
ranked_508468284,TaToH,2026,1113.684,1,934,219,380,114
ranked_508468284,TaToH,2026,1120.184,1,1011,219,368,114
ranked_508468284,TaToH,2026,1126.684,1,1081,221,364,114
ranked_508468284,TaToH,2026,1133.184,1,1131,218,399,113
ranked_508468284,TaToH,2026,1139.684,1,1151,220,372,113
ranked_508468284,TaToH,2026,1146.184,1,1111,220,385,114
ranked_508468284,TaToH,2026,1152.684,1,1201,222,361,114
ranked_508468284,TaToH,2026,1159.184,1,1171,222,386,114
ranked_508468284,TaToH,2026,1165.684,1,1261,224,360,115
ranked_508468284,TaToH,2026,1172.184,1,1319,226,376,115
ranked_508468284,TaToH,2026,1178.684,1,1389,228,380,115
ranked_508468284,TaToH,2026,1185.184,1,1294,228,388,116
ranked_508468284,TaToH,2026,1191.684,1,1304,228,383,116
ranked_508468284,TaToH,2026,1198.184,1,1314,228,394,116
ranked_508468284,TaToH,2026,1204.684,1,1414,251,394,123
ranked_508468284,TaToH,2026,1211.184,1,1474,230,398,116
ranked_508468284,TaToH,2026,1217.684,1,1544,230,407,116
ranked_508468284,TaToH,2026,1224.184,1,939,232,520,117
ranked_508468284,TaToH,2026,1230.684,1,1009,232,498,117
ranked_508468284,TaToH,2026,1237.184,1,1049,238,741,117
ranked_508468284,TaToH,2026,1243.684,1,608,228,487,115
ranked_508468284,TaToH,2026,1250.184,1,628,228,465,115
ranked_508468284,TaToH,2026,1256.684,1,678,228,457,115
ranked_508468284,TaToH,2026,1263.184,1,718,232,678,115
ranked_508468284,TaToH,2026,1269.684,1,563,235,693,117
ranked_508468284,TaToH,2026,1276.184,1,633,235,648,117
ranked_508468284,TaToH,2026,1282.684,1,653,229,670,115
ranked_508468284,TaToH,2026,1289.184,1,732,231,567,116
ranked_508468284,TaToH,2026,1295.684,1,720,241,493,120
ranked_508468284,TaToH,2026,1302.184,1,760,241,511,120
ranked_508468284,TaToH,2026,1308.684,1,780,241,497,120
ranked_508468284,TaToH,2026,1315.184,1,761,245,440,121
ranked_508468284,TaToH,2026,1321.684,1,821,238,462,118
ranked_508468284,TaToH,2026,1328.184,1,486,318,609,146
ranked_508468284,TaToH,2026,1334.684,1,466,245,569,123
ranked_508468284,TaToH,2026,1341.184,1,476,247,578,125
ranked_508468284,TaToH,2026,1347.684,1,416,249,561,127
ranked_508468284,TaToH,2026,1354.184,1,466,258,668,128
ranked_508468284,TaToH,2026,1360.684,1,454,258,644,129
ranked_508468284,TaToH,2026,1367.184,1,459,267,890,132
ranked_508468284,TaToH,2026,1373.684,1,359,280,633,140
ranked_508468284,TaToH,2026,1380.184,1,349,263,623,134
ranked_508468284,TaToH,2026,1386.684,1,439,257,578,133
ranked_508468284,TaToH,2026,1393.184,1,585,261,681,133
ranked_508468284,TaToH,2026,1399.684,1,610,265,708,135
ranked_508468284,TaToH,2026,1406.184,1,511,269,747,137
ranked_508468284,TaToH,2026,1412.684,1,546,264,556,137
ranked_508468284,TaToH,2026,1419.184,1,490,275,696,140
ranked_508468284,TaToH,2026,1425.684,1,428,282,551,146
ranked_508468284,TaToH,2026,1432.184,1,413,286,624,147
ranked_508468284,TaToH,2026,1438.684,1,443,290,540,147
ranked_508468284,TaToH,2026,1445.184,1,623,301,637,149
ranked_508468284,TaToH,2026,1451.684,1,592,365,632,173
ranked_508468284,TaToH,2026,1458.184,1,553,298,635,152
ranked_508468284,TaToH,2026,1464.684,1,607,302,599,154
ranked_508468284,TaToH,2026,1471.184,1,767,306,512,155
ranked_508468284,TaToH,2026,1477.684,1,757,310,558,157
ranked_508468284,TaToH,2026,1484.184,1,739,329,656,163
ranked_508468284,TaToH,2026,1490.684,1,699,418,1156,194
ranked_508468284,TaToH,2026,1497.184,1,800,323,1023,165
ranked_508468284,TaToH,2026,1503.684,1,820,333,985,167
ranked_508468284,TaToH,2026,1510.184,1,695,371,1052,181
ranked_508468284,TaToH,2026,1516.684,1,775,335,1069,169
ranked_508468284,TaToH,2026,1523.184,1,644,348,1216,171
ranked_508468284,TaToH,2026,1529.684,1,803,350,1175,172
ranked_508468284,TaToH,2026,1536.184,1,802,352,1200,176
ranked_508468284,TaToH,2026,1542.684,1,590,354,1279,178
ranked_508468284,TaToH,2026,1549.184,1,737,358,1230,179
ranked_508468284,TaToH,2026,1555.684,1,731,361,1034,181
ranked_508468284,TaToH,2026,1562.184,1,758,362,1123,183
ranked_508468284,TaToH,2026,1568.684,1,851,370,1088,184
ranked_508468284,TaToH,2026,1575.184,1,835,372,1120,186
ranked_508468284,TaToH,2026,1581.684,1,762,377,1280,187
ranked_508468284,TaToH,2026,1588.184,1,805,374,1101,189
ranked_508468284,TaToH,2026,1594.684,1,918,376,1171,190
ranked_508468284,TaToH,2026,1601.184,1,762,382,1161,191
ranked_508468284,TaToH,2026,1607.684,1,865,385,1364,191
ranked_508468284,TaToH,2026,1614.184,1,927,388,1207,193
ranked_508468284,TaToH,2026,1620.684,1,899,390,1185,195
ranked_508468284,TaToH,2026,1627.184,1,1048,492,1579,228
ranked_508468284,TaToH,2026,1633.684,1,1307,446,1388,213
ranked_508468284,TaToH,2026,1640.184,1,1400,398,1489,197
ranked_508468284,TaToH,2026,1646.684,1,1051,400,1582,199
ranked_508468284,TaToH,2026,1653.184,1,1286,406,1488,201
ranked_508468284,TaToH,2026,1659.684,1,1421,408,1458,202
ranked_508468284,TaToH,2026,1666.184,1,786,408,1454,204
ranked_508468284,TaToH,2026,1672.684,1,966,412,1461,206
ranked_508468284,TaToH,2026,1679.184,1,1148,418,1419,208
ranked_508468284,TaToH,2026,1685.684,1,959,420,1363,211
ranked_508468284,TaToH,2026,1692.184,1,1075,420,1400,211
ranked_508468284,TaToH,2026,1698.684,1,788,426,1434,214
ranked_508468284,TaToH,2026,1705.184,1,745,428,1456,216
ranked_508468284,TaToH,2026,1711.684,1,1006,428,1377,216
ranked_508468284,TaToH,2026,1718.184,1,1106,469,1634,230
ranked_508468284,TaToH,2026,1724.684,1,1343,530,1589,249
ranked_508468284,TaToH,2026,1731.184,1,1472,433,1681,218
ranked_508468284,TaToH,2026,1737.684,1,1470,433,1641,218
ranked_508468284,TaToH,2026,1744.184,1,1442,445,1684,224
ranked_508468284,TaToH,2026,1750.684,1,1492,499,1678,239
ranked_508468284,TaToH,2026,1757.184,1,1188,603,2447,271
ranked_508468284,TaToH,2026,1763.684,1,1196,555,2553,256
ranked_508468284,TaToH,2026,1770.184,1,1260,467,2595,227
ranked_508468284,TaToH,2026,1776.684,1,1313,469,2481,229
ranked_508468284,TaToH,2026,1783.184,1,1425,474,2499,232
ranked_508468284,TaToH,2026,1789.684,1,905,480,2569,234
ranked_508468284,TaToH,2026,1796.184,1,617,475,2405,236
ranked_508468284,TaToH,2026,1802.684,1,748,481,2385,239
ranked_508468284,TaToH,2026,1809.184,1,766,483,2439,239
ranked_508468284,TaToH,2026,1815.684,1,669,491,2569,243
ranked_508468284,TaToH,2026,1822.184,1,490,501,2607,246
ranked_508468284,TaToH,2026,1828.684,1,897,513,2300,249
ranked_508468284,TaToH,2026,1835.184,1,837,504,2460,246
ranked_508468284,TaToH,2026,1841.684,1,857,512,2566,249
ranked_508468284,TaToH,2026,1848.184,1,820,520,2676,254
ranked_508468284,TaToH,2026,1854.684,1,905,527,2588,257
ranked_508468284,TaToH,2026,1861.184,1,1260,593,2685,278
ranked_508468284,TaToH,2026,1867.684,1,1402,534,2634,259
ranked_508468284,TaToH,2026,1874.184,1,1658,556,2468,267
ranked_508468284,TaToH,2026,1880.684,1,808,633,2541,292
ranked_508468284,TaToH,2026,1887.184,1,1013,610,2630,286
ranked_508468284,TaToH,2026,1893.684,1,1115,638,2398,296
ranked_508468284,TaToH,2026,1900.184,1,1111,691,2439,314
ranked_508468284,TaToH,2026,1906.684,1,1307,730,2517,327
ranked_508468284,TaToH,2026,1913.184,1,1294,709,2993,320
ranked_508468284,TaToH,2026,1919.684,1,930,705,2728,323
ranked_508468284,TaToH,2026,1926.184,1,665,570,3161,278
ranked_508468284,TaToH,2026,1932.684,1,795,571,3073,279
ranked_508468284,TaToH,2026,1939.184,1,934,622,3144,298
ranked_508468284,TaToH,2026,1945.684,1,1241,650,3118,307
ranked_508468284,TaToH,2026,1952.184,1,1279,662,3218,311
ranked_508468284,TaToH,2026,1958.684,1,1242,769,3969,345
ranked_508468284,TaToH,2026,1965.184,1,1716,695,3629,320
ranked_508468284,TaToH,2026,1971.684,1,1923,689,3413,318
ranked_508468284,TaToH,2026,1978.184,1,1526,705,3881,322
ranked_508468284,TaToH,2026,1984.684,1,1594,645,3898,302
ranked_508468284,TaToH,2026,1991.184,1,1631,843,4323,367
ranked_508468284,TaToH,2026,1997.684,1,1804,865,4796,365
ranked_508468284,TaToH,2026,2004.184,1,1720,801,4810,353
ranked_508468284,TaToH,2026,2010.684,1,1241,934,5298,397
ranked_508468284,TaToH,2026,2017.184,1,1453,814,5735,357
ranked_508468284,TaToH,2026,2023.684,1,1657,791,6101,346
ranked_508468284,TaToH,2026,2030.184,1,1894,735,5784,330
ranked_508468284,TaToH,2026,2036.684,1,1874,697,5776,318
ranked_508468284,TaToH,2026,2043.184,1,2057,678,5598,312
ranked_508468284,TaToH,2026,2049.684,1,2020,701,5755,319
ranked_508468284,TaToH,2026,2056.184,1,2163,929,5812,399
ranked_508468284,TaToH,2026,2062.684,1,2397,971,5946,411
ranked_508468284,TaToH,2026,2069.184,1,658,839,5974,367
ranked_508468284,TaToH,2026,2075.684,1,835,774,5647,343
ranked_508468284,TaToH,2026,2082.184,1,1184,759,5450,338
ranked_508468284,TaToH,2026,2088.684,1,906,772,5638,341
ranked_508468284,TaToH,2026,2095.184,1,1074,1154,6660,472
ranked_508468284,TaToH,2026,2101.684,1,1510,1078,7456,436
ranked_508468284,TaToH,2026,2108.184,1,1741,798,7502,342
ranked_508468284,TaToH,2026,2114.684,1,1519,792,7318,342
ranked_508468284,TaToH,2026,2121.184,1,1630,791,7137,342
ranked_508468284,TaToH,2026,2127.684,1,1766,791,6995,341
ranked_508468284,TaToH,2026,2134.436,1,1200,805,6846,350
ranked_508468284,TaToH,2026,2141.807,1,1587,734,6479,325
ranked_508468284,TaToH,2026,2148.307,1,1740,737,6306,328
ranked_508468284,TaToH,2026,2154.807,1,1504,740,6172,329
ranked_508468284,TaToH,2026,2161.307,1,1683,799,6238,348
ranked_508468284,TaToH,2026,2167.807,1,1667,823,6223,355
ranked_508468284,TaToH,2026,2174.307,1,1772,838,5973,361
ranked_508468284,TaToH,2026,2180.807,1,1864,826,5727,358
ranked_508468284,TaToH,2026,2187.307,1,1906,758,5544,336
ranked_508468284,TaToH,2026,2193.807,1,1799,756,5434,337
ranked_508468284,TaToH,2026,2200.307,1,1487,748,4773,336
ranked_508468284,TaToH,2026,2206.807,1,1609,758,4741,339
ranked_508468284,TaToH,2026,2213.307,1,1621,759,4384,340
ranked_508468284,TaToH,2026,2219.807,1,1778,758,4255,339
ranked_508468284,TaToH,2026,2226.307,1,1870,757,4466,339
ranked_508468284,TaToH,2026,2232.807,1,2079,759,4197,342
ranked_508468284,TaToH,2026,2240.4,1,2263,751,3887,340
ranked_508468284,TaToH,2026,2247.846,1,2302,755,3764,340
ranked_508468284,TaToH,2026,2254.346,1,2405,756,3549,342
ranked_508468284,TaToH,2026,2260.846,1,2552,748,3470,340
ranked_508468284,TaToH,2026,2267.346,1,1433,755,3249,343
ranked_508468284,TaToH,2026,2273.846,1,1441,745,3177,342
ranked_508468284,TaToH,2026,2280.456,1,1780,811,3062,365
ranked_508468284,TaToH,2026,2286.956,1,1882,777,2962,353
ranked_508468284,TaToH,2026,2293.456,1,1567,755,2892,349
ranked_508468284,TaToH,2026,2299.956,1,1745,810,2785,369
ranked_508468284,TaToH,2026,2306.456,1,2005,800,2528,367
ranked_508468284,TaToH,2026,2312.956,1,2072,795,2535,367
ranked_508468284,TaToH,2026,2319.456,1,1309,796,2750,374
ranked_508468284,TaToH,2026,2325.956,1,1405,785,2601,374
ranked_508468284,TaToH,2026,2332.566,1,1308,799,2687,376
ranked_508468284,TaToH,2026,2339.178,1,1567,790,2412,376
ranked_508468284,TaToH,2026,2346.066,1,1643,800,2407,380
ranked_508468284,TaToH,2026,2353.246,1,1529,815,2482,381
ranked_508468284,TaToH,2026,2360.683,1,1884,819,1995,384
ranked_508468284,TaToH,2026,2368.425,1,1402,827,2169,387
ranked_508468284,TaToH,2026,2375.598,1,1613,851,1980,386
ranked_508468284,TaToH,2026,2382.733,1,1890,1000,5635,431
ranked_508468284,TaToH,2026,2390.122,1,2353,1522,6626,602
ranked_508468284,TaToH,2026,2397.622,1,2603,1401,7966,560
ranked_508468284,TaToH,2026,2404.454,1,2132,1340,9960,535
ranked_508468284,TaToH,2026,2411.066,1,2468,1305,11405,516
ranked_508468284,TaToH,2026,2417.896,1,2528,1116,12512,450
ranked_508468284,TaToH,2026,2424.396,1,2747,1098,13413,442
ranked_508468284,TaToH,2026,2431.006,1,1572,972,13563,398
ranked_508468284,TaToH,2026,2438.523,1,1819,1163,13836,460
ranked_508468284,TaToH,2026,2445.627,1,2064,1043,14203,421
ranked_508468284,TaToH,2026,2452.347,1,2236,1393,14526,536
ranked_508468284,TaToH,2026,2459.097,1,2449,1385,14963,526
ranked_508468284,TaToH,2026,2465.707,1,1582,963,14444,386
ranked_508468284,TaToH,2026,2472.319,1,1514,892,13781,366
ranked_508468284,TaToH,2026,2479.728,1,1641,891,13544,365
ranked_508468284,TaToH,2026,2486.944,1,917,900,13411,368
ranked_508468284,TaToH,2026,2493.872,1,989,907,12675,372
ranked_508468284,TaToH,2026,2500.754,1,1291,916,12324,376
ranked_508468284,TaToH,2026,2507.844,1,983,929,12091,383
ranked_508468284,TaToH,2026,2514.982,1,1174,921,11439,382
ranked_508468284,TaToH,2026,2522.008,1,1201,939,10949,386
ranked_508468284,TaToH,2026,2529.671,1,1200,939,10673,387
ranked_508468284,TaToH,2026,2536.951,1,1064,937,10312,389
ranked_508468284,TaToH,2026,2543.707,1,1420,967,9952,403
ranked_508468284,TaToH,2026,2550.839,1,1723,955,9617,396
ranked_508468284,TaToH,2026,2557.713,1,2097,971,9328,400
ranked_508468284,TaToH,2026,2564.918,1,1049,969,8722,405
ranked_508468284,TaToH,2026,2572.793,1,1383,966,8543,402
ranked_508468284,TaToH,2026,2581.292,1,1787,1253,8468,499
ranked_508468284,TaToH,2026,2589.623,1,1780,1413,9337,553
ranked_508468284,TaToH,2026,2597.264,1,1964,1355,10396,523
ranked_508468284,TaToH,2026,2604.526,1,2132,1443,13051,544
ranked_508468284,TaToH,2026,2611.2,1,2407,1463,15197,545
ranked_508468284,TaToH,2026,2618.067,1,1964,1282,16170,482
ranked_508468284,TaToH,2026,2624.567,1,1520,1172,15898,453
ranked_508468284,TaToH,2026,2631.844,1,1421,1118,15628,436
ranked_508468284,TaToH,2026,2640.238,1,1966,1137,14738,444
ranked_508468284,TaToH,2026,2647.483,1,1895,1139,14091,443
ranked_508468284,TaToH,2026,2654.093,1,1919,1151,13486,445
ranked_508468284,TaToH,2026,2660.665,1,2284,1159,12618,444
ranked_508468284,TaToH,2026,2667.233,1,1664,1159,12016,443
ranked_508468284,TaToH,2026,2673.947,1,1759,1176,11507,450
ranked_508468284,TaToH,2026,2680.887,1,1995,1130,11054,441
ranked_508468284,TaToH,2026,2687.653,1,2005,1107,10567,436
ranked_508468284,TaToH,2026,2694.513,1,1762,1095,9901,439
ranked_508468284,TaToH,2026,2701.513,1,1989,1083,9366,436
ranked_508468284,TaToH,2026,2708.857,1,1884,1032,8941,426
ranked_508468284,TaToH,2026,2715.827,1,1670,986,8635,424
ranked_508468284,TaToH,2026,2723.153,1,1981,977,8267,424
ranked_508468284,TaToH,2026,2730.233,1,2152,973,7922,424
ranked_508468284,TaToH,2026,2737.045,1,1944,964,7602,418
ranked_508468284,TaToH,2026,2744.545,1,1859,987,7579,431
ranked_508468284,TaToH,2026,2752.045,1,2170,998,7748,430
ranked_508468284,TaToH,2026,2759.377,1,2334,1077,8538,452
ranked_508468284,TaToH,2026,2766.795,1,2186,1076,8929,450
ranked_508468284,TaToH,2026,2774.173,1,2609,1024,9144,431
ranked_508468284,TaToH,2026,2781.657,1,2694,1202,12916,474
ranked_508907620,TaToH,2026,8.684,2,450,20,100,12
ranked_508907620,TaToH,2026,15.184,2,450,20,100,12
ranked_508907620,TaToH,2026,21.684,2,450,26,400,15
ranked_508907620,TaToH,2026,28.184,2,450,28,300,15
ranked_508907620,TaToH,2026,34.684,2,450,30,304,15
ranked_508907620,TaToH,2026,41.184,2,450,30,312,15
ranked_508907620,TaToH,2026,47.684,2,450,30,320,15
ranked_508907620,TaToH,2026,54.184,2,450,32,329,16
ranked_508907620,TaToH,2026,60.684,2,483,32,311,16
ranked_508907620,TaToH,2026,67.184,2,494,32,311,16
ranked_508907620,TaToH,2026,73.684,2,494,32,322,16
ranked_508907620,TaToH,2026,80.184,2,494,34,334,17
ranked_508907620,TaToH,2026,86.684,2,494,36,400,18
ranked_508907620,TaToH,2026,93.184,2,494,36,408,18
ranked_508907620,TaToH,2026,99.684,2,494,36,420,18
ranked_508907620,TaToH,2026,106.184,2,494,38,433,19
ranked_508907620,TaToH,2026,112.684,2,494,38,445,19
ranked_508907620,TaToH,2026,119.184,2,488,42,617,21
ranked_508907620,TaToH,2026,125.684,2,510,42,609,21
ranked_508907620,TaToH,2026,132.184,2,510,44,624,22
ranked_508907620,TaToH,2026,138.684,2,493,44,602,22
ranked_508907620,TaToH,2026,145.184,2,493,44,616,22
ranked_508907620,TaToH,2026,151.684,2,499,46,627,23
ranked_508907620,TaToH,2026,158.184,2,499,46,646,23
ranked_508907620,TaToH,2026,164.684,2,505,46,614,23
ranked_508907620,TaToH,2026,171.184,2,405,46,635,24
ranked_508907620,TaToH,2026,177.684,2,405,48,650,25
ranked_508907620,TaToH,2026,184.184,2,430,48,603,25
ranked_508907620,TaToH,2026,190.684,2,430,48,627,25
ranked_508907620,TaToH,2026,197.184,2,430,48,650,25
ranked_508907620,TaToH,2026,203.684,2,440,52,660,26
ranked_508907620,TaToH,2026,210.184,2,416,52,686,27
ranked_508907620,TaToH,2026,216.684,2,512,52,621,27
ranked_508907620,TaToH,2026,223.184,2,522,52,637,27
ranked_508907620,TaToH,2026,229.684,2,432,54,652,28
ranked_508907620,TaToH,2026,236.184,2,432,54,674,28
ranked_508907620,TaToH,2026,242.684,2,442,54,692,28
ranked_508907620,TaToH,2026,249.184,2,519,56,623,29
ranked_508907620,TaToH,2026,255.684,2,539,64,609,33
ranked_508907620,TaToH,2026,262.184,2,489,58,623,30
ranked_508907620,TaToH,2026,268.684,2,499,58,641,30
ranked_508907620,TaToH,2026,275.184,2,499,60,669,30
ranked_508907620,TaToH,2026,281.684,2,469,62,681,31
ranked_508907620,TaToH,2026,288.184,2,483,62,698,31
ranked_508907620,TaToH,2026,294.684,2,383,62,726,32
ranked_508907620,TaToH,2026,301.184,2,383,64,759,33
ranked_508907620,TaToH,2026,307.684,2,534,64,654,33
ranked_508907620,TaToH,2026,314.184,2,554,64,660,33
ranked_508907620,TaToH,2026,320.684,2,578,66,629,33
ranked_508907620,TaToH,2026,327.184,2,516,68,658,38
ranked_508907620,TaToH,2026,333.684,2,526,70,689,38
ranked_508907620,TaToH,2026,340.184,2,546,70,707,38
ranked_508907620,TaToH,2026,346.684,2,556,72,731,38
ranked_508907620,TaToH,2026,353.184,2,699,74,520,43
ranked_508907620,TaToH,2026,359.684,2,649,76,547,43
ranked_508907620,TaToH,2026,366.184,2,679,74,449,42
ranked_508907620,TaToH,2026,372.684,2,688,76,476,42
ranked_508907620,TaToH,2026,379.184,2,648,78,504,43
ranked_508907620,TaToH,2026,385.684,2,723,80,470,43
ranked_508907620,TaToH,2026,392.184,2,764,82,466,43
ranked_508907620,TaToH,2026,398.684,2,786,84,482,43
ranked_508907620,TaToH,2026,405.184,2,870,88,444,44
ranked_508907620,TaToH,2026,411.684,2,880,86,364,43
ranked_508907620,TaToH,2026,418.184,2,972,86,320,43
ranked_508907620,TaToH,2026,424.684,2,992,86,339,43
ranked_508907620,TaToH,2026,431.184,2,507,86,365,43
ranked_508907620,TaToH,2026,437.684,2,521,86,385,43
ranked_508907620,TaToH,2026,444.184,2,562,86,381,43
ranked_508907620,TaToH,2026,450.684,2,630,86,349,43
ranked_508907620,TaToH,2026,457.184,2,653,86,352,43
ranked_508907620,TaToH,2026,463.684,2,550,86,384,45
ranked_508907620,TaToH,2026,470.184,2,575,86,391,44
ranked_508907620,TaToH,2026,476.684,2,605,86,394,44
ranked_508907620,TaToH,2026,483.184,2,581,88,406,60
ranked_508907620,TaToH,2026,489.684,2,662,90,371,60
ranked_508907620,TaToH,2026,496.184,2,672,90,402,60
ranked_508907620,TaToH,2026,502.684,2,682,92,434,60
ranked_508907620,TaToH,2026,509.184,2,742,94,418,60
ranked_508907620,TaToH,2026,515.684,2,605,94,420,61
ranked_508907620,TaToH,2026,522.184,2,615,94,451,61
ranked_508907620,TaToH,2026,528.684,2,585,94,469,61
ranked_508907620,TaToH,2026,535.184,2,616,94,486,61
ranked_508907620,TaToH,2026,541.684,2,783,92,268,60
ranked_508907620,TaToH,2026,548.184,2,834,92,248,60
ranked_508907620,TaToH,2026,554.684,2,854,92,264,60
ranked_508907620,TaToH,2026,561.184,2,604,98,288,60
ranked_508907620,TaToH,2026,567.684,2,634,102,295,60
ranked_508907620,TaToH,2026,574.184,2,708,104,264,60
ranked_508907620,TaToH,2026,580.684,2,748,106,263,60
ranked_508907620,TaToH,2026,587.184,2,693,114,284,63
ranked_508907620,TaToH,2026,593.684,2,743,116,274,63
ranked_508907620,TaToH,2026,600.184,2,605,118,273,64
ranked_508907620,TaToH,2026,606.684,2,635,122,160,67
ranked_508907620,TaToH,2026,613.184,2,625,124,160,67
ranked_508907620,TaToH,2026,619.684,2,636,126,159,68
ranked_508907620,TaToH,2026,626.184,2,606,126,171,68
ranked_508907620,TaToH,2026,632.684,2,616,128,206,69
ranked_508907620,TaToH,2026,639.184,2,590,128,190,70
ranked_508907620,TaToH,2026,645.684,2,641,130,184,71
ranked_508907620,TaToH,2026,652.184,2,471,140,193,71
ranked_508907620,TaToH,2026,658.684,2,426,144,212,74
ranked_508907620,TaToH,2026,665.184,2,522,142,65,73
ranked_508907620,TaToH,2026,671.684,2,526,146,96,74
ranked_508907620,TaToH,2026,678.184,2,575,146,99,74
ranked_508907620,TaToH,2026,684.684,2,606,150,118,76
ranked_508907620,TaToH,2026,691.184,2,616,150,112,76
ranked_508907620,TaToH,2026,697.684,2,581,152,113,77
ranked_508907620,TaToH,2026,704.184,2,621,152,125,77
ranked_508907620,TaToH,2026,710.684,2,639,154,54,79
ranked_508907620,TaToH,2026,717.184,2,641,156,83,79
ranked_508907620,TaToH,2026,723.684,2,641,156,80,79
ranked_508907620,TaToH,2026,730.184,2,601,156,126,81
ranked_508907620,TaToH,2026,736.684,2,501,163,434,83
ranked_508907620,TaToH,2026,743.184,2,516,165,447,84
ranked_508907620,TaToH,2026,749.684,2,466,169,424,85
ranked_508907620,TaToH,2026,756.184,2,531,169,383,86
ranked_508907620,TaToH,2026,762.684,2,505,173,396,88
ranked_508907620,TaToH,2026,769.184,2,536,175,426,88
ranked_508907620,TaToH,2026,775.684,2,556,175,421,89
ranked_508907620,TaToH,2026,782.184,2,496,179,425,91
ranked_508907620,TaToH,2026,788.684,2,551,179,396,92
ranked_508907620,TaToH,2026,795.184,2,500,181,401,106
ranked_508907620,TaToH,2026,801.684,2,480,183,401,106
ranked_508907620,TaToH,2026,808.184,2,490,185,351,108
ranked_508907620,TaToH,2026,814.684,2,541,185,355,108
ranked_508907620,TaToH,2026,821.184,2,521,189,378,108
ranked_508907620,TaToH,2026,827.684,2,571,191,389,109
ranked_508907620,TaToH,2026,834.184,2,631,193,394,110
ranked_508907620,TaToH,2026,840.684,2,731,193,354,110
ranked_508907620,TaToH,2026,847.184,2,701,195,340,110
ranked_508907620,TaToH,2026,853.684,2,682,198,664,110
ranked_508907620,TaToH,2026,860.184,2,632,200,677,112
ranked_508907620,TaToH,2026,866.684,2,692,202,669,113
ranked_508907620,TaToH,2026,873.184,2,792,206,604,113
ranked_508907620,TaToH,2026,879.684,2,852,209,896,113
ranked_508907620,TaToH,2026,886.184,2,742,217,1492,116
ranked_508907620,TaToH,2026,892.684,2,667,217,1518,118
ranked_508907620,TaToH,2026,899.184,2,768,217,1440,118
ranked_508907620,TaToH,2026,905.684,2,748,219,1418,118
ranked_508907620,TaToH,2026,912.184,2,806,227,1351,120
ranked_508907620,TaToH,2026,918.684,2,809,230,1672,120
ranked_508907620,TaToH,2026,925.184,2,889,232,1612,120
ranked_508907620,TaToH,2026,931.684,2,889,243,2483,122
ranked_508907620,TaToH,2026,938.184,2,752,243,2390,123
ranked_508907620,TaToH,2026,944.684,2,752,243,2404,123
ranked_508907620,TaToH,2026,951.184,2,662,243,2346,124
ranked_508907620,TaToH,2026,957.684,2,732,249,2276,126
ranked_508907620,TaToH,2026,964.184,2,692,249,2223,128
ranked_508907620,TaToH,2026,970.684,2,732,251,2196,129
ranked_508907620,TaToH,2026,977.184,2,702,255,2145,130
ranked_508907620,TaToH,2026,983.684,2,742,259,2107,131
ranked_508907620,TaToH,2026,990.184,2,822,263,1975,131
ranked_508907620,TaToH,2026,996.684,2,772,269,1962,131
ranked_508907620,TaToH,2026,1003.184,2,722,271,1930,132
ranked_508907620,TaToH,2026,1009.684,2,802,273,1795,133
ranked_508907620,TaToH,2026,1016.184,2,817,282,2015,133
ranked_508907620,TaToH,2026,1022.684,2,877,284,1935,134
ranked_508907620,TaToH,2026,1029.184,2,777,288,1905,134
ranked_508907620,TaToH,2026,1035.684,2,862,292,1918,136
ranked_508907620,TaToH,2026,1042.184,2,929,296,1861,136
ranked_508907620,TaToH,2026,1048.684,2,719,298,1783,137
ranked_508907620,TaToH,2026,1055.184,2,607,300,1716,138
ranked_508907620,TaToH,2026,1061.684,2,582,305,1936,140
ranked_508907620,TaToH,2026,1068.184,2,524,304,1914,140
ranked_508907620,TaToH,2026,1074.684,2,608,310,1848,142
ranked_508907620,TaToH,2026,1081.184,2,578,325,1778,149
ranked_508907620,TaToH,2026,1087.684,2,508,311,1488,148
ranked_508907620,TaToH,2026,1094.184,2,568,295,1417,142
ranked_508907620,TaToH,2026,1100.684,2,692,305,1315,142
ranked_508907620,TaToH,2026,1107.184,2,722,314,1607,144
ranked_508907620,TaToH,2026,1113.684,2,591,313,1610,145
ranked_508907620,TaToH,2026,1120.184,2,551,313,1577,145
ranked_508907620,TaToH,2026,1126.684,2,501,313,1509,145
ranked_508907620,TaToH,2026,1133.184,2,451,315,1477,147
ranked_508907620,TaToH,2026,1139.684,2,441,315,1422,147
ranked_508907620,TaToH,2026,1146.184,2,451,317,1381,148
ranked_508907620,TaToH,2026,1152.684,2,531,318,1325,148
ranked_508907620,TaToH,2026,1159.184,2,516,323,1535,150
ranked_508907620,TaToH,2026,1165.684,2,506,323,1465,150
ranked_508907620,TaToH,2026,1172.184,2,496,320,1459,149
ranked_508907620,TaToH,2026,1178.684,2,546,321,1451,150
ranked_508907620,TaToH,2026,1185.184,2,561,313,1311,150
ranked_508907620,TaToH,2026,1191.684,2,510,313,1304,151
ranked_508907620,TaToH,2026,1198.184,2,490,316,1590,151
ranked_508907620,TaToH,2026,1204.684,2,510,319,1922,151
ranked_508907620,TaToH,2026,1211.184,2,580,325,1833,153
ranked_508907620,TaToH,2026,1217.684,2,505,327,1767,155
ranked_508907620,TaToH,2026,1224.184,2,505,329,1743,155
ranked_508907620,TaToH,2026,1230.684,2,585,329,1721,155
ranked_508907620,TaToH,2026,1237.184,2,657,333,1693,157
ranked_508907620,TaToH,2026,1243.684,2,646,333,1666,157
ranked_508907620,TaToH,2026,1250.184,2,776,333,1572,157
ranked_508907620,TaToH,2026,1256.684,2,626,335,1534,159
ranked_508907620,TaToH,2026,1263.184,2,666,335,1545,159
ranked_508907620,TaToH,2026,1269.684,2,656,339,1495,161
ranked_508907620,TaToH,2026,1276.184,2,756,338,1483,161
ranked_508907620,TaToH,2026,1282.684,2,850,347,1570,162
ranked_508907620,TaToH,2026,1289.184,2,869,350,1376,164
ranked_508907620,TaToH,2026,1295.684,2,809,376,1353,172
ranked_508907620,TaToH,2026,1302.184,2,899,366,1552,167
ranked_508907620,TaToH,2026,1308.684,2,959,408,2156,179
ranked_508907620,TaToH,2026,1315.184,2,968,420,3593,180
ranked_508907620,TaToH,2026,1321.684,2,1096,389,4020,167
ranked_508907620,TaToH,2026,1328.184,2,923,372,4431,161
ranked_508907620,TaToH,2026,1334.684,2,830,377,4592,163
ranked_508907620,TaToH,2026,1341.184,2,812,379,4732,163
ranked_508907620,TaToH,2026,1347.684,2,856,379,4595,163
ranked_508907620,TaToH,2026,1354.184,2,921,379,4500,163
ranked_508907620,TaToH,2026,1360.684,2,947,376,4467,163
ranked_508907620,TaToH,2026,1367.184,2,861,378,4354,164
ranked_508907620,TaToH,2026,1373.684,2,851,380,4223,165
ranked_508907620,TaToH,2026,1380.184,2,881,382,4059,166
ranked_508907620,TaToH,2026,1386.684,2,687,383,3826,168
ranked_508907620,TaToH,2026,1393.184,2,593,383,3792,169
ranked_508907620,TaToH,2026,1399.684,2,683,389,3690,170
ranked_508907620,TaToH,2026,1406.184,2,719,386,3527,170
ranked_508907620,TaToH,2026,1412.684,2,670,394,3430,173
ranked_508907620,TaToH,2026,1419.184,2,707,397,3604,173
ranked_508907620,TaToH,2026,1425.684,2,721,399,3492,175
ranked_508907620,TaToH,2026,1432.184,2,799,405,3411,178
ranked_508907620,TaToH,2026,1438.684,2,715,405,3327,179
ranked_508907620,TaToH,2026,1445.184,2,746,409,3229,181
ranked_508907620,TaToH,2026,1451.684,2,798,411,3064,182
ranked_508907620,TaToH,2026,1458.184,2,928,408,2920,182
ranked_508907620,TaToH,2026,1464.684,2,964,411,3007,183
ranked_508907620,TaToH,2026,1471.184,2,1005,413,2873,183
ranked_508907620,TaToH,2026,1477.684,2,1011,419,3411,184
ranked_508907620,TaToH,2026,1484.184,2,943,424,3533,185
ranked_508907620,TaToH,2026,1490.684,2,904,424,3399,185
ranked_508907620,TaToH,2026,1497.184,2,820,418,3193,185
ranked_508907620,TaToH,2026,1503.684,2,797,418,3228,184
ranked_508907620,TaToH,2026,1510.184,2,790,420,3083,185
ranked_508907620,TaToH,2026,1516.684,2,796,427,3167,187
ranked_508907620,TaToH,2026,1523.184,2,781,431,2982,190
ranked_508907620,TaToH,2026,1529.684,2,743,437,2909,193
ranked_508907620,TaToH,2026,1536.184,2,728,439,2765,194
ranked_508907620,TaToH,2026,1542.684,2,805,443,2621,197
ranked_508907620,TaToH,2026,1549.184,2,858,449,2488,198
ranked_508907620,TaToH,2026,1555.684,2,948,452,2556,198
ranked_508907620,TaToH,2026,1562.184,2,961,449,2308,200
ranked_508907620,TaToH,2026,1568.684,2,941,450,2027,202
ranked_508907620,TaToH,2026,1575.184,2,1046,456,1882,202
ranked_508907620,TaToH,2026,1581.684,2,1137,458,1786,202
ranked_508907620,TaToH,2026,1588.184,2,1040,457,1665,204
ranked_508907620,TaToH,2026,1594.684,2,1076,461,1528,206
ranked_508907620,TaToH,2026,1601.184,2,1202,461,1720,205
ranked_508907620,TaToH,2026,1607.684,2,1183,469,2807,206
ranked_508907620,TaToH,2026,1614.184,2,1098,451,3565,202
ranked_508907620,TaToH,2026,1620.684,2,1199,450,4370,200
ranked_508907620,TaToH,2026,1627.184,2,738,447,4280,202
ranked_508907620,TaToH,2026,1633.684,2,855,451,4171,203
ranked_508907620,TaToH,2026,1640.184,2,947,465,4653,207
ranked_508907620,TaToH,2026,1646.684,2,1060,463,4837,206
ranked_508907620,TaToH,2026,1653.184,2,1190,469,4715,209
ranked_508907620,TaToH,2026,1659.684,2,1257,471,4586,209
ranked_508907620,TaToH,2026,1666.184,2,1238,478,4596,211
ranked_508907620,TaToH,2026,1672.684,2,1203,477,4351,213
ranked_508907620,TaToH,2026,1679.184,2,1260,480,4543,213
ranked_508907620,TaToH,2026,1685.684,2,1353,490,4367,216
ranked_508907620,TaToH,2026,1692.184,2,1492,499,5116,217
ranked_508907620,TaToH,2026,1698.684,2,1460,494,5041,217
ranked_508907620,TaToH,2026,1705.184,2,1366,501,5113,217
ranked_508907620,TaToH,2026,1711.684,2,498,505,4977,218
ranked_508907620,TaToH,2026,1718.184,2,568,505,4969,219
ranked_508907620,TaToH,2026,1724.684,2,586,500,4698,219
ranked_508907620,TaToH,2026,1731.184,2,470,500,4568,219
ranked_508907620,TaToH,2026,1737.684,2,635,504,4364,219
ranked_508907620,TaToH,2026,1744.184,2,633,504,4260,219
ranked_508907620,TaToH,2026,1750.684,2,688,506,4057,220
ranked_508907620,TaToH,2026,1757.184,2,514,509,4137,221
ranked_508907620,TaToH,2026,1763.684,2,636,516,4179,223
ranked_508907620,TaToH,2026,1770.184,2,671,511,3874,224
ranked_508907620,TaToH,2026,1776.684,2,732,508,3913,224
ranked_508907620,TaToH,2026,1783.184,2,689,500,3578,223
ranked_508907620,TaToH,2026,1789.684,2,594,501,3279,225
ranked_508907620,TaToH,2026,1796.184,2,735,508,3325,227
ranked_508907620,TaToH,2026,1802.684,2,746,510,3144,227
ranked_508907620,TaToH,2026,1809.184,2,710,508,3190,227
ranked_508907620,TaToH,2026,1815.684,2,747,518,3074,231
ranked_508907620,TaToH,2026,1822.184,2,724,522,2972,232
ranked_508907620,TaToH,2026,1828.684,2,695,533,2903,235
ranked_508907620,TaToH,2026,1835.184,2,890,562,2733,245
ranked_508907620,TaToH,2026,1841.684,2,1021,545,2521,239
ranked_508907620,TaToH,2026,1848.184,2,1020,530,2383,235
ranked_508907620,TaToH,2026,1854.684,2,1098,532,2319,236
ranked_508907620,TaToH,2026,1861.184,2,1176,534,2265,237
ranked_508907620,TaToH,2026,1867.684,2,1347,539,2202,238
ranked_508907620,TaToH,2026,1874.184,2,1154,536,1935,239
ranked_508907620,TaToH,2026,1880.684,2,1312,538,1740,240
ranked_508907620,TaToH,2026,1887.184,2,1403,541,1672,241
ranked_508907620,TaToH,2026,1893.684,2,1361,554,2100,245
ranked_508907620,TaToH,2026,1900.184,2,1534,556,1923,246
ranked_508907620,TaToH,2026,1906.684,2,1665,530,1574,241
ranked_508907620,TaToH,2026,1913.184,2,1210,507,1483,237
ranked_508907620,TaToH,2026,1919.684,2,1280,492,1429,235
ranked_508907620,TaToH,2026,1926.184,2,1344,496,1367,236
ranked_508907620,TaToH,2026,1932.684,2,1057,506,1333,239
ranked_508907620,TaToH,2026,1939.184,2,1183,494,1295,237
ranked_508907620,TaToH,2026,1945.684,2,1017,484,1232,235
ranked_508907620,TaToH,2026,1952.184,2,1074,486,1205,236
ranked_508907620,TaToH,2026,1958.684,2,1050,490,1191,236
ranked_508907620,TaToH,2026,1965.184,2,945,490,1138,236
ranked_508907620,TaToH,2026,1971.684,2,599,494,1117,237
ranked_508907620,TaToH,2026,1978.184,2,544,494,996,237
ranked_508907620,TaToH,2026,1984.969,2,648,489,991,236
ranked_508907620,TaToH,2026,1991.469,2,774,477,960,234
ranked_508907620,TaToH,2026,1997.969,2,656,473,953,233
ranked_508907620,TaToH,2026,2004.469,2,332,468,948,232
ranked_508907620,TaToH,2026,2010.969,2,517,478,891,236
ranked_508907620,TaToH,2026,2017.469,2,686,484,851,238
ranked_508907620,TaToH,2026,2023.969,2,714,481,1081,236
ranked_508907620,TaToH,2026,2030.469,2,801,481,1059,236
ranked_508907620,TaToH,2026,2036.969,2,392,481,1174,238
ranked_508907620,TaToH,2026,2043.469,2,415,484,1378,238
ranked_508907620,TaToH,2026,2049.969,2,415,491,1576,239
ranked_508907620,TaToH,2026,2056.469,2,698,493,1386,240
ranked_508907620,TaToH,2026,2062.969,2,373,488,1170,240
ranked_508907620,TaToH,2026,2069.469,2,437,485,987,242
ranked_508907620,TaToH,2026,2076.194,2,516,487,1041,243
ranked_508907620,TaToH,2026,2082.694,2,456,493,1051,244
ranked_508907620,TaToH,2026,2089.194,2,493,503,998,249
ranked_508907620,TaToH,2026,2095.694,2,632,503,982,249
ranked_508907620,TaToH,2026,2102.194,2,785,513,1270,250
ranked_508907620,TaToH,2026,2108.694,2,584,553,1459,263
ranked_508907620,TaToH,2026,2115.304,2,690,601,1316,282
ranked_508907620,TaToH,2026,2121.804,2,793,660,2177,298
ranked_508907620,TaToH,2026,2128.304,2,754,611,3071,279
ranked_508907620,TaToH,2026,2134.804,2,688,596,3593,271
ranked_508907620,TaToH,2026,2141.304,2,448,617,4013,278
ranked_508907620,TaToH,2026,2147.804,2,628,634,4666,281
ranked_508907620,TaToH,2026,2154.304,2,583,611,4363,278
ranked_508907620,TaToH,2026,2160.804,2,704,667,4795,297
ranked_508907620,TaToH,2026,2167.304,2,763,641,5064,286
ranked_508907620,TaToH,2026,2173.804,2,794,607,4725,275
ranked_508907620,TaToH,2026,2180.304,2,863,656,4660,291
ranked_508907620,TaToH,2026,2186.804,2,874,666,5276,293
ranked_508907620,TaToH,2026,2193.304,2,608,692,6605,303
ranked_508907620,TaToH,2026,2199.804,2,533,744,7473,319
ranked_508907620,TaToH,2026,2206.304,2,592,751,7866,318
ranked_508907620,TaToH,2026,2212.804,2,721,753,8721,315
ranked_508907620,TaToH,2026,2219.304,2,770,713,8964,301
ranked_508907620,TaToH,2026,2225.804,2,803,771,9285,320
ranked_508907620,TaToH,2026,2232.304,2,883,795,9175,326
ranked_508907620,TaToH,2026,2238.804,2,895,787,9497,323
ranked_508907620,TaToH,2026,2245.304,2,663,786,9843,322
ranked_508907620,TaToH,2026,2251.804,2,622,764,9888,316
ranked_508907620,TaToH,2026,2258.304,2,820,715,9609,300
ranked_508907620,TaToH,2026,2264.804,2,900,765,9731,315
ranked_508907620,TaToH,2026,2271.589,2,907,828,10068,335
ranked_508907620,TaToH,2026,2278.089,2,894,830,10471,335
ranked_508907620,TaToH,2026,2284.589,2,878,779,10200,316
ranked_508907620,TaToH,2026,2291.089,2,760,820,10130,328
ranked_508907620,TaToH,2026,2297.589,2,734,787,10065,320
ranked_508907620,TaToH,2026,2304.089,2,861,829,9782,334
ranked_508907620,TaToH,2026,2310.589,2,944,883,10370,350
ranked_508907620,TaToH,2026,2317.089,2,853,842,10693,336
ranked_508907620,TaToH,2026,2323.589,2,945,904,10768,355
ranked_508907620,TaToH,2026,2330.089,2,1019,936,11322,364
ranked_508907620,TaToH,2026,2336.589,2,1213,933,10831,363
ranked_508907620,TaToH,2026,2343.089,2,1232,929,11423,359
ranked_508907620,TaToH,2026,2349.589,2,1239,844,11436,331
ranked_508907620,TaToH,2026,2356.089,2,1202,799,10247,324
ranked_508907620,TaToH,2026,2362.589,2,1220,813,9825,329
ranked_508907620,TaToH,2026,2369.089,2,1142,817,9460,331
ranked_508907620,TaToH,2026,2375.589,2,792,838,9045,340
ranked_508907620,TaToH,2026,2382.089,2,1118,881,8604,353
ranked_508907620,TaToH,2026,2388.589,2,1146,820,8467,333
ranked_508907620,TaToH,2026,2395.089,2,692,829,8458,337
ranked_508907620,TaToH,2026,2401.589,2,735,835,8630,340
ranked_508907620,TaToH,2026,2408.089,2,774,837,8268,341
ranked_508907620,TaToH,2026,2414.589,2,705,913,8288,365
ranked_508907620,TaToH,2026,2421.089,2,825,850,8164,343
ranked_508907620,TaToH,2026,2427.589,2,1010,825,7504,338
ranked_508907620,TaToH,2026,2434.089,2,1093,824,7188,338
ranked_508907620,TaToH,2026,2440.589,2,1245,837,6815,346
ranked_508907620,TaToH,2026,2447.089,2,1414,804,6799,334
ranked_508907620,TaToH,2026,2453.589,2,1577,777,6167,329
ranked_508907620,TaToH,2026,2460.089,2,1909,789,5990,333
ranked_508907620,TaToH,2026,2466.589,2,1820,783,5809,332
ranked_508907620,TaToH,2026,2473.089,2,977,807,5684,341
ranked_508907620,TaToH,2026,2479.703,2,1009,891,5527,371
ranked_508907620,TaToH,2026,2486.229,2,1266,883,5290,368
ranked_508907620,TaToH,2026,2492.729,2,1339,902,6309,371
ranked_508907620,TaToH,2026,2499.229,2,1725,971,6738,390
ranked_508907620,TaToH,2026,2505.729,2,1325,935,6687,361
ranked_508907620,TaToH,2026,2512.229,2,1386,843,6700,351
ranked_508907620,TaToH,2026,2518.729,2,1455,914,6511,380
ranked_508907620,TaToH,2026,2525.229,2,1427,841,5972,357
ranked_508907620,TaToH,2026,2531.729,2,1358,810,5782,348
ranked_508907620,TaToH,2026,2538.229,2,1259,851,5578,366
ranked_508907620,TaToH,2026,2544.729,2,1243,895,5266,381
ranked_508907620,TaToH,2026,2551.229,2,1371,872,5595,375
ranked_508907620,TaToH,2026,2557.729,2,1435,859,5075,372
ranked_508907620,TaToH,2026,2564.229,2,1270,891,6183,379
ranked_508907620,TaToH,2026,2570.729,2,1289,785,6324,343
ranked_508907620,TaToH,2026,2577.339,2,1546,766,6151,337
ranked_508907620,TaToH,2026,2584.117,2,1282,753,5730,337
ranked_508907620,TaToH,2026,2590.617,2,1189,759,5566,340
ranked_508907620,TaToH,2026,2597.117,2,1467,855,5489,372
ranked_508907620,TaToH,2026,2603.617,2,1885,909,6025,385
ranked_508907620,TaToH,2026,2610.117,2,1638,847,5645,369
ranked_508907620,TaToH,2026,2616.617,2,1718,870,5428,378
ranked_508907620,TaToH,2026,2623.117,2,1912,790,5568,352
ranked_508907620,TaToH,2026,2629.617,2,2103,746,5479,339
ranked_508907620,TaToH,2026,2636.117,2,1879,752,5447,343
ranked_508907620,TaToH,2026,2642.617,2,1504,746,5090,345
ranked_508907620,TaToH,2026,2649.117,2,1851,824,5129,370
ranked_508907620,TaToH,2026,2655.617,2,1554,812,5475,365
ranked_508907620,TaToH,2026,2662.117,2,1240,788,5245,358
ranked_508907620,TaToH,2026,2668.617,2,1199,804,5111,363
ranked_508907620,TaToH,2026,2675.117,2,1190,849,5309,377
ranked_508907620,TaToH,2026,2681.617,2,1333,931,5561,405
ranked_508907620,TaToH,2026,2688.117,2,1359,893,5486,393
ranked_508907620,TaToH,2026,2694.617,2,1307,937,5645,407
ranked_508907620,TaToH,2026,2701.117,2,1444,1037,6317,436
ranked_508907620,TaToH,2026,2707.617,2,1441,948,7146,405
ranked_508907620,TaToH,2026,2714.117,2,1372,1031,7705,432
ranked_508907620,TaToH,2026,2720.617,2,1175,1011,8663,421
ranked_508907620,TaToH,2026,2727.117,2,1000,1072,8628,445
ranked_508907620,TaToH,2026,2733.617,2,1171,984,8976,415
ranked_508907620,TaToH,2026,2740.117,2,1200,1091,9450,446
ranked_508907620,TaToH,2026,2746.617,2,1440,1001,9544,418
ranked_508907620,TaToH,2026,2753.117,2,1527,1012,9632,421
ranked_508907620,TaToH,2026,2759.617,2,1642,1004,9826,417
ranked_508907620,TaToH,2026,2766.117,2,1374,1004,10865,413
ranked_508907620,TaToH,2026,2772.617,2,1117,994,10827,411
ranked_508907620,TaToH,2026,2779.623,2,901,1109,11265,453
ranked_508907620,TaToH,2026,2786.339,2,929,1086,12075,441
ranked_508907620,TaToH,2026,2793.21,2,1120,1073,12510,434
ranked_508907620,TaToH,2026,2799.71,2,1447,1106,12210,447
ranked_508907620,TaToH,2026,2806.21,2,1301,1176,13381,468
ranked_508907620,TaToH,2026,2812.71,2,1126,1142,13870,455
ranked_508907620,TaToH,2026,2819.21,2,1169,1209,14053,475
ranked_508907620,TaToH,2026,2825.71,2,1352,1207,14798,472
ranked_508907620,TaToH,2026,2832.21,2,1335,1062,14549,424
ranked_508907620,TaToH,2026,2838.71,2,1559,1055,14355,419
ranked_508907620,TaToH,2026,2845.21,2,1643,1038,14237,414
ranked_508907620,TaToH,2026,2851.71,2,1593,1044,14012,417
ranked_508907620,TaToH,2026,2858.21,2,1922,1032,13414,412
ranked_508907620,TaToH,2026,2864.71,2,2149,1020,13060,412
ranked_508907620,TaToH,2026,2871.21,2,1975,1042,13218,418
ranked_508907620,TaToH,2026,2877.71,2,1714,1051,12970,425
ranked_510128528,TaToH,2026,8.684,2,450,20,150,12
ranked_510128528,TaToH,2026,15.184,2,450,22,300,13
ranked_510128528,TaToH,2026,21.684,2,450,24,450,14
ranked_510128528,TaToH,2026,28.184,2,450,28,450,15
ranked_510128528,TaToH,2026,34.684,2,450,28,303,14
ranked_510128528,TaToH,2026,41.184,2,450,28,311,14
ranked_510128528,TaToH,2026,47.684,2,450,28,319,14
ranked_510128528,TaToH,2026,54.184,2,450,34,628,17
ranked_510128528,TaToH,2026,60.684,2,470,34,619,17
ranked_510128528,TaToH,2026,67.184,2,490,34,610,17
ranked_510128528,TaToH,2026,73.684,2,490,34,620,17
ranked_510128528,TaToH,2026,80.184,2,490,36,632,18
ranked_510128528,TaToH,2026,86.684,2,500,36,633,18
ranked_510128528,TaToH,2026,93.184,2,480,40,914,20
ranked_510128528,TaToH,2026,99.684,2,490,40,914,20
ranked_510128528,TaToH,2026,106.184,2,490,42,926,21
ranked_510128528,TaToH,2026,112.684,2,481,42,900,21
ranked_510128528,TaToH,2026,119.184,2,481,60,900,24
ranked_510128528,TaToH,2026,125.684,2,481,42,900,21
ranked_510128528,TaToH,2026,132.184,2,481,44,910,22
ranked_510128528,TaToH,2026,138.684,2,495,44,914,22
ranked_510128528,TaToH,2026,145.184,2,395,44,935,23
ranked_510128528,TaToH,2026,151.684,2,397,46,900,24
ranked_510128528,TaToH,2026,158.184,2,397,46,921,24
ranked_510128528,TaToH,2026,164.684,2,383,46,900,24
ranked_510128528,TaToH,2026,171.184,2,383,46,921,24
ranked_510128528,TaToH,2026,177.684,2,383,48,935,25
ranked_510128528,TaToH,2026,184.184,2,440,48,900,25
ranked_510128528,TaToH,2026,190.684,2,390,50,919,25
ranked_510128528,TaToH,2026,197.184,2,390,50,936,25
ranked_510128528,TaToH,2026,203.684,2,390,52,961,26
ranked_510128528,TaToH,2026,210.184,2,365,52,982,27
ranked_510128528,TaToH,2026,216.684,2,385,52,987,27
ranked_510128528,TaToH,2026,223.184,2,395,52,1002,27
ranked_510128528,TaToH,2026,229.684,2,467,54,950,28
ranked_510128528,TaToH,2026,236.184,2,417,54,967,28
ranked_510128528,TaToH,2026,242.684,2,387,56,976,28
ranked_510128528,TaToH,2026,249.184,2,448,56,943,28
ranked_510128528,TaToH,2026,255.684,2,413,58,957,29
ranked_510128528,TaToH,2026,262.184,2,413,58,978,29
ranked_510128528,TaToH,2026,268.684,2,433,58,987,29
ranked_510128528,TaToH,2026,275.184,2,483,58,963,29
ranked_510128528,TaToH,2026,281.684,2,333,60,992,31
ranked_510128528,TaToH,2026,288.184,2,343,60,1013,31
ranked_510128528,TaToH,2026,294.684,2,363,60,1026,31
ranked_510128528,TaToH,2026,301.184,2,373,60,1050,31
ranked_510128528,TaToH,2026,307.684,2,373,62,1086,32
ranked_510128528,TaToH,2026,314.184,2,383,67,1120,33
ranked_510128528,TaToH,2026,320.684,2,519,64,1018,32
ranked_510128528,TaToH,2026,327.184,2,519,66,1056,33
ranked_510128528,TaToH,2026,333.684,2,519,66,1094,33
ranked_510128528,TaToH,2026,340.184,2,529,66,1125,33
ranked_510128528,TaToH,2026,346.684,2,605,66,1089,33
ranked_510128528,TaToH,2026,353.184,2,605,68,1128,34
ranked_510128528,TaToH,2026,359.684,2,800,66,767,33
ranked_510128528,TaToH,2026,366.184,2,800,66,801,33
ranked_510128528,TaToH,2026,372.684,2,800,66,836,33
ranked_510128528,TaToH,2026,379.184,2,806,68,867,34
ranked_510128528,TaToH,2026,385.684,2,900,68,812,34
ranked_510128528,TaToH,2026,392.184,2,460,68,786,34
ranked_510128528,TaToH,2026,398.684,2,460,68,820,34
ranked_510128528,TaToH,2026,405.184,2,460,68,861,34
ranked_510128528,TaToH,2026,411.684,2,566,66,635,33
ranked_510128528,TaToH,2026,418.184,2,596,66,635,33
ranked_510128528,TaToH,2026,424.684,2,596,66,675,33
ranked_510128528,TaToH,2026,431.184,2,616,66,693,33
ranked_510128528,TaToH,2026,437.684,2,636,66,706,33
ranked_510128528,TaToH,2026,444.184,2,716,66,660,33
ranked_510128528,TaToH,2026,450.684,2,541,66,698,34
ranked_510128528,TaToH,2026,457.184,2,561,66,710,34
ranked_510128528,TaToH,2026,463.684,2,571,66,738,34
ranked_510128528,TaToH,2026,470.184,2,614,66,651,35
ranked_510128528,TaToH,2026,476.684,2,644,66,647,35
ranked_510128528,TaToH,2026,483.184,2,664,66,659,35
ranked_510128528,TaToH,2026,489.684,2,695,66,664,35
ranked_510128528,TaToH,2026,496.184,2,725,66,510,34
ranked_510128528,TaToH,2026,502.684,2,735,66,535,34
ranked_510128528,TaToH,2026,509.184,2,705,66,551,34
ranked_510128528,TaToH,2026,515.684,2,715,66,575,34
ranked_510128528,TaToH,2026,522.184,2,785,66,537,34
ranked_510128528,TaToH,2026,528.684,2,755,68,552,34
ranked_510128528,TaToH,2026,535.184,2,598,68,505,35
ranked_510128528,TaToH,2026,541.684,2,258,68,521,36
ranked_510128528,TaToH,2026,548.184,2,288,68,526,36
ranked_510128528,TaToH,2026,554.684,2,338,68,512,36
ranked_510128528,TaToH,2026,561.184,2,358,72,527,38
ranked_510128528,TaToH,2026,567.684,2,318,72,547,38
ranked_510128528,TaToH,2026,574.184,2,335,70,389,38
ranked_510128528,TaToH,2026,580.684,2,365,70,395,38
ranked_510128528,TaToH,2026,587.184,2,308,74,432,40
ranked_510128528,TaToH,2026,593.684,2,271,76,450,40
ranked_510128528,TaToH,2026,600.184,2,264,78,444,40
ranked_510128528,TaToH,2026,606.684,2,289,80,431,42
ranked_510128528,TaToH,2026,613.184,2,299,82,458,43
ranked_510128528,TaToH,2026,619.684,2,372,86,407,47
ranked_510128528,TaToH,2026,626.184,2,407,94,396,49
ranked_510128528,TaToH,2026,632.684,2,475,94,689,50
ranked_510128528,TaToH,2026,639.184,2,480,98,686,50
ranked_510128528,TaToH,2026,645.684,2,330,100,670,50
ranked_510128528,TaToH,2026,652.184,2,299,104,530,49
ranked_510128528,TaToH,2026,658.684,2,218,107,577,51
ranked_510128528,TaToH,2026,665.184,2,203,109,577,53
ranked_510128528,TaToH,2026,671.684,2,224,109,575,53
ranked_510128528,TaToH,2026,678.184,2,234,111,586,53
ranked_510128528,TaToH,2026,684.684,2,286,115,557,55
ranked_510128528,TaToH,2026,691.184,2,343,112,317,58
ranked_510128528,TaToH,2026,697.684,2,373,108,306,56
ranked_510128528,TaToH,2026,704.184,2,333,112,300,57
ranked_510128528,TaToH,2026,710.684,2,293,118,312,60
ranked_510128528,TaToH,2026,717.184,2,299,120,309,68
ranked_510128528,TaToH,2026,723.684,2,299,119,268,66
ranked_510128528,TaToH,2026,730.184,2,350,127,250,68
ranked_510128528,TaToH,2026,736.684,2,355,135,252,71
ranked_510128528,TaToH,2026,743.184,2,305,137,284,70
ranked_510128528,TaToH,2026,749.684,2,345,135,286,69
ranked_510128528,TaToH,2026,756.184,2,375,152,316,74
ranked_510128528,TaToH,2026,762.684,2,455,160,269,76
ranked_510128528,TaToH,2026,769.184,2,435,147,274,74
ranked_510128528,TaToH,2026,775.684,2,388,143,247,72
ranked_510128528,TaToH,2026,782.184,2,345,147,226,75
ranked_510128528,TaToH,2026,788.684,2,385,149,208,76
ranked_510128528,TaToH,2026,795.184,2,352,155,199,77
ranked_510128528,TaToH,2026,801.684,2,375,157,202,78
ranked_510128528,TaToH,2026,808.184,2,405,166,198,79
ranked_510128528,TaToH,2026,814.684,2,445,159,195,78
ranked_510128528,TaToH,2026,821.184,2,445,159,174,78
ranked_510128528,TaToH,2026,827.684,2,309,157,194,78
ranked_510128528,TaToH,2026,834.184,2,314,159,177,79
ranked_510128528,TaToH,2026,840.684,2,354,161,180,80
ranked_510128528,TaToH,2026,847.184,2,394,173,183,83
ranked_510128528,TaToH,2026,853.684,2,446,163,178,80
ranked_510128528,TaToH,2026,860.184,2,476,167,211,82
ranked_510128528,TaToH,2026,866.684,2,506,172,489,83
ranked_510128528,TaToH,2026,873.184,2,566,172,474,83
ranked_510128528,TaToH,2026,879.684,2,626,172,466,82
ranked_510128528,TaToH,2026,886.184,2,666,183,777,87
ranked_510128528,TaToH,2026,892.684,2,686,191,1340,88
ranked_510128528,TaToH,2026,899.184,2,551,186,1607,88
ranked_510128528,TaToH,2026,905.684,2,544,186,1554,87
ranked_510128528,TaToH,2026,912.184,2,564,188,1533,87
ranked_510128528,TaToH,2026,918.684,2,459,192,1540,92
ranked_510128528,TaToH,2026,925.184,2,559,197,1736,92
ranked_510128528,TaToH,2026,931.684,2,499,201,1964,91
ranked_510128528,TaToH,2026,938.184,2,479,204,2244,92
ranked_510128528,TaToH,2026,944.684,2,424,210,2201,95
ranked_510128528,TaToH,2026,951.184,2,474,210,2154,95
ranked_510128528,TaToH,2026,957.684,2,494,217,2094,96
ranked_510128528,TaToH,2026,964.184,2,386,214,2036,96
ranked_510128528,TaToH,2026,970.684,2,377,216,1990,97
ranked_510128528,TaToH,2026,977.184,2,272,216,1940,98
ranked_510128528,TaToH,2026,983.684,2,332,220,2002,99
ranked_510128528,TaToH,2026,990.184,2,302,222,1924,99
ranked_510128528,TaToH,2026,996.684,2,371,226,1962,100
ranked_510128528,TaToH,2026,1003.184,2,291,226,1922,100
ranked_510128528,TaToH,2026,1009.684,2,331,231,2158,101
ranked_510128528,TaToH,2026,1016.184,2,431,237,2631,101
ranked_510128528,TaToH,2026,1022.684,2,351,240,2847,101
ranked_510128528,TaToH,2026,1029.184,2,387,245,2772,104
ranked_510128528,TaToH,2026,1035.684,2,337,242,2726,103
ranked_510128528,TaToH,2026,1042.184,2,307,241,2661,102
ranked_510128528,TaToH,2026,1048.684,2,427,242,2498,102
ranked_510128528,TaToH,2026,1055.184,2,477,251,2784,105
ranked_510128528,TaToH,2026,1061.684,2,347,251,2723,105
ranked_510128528,TaToH,2026,1068.184,2,397,250,2710,104
ranked_510128528,TaToH,2026,1074.684,2,471,244,2503,104
ranked_510128528,TaToH,2026,1081.184,2,581,246,2372,104
ranked_510128528,TaToH,2026,1087.684,2,501,264,2310,112
ranked_510128528,TaToH,2026,1094.184,2,326,251,2248,107
ranked_510128528,TaToH,2026,1100.684,2,386,253,2172,108
ranked_510128528,TaToH,2026,1107.184,2,447,251,2011,108
ranked_510128528,TaToH,2026,1113.684,2,477,255,1965,110
ranked_510128528,TaToH,2026,1120.184,2,543,255,1874,111
ranked_510128528,TaToH,2026,1126.684,2,563,259,1836,112
ranked_510128528,TaToH,2026,1133.184,2,603,261,1741,112
ranked_510128528,TaToH,2026,1139.684,2,513,271,2303,114
ranked_510128528,TaToH,2026,1146.184,2,653,275,2731,113
ranked_510128528,TaToH,2026,1152.684,2,643,277,2650,113
ranked_510128528,TaToH,2026,1159.184,2,673,300,3108,120
ranked_510128528,TaToH,2026,1165.684,2,643,292,3046,120
ranked_510128528,TaToH,2026,1172.184,2,736,282,2900,115
ranked_510128528,TaToH,2026,1178.684,2,646,282,2783,115
ranked_510128528,TaToH,2026,1185.184,2,726,304,2658,125
ranked_510128528,TaToH,2026,1191.684,2,666,278,2563,116
ranked_510128528,TaToH,2026,1198.184,2,707,268,2437,115
ranked_510128528,TaToH,2026,1204.684,2,592,270,2388,118
ranked_510128528,TaToH,2026,1211.184,2,663,286,2279,125
ranked_510128528,TaToH,2026,1217.684,2,703,284,2214,121
ranked_510128528,TaToH,2026,1224.184,2,663,271,2068,119
ranked_510128528,TaToH,2026,1230.684,2,673,270,1984,118
ranked_510128528,TaToH,2026,1237.184,2,603,264,1992,118
ranked_510128528,TaToH,2026,1243.684,2,548,271,1930,122
ranked_510128528,TaToH,2026,1250.184,2,542,270,1826,121
ranked_510128528,TaToH,2026,1256.684,2,512,271,1826,120
ranked_510128528,TaToH,2026,1263.184,2,456,272,1721,123
ranked_510128528,TaToH,2026,1269.684,2,519,285,1689,126
ranked_510128528,TaToH,2026,1276.184,2,449,279,1600,125
ranked_510128528,TaToH,2026,1282.684,2,499,303,1534,136
ranked_510128528,TaToH,2026,1289.184,2,559,283,1458,125
ranked_510128528,TaToH,2026,1295.684,2,639,287,1371,127
ranked_510128528,TaToH,2026,1302.258,2,695,305,1830,132
ranked_510128528,TaToH,2026,1308.794,2,615,288,1765,125
ranked_510128528,TaToH,2026,1315.544,2,666,282,1698,124
ranked_510128528,TaToH,2026,1322.044,2,616,289,1926,129
ranked_510128528,TaToH,2026,1328.544,2,576,276,1872,124
ranked_510128528,TaToH,2026,1335.044,2,643,279,1813,125
ranked_510128528,TaToH,2026,1341.544,2,583,313,1754,136
ranked_510128528,TaToH,2026,1348.044,2,623,325,1977,140
ranked_510128528,TaToH,2026,1354.544,2,523,325,1942,142
ranked_510128528,TaToH,2026,1361.044,2,463,327,1895,145
ranked_510128528,TaToH,2026,1367.544,2,463,286,1828,132
ranked_510128528,TaToH,2026,1374.044,2,568,299,1712,139
ranked_510128528,TaToH,2026,1380.544,2,518,312,1637,142
ranked_510128528,TaToH,2026,1387.044,2,528,311,1567,141
ranked_510128528,TaToH,2026,1393.544,2,533,309,1520,141
ranked_510128528,TaToH,2026,1400.044,2,378,326,1506,147
ranked_510128528,TaToH,2026,1406.544,2,511,327,1543,148
ranked_510128528,TaToH,2026,1413.044,2,605,322,1406,144
ranked_510128528,TaToH,2026,1419.544,2,630,332,1601,145
ranked_510128528,TaToH,2026,1426.044,2,609,336,1718,148
ranked_510128528,TaToH,2026,1432.544,2,544,343,1633,150
ranked_510128528,TaToH,2026,1439.044,2,561,323,1519,145
ranked_510128528,TaToH,2026,1445.544,2,614,320,1431,147
ranked_510128528,TaToH,2026,1452.044,2,597,333,1656,150
ranked_510128528,TaToH,2026,1458.544,2,567,360,2223,158
ranked_510128528,TaToH,2026,1465.044,2,613,364,2124,159
ranked_510128528,TaToH,2026,1471.544,2,613,340,2317,150
ranked_510128528,TaToH,2026,1478.044,2,484,341,2539,151
ranked_510128528,TaToH,2026,1484.544,2,434,340,2492,151
ranked_510128528,TaToH,2026,1491.044,2,334,332,2325,150
ranked_510128528,TaToH,2026,1497.544,2,394,350,3136,152
ranked_510128528,TaToH,2026,1504.044,2,434,365,3329,159
ranked_510128528,TaToH,2026,1510.544,2,434,373,3428,160
ranked_510128528,TaToH,2026,1517.044,2,364,371,3350,158
ranked_510128528,TaToH,2026,1523.544,2,374,413,3285,172
ranked_510128528,TaToH,2026,1530.044,2,368,426,3158,178
ranked_510128528,TaToH,2026,1536.544,2,423,435,3040,183
ranked_510128528,TaToH,2026,1543.044,2,458,418,3225,175
ranked_510128528,TaToH,2026,1549.544,2,328,394,3123,169
ranked_510128528,TaToH,2026,1556.044,2,368,372,3018,160
ranked_510128528,TaToH,2026,1562.544,2,345,399,2889,171
ranked_510128528,TaToH,2026,1569.044,2,404,406,2761,172
ranked_510128528,TaToH,2026,1575.544,2,474,388,2931,165
ranked_510128528,TaToH,2026,1582.044,2,324,391,3243,165
ranked_510128528,TaToH,2026,1588.544,2,406,395,3121,168
ranked_510128528,TaToH,2026,1595.044,2,470,398,2821,171
ranked_510128528,TaToH,2026,1601.544,2,545,388,2752,168
ranked_510128528,TaToH,2026,1608.044,2,510,377,2582,164
ranked_510128528,TaToH,2026,1614.544,2,384,379,2474,169
ranked_510128528,TaToH,2026,1621.044,2,294,392,2630,172
ranked_510128528,TaToH,2026,1627.544,2,386,398,2519,174
ranked_510128528,TaToH,2026,1634.044,2,336,369,2221,167
ranked_510128528,TaToH,2026,1640.544,2,366,376,2114,169
ranked_510128528,TaToH,2026,1647.044,2,317,377,1914,170
ranked_510128528,TaToH,2026,1653.544,2,367,391,1885,176
ranked_510128528,TaToH,2026,1660.044,2,451,378,2108,170
ranked_510128528,TaToH,2026,1666.544,2,444,378,2014,171
ranked_510128528,TaToH,2026,1673.044,2,558,418,1878,183
ranked_510128528,TaToH,2026,1679.544,2,558,450,2178,194
ranked_510128528,TaToH,2026,1686.044,2,538,461,2168,198
ranked_510128528,TaToH,2026,1692.544,2,631,455,2667,194
ranked_510128528,TaToH,2026,1699.044,2,710,464,2808,196
ranked_510128528,TaToH,2026,1705.544,2,810,473,2982,199
ranked_510128528,TaToH,2026,1712.044,2,837,519,3116,218
ranked_510128528,TaToH,2026,1718.544,2,889,511,2987,210
ranked_510128528,TaToH,2026,1725.044,2,977,491,2843,203
ranked_510128528,TaToH,2026,1731.544,2,936,487,3191,202
ranked_510128528,TaToH,2026,1738.044,2,776,499,3108,207
ranked_510128528,TaToH,2026,1744.544,2,650,508,2936,211
ranked_510128528,TaToH,2026,1751.044,2,598,491,2860,207
ranked_510128528,TaToH,2026,1757.544,2,627,470,2748,202
ranked_510128528,TaToH,2026,1764.044,2,680,494,2631,210
ranked_510128528,TaToH,2026,1770.544,2,585,452,2453,196
ranked_510128528,TaToH,2026,1777.044,2,616,410,2405,183
ranked_510128528,TaToH,2026,1783.544,2,712,423,2309,188
ranked_510128528,TaToH,2026,1790.044,2,762,460,2387,200
ranked_510128528,TaToH,2026,1796.544,2,633,439,2168,197
ranked_510128528,TaToH,2026,1803.044,2,663,431,2448,192
ranked_510128528,TaToH,2026,1809.544,2,703,474,2649,206
ranked_510128528,TaToH,2026,1816.044,2,733,486,3180,212
ranked_510128528,TaToH,2026,1822.544,2,546,462,3058,204
ranked_510128528,TaToH,2026,1829.044,2,521,469,3327,207
ranked_510128528,TaToH,2026,1835.544,2,548,492,3151,212
ranked_510128528,TaToH,2026,1842.044,2,509,469,3332,206
ranked_510128528,TaToH,2026,1848.544,2,580,508,4156,216
ranked_510128528,TaToH,2026,1855.044,2,611,518,4121,218
ranked_510128528,TaToH,2026,1861.544,2,561,474,3950,203
ranked_510128528,TaToH,2026,1868.044,2,411,476,4133,204
ranked_510128528,TaToH,2026,1874.544,2,451,479,4045,210
ranked_510128528,TaToH,2026,1881.194,2,498,521,3958,228
ranked_510128528,TaToH,2026,1887.71,2,581,525,4104,227
ranked_510128528,TaToH,2026,1894.21,2,517,534,4708,227
ranked_510128528,TaToH,2026,1900.71,2,527,512,4369,222
ranked_510128528,TaToH,2026,1907.21,2,568,494,4234,216
ranked_510128528,TaToH,2026,1913.71,2,538,495,4052,215
ranked_510128528,TaToH,2026,1920.21,2,496,499,4673,213
ranked_510128528,TaToH,2026,1926.71,2,576,491,4782,210
ranked_510128528,TaToH,2026,1933.775,2,556,498,4751,211
ranked_510128528,TaToH,2026,1941.01,2,593,507,4499,214
ranked_510128528,TaToH,2026,1947.51,2,528,508,4361,213
ranked_510128528,TaToH,2026,1954.01,2,413,507,4216,214
ranked_510128528,TaToH,2026,1960.79,2,498,506,3975,215
ranked_510128528,TaToH,2026,1967.29,2,578,562,3813,234
ranked_510128528,TaToH,2026,1973.79,2,558,527,3660,221
ranked_510128528,TaToH,2026,1980.575,2,623,540,4145,223
ranked_510128528,TaToH,2026,1987.187,2,633,540,4117,224
ranked_510128528,TaToH,2026,1994.117,2,713,504,3999,212
ranked_510128528,TaToH,2026,2000.899,2,808,479,3842,207
ranked_510128528,TaToH,2026,2007.957,2,731,481,3857,207
ranked_510128528,TaToH,2026,2014.697,2,763,480,3534,208
ranked_510128528,TaToH,2026,2021.197,2,833,483,3392,209
ranked_510128528,TaToH,2026,2027.697,2,873,485,3391,209
ranked_510128528,TaToH,2026,2035.177,2,948,481,3216,207
ranked_510128528,TaToH,2026,2042.157,2,854,469,3116,207
ranked_510128528,TaToH,2026,2050.011,2,922,471,2990,208
ranked_510128528,TaToH,2026,2057.661,2,907,469,2781,207
ranked_510128528,TaToH,2026,2064.844,2,985,474,2665,207
ranked_510128528,TaToH,2026,2071.574,2,1057,479,2519,208
ranked_510128528,TaToH,2026,2078.184,2,1135,476,2387,206
ranked_510128528,TaToH,2026,2084.794,2,174,469,2172,206
ranked_510128528,TaToH,2026,2091.294,2,309,486,2013,211
ranked_510128528,TaToH,2026,2097.794,2,374,499,2208,214
ranked_510128528,TaToH,2026,2104.294,2,400,492,2164,213
ranked_510128528,TaToH,2026,2110.794,2,519,492,2296,212
ranked_510128528,TaToH,2026,2117.294,2,602,456,2135,201
ranked_510128528,TaToH,2026,2123.794,2,549,470,2014,207
ranked_510128528,TaToH,2026,2130.294,2,679,459,2147,203
ranked_510128528,TaToH,2026,2136.794,2,705,452,2114,201
ranked_510128528,TaToH,2026,2143.294,2,536,439,2026,199
ranked_510128528,TaToH,2026,2149.794,2,692,431,1879,198
ranked_510128528,TaToH,2026,2156.294,2,755,433,1807,200
ranked_510128528,TaToH,2026,2162.794,2,851,438,1992,204
ranked_510128528,TaToH,2026,2169.689,2,959,438,1930,201
ranked_510128528,TaToH,2026,2176.189,2,809,446,2450,202
ranked_510128528,TaToH,2026,2182.689,2,793,451,3349,201
ranked_510128528,TaToH,2026,2189.189,2,919,447,3789,199
ranked_510128528,TaToH,2026,2195.689,2,1027,447,3835,199
ranked_510128528,TaToH,2026,2202.189,2,703,444,3555,201
ranked_510128528,TaToH,2026,2208.689,2,755,445,3768,200
ranked_510128528,TaToH,2026,2215.189,2,890,444,3595,199
ranked_510128528,TaToH,2026,2221.689,2,819,447,3814,199
ranked_510128528,TaToH,2026,2228.189,2,884,444,3743,199
ranked_510128528,TaToH,2026,2234.689,2,949,448,3663,200
ranked_510128528,TaToH,2026,2241.189,2,1063,434,3536,195
ranked_510128528,TaToH,2026,2248.374,2,619,442,3447,198
ranked_510128528,TaToH,2026,2254.874,2,480,435,3205,197
ranked_510128528,TaToH,2026,2261.374,2,534,433,3107,196
ranked_510128528,TaToH,2026,2268.381,2,638,435,3022,197
ranked_510128528,TaToH,2026,2274.881,2,540,432,2893,197
ranked_510128528,TaToH,2026,2281.381,2,548,434,3047,198
ranked_510128528,TaToH,2026,2287.881,2,476,447,2996,201
ranked_510128528,TaToH,2026,2294.381,2,554,453,3122,204
ranked_510128528,TaToH,2026,2301.101,2,678,469,3027,208
ranked_510128528,TaToH,2026,2307.713,2,409,504,3359,222
ranked_510128528,TaToH,2026,2314.323,2,565,524,3214,230
ranked_510128528,TaToH,2026,2321.213,2,690,529,3685,226
ranked_510128528,TaToH,2026,2327.713,2,505,475,3852,207
ranked_510128528,TaToH,2026,2334.351,2,496,461,3744,203
ranked_510128528,TaToH,2026,2340.851,2,575,454,3460,202
ranked_510128528,TaToH,2026,2347.351,2,645,458,3333,203
ranked_510128528,TaToH,2026,2353.851,2,781,467,3173,206
ranked_510128528,TaToH,2026,2360.351,2,885,469,3068,207
ranked_510128528,TaToH,2026,2366.851,2,847,501,3067,216
ranked_510128528,TaToH,2026,2373.351,2,886,493,3304,215
ranked_510128528,TaToH,2026,2379.851,2,565,504,3152,219
ranked_510128528,TaToH,2026,2386.351,2,510,499,3335,217
ranked_510128528,TaToH,2026,2392.851,2,601,508,3555,220
ranked_510128528,TaToH,2026,2399.351,2,666,504,3733,217
ranked_510128528,TaToH,2026,2405.851,2,620,523,4327,222
ranked_510128528,TaToH,2026,2412.351,2,709,518,4925,217
ranked_510128528,TaToH,2026,2418.851,2,701,509,4625,216
ranked_510128528,TaToH,2026,2425.351,2,876,525,4950,219
ranked_510128528,TaToH,2026,2431.851,2,762,550,6566,222
ranked_510128528,TaToH,2026,2438.351,2,767,555,7289,223
ranked_510128528,TaToH,2026,2445.926,2,841,544,7300,217
ranked_510128528,TaToH,2026,2452.426,2,689,563,7133,225
ranked_510128528,TaToH,2026,2459.321,2,902,551,6917,220
ranked_510128528,TaToH,2026,2465.821,2,949,548,6548,220
ranked_510128528,TaToH,2026,2472.321,2,943,562,6936,226
ranked_510128528,TaToH,2026,2478.821,2,567,520,6752,214
ranked_510128528,TaToH,2026,2485.321,2,762,512,6481,213
ranked_510128528,TaToH,2026,2491.821,2,880,507,6262,212
ranked_510128528,TaToH,2026,2498.321,2,982,522,6274,217
ranked_510128528,TaToH,2026,2504.821,2,994,518,6125,216
ranked_510128528,TaToH,2026,2511.321,2,955,526,5887,221
ranked_510128528,TaToH,2026,2517.821,2,1178,552,5728,229
ranked_510128528,TaToH,2026,2524.321,2,1208,514,5439,217
ranked_510128528,TaToH,2026,2530.821,2,918,528,5298,221
ranked_510128528,TaToH,2026,2537.321,2,454,526,5159,222
ranked_510128528,TaToH,2026,2543.821,2,574,540,5195,225
ranked_510128528,TaToH,2026,2550.321,2,751,544,5128,226
ranked_510128528,TaToH,2026,2556.821,2,762,527,4563,224
ranked_510128528,TaToH,2026,2563.321,2,905,529,4531,225
ranked_510128528,TaToH,2026,2569.931,2,397,528,4217,226
ranked_510128528,TaToH,2026,2576.431,2,510,528,4008,226
ranked_510128528,TaToH,2026,2582.931,2,634,550,3850,234
ranked_510128528,TaToH,2026,2589.431,2,715,563,3837,236
ranked_510128528,TaToH,2026,2595.931,2,553,547,3454,235
ranked_510128528,TaToH,2026,2602.431,2,788,561,3265,241
ranked_510128528,TaToH,2026,2608.931,2,664,565,3111,243
ranked_510128528,TaToH,2026,2615.431,2,800,561,2961,241
ranked_510128528,TaToH,2026,2621.931,2,845,559,2704,243
ranked_510128528,TaToH,2026,2628.431,2,969,563,2734,245
ranked_510128528,TaToH,2026,2634.931,2,853,592,2532,256
ranked_510128528,TaToH,2026,2641.431,2,862,584,2427,255
ranked_510128528,TaToH,2026,2647.931,2,1107,617,2136,265
ranked_510128528,TaToH,2026,2654.431,2,1264,674,2781,283
ranked_510128528,TaToH,2026,2660.931,2,1053,650,3193,275
ranked_510128528,TaToH,2026,2667.541,2,994,645,2874,275
ranked_510128528,TaToH,2026,2674.041,2,863,643,2755,277
ranked_510128528,TaToH,2026,2680.541,2,1090,632,2772,271
ranked_510128528,TaToH,2026,2687.041,2,1031,636,2740,275
ranked_510128528,TaToH,2026,2693.763,2,778,605,2908,268
ranked_510128528,TaToH,2026,2700.309,2,911,623,2799,273
ranked_510128528,TaToH,2026,2707.345,2,1070,633,2623,278
ranked_510128528,TaToH,2026,2714.181,2,1240,621,2794,275
ranked_510128528,TaToH,2026,2721.396,2,1142,617,3797,274
ranked_510128528,TaToH,2026,2728.031,2,1122,624,3743,279
ranked_510128528,TaToH,2026,2734.531,2,1234,622,3872,280
ranked_510128528,TaToH,2026,2741.031,2,1033,619,4457,279
ranked_510128528,TaToH,2026,2747.641,2,1028,628,4509,282
ranked_510128528,TaToH,2026,2754.257,2,994,631,4192,284
ranked_510128528,TaToH,2026,2760.863,2,1103,646,4130,290
ranked_510128528,TaToH,2026,2767.363,2,1075,674,4386,298
ranked_510128528,TaToH,2026,2773.863,2,1103,656,4280,289
ranked_510128528,TaToH,2026,2780.363,2,1153,628,4163,283
ranked_510128528,TaToH,2026,2786.863,2,1102,578,3956,271
ranked_510128528,TaToH,2026,2793.475,2,1082,576,3832,271
ranked_510128528,TaToH,2026,2799.975,2,976,576,3789,271
ranked_510128528,TaToH,2026,2806.475,2,1049,595,3692,280
ranked_510128528,TaToH,2026,2813.087,2,1211,629,3676,293
ranked_510128528,TaToH,2026,2819.587,2,1461,673,3532,305
ranked_510128528,TaToH,2026,2826.133,2,1359,644,3342,294
ranked_510128528,TaToH,2026,2832.699,2,858,623,3253,287
ranked_510128528,TaToH,2026,2839.199,2,858,630,3236,288
ranked_510128528,TaToH,2026,2846.74,2,756,696,3545,316
ranked_510128528,TaToH,2026,2854.55,2,865,711,4185,317
ranked_510128528,TaToH,2026,2862.185,2,1017,696,4300,311
ranked_510128528,TaToH,2026,2868.991,2,898,669,4560,301
ranked_510128528,TaToH,2026,2876.445,2,1064,755,4752,329
ranked_510128528,TaToH,2026,2884.298,2,1087,762,4749,329
ranked_510128528,TaToH,2026,2891.816,2,2041,836,5740,351
ranked_510128528,TaToH,2026,2898.969,2,1302,687,5730,303
ranked_510128528,TaToH,2026,2905.469,2,1196,696,5661,307
ranked_510128528,TaToH,2026,2911.969,2,1371,708,5573,311
ranked_510128528,TaToH,2026,2918.469,2,1199,799,6969,337
ranked_510128528,TaToH,2026,2924.969,2,1246,824,7402,345
ranked_510128528,TaToH,2026,2931.579,2,1297,759,6956,326
ranked_510128528,TaToH,2026,2938.981,2,1102,750,6788,323
ranked_510128528,TaToH,2026,2946.177,2,1007,816,6655,347
ranked_510128528,TaToH,2026,2953.616,2,1203,767,6279,329
ranked_510128528,TaToH,2026,2961.498,2,1403,759,5983,328
ranked_510128528,TaToH,2026,2968.406,2,1563,750,5786,324
ranked_510128528,TaToH,2026,2974.906,2,1531,739,5230,322
ranked_510128528,TaToH,2026,2981.85,2,1640,755,5044,329
ranked_510128528,TaToH,2026,2988.35,2,1855,755,4738,326
ranked_510128528,TaToH,2026,2994.962,2,2062,733,4859,321
ranked_510128528,TaToH,2026,3001.742,2,1536,746,4671,327
ranked_510128528,TaToH,2026,3008.242,2,1735,755,4542,331
ranked_510128528,TaToH,2026,3014.854,2,1374,740,4330,328
ranked_510128528,TaToH,2026,3021.464,2,854,730,4209,331
ranked_510128528,TaToH,2026,3027.964,2,968,734,4381,333
ranked_510128528,TaToH,2026,3034.749,2,1101,748,4583,336
ranked_510128528,TaToH,2026,3041.249,2,1128,716,4400,326
ranked_510128528,TaToH,2026,3047.867,2,1329,708,4427,322
ranked_510128528,TaToH,2026,3054.773,2,1674,711,4177,322
ranked_510128528,TaToH,2026,3061.273,2,1897,715,4052,325
ranked_510128528,TaToH,2026,3067.883,2,2020,699,3912,320
ranked_510128528,TaToH,2026,3074.663,2,2108,697,3774,319
ranked_510128528,TaToH,2026,3081.163,2,2014,699,3926,321
ranked_510128528,TaToH,2026,3087.773,2,1942,703,3985,323
ranked_510128528,TaToH,2026,3094.383,2,1803,826,5067,360
ranked_510128528,TaToH,2026,3100.883,2,2180,805,5297,351
ranked_510128528,TaToH,2026,3107.493,2,1713,784,5106,347
ranked_510128528,TaToH,2026,3114.51,2,1788,846,4954,371
ranked_510128528,TaToH,2026,3121.416,2,1927,879,4795,382
ranked_510128528,TaToH,2026,3128.194,2,2086,835,5044,365
ranked_510128528,TaToH,2026,3134.888,2,2048,901,4923,387
ranked_510128528,TaToH,2026,3141.862,2,1552,798,5037,359
ranked_510128528,TaToH,2026,3148.817,2,1781,862,4747,381
ranked_510128528,TaToH,2026,3155.654,2,2078,828,4421,372
ranked_510128528,TaToH,2026,3162.45,2,2088,771,4329,360
ranked_510128528,TaToH,2026,3169.607,2,2457,789,4153,365
ranked_510128528,TaToH,2026,3178.234,2,2039,793,4194,365
ranked_510128528,TaToH,2026,3185.211,2,1874,780,4251,361
ranked_510128528,TaToH,2026,3191.953,2,1932,761,4129,358
ranked_510128528,TaToH,2026,3199.377,2,2050,770,4366,358
ranked_510128528,TaToH,2026,3206.139,2,451,780,4123,363
ranked_510128528,TaToH,2026,3212.793,2,557,771,3712,364
ranked_510128528,TaToH,2026,3219.765,2,776,759,3664,361
ranked_510128528,TaToH,2026,3227.592,2,809,745,3622,357
ranked_510128528,TaToH,2026,3234.656,2,696,763,3617,365
ranked_510128528,TaToH,2026,3241.344,2,801,756,3514,362
ranked_510128528,TaToH,2026,3248.424,2,1171,776,3302,371
ranked_510128528,TaToH,2026,3255.597,2,1239,759,2967,365
ranked_510128528,TaToH,2026,3262.097,2,1247,776,2958,372
ranked_510128528,TaToH,2026,3268.709,2,962,795,2999,380
ranked_510128528,TaToH,2026,3275.71,2,1216,813,3036,387
ranked_510128528,TaToH,2026,3283.731,2,1224,883,3357,409
ranked_510128528,TaToH,2026,3291.013,2,1511,929,3368,424
ranked_510128528,TaToH,2026,3298.648,2,1596,795,3330,378
ranked_510128528,TaToH,2026,3306.246,2,1788,828,3555,391
ranked_510128528,TaToH,2026,3313.318,2,1975,946,3570,424
ranked_510128528,TaToH,2026,3320.692,2,2143,898,4262,411
ranked_510128528,TaToH,2026,3328.549,2,1966,1041,5153,455
ranked_510128528,TaToH,2026,3336.249,2,2123,912,5355,411
ranked_510128528,TaToH,2026,3343.055,2,2405,935,5327,420
ranked_510128528,TaToH,2026,3350.073,2,2650,1069,6027,461
ranked_510128528,TaToH,2026,3357.025,2,2606,1070,7530,458
ranked_510128528,TaToH,2026,3363.525,2,2583,943,8341,414
ranked_510128528,TaToH,2026,3370.329,2,2243,1016,9576,433
ranked_510128528,TaToH,2026,3377.039,2,2326,1039,11098,435
ranked_510128528,TaToH,2026,3383.864,2,2077,910,10632,394
ranked_510128528,TaToH,2026,3391.953,2,1838,913,10699,398
ranked_510128528,TaToH,2026,3400.101,2,1483,889,9984,394
ranked_510128528,TaToH,2026,3407.58,2,1257,969,9883,422
ranked_510128528,TaToH,2026,3415.257,2,1573,944,9781,412
ranked_510128528,TaToH,2026,3422.253,2,1743,922,9255,411
ranked_510128528,TaToH,2026,3429.473,2,2029,935,9090,417
ranked_510128528,TaToH,2026,3436.547,2,2319,943,8867,419
ranked_510128528,TaToH,2026,3443.517,2,1469,979,9259,427
ranked_510128528,TaToH,2026,3450.696,2,1772,969,9088,424
ranked_510128528,TaToH,2026,3457.882,2,1774,996,8748,437
ranked_510128528,TaToH,2026,3465.008,2,1948,972,7997,428
ranked_510128528,TaToH,2026,3472.508,2,2181,964,8196,421
ranked_510128528,TaToH,2026,3479.63,2,2255,999,8220,433
ranked_510128528,TaToH,2026,3487.75,2,2043,1086,8414,455
ranked_510128528,TaToH,2026,3495.126,2,2116,1073,12252,442
ranked_510128528,TaToH,2026,3502.932,2,2284,1030,12970,425
ranked_510128528,TaToH,2026,3509.886,2,2237,1027,12955,425
ranked_510128528,TaToH,2026,3517.054,2,2684,1021,13006,422
ranked_510128528,TaToH,2026,3525.055,2,2858,1023,12698,421
ranked_510128528,TaToH,2026,3532.452,2,2367,1018,12072,422
ranked_510128528,TaToH,2026,3539.952,2,2615,1057,12063,437
ranked_510128528,TaToH,2026,3547.452,2,3084,1044,11913,430
ranked_510128528,TaToH,2026,3554.931,2,2571,1068,11529,435
ranked_510128528,TaToH,2026,3562.431,2,2452,1132,12066,460
ranked_510128528,TaToH,2026,3570.069,2,2623,1201,11613,483
ranked_510128528,TaToH,2026,3577.908,2,3074,1250,11278,500
ranked_510128528,TaToH,2026,3585.714,2,3283,1254,11008,501
ranked_510128528,TaToH,2026,3593.214,2,3374,1257,10863,504
ranked_510128528,TaToH,2026,3600.667,2,3362,1283,11297,513
ranked_510128528,TaToH,2026,3608.167,2,3401,1249,11340,500
ranked_510128528,TaToH,2026,3615.353,2,3783,1367,12912,537
ranked_510128528,TaToH,2026,3623.666,2,3595,1344,13757,522
ranked_510128528,TaToH,2026,3631.784,2,3705,1256,14542,489
ranked_510128528,TaToH,2026,3639.59,2,3278,1333,14526,524
ranked_510128528,TaToH,2026,3648.167,2,2540,1161,14028,469
ranked_510128528,TaToH,2026,3656.123,2,2678,1162,13369,472
ranked_510128528,TaToH,2026,3663.665,2,3025,1250,13090,501
ranked_510128528,TaToH,2026,3672.05,2,3057,1116,12466,460
ranked_510128528,TaToH,2026,3680.198,2,3020,1107,11885,465
ranked_510128528,TaToH,2026,3688.484,2,3013,1203,12007,496
ranked_510128528,TaToH,2026,3696.745,2,3000,1292,12454,520
ranked_510128528,TaToH,2026,3705.745,2,2953,1344,15203,524
ranked_510128528,TaToH,2026,3714.58,2,2237,1434,22601,534
ranked_510128528,TaToH,2026,3722.345,2,1817,1254,21806,474
ranked_510128528,TaToH,2026,3728.873,2,1813,1259,21239,476
ranked_510128528,TaToH,2026,3736.189,2,1897,1327,21487,498
ranked_510128528,TaToH,2026,3743.689,2,2379,1251,20931,467
ranked_510128528,TaToH,2026,3750.939,2,1972,1345,20681,497
ranked_510128528,TaToH,2026,3758.439,2,1705,1359,19887,505
ranked_510128528,TaToH,2026,3766.314,2,1490,1310,19353,489
ranked_510128528,TaToH,2026,3773.658,2,1747,1352,19598,503
ranked_510128528,TaToH,2026,3781.158,2,2038,1344,19359,500
ranked_510128528,TaToH,2026,3788.658,2,2360,1299,18741,489
ranked_510128528,TaToH,2026,3796.158,2,997,1276,18549,482
ranked_510128528,TaToH,2026,3803.158,2,1009,1224,17999,472
ranked_510128528,TaToH,2026,3810.658,2,1383,1205,17106,465
ranked_510128528,TaToH,2026,3818.202,2,1393,1182,16498,459
ranked_510128528,TaToH,2026,3825.588,2,1179,1215,16324,468
ranked_510128528,TaToH,2026,3832.726,2,1225,1221,15915,471
ranked_510128528,TaToH,2026,3840.044,2,1161,1184,15204,458
ranked_510128528,TaToH,2026,3847.679,2,859,1207,14523,470
ranked_510128528,TaToH,2026,3855.356,2,1129,1225,14076,478
ranked_510128528,TaToH,2026,3862.952,2,1457,1267,13674,490
ranked_510128528,TaToH,2026,3870.692,2,1709,1242,13836,479
ranked_510128528,TaToH,2026,3878.192,2,2141,1211,13025,469
ranked_510128528,TaToH,2026,3886.508,2,1634,1215,12160,474
ranked_510128528,TaToH,2026,3894.356,2,1607,1209,11422,472
ranked_510128528,TaToH,2026,3903.023,2,1600,1253,10977,488
ranked_510128528,TaToH,2026,3912.107,2,1852,1240,10506,485
ranked_510128528,TaToH,2026,3921.107,2,2478,1181,10165,466
ranked_510128528,TaToH,2026,3929.231,2,2438,1172,9539,468
ranked_510128528,TaToH,2026,3936.877,2,2658,1185,8946,471
ranked_510128528,TaToH,2026,3944.667,2,2537,1248,8858,494
ranked_510128528,TaToH,2026,3952.443,2,2600,1174,8678,471
ranked_510128528,TaToH,2026,3960.216,2,2775,1133,8008,460
ranked_510128528,TaToH,2026,3967.716,2,3166,1138,7197,463
ranked_510128528,TaToH,2026,3975.216,2,3229,1141,6652,465
ranked_510128528,TaToH,2026,3983.16,2,3522,1154,6006,469
ranked_510128528,TaToH,2026,3991.275,2,3528,1277,6680,506
ranked_510128528,TaToH,2026,3999.318,2,3849,1146,6470,461
ranked_510128528,TaToH,2026,4006.818,2,3473,1066,5713,450
ranked_510128528,TaToH,2026,4014.588,2,3366,941,5624,424
ranked_510128528,TaToH,2026,4022.736,2,3615,973,5600,432
ranked_510128528,TaToH,2026,4031.331,2,4209,1045,5566,455
ranked_510128528,TaToH,2026,4040.331,2,4558,1253,9766,511
ranked_510128528,TaToH,2026,4048.791,2,3640,1117,12367,457
ranked_510128528,TaToH,2026,4057.239,2,3532,1135,13629,462
ranked_510128528,TaToH,2026,4065.009,2,2888,1086,13820,445
ranked_510128528,TaToH,2026,4073.454,2,3161,1077,13115,446
ranked_510128528,TaToH,2026,4081.329,2,3173,1109,13000,461
ranked_510128528,TaToH,2026,4089.954,2,3461,1082,12764,453
ranked_510128528,TaToH,2026,4098.042,2,3281,1094,12423,460
ranked_510128528,TaToH,2026,4106.955,2,3146,1276,14560,509
ranked_510128528,TaToH,2026,4116.351,2,2649,1303,16452,513
ranked_510128528,TaToH,2026,4125.186,2,2617,1302,17164,511
ranked_510128528,TaToH,2026,4133.739,2,2318,1188,17808,475
ranked_510128528,TaToH,2026,4142.499,2,2743,1247,18339,492
ranked_510128528,TaToH,2026,4150.17,2,3172,1202,18698,473
