game_id,player,year,context,cluster,date,partial,map_id,sha256,duration_game_min,long_game_45plus,window,window_kind,start_game_s,end_game_s,window_game_seconds,window_nominal_seconds,n_recorded_actions,n_core_commands,all_recorded_cpm,core_cpm,burst_p95_10s_core_cpm,peak_10s_core_cpm,complete_10s_bins,adjacent_core_gaps,long_gap_count_gt5s,p_core_gap_gt5s,core_gap_p50_s,core_gap_p99_s,silence_time_gt5s_fraction,approx_repeat_pairs,approx_repeat_pairs_per_core_command,approx_dedup_core_cpm,explicit_actor_coverage,distinct_explicit_actor_ids,distinct_commanded_production_ids,positive_queue_request_cpm,core_category_entropy_bits
c7d3588daf74,DauT,2026,1v1 ranked,daut_2026_session,2026-09-24T23:09:07+00:00,False,216,c7d3588daf740ee14712123d363e2e6f859f85c3bbe2c723fbe58b3e9627e6e8,23.608,False,0-10,clock phase,0,600,600,355.02957377813306,582,502,98.3580033302307,84.83800287246703,145.79999999999998,168,35,501,4,0.007984031936127744,0.36153844929739876,4.330769084136932,0.07009166666666657,164,0.32669322709163345,57.12200193405151,0.3231083844580777,30,3,3.7180001258850095,0.6510391221509063
c7d3588daf74,DauT,2026,1v1 ranked,daut_2026_session,2026-09-24T23:09:07+00:00,False,216,c7d3588daf740ee14712123d363e2e6f859f85c3bbe2c723fbe58b3e9627e6e8,23.608,False,10-20,clock phase,600,1200,600,355.02957377813306,672,554,113.56800384521485,93.62600317001342,151.79999999999998,204,35,553,4,0.007233273056057866,0.3615384492973135,3.601461416522313,0.08530166666666661,185,0.33393501805054154,62.361002111434935,0.43824701195219123,41,5,4.9010001659393305,1.3079186631730766
c7d3588daf74,DauT,2026,1v1 ranked,daut_2026_session,2026-09-24T23:09:07+00:00,False,216,c7d3588daf740ee14712123d363e2e6f859f85c3bbe2c723fbe58b3e9627e6e8,23.608,False,Feudal request +0-5 min,request anchor; not completed age or combat phase,406.341,706.341,300.0,177.51478688906653,309,258,104.44200353622436,87.20400295257568,133.2,138,17,257,0,0.0,0.36153844929739876,3.9003075602500568,0.0,68,0.26356589147286824,64.22000217437744,0.38524590163934425,30,3,5.746000194549561,1.0292162908883975
c7d3588daf74,DauT,2026,1v1 ranked,daut_2026_session,2026-09-24T23:09:07+00:00,False,216,c7d3588daf740ee14712123d363e2e6f859f85c3bbe2c723fbe58b3e9627e6e8,23.608,False,Feudal request +5-10 min,request anchor; not completed age or combat phase,706.341,1006.341,300.0,177.51478688906653,365,303,123.3700041770935,102.41400346755981,164.39999999999998,198,17,302,2,0.006622516556291391,0.2461538378194632,3.4846152666323817,0.07518333333333314,119,0.3927392739273927,62.19200210571288,0.4444444444444444,26,2,4.732000160217284,1.2260257630177307
c7d3588daf74,DauT,2026,1v1 ranked,daut_2026_session,2026-09-24T23:09:07+00:00,False,216,c7d3588daf740ee14712123d363e2e6f859f85c3bbe2c723fbe58b3e9627e6e8,23.608,False,Castle request +0-5 min,request anchor; not completed age or combat phase,1017.952,1317.952,300.0,177.51478688906653,248,199,83.82400283813477,67.26200227737426,116.39999999999999,126,17,198,3,0.015151515151515152,0.4769230607753059,5.071307520601919,0.12384666666666586,51,0.2562814070351759,50.02400169372559,0.3793103448275862,27,5,5.746000194549561,1.4389513133241165
a467a9f1780f,DauT,2026,1v1 ranked,daut_2026_session,2026-09-24T23:29:10+00:00,False,216,a467a9f1780fb4de13bf524aa4c19f5cb1d104f407bfefaeefb9bf384d3f389f,25.17275,False,0-10,clock phase,0,600,600,355.02957377813306,660,549,111.54000377655028,92.7810031414032,121.79999999999998,174,35,548,0,0.0,0.36153844929739876,3.0693075883862746,0.0,149,0.27140255009107467,67.60000228881835,0.4052532833020638,34,2,3.887000131607055,0.7173045396968908
a467a9f1780f,DauT,2026,1v1 ranked,daut_2026_session,2026-09-24T23:29:10+00:00,False,216,a467a9f1780fb4de13bf524aa4c19f5cb1d104f407bfefaeefb9bf384d3f389f,25.17275,False,10-20,clock phase,600,1200,600,355.02957377813306,656,531,110.8640037536621,89.73900303840637,164.99999999999991,228,35,530,2,0.0037735849056603774,0.36153844929739165,4.056615247265439,0.02911999999999995,170,0.32015065913371,61.009002065658564,0.43584521384928715,50,3,6.9290002346038815,1.119316858159128
a467a9f1780f,DauT,2026,1v1 ranked,daut_2026_session,2026-09-24T23:29:10+00:00,False,216,a467a9f1780fb4de13bf524aa4c19f5cb1d104f407bfefaeefb9bf384d3f389f,25.17275,False,Feudal request +0-5 min,request anchor; not completed age or combat phase,392.938,692.938,300.0,177.51478688906653,360,303,121.68000411987303,102.41400346755981,158.39999999999998,192,17,302,0,0.0,0.24615383781947742,3.360384501607835,0.0,107,0.35313531353135313,66.24800224304198,0.35738831615120276,27,3,4.056000137329101,1.0412720798041257
a467a9f1780f,DauT,2026,1v1 ranked,daut_2026_session,2026-09-24T23:29:10+00:00,False,216,a467a9f1780fb4de13bf524aa4c19f5cb1d104f407bfefaeefb9bf384d3f389f,25.17275,False,Feudal request +5-10 min,request anchor; not completed age or combat phase,692.938,992.938,300.0,177.51478688906653,281,215,94.9780032157898,72.67000246047974,121.19999999999999,126,17,214,2,0.009345794392523364,0.4769230607753201,4.728692147587045,0.05823999999999994,53,0.24651162790697675,54.75600185394287,0.45263157894736844,28,3,8.788000297546386,1.263252699001962
a467a9f1780f,DauT,2026,1v1 ranked,daut_2026_session,2026-09-24T23:29:10+00:00,False,216,a467a9f1780fb4de13bf524aa4c19f5cb1d104f407bfefaeefb9bf384d3f389f,25.17275,False,Castle request +0-5 min,request anchor; not completed age or combat phase,1210.105,1510.105,300.0,177.51478688906653,316,241,106.80800361633301,81.45800275802613,111.6,126,17,240,1,0.004166666666666667,0.4769230607753201,3.1277691248684,0.0338433333333334,77,0.31950207468879666,55.43200187683105,0.39737991266375544,49,4,6.760000228881836,1.1134188007288912
d4d080a3a4f6,DauT,2026,1v1 ranked,daut_2026_session,2026-09-24T23:46:44+00:00,False,216,d4d080a3a4f639d3327e7a550dd682776d33a9b059acc1db79d89a6d2904ce5e,33.010016666666665,False,0-10,clock phase,0,600,600,355.02957377813306,566,440,95.65400323867797,74.36000251770018,121.79999999999998,150,35,439,3,0.00683371298405467,0.4769230607753059,4.719461378668798,0.04909666666666671,75,0.17045454545454544,61.68500208854675,0.44339622641509435,28,2,3.7180001258850095,0.7689280823269914
d4d080a3a4f6,DauT,2026,1v1 ranked,daut_2026_session,2026-09-24T23:46:44+00:00,False,216,d4d080a3a4f639d3327e7a550dd682776d33a9b059acc1db79d89a6d2904ce5e,33.010016666666665,False,10-20,clock phase,600,1200,600,355.02957377813306,606,446,102.41400346755981,75.37400255203247,115.79999999999998,126,35,445,3,0.006741573033707865,0.4769230607753201,4.366461390620769,0.05958333333333335,113,0.2533632286995516,56.27700190544128,0.36386138613861385,48,3,5.746000194549561,1.1817547701108215
d4d080a3a4f6,DauT,2026,1v1 ranked,daut_2026_session,2026-09-24T23:46:44+00:00,False,216,d4d080a3a4f639d3327e7a550dd682776d33a9b059acc1db79d89a6d2904ce5e,33.010016666666665,False,20-30,clock phase,1200,1800,600,355.02957377813306,675,554,114.07500386238098,93.62600317001342,151.79999999999998,186,35,553,3,0.0054249547920434,0.24615383781960531,3.9615383274076272,0.06363500000000004,158,0.2851985559566787,66.92400226593017,0.35294117647058826,58,5,8.112000274658202,0.9792683877653425
d4d080a3a4f6,DauT,2026,1v1 ranked,daut_2026_session,2026-09-24T23:46:44+00:00,False,216,d4d080a3a4f639d3327e7a550dd682776d33a9b059acc1db79d89a6d2904ce5e,33.010016666666665,False,Feudal request +0-5 min,request anchor; not completed age or combat phase,385.424,685.424,300.0,177.51478688906653,239,178,80.78200273513794,60.16400203704834,85.19999999999999,90,17,177,1,0.005649717514124294,0.5999999796850514,4.298076777551549,0.03111333333333334,33,0.1853932584269663,49.01000165939331,0.37888198757763975,23,2,4.394000148773193,1.1979598659730724
d4d080a3a4f6,DauT,2026,1v1 ranked,daut_2026_session,2026-09-24T23:46:44+00:00,False,216,d4d080a3a4f639d3327e7a550dd682776d33a9b059acc1db79d89a6d2904ce5e,33.010016666666665,False,Feudal request +5-10 min,request anchor; not completed age or combat phase,685.424,985.424,300.0,177.51478688906653,307,246,103.76600351333617,83.14800281524657,110.39999999999999,120,17,245,2,0.00816326530612245,0.36153844929739876,4.499999847637869,0.0609266666666668,65,0.26422764227642276,61.17800207138062,0.32272727272727275,26,2,4.394000148773193,1.1366168270907733
d4d080a3a4f6,DauT,2026,1v1 ranked,daut_2026_session,2026-09-24T23:46:44+00:00,False,216,d4d080a3a4f639d3327e7a550dd682776d33a9b059acc1db79d89a6d2904ce5e,33.010016666666665,False,Castle request +0-5 min,request anchor; not completed age or combat phase,1226.582,1526.582,300.0,177.51478688906653,320,251,108.16000366210938,84.83800287246703,110.39999999999999,120,17,250,1,0.004,0.3615384492974627,3.9655383272722458,0.033149999999999825,58,0.23107569721115537,65.23400220870971,0.4069264069264069,38,4,5.070000171661377,1.038923403337728
d4d080a3a4f6,DauT,2026,1v1 ranked,daut_2026_session,2026-09-24T23:46:44+00:00,False,216,d4d080a3a4f639d3327e7a550dd682776d33a9b059acc1db79d89a6d2904ce5e,33.010016666666665,False,Castle request +5-10 min,request anchor; not completed age or combat phase,1526.582,1826.582,300.0,177.51478688906653,361,307,122.01800413131713,103.76600351333617,156.0,156,17,306,2,0.006535947712418301,0.2461538378194632,2.6457691411880835,0.09412000000000041,106,0.34527687296416937,67.93800230026245,0.32894736842105265,39,5,12.506000423431397,0.7845004934781528
4d327356c515,DauT,2026,1v1 ranked,daut_2026_session,2026-09-25T00:09:58+00:00,False,216,4d327356c515f50c9346bbf9b70ae8e062ccf075f5d7cbffe14e3292ff7f2fa3,21.30591666666667,False,0-10,clock phase,0,600,600,355.02957377813306,647,543,109.34300370216368,91.76700310707092,141.59999999999997,162,35,542,2,0.0036900369003690036,0.36153844929739876,3.318769118401493,0.03247833333333334,150,0.27624309392265195,66.41700224876404,0.40229885057471265,32,2,3.887000131607055,0.7650387950529774
4d327356c515,DauT,2026,1v1 ranked,daut_2026_session,2026-09-25T00:09:58+00:00,False,216,4d327356c515f50c9346bbf9b70ae8e062ccf075f5d7cbffe14e3292ff7f2fa3,21.30591666666667,False,10-20,clock phase,600,1200,600,355.02957377813306,809,661,136.72100462913514,111.70900378227233,157.79999999999998,192,35,660,0,0.0,0.24615383781949163,2.8669999029283457,0.0,238,0.3600605143721634,71.48700242042541,0.5089430894308943,39,3,7.6050002574920645,0.9049461293516095
4d327356c515,DauT,2026,1v1 ranked,daut_2026_session,2026-09-25T00:09:58+00:00,False,216,4d327356c515f50c9346bbf9b70ae8e062ccf075f5d7cbffe14e3292ff7f2fa3,21.30591666666667,False,Feudal request +0-5 min,request anchor; not completed age or combat phase,403.702,703.702,300.0,177.51478688906653,320,268,108.16000366210938,90.5840030670166,148.79999999999998,168,17,267,1,0.003745318352059925,0.36153844929739165,3.730461412154583,0.035186666666666803,64,0.23880597014925373,68.95200233459472,0.5,25,3,4.732000160217284,1.1313707043901344
4d327356c515,DauT,2026,1v1 ranked,daut_2026_session,2026-09-25T00:09:58+00:00,False,216,4d327356c515f50c9346bbf9b70ae8e062ccf075f5d7cbffe14e3292ff7f2fa3,21.30591666666667,False,Feudal request +5-10 min,request anchor; not completed age or combat phase,703.702,1003.702,300.0,177.51478688906653,364,304,123.03200416564941,102.7520034790039,130.79999999999998,150,17,303,0,0.0,0.3615384492973934,2.7667691370912166,0.0,97,0.3190789473684211,69.966002368927,0.5328467153284672,22,2,7.436000251770019,0.9650706069709741
23d4576b7264,DauT,2026,1v1 ranked,daut_2026_session,2026-09-25T00:26:26+00:00,False,140,23d4576b72642f81456c2009ab81b2d571f3719388e167d2fdcbd8b0604d2081,46.286500000000004,True,0-10,clock phase,0,600,600,355.02957377813306,590,491,99.71000337600707,82.97900280952453,131.39999999999995,150,35,490,2,0.004081632653061225,0.3615384492974272,3.872384484272439,0.040624999999999904,127,0.25865580448065173,61.516002082824706,0.39445628997867804,29,2,4.732000160217284,0.7562115734314072
23d4576b7264,DauT,2026,1v1 ranked,daut_2026_session,2026-09-25T00:26:26+00:00,False,140,23d4576b72642f81456c2009ab81b2d571f3719388e167d2fdcbd8b0604d2081,46.286500000000004,True,10-20,clock phase,600,1200,600,355.02957377813306,464,325,78.41600265502929,54.92500185966492,90.0,114,35,324,9,0.027777777777777776,0.5999999796850517,6.007692104282335,0.15942333333333367,54,0.16615384615384615,45.79900155067443,0.37050359712230213,32,5,7.098000240325928,1.5012784587238586
23d4576b7264,DauT,2026,1v1 ranked,daut_2026_session,2026-09-25T00:26:26+00:00,False,140,23d4576b72642f81456c2009ab81b2d571f3719388e167d2fdcbd8b0604d2081,46.286500000000004,True,20-30,clock phase,1200,1800,600,355.02957377813306,686,467,115.93400392532348,78.92300267219542,132.0,138,35,466,3,0.006437768240343348,0.4846153682071197,4.14807678263023,0.045716666666666794,141,0.3019271948608137,55.09400186538696,0.51338199513382,93,8,15.210000514984129,1.1307156208208649
23d4576b7264,DauT,2026,1v1 ranked,daut_2026_session,2026-09-25T00:26:26+00:00,False,140,23d4576b72642f81456c2009ab81b2d571f3719388e167d2fdcbd8b0604d2081,46.286500000000004,True,30-40,clock phase,1800,2400,600,355.02957377813306,658,452,111.2020037651062,76.38800258636475,115.79999999999998,150,35,451,3,0.0066518847006651885,0.4881656639448124,4.332041273443028,0.06990833333333324,93,0.20575221238938052,60.671002054214476,0.5694822888283378,130,11,11.154000377655029,1.3847598716321836
23d4576b7264,DauT,2026,1v1 ranked,daut_2026_session,2026-09-25T00:26:26+00:00,False,140,23d4576b72642f81456c2009ab81b2d571f3719388e167d2fdcbd8b0604d2081,46.286500000000004,True,40+,clock phase; variable length,2400,2777.19,377.19000000000005,223.18934155562337,247,202,66.40102030278426,54.303668425758794,95.69999999999999,96,22,201,5,0.024875621890547265,0.6029585594665292,9.17385176039526,0.21747130093586878,36,0.1782178217821782,44.62578692413841,0.5660377358490566,130,14,4.83894075081019,1.5590021412826214
23d4576b7264,DauT,2026,1v1 ranked,daut_2026_session,2026-09-25T00:26:26+00:00,False,140,23d4576b72642f81456c2009ab81b2d571f3719388e167d2fdcbd8b0604d2081,46.286500000000004,True,40-45,clock phase; fixed five minutes,2400,2700,300,177.51478688906653,200,164,67.60000228881835,55.43200187683105,96.0,96,17,163,3,0.018404907975460124,0.5997041217069112,9.461887253601438,0.20642666666666648,27,0.16463414634146342,46.306001567840575,0.5537190082644629,87,14,4.732000160217284,1.632606073187536
23d4576b7264,DauT,2026,1v1 ranked,daut_2026_session,2026-09-25T00:26:26+00:00,False,140,23d4576b72642f81456c2009ab81b2d571f3719388e167d2fdcbd8b0604d2081,46.286500000000004,True,40+ excluding final 60 game seconds,terminal minute sensitivity,2400,2717.19,317.19000000000005,187.68638417781006,212,174,67.77263068773995,55.62470631918279,96.0,96,18,173,3,0.017341040462427744,0.5967455419255048,9.386088439599815,0.1952394463885997,29,0.16666666666666666,46.35392193265233,0.5572519083969466,87,14,4.475551083152639,1.5920980534368097
23d4576b7264,DauT,2026,1v1 ranked,daut_2026_session,2026-09-25T00:26:26+00:00,False,140,23d4576b72642f81456c2009ab81b2d571f3719388e167d2fdcbd8b0604d2081,46.286500000000004,True,Feudal request +0-5 min,request anchor; not completed age or combat phase,471.594,771.594,300.00000000000006,177.51478688906656,239,179,80.78200273513792,60.502002048492415,87.6,102,17,178,2,0.011235955056179775,0.5999999796850588,5.100384442694481,0.08532333333333353,21,0.11731843575418995,53.40400180816649,0.5126582278481012,23,3,4.732000160217284,1.4299906535365687
23d4576b7264,DauT,2026,1v1 ranked,daut_2026_session,2026-09-25T00:26:26+00:00,False,140,23d4576b72642f81456c2009ab81b2d571f3719388e167d2fdcbd8b0604d2081,46.286500000000004,True,Feudal request +5-10 min,request anchor; not completed age or combat phase,771.594,1071.594,300.0,177.51478688906653,203,158,68.61400232315063,53.404001808166505,104.39999999999999,114,17,157,6,0.03821656050955414,0.5999999796850375,6.166769021973182,0.2179666666666664,27,0.17088607594936708,44.27800149917602,0.35714285714285715,23,4,6.422000217437744,1.6421187846075862
23d4576b7264,DauT,2026,1v1 ranked,daut_2026_session,2026-09-25T00:26:26+00:00,False,140,23d4576b72642f81456c2009ab81b2d571f3719388e167d2fdcbd8b0604d2081,46.286500000000004,True,Castle request +0-5 min,request anchor; not completed age or combat phase,751.289,1051.289,300.0,177.51478688906653,195,152,65.9100022315979,51.37600173950195,91.19999999999997,120,17,151,6,0.039735099337748346,0.5999999796850517,6.188461328931012,0.2179666666666662,22,0.14473684210526316,43.940001487731934,0.3445378151260504,19,4,5.746000194549561,1.6979193727441135
23d4576b7264,DauT,2026,1v1 ranked,daut_2026_session,2026-09-25T00:26:26+00:00,False,140,23d4576b72642f81456c2009ab81b2d571f3719388e167d2fdcbd8b0604d2081,46.286500000000004,True,Castle request +5-10 min,request anchor; not completed age or combat phase,1051.289,1351.289,300.0,177.51478688906653,336,202,113.56800384521485,68.27600231170653,108.0,108,17,201,3,0.014925373134328358,0.48461536820713036,5.046153675299877,0.0927333333333339,50,0.24752475247524752,51.37600173950195,0.4098360655737705,34,4,9.802000331878661,1.0619794986355364
23d4576b7264,DauT,2026,1v1 ranked,daut_2026_session,2026-09-25T00:26:26+00:00,False,140,23d4576b72642f81456c2009ab81b2d571f3719388e167d2fdcbd8b0604d2081,46.286500000000004,True,Imperial request +0-5 min,request anchor; not completed age or combat phase,1929.005,2229.005,300.0,177.51478688906653,290,223,98.02000331878662,75.37400255203247,105.6,120,17,222,2,0.009009009009009009,0.47928992460045095,4.618343038897279,0.09850666666666633,40,0.17937219730941703,61.85400209426879,0.5418994413407822,80,8,10.816000366210938,1.2580646732583003
23d4576b7264,DauT,2026,1v1 ranked,daut_2026_session,2026-09-25T00:26:26+00:00,False,140,23d4576b72642f81456c2009ab81b2d571f3719388e167d2fdcbd8b0604d2081,46.286500000000004,True,Imperial request +5-10 min,request anchor; not completed age or combat phase,2229.005,2529.005,300.0,177.51478688906653,311,237,105.11800355911254,80.10600271224976,109.19999999999999,114,17,236,0,0.0,0.5964496839474123,3.4923667456597793,0.0,55,0.2320675105485232,61.516002082824706,0.5916230366492147,104,8,8.788000297546386,1.5263515879057847
9621aabf243e,DauT,2021,1v1 tournament,hc4_daut,2021-03 (HC4),False,59,9621aabf243e3afa246da60f2cbf2956493ca2b316e61f9d3a12e56772fe8e29,46.325500000000005,True,0-10,clock phase,0,600,600,355.02957377813306,682,649,115.25800390243529,109.68100371360778,162.0,168,35,648,0,0.0,0.24852070164473616,3.111147823656027,0.0,226,0.34822804314329736,71.48700242042541,0.4208860759493671,30,3,5.5770001888275145,0.6677847086480402
9621aabf243e,DauT,2021,1v1 tournament,hc4_daut,2021-03 (HC4),False,59,9621aabf243e3afa246da60f2cbf2956493ca2b316e61f9d3a12e56772fe8e29,46.325500000000005,True,10-20,clock phase,600,1200,600,355.02957377813306,495,463,83.65500283241272,78.24700264930725,159.59999999999997,198,35,462,5,0.010822510822510822,0.36449702907887627,5.1054672827590695,0.08237999999999962,149,0.32181425485961124,53.06600179672241,0.4099526066350711,46,5,4.9010001659393305,1.213911294238509
9621aabf243e,DauT,2021,1v1 tournament,hc4_daut,2021-03 (HC4),False,59,9621aabf243e3afa246da60f2cbf2956493ca2b316e61f9d3a12e56772fe8e29,46.325500000000005,True,20-30,clock phase,1200,1800,600,355.02957377813306,540,481,91.26000308990479,81.28900275230407,141.59999999999997,156,35,480,2,0.004166666666666667,0.48047335651301637,4.373964348946629,0.030193333333332906,158,0.3284823284823285,54.58700184822082,0.3788235294117647,39,6,9.633000326156616,1.3624692463919943
9621aabf243e,DauT,2021,1v1 tournament,hc4_daut,2021-03 (HC4),False,59,9621aabf243e3afa246da60f2cbf2956493ca2b316e61f9d3a12e56772fe8e29,46.325500000000005,True,30-40,clock phase,1800,2400,600,355.02957377813306,516,401,87.20400295257568,67.7690022945404,114.0,150,35,400,5,0.0125,0.5964496839472204,5.12433118744585,0.0823200000000002,88,0.2194513715710723,52.89700179100036,0.45454545454545453,77,13,19.26600065231323,1.613214360189759
9621aabf243e,DauT,2021,1v1 tournament,hc4_daut,2021-03 (HC4),False,59,9621aabf243e3afa246da60f2cbf2956493ca2b316e61f9d3a12e56772fe8e29,46.325500000000005,True,40+,clock phase; variable length,2400,2779.53,379.5300000000002,224.57395689335817,298,224,79.61742424341104,59.846654464845884,95.69999999999999,108,22,223,6,0.026905829596412557,0.6130177307236124,5.457514608117252,0.14755091824097874,21,0.09375,54.236030608766576,0.5275590551181102,116,10,19.770769778565157,1.9985565863544656
9621aabf243e,DauT,2021,1v1 tournament,hc4_daut,2021-03 (HC4),False,59,9621aabf243e3afa246da60f2cbf2956493ca2b316e61f9d3a12e56772fe8e29,46.325500000000005,True,40-45,clock phase; fixed five minutes,2400,2700,300,177.51478688906653,238,186,80.44400272369384,62.86800212860107,98.39999999999999,108,17,185,4,0.021621621621621623,0.6130177307236124,5.5048992218975075,0.1289866666666634,19,0.10215053763440861,56.44600191116333,0.5092592592592593,98,9,17.576000595092772,2.0084082853936933
9621aabf243e,DauT,2021,1v1 tournament,hc4_daut,2021-03 (HC4),False,59,9621aabf243e3afa246da60f2cbf2956493ca2b316e61f9d3a12e56772fe8e29,46.325500000000005,True,40+ excluding final 60 game seconds,terminal minute sensitivity,2400,2719.53,319.5300000000002,189.07099951554486,249,191,79.01793526389898,60.612151146203644,97.79999999999998,108,18,190,5,0.02631578947368421,0.6130177307236124,5.499100405525787,0.14818013958000373,19,0.09947643979057591,54.58267014213102,0.509090909090909,102,9,18.405784117695344,2.0157657232528288
9621aabf243e,DauT,2021,1v1 tournament,hc4_daut,2021-03 (HC4),False,59,9621aabf243e3afa246da60f2cbf2956493ca2b316e61f9d3a12e56772fe8e29,46.325500000000005,True,Feudal request +0-5 min,request anchor; not completed age or combat phase,675.823,975.823,300.0,177.51478688906653,262,243,88.55600299835204,82.1340027809143,142.79999999999998,162,17,242,2,0.008264462809917356,0.3644970290789473,4.5036921552051545,0.06582666666666688,64,0.26337448559670784,60.50200204849243,0.4117647058823529,28,5,6.422000217437744,1.2772610000330433
9621aabf243e,DauT,2021,1v1 tournament,hc4_daut,2021-03 (HC4),False,59,9621aabf243e3afa246da60f2cbf2956493ca2b316e61f9d3a12e56772fe8e29,46.325500000000005,True,Feudal request +5-10 min,request anchor; not completed age or combat phase,975.823,1275.8229999999999,299.9999999999999,177.51478688906644,185,170,62.53000211715701,57.460001945495634,101.99999999999997,126,17,169,3,0.01775147928994083,0.48047335651301637,5.605301585362136,0.09893333333333279,49,0.28823529411764703,40.898001384735124,0.32857142857142857,25,4,4.056000137329104,1.5097591650941247
9621aabf243e,DauT,2021,1v1 tournament,hc4_daut,2021-03 (HC4),False,59,9621aabf243e3afa246da60f2cbf2956493ca2b316e61f9d3a12e56772fe8e29,46.325500000000005,True,Castle request +0-5 min,request anchor; not completed age or combat phase,1218.31,1518.31,300.0,177.51478688906653,235,217,79.43000268936157,73.34600248336793,124.79999999999998,144,17,216,2,0.009259259259259259,0.4804733565131585,4.486627067025523,0.06038666666666581,72,0.3317972350230415,49.01000165939331,0.3089005235602094,15,4,6.084000205993652,1.2586209844338634
9621aabf243e,DauT,2021,1v1 tournament,hc4_daut,2021-03 (HC4),False,59,9621aabf243e3afa246da60f2cbf2956493ca2b316e61f9d3a12e56772fe8e29,46.325500000000005,True,Castle request +5-10 min,request anchor; not completed age or combat phase,1518.31,1818.31,300.0,177.51478688906653,311,265,105.11800355911254,89.57000303268433,134.39999999999998,144,17,264,0,0.0,0.36449702907887627,3.547881536679659,0.0,85,0.32075471698113206,60.840002059936516,0.44017094017094016,29,6,14.872000503540038,1.3969136150633112
9621aabf243e,DauT,2021,1v1 tournament,hc4_daut,2021-03 (HC4),False,59,9621aabf243e3afa246da60f2cbf2956493ca2b316e61f9d3a12e56772fe8e29,46.325500000000005,True,Imperial request +0-5 min,request anchor; not completed age or combat phase,2111.023,2411.023,300.0,177.51478688906653,258,192,87.20400295257568,64.89600219726562,115.19999999999999,120,17,191,4,0.020942408376963352,0.6130177307236053,5.661301583466069,0.13038666666666657,49,0.2552083333333333,48.33400163650512,0.42073170731707316,61,12,22.308000755310058,1.5435978345245305
9621aabf243e,DauT,2021,1v1 tournament,hc4_daut,2021-03 (HC4),False,59,9621aabf243e3afa246da60f2cbf2956493ca2b316e61f9d3a12e56772fe8e29,46.325500000000005,True,Imperial request +5-10 min,request anchor; not completed age or combat phase,2411.023,2711.023,300.0,177.51478688906653,240,186,81.12000274658203,62.86800212860107,96.0,96,17,185,4,0.021621621621621623,0.6130177307236124,5.504899221897496,0.1289866666666633,19,0.10215053763440861,56.44600191116333,0.5,98,9,18.252000617980954,2.0252176114604894
2c3759e0dc22,DauT,2021,1v1 tournament,hc4_daut,2021-03 (HC4),False,59,2c3759e0dc22245a524b2357d490a6a73675c554cc2bcdb60a1af7e180b26cc9,33.51755,False,0-10,clock phase,0,600,600,355.02957377813306,641,617,108.32900366783142,104.27300353050231,180.0,192,35,616,1,0.0016233766233766235,0.24852070164470774,3.8653253129138725,0.014420000000000127,219,0.3549432739059968,67.26200227737426,0.28907563025210087,25,1,4.056000137329101,0.675100979510412
2c3759e0dc22,DauT,2021,1v1 tournament,hc4_daut,2021-03 (HC4),False,59,2c3759e0dc22245a524b2357d490a6a73675c554cc2bcdb60a1af7e180b26cc9,33.51755,False,10-20,clock phase,600,1200,600,355.02957377813306,564,537,95.31600322723388,90.75300307273864,138.0,156,35,536,0,0.0,0.3644970290789047,3.164496934275783,0.0,154,0.28677839851024206,64.72700219154358,0.4329268292682927,34,3,4.5630001544952385,1.2215862781545463
2c3759e0dc22,DauT,2021,1v1 tournament,hc4_daut,2021-03 (HC4),False,59,2c3759e0dc22245a524b2357d490a6a73675c554cc2bcdb60a1af7e180b26cc9,33.51755,False,20-30,clock phase,1200,1800,600,355.02957377813306,506,430,85.51400289535522,72.67000246047974,129.59999999999997,198,35,429,3,0.006993006993006993,0.4804733565131477,3.747360819866439,0.05632666666666639,121,0.2813953488372093,52.22100176811218,0.4289544235924933,68,6,12.844000434875488,1.311801401806156
2c3759e0dc22,DauT,2021,1v1 tournament,hc4_daut,2021-03 (HC4),False,59,2c3759e0dc22245a524b2357d490a6a73675c554cc2bcdb60a1af7e180b26cc9,33.51755,False,Feudal request +0-5 min,request anchor; not completed age or combat phase,427.814,727.8140000000001,300.00000000000006,177.51478688906656,250,239,84.50000286102294,80.78200273513792,115.19999999999999,120,17,238,0,0.0,0.36449702907891,3.9236448375664144,0.0,63,0.26359832635983266,59.488002014160145,0.2523364485981308,19,2,3.718000125885009,1.1495425752563846
2c3759e0dc22,DauT,2021,1v1 tournament,hc4_daut,2021-03 (HC4),False,59,2c3759e0dc22245a524b2357d490a6a73675c554cc2bcdb60a1af7e180b26cc9,33.51755,False,Feudal request +5-10 min,request anchor; not completed age or combat phase,727.8140000000001,1027.814,300.0,177.51478688906653,295,280,99.71000337600707,94.6400032043457,116.39999999999998,150,17,279,0,0.0,0.36449702907887627,3.074035398877118,0.0,88,0.3142857142857143,64.89600219726562,0.4846153846153846,28,2,5.070000171661377,1.210058974216856
2c3759e0dc22,DauT,2021,1v1 tournament,hc4_daut,2021-03 (HC4),False,59,2c3759e0dc22245a524b2357d490a6a73675c554cc2bcdb60a1af7e180b26cc9,33.51755,False,Castle request +0-5 min,request anchor; not completed age or combat phase,1073.042,1373.042,300.0,177.51478688906653,318,302,107.48400363922119,102.07600345611571,146.39999999999998,156,17,301,1,0.0033222591362126247,0.36449702907887466,3.1644969342757183,0.03779999999999974,107,0.3543046357615894,65.9100022315979,0.4142857142857143,24,4,5.408000183105469,1.0566526541868
2c3759e0dc22,DauT,2021,1v1 tournament,hc4_daut,2021-03 (HC4),False,59,2c3759e0dc22245a524b2357d490a6a73675c554cc2bcdb60a1af7e180b26cc9,33.51755,False,Castle request +5-10 min,request anchor; not completed age or combat phase,1373.042,1673.042,300.0,177.51478688906653,215,172,72.67000246047974,58.13600196838379,83.99999999999997,108,17,171,2,0.011695906432748537,0.6130177307236124,4.95384598611754,0.07485333333333302,29,0.1686046511627907,48.33400163650512,0.40298507462686567,37,6,14.534000492095947,1.4028980337686079
11508bc32ada,DauT,2021,1v1 tournament,hc4_daut,2021-03 (HC4),False,59,11508bc32ada10b533bf9dbfec70ef70b57a7a5f6ff1389af0c40ca4ad8506af,49.08136666666667,True,0-10,clock phase,0,600,600,355.02957377813306,620,595,104.78000354766846,100.55500340461731,159.59999999999997,174,35,594,0,0.0,0.36449702907884785,3.2804732617099717,0.0,161,0.27058823529411763,73.34600248336793,0.323943661971831,28,1,4.225000143051147,0.7254456485284884
11508bc32ada,DauT,2021,1v1 tournament,hc4_daut,2021-03 (HC4),False,59,11508bc32ada10b533bf9dbfec70ef70b57a7a5f6ff1389af0c40ca4ad8506af,49.08136666666667,True,10-20,clock phase,600,1200,600,355.02957377813306,491,460,82.97900280952453,77.74000263214111,145.79999999999998,234,35,459,6,0.013071895424836602,0.36449702907887627,5.58376312455299,0.1156866666666665,166,0.36086956521739133,49.68600168228149,0.35714285714285715,24,3,5.239000177383423,1.1454672249610338
11508bc32ada,DauT,2021,1v1 tournament,hc4_daut,2021-03 (HC4),False,59,11508bc32ada10b533bf9dbfec70ef70b57a7a5f6ff1389af0c40ca4ad8506af,49.08136666666667,True,20-30,clock phase,1200,1800,600,355.02957377813306,495,392,83.65500283241272,66.24800224304198,115.79999999999998,120,35,391,1,0.0025575447570332483,0.5964496839472915,4.07242589761776,0.02197999999999977,91,0.23214285714285715,50.86900172233582,0.48,86,9,17.40700058937073,1.366663119105818
11508bc32ada,DauT,2021,1v1 tournament,hc4_daut,2021-03 (HC4),False,59,11508bc32ada10b533bf9dbfec70ef70b57a7a5f6ff1389af0c40ca4ad8506af,49.08136666666667,True,30-40,clock phase,1800,2400,600,355.02957377813306,526,343,88.89400300979614,57.96700196266174,101.39999999999995,126,35,342,4,0.011695906432748537,0.7289940581577241,4.917993916325515,0.06143833333333344,59,0.17201166180758018,47.996001625061034,0.5379061371841155,203,11,30.251001024246214,1.562372813490992
11508bc32ada,DauT,2021,1v1 tournament,hc4_daut,2021-03 (HC4),False,59,11508bc32ada10b533bf9dbfec70ef70b57a7a5f6ff1389af0c40ca4ad8506af,49.08136666666667,True,40+,clock phase; variable length,2400,2944.882,544.8820000000001,322.41537369896116,441,281,82.06804686896125,52.29279176911136,92.69999999999999,102,32,280,5,0.017857142857142856,0.7289940581577312,6.510248300284476,0.11222980388414486,40,0.1423487544483986,44.84897799414889,0.5728643216080402,169,19,29.589159755475823,1.6934790397277744
11508bc32ada,DauT,2021,1v1 tournament,hc4_daut,2021-03 (HC4),False,59,11508bc32ada10b533bf9dbfec70ef70b57a7a5f6ff1389af0c40ca4ad8506af,49.08136666666667,True,40-45,clock phase; fixed five minutes,2400,2700,300,177.51478688906653,263,179,88.89400300979614,60.50200204849243,97.19999999999999,102,17,178,2,0.011235955056179775,0.613017730723608,4.82747320933111,0.07345333333333363,36,0.2011173184357542,48.33400163650512,0.5362318840579711,106,11,28.05400094985962,1.6410227732463114
11508bc32ada,DauT,2021,1v1 tournament,hc4_daut,2021-03 (HC4),False,59,11508bc32ada10b533bf9dbfec70ef70b57a7a5f6ff1389af0c40ca4ad8506af,49.08136666666667,True,40+ excluding final 60 game seconds,terminal minute sensitivity,2400,2884.882,484.88200000000006,286.9124163211479,401,259,83.85834363149021,54.16287032557597,93.89999999999999,102,28,258,5,0.01937984496124031,0.6130177307236124,6.561277884355561,0.12611728214287313,39,0.15057915057915058,46.00707131902206,0.5683060109289617,145,16,29.486350254464142,1.6740878436740152
11508bc32ada,DauT,2021,1v1 tournament,hc4_daut,2021-03 (HC4),False,59,11508bc32ada10b533bf9dbfec70ef70b57a7a5f6ff1389af0c40ca4ad8506af,49.08136666666667,True,Feudal request +0-5 min,request anchor; not completed age or combat phase,427.947,727.947,300.0,177.51478688906653,241,230,81.45800275802613,77.74000263214111,96.0,96,17,229,0,0.0,0.48047335651301637,4.3858933426255176,0.0,49,0.21304347826086956,61.17800207138062,0.3756345177664975,21,2,3.7180001258850095,1.2232068099090476
11508bc32ada,DauT,2021,1v1 tournament,hc4_daut,2021-03 (HC4),False,59,11508bc32ada10b533bf9dbfec70ef70b57a7a5f6ff1389af0c40ca4ad8506af,49.08136666666667,True,Feudal request +5-10 min,request anchor; not completed age or combat phase,727.947,1027.9470000000001,300.0000000000001,177.51478688906658,225,207,76.05000257492063,69.96600236892698,145.19999999999993,222,17,206,6,0.02912621359223301,0.36449702907887627,6.802011604015192,0.23137333333333285,82,0.3961352657004831,42.25000143051146,0.35638297872340424,21,3,6.08400020599365,1.0735719261020578
11508bc32ada,DauT,2021,1v1 tournament,hc4_daut,2021-03 (HC4),False,59,11508bc32ada10b533bf9dbfec70ef70b57a7a5f6ff1389af0c40ca4ad8506af,49.08136666666667,True,Castle request +0-5 min,request anchor; not completed age or combat phase,1051.983,1351.983,300.0,177.51478688906653,289,272,97.68200330734253,91.93600311279297,126.0,126,17,271,0,0.0,0.36449702907887627,3.52899396335465,0.0,102,0.375,57.460001945495605,0.3821138211382114,31,5,5.746000194549561,1.2586163627861144
11508bc32ada,DauT,2021,1v1 tournament,hc4_daut,2021-03 (HC4),False,59,11508bc32ada10b533bf9dbfec70ef70b57a7a5f6ff1389af0c40ca4ad8506af,49.08136666666667,True,Castle request +5-10 min,request anchor; not completed age or combat phase,1351.983,1651.983,300.0,177.51478688906653,227,174,76.72600259780883,58.81200199127197,95.99999999999997,120,17,173,0,0.0,0.7289940581577383,4.1857513375677,0.0,34,0.19540229885057472,47.32000160217285,0.4318181818181818,31,9,17.914000606536863,1.4248822446518732
11508bc32ada,DauT,2021,1v1 tournament,hc4_daut,2021-03 (HC4),False,59,11508bc32ada10b533bf9dbfec70ef70b57a7a5f6ff1389af0c40ca4ad8506af,49.08136666666667,True,Imperial request +0-5 min,request anchor; not completed age or combat phase,2323.112,2623.112,300.0,177.51478688906653,262,187,88.55600299835204,63.20600214004516,81.6,96,17,186,1,0.005376344086021506,0.6130177307236044,3.910887441548604,0.04256000000000014,34,0.18181818181818182,51.71400175094604,0.5652173913043478,103,9,25.350000858306885,1.6233536156878028
11508bc32ada,DauT,2021,1v1 tournament,hc4_daut,2021-03 (HC4),False,59,11508bc32ada10b533bf9dbfec70ef70b57a7a5f6ff1389af0c40ca4ad8506af,49.08136666666667,True,Imperial request +5-10 min,request anchor; not completed age or combat phase,2623.112,2923.112,300.0,177.51478688906653,233,133,78.75400266647338,44.9540015220642,78.0,78,17,132,4,0.030303030303030304,0.7372780815459734,6.621585574621349,0.16128000000000148,10,0.07518796992481203,41.574001407623285,0.5955056179775281,131,18,33.462001132965085,1.6588281795461062
323cda4cd90e,DauT,2021,1v1 tournament,hc4_daut,2021-03 (HC4),False,59,323cda4cd90e97c42cbaab2ca39e2d2b11637dca07147f145c04d29258ba9da8,44.89505,False,0-10,clock phase,0,600,600,355.02957377813306,597,567,100.8930034160614,95.82300324440001,147.59999999999997,288,35,566,2,0.0035335689045936395,0.24852070164470774,4.06646140077823,0.031219999999999835,238,0.41975308641975306,55.6010018825531,0.3327205882352941,28,1,5.070000171661377,0.7494906958792513
323cda4cd90e,DauT,2021,1v1 tournament,hc4_daut,2021-03 (HC4),False,59,323cda4cd90e97c42cbaab2ca39e2d2b11637dca07147f145c04d29258ba9da8,44.89505,False,10-20,clock phase,600,1200,600,355.02957377813306,465,435,78.58500266075134,73.51500248908995,133.79999999999998,174,35,434,7,0.016129032258064516,0.36449702907887627,5.766508680495736,0.1615749999999998,140,0.3218390804597701,49.85500168800353,0.351010101010101,27,5,5.070000171661377,0.9558416491156492
323cda4cd90e,DauT,2021,1v1 tournament,hc4_daut,2021-03 (HC4),False,59,323cda4cd90e97c42cbaab2ca39e2d2b11637dca07147f145c04d29258ba9da8,44.89505,False,20-30,clock phase,1200,1800,600,355.02957377813306,494,408,83.48600282669067,68.95200233459472,115.79999999999998,132,35,407,4,0.009828009828009828,0.4970414032894723,4.6155264709453085,0.06108666666666621,73,0.17892156862745098,56.61500191688537,0.4889589905362776,51,10,14.02700047492981,1.629079047406707
323cda4cd90e,DauT,2021,1v1 tournament,hc4_daut,2021-03 (HC4),False,59,323cda4cd90e97c42cbaab2ca39e2d2b11637dca07147f145c04d29258ba9da8,44.89505,False,30-40,clock phase,1800,2400,600,355.02957377813306,494,352,83.48600282669067,59.48800201416015,85.79999999999998,96,35,351,5,0.014245014245014245,0.5964496839474123,5.2355027813148505,0.08647333333333346,75,0.21306818181818182,46.81300158500671,0.5102739726027398,172,23,23.998000812530517,1.6288542151947611
323cda4cd90e,DauT,2021,1v1 tournament,hc4_daut,2021-03 (HC4),False,59,323cda4cd90e97c42cbaab2ca39e2d2b11637dca07147f145c04d29258ba9da8,44.89505,False,40+,clock phase; variable length,2400,2693.703,293.703,173.788751512265,252,223,87.00217861299797,76.99002313769263,106.79999999999998,126,17,222,0,0.0,0.4804733565132824,3.3933016602564385,0.0,62,0.27802690582959644,55.584725224970924,0.5026737967914439,102,15,9.666908734777552,1.601941814718104
323cda4cd90e,DauT,2021,1v1 tournament,hc4_daut,2021-03 (HC4),False,59,323cda4cd90e97c42cbaab2ca39e2d2b11637dca07147f145c04d29258ba9da8,44.89505,False,Feudal request +0-5 min,request anchor; not completed age or combat phase,554.357,854.357,300.0,177.51478688906653,260,255,87.88000297546387,86.1900029182434,160.79999999999998,180,17,254,2,0.007874015748031496,0.24852070164467932,4.553064934598541,0.14068333333333316,107,0.4196078431372549,50.02400169372559,0.26556016597510373,19,3,1.690000057220459,0.7618955217953414
323cda4cd90e,DauT,2021,1v1 tournament,hc4_daut,2021-03 (HC4),False,59,323cda4cd90e97c42cbaab2ca39e2d2b11637dca07147f145c04d29258ba9da8,44.89505,False,Feudal request +5-10 min,request anchor; not completed age or combat phase,854.357,1154.357,300.0,177.51478688906653,220,200,74.36000251770018,67.60000228881835,123.6,138,17,199,5,0.02512562814070352,0.36449702907887627,6.097703935554104,0.18246666666666667,59,0.295,47.65800161361694,0.4,19,4,6.760000228881836,0.9688276542462904
323cda4cd90e,DauT,2021,1v1 tournament,hc4_daut,2021-03 (HC4),False,59,323cda4cd90e97c42cbaab2ca39e2d2b11637dca07147f145c04d29258ba9da8,44.89505,False,Castle request +0-5 min,request anchor; not completed age or combat phase,763.321,1063.321,299.9999999999999,177.51478688906644,230,217,77.74000263214116,73.34600248336795,122.39999999999999,132,17,216,4,0.018518518518518517,0.36449702907887627,5.7573666689709295,0.13582999999999948,57,0.2626728110599078,54.080001831054716,0.4090909090909091,17,3,4.394000148773196,0.9378894630899762
323cda4cd90e,DauT,2021,1v1 tournament,hc4_daut,2021-03 (HC4),False,59,323cda4cd90e97c42cbaab2ca39e2d2b11637dca07147f145c04d29258ba9da8,44.89505,False,Castle request +5-10 min,request anchor; not completed age or combat phase,1063.321,1363.321,300.0,177.51478688906653,214,179,72.33200244903564,60.50200204849243,87.6,102,17,178,3,0.016853932584269662,0.4970414032894723,5.2300353258786165,0.10499999999999994,29,0.16201117318435754,50.70000171661377,0.48,23,5,11.830000400543213,1.2157328567738095
323cda4cd90e,DauT,2021,1v1 tournament,hc4_daut,2021-03 (HC4),False,59,323cda4cd90e97c42cbaab2ca39e2d2b11637dca07147f145c04d29258ba9da8,44.89505,False,Imperial request +0-5 min,request anchor; not completed age or combat phase,1622.077,1922.077,300.0,177.51478688906653,272,211,91.93600311279297,71.31800241470336,114.0,114,17,210,1,0.004761904761904762,0.48047335651315315,4.098769091992036,0.03294666666666672,39,0.1848341232227488,58.13600196838379,0.40476190476190477,47,12,20.280000686645508,1.6954910751583958
323cda4cd90e,DauT,2021,1v1 tournament,hc4_daut,2021-03 (HC4),False,59,323cda4cd90e97c42cbaab2ca39e2d2b11637dca07147f145c04d29258ba9da8,44.89505,False,Imperial request +5-10 min,request anchor; not completed age or combat phase,1922.077,2222.077,300.0000000000002,177.51478688906664,240,179,81.12000274658197,60.502002048492386,86.39999999999999,96,17,178,2,0.011235955056179775,0.6130177307235436,4.962130009505898,0.06178666666666689,36,0.2011173184357542,48.33400163650509,0.5135135135135135,111,18,20.61800069808959,1.62031220063507
dde7930841b0,DauT,2021,1v1 tournament,hc4_daut,2021-03 (HC4),False,59,dde7930841b06c295ffd9884b8294991d17bbf80a4ba2f0a971f114529195806,39.61418333333334,False,0-10,clock phase,0,600,600,355.02957377813306,518,486,87.54200296401977,82.1340027809143,123.59999999999997,138,35,485,5,0.010309278350515464,0.36449702907886206,4.794792737064927,0.07723333333333329,130,0.2674897119341564,60.16400203704834,0.28297872340425534,23,3,5.408000183105469,0.6448660996661839
dde7930841b0,DauT,2021,1v1 tournament,hc4_daut,2021-03 (HC4),False,59,dde7930841b06c295ffd9884b8294991d17bbf80a4ba2f0a971f114529195806,39.61418333333334,False,10-20,clock phase,600,1200,600,355.02957377813306,446,411,75.37400255203247,69.45900235176086,102.0,120,35,410,6,0.014634146341463415,0.3644970290789544,5.2235737876359485,0.09188666666666655,109,0.26520681265206814,51.03800172805786,0.3582887700534759,38,5,5.9150002002716064,1.1616068085062545
dde7930841b0,DauT,2021,1v1 tournament,hc4_daut,2021-03 (HC4),False,59,dde7930841b06c295ffd9884b8294991d17bbf80a4ba2f0a971f114529195806,39.61418333333334,False,20-30,clock phase,1200,1800,600,355.02957377813306,570,510,96.33000326156616,86.1900029182434,120.0,138,35,509,1,0.0019646365422396855,0.48047335651301637,3.5444022468567247,0.014746666666666892,145,0.28431372549019607,61.68500208854675,0.2505263157894737,59,6,10.140000343322754,1.1237115161455997
dde7930841b0,DauT,2021,1v1 tournament,hc4_daut,2021-03 (HC4),False,59,dde7930841b06c295ffd9884b8294991d17bbf80a4ba2f0a971f114529195806,39.61418333333334,False,Feudal request +0-5 min,request anchor; not completed age or combat phase,384.526,684.5260000000001,300.00000000000006,177.51478688906656,267,253,90.24600305557249,85.5140028953552,125.99999999999997,150,17,252,4,0.015873015873015872,0.306508865361792,5.182153670695127,0.12702666666666637,86,0.33992094861660077,56.44600191116332,0.2066115702479339,20,3,4.732000160217284,0.8267845481217151
dde7930841b0,DauT,2021,1v1 tournament,hc4_daut,2021-03 (HC4),False,59,dde7930841b06c295ffd9884b8294991d17bbf80a4ba2f0a971f114529195806,39.61418333333334,False,Feudal request +5-10 min,request anchor; not completed age or combat phase,684.5260000000001,984.5260000000001,300.0,177.51478688906653,210,190,70.98000240325928,64.22000217437744,102.0,102,17,189,6,0.031746031746031744,0.36449702907887627,5.40979863340168,0.18377333333333312,50,0.2631578947368421,47.32000160217285,0.39655172413793105,24,3,6.760000228881836,1.1704766910573658
dde7930841b0,DauT,2021,1v1 tournament,hc4_daut,2021-03 (HC4),False,59,dde7930841b06c295ffd9884b8294991d17bbf80a4ba2f0a971f114529195806,39.61418333333334,False,Castle request +0-5 min,request anchor; not completed age or combat phase,1158.218,1458.218,300.0,177.51478688906653,272,258,91.93600311279297,87.20400295257568,126.0,126,17,257,0,0.0,0.4804733565131514,3.617798694075738,0.0,66,0.2558139534883721,64.89600219726562,0.26359832635983266,39,4,4.732000160217284,1.1086548393376388
dde7930841b0,DauT,2021,1v1 tournament,hc4_daut,2021-03 (HC4),False,59,dde7930841b06c295ffd9884b8294991d17bbf80a4ba2f0a971f114529195806,39.61418333333334,False,Castle request +5-10 min,request anchor; not completed age or combat phase,1458.218,1758.218,300.0,177.51478688906653,278,238,93.96400318145751,80.44400272369384,131.99999999999997,156,17,237,1,0.004219409282700422,0.4804733565130057,4.0194081479335155,0.029493333333333947,73,0.3067226890756303,55.77000188827514,0.2534562211981567,34,6,13.520000457763672,1.1951665965443607
e1e75a47ab4e,DauT,2021,1v1 tournament,hc4_daut_ro8,2021-03 (HC4),False,59,e1e75a47ab4efa978e080919d314b2ea7dd5eb4d25b56a8c96298bd7dce10a22,21.275399999999998,False,0-10,clock phase,0,600,600,355.02957377813306,606,569,102.41400346755981,96.16100325584411,156.0,162,35,568,1,0.0017605633802816902,0.3603550173848191,3.8028992795244974,0.016666666666666684,137,0.24077328646748683,73.00800247192382,0.33992805755395683,29,2,6.253000211715698,0.631796677506442
e1e75a47ab4e,DauT,2021,1v1 tournament,hc4_daut_ro8,2021-03 (HC4),False,59,e1e75a47ab4efa978e080919d314b2ea7dd5eb4d25b56a8c96298bd7dce10a22,21.275399999999998,False,10-20,clock phase,600,1200,600,355.02957377813306,519,499,87.71100296974181,84.3310028553009,139.79999999999998,162,35,498,2,0.004016064257028112,0.47692306077524904,3.4919998817670095,0.047933333333333265,137,0.2745490981963928,61.17800207138062,0.4401805869074492,29,3,3.380000114440918,1.3241990864694544
e1e75a47ab4e,DauT,2021,1v1 tournament,hc4_daut_ro8,2021-03 (HC4),False,59,e1e75a47ab4efa978e080919d314b2ea7dd5eb4d25b56a8c96298bd7dce10a22,21.275399999999998,False,Feudal request +0-5 min,request anchor; not completed age or combat phase,479.649,779.649,300.0,177.51478688906653,301,287,101.73800344467163,97.00600328445434,148.79999999999998,168,17,286,0,0.0,0.36153844929739876,3.5712188139960164,0.0,73,0.25435540069686413,72.33200244903564,0.3068181818181818,17,2,4.732000160217284,1.0074524271337721
e1e75a47ab4e,DauT,2021,1v1 tournament,hc4_daut_ro8,2021-03 (HC4),False,59,e1e75a47ab4efa978e080919d314b2ea7dd5eb4d25b56a8c96298bd7dce10a22,21.275399999999998,False,Feudal request +5-10 min,request anchor; not completed age or combat phase,779.649,1079.649,299.9999999999999,177.51478688906644,252,242,85.17600288391118,81.79600276947025,134.39999999999998,144,17,241,0,0.0,0.48461536820712325,3.3892306544773634,0.0,66,0.2727272727272727,59.48800201416018,0.49056603773584906,26,1,3.3800001144409197,1.398312461836204
0b3bc1441529,DauT,2021,1v1 tournament,hc4_daut_ro8,2021-03 (HC4),False,59,0b3bc1441529dcc77b8014dcf995ff985c835035ef6a1b8369813d57af45b389,71.71535,True,0-10,clock phase,0,600,600,355.02957377813306,580,554,98.02000331878662,93.62600317001342,142.7999999999999,186,35,553,1,0.0018083182640144665,0.36449702907887627,3.104189244009981,0.014419999999999968,142,0.2563176895306859,69.62800235748291,0.30597014925373134,26,3,4.394000148773193,0.7004996995400676
0b3bc1441529,DauT,2021,1v1 tournament,hc4_daut_ro8,2021-03 (HC4),False,59,0b3bc1441529dcc77b8014dcf995ff985c835035ef6a1b8369813d57af45b389,71.71535,True,10-20,clock phase,600,1200,600,355.02957377813306,544,511,91.93600311279297,86.35900292396545,127.79999999999998,138,35,510,1,0.00196078431372549,0.36449702907896153,3.2719052146627594,0.014420000000000077,122,0.23874755381604695,65.74100222587586,0.40384615384615385,41,4,5.5770001888275145,1.0497977944250145
0b3bc1441529,DauT,2021,1v1 tournament,hc4_daut_ro8,2021-03 (HC4),False,59,0b3bc1441529dcc77b8014dcf995ff985c835035ef6a1b8369813d57af45b389,71.71535,True,20-30,clock phase,1200,1800,600,355.02957377813306,466,401,78.75400266647338,67.7690022945404,108.0,120,35,400,7,0.0175,0.48047335651313006,5.487668453250371,0.1242266666666671,87,0.2169576059850374,53.06600179672241,0.39058171745152354,59,8,10.816000366210938,1.2028639954192935
0b3bc1441529,DauT,2021,1v1 tournament,hc4_daut_ro8,2021-03 (HC4),False,59,0b3bc1441529dcc77b8014dcf995ff985c835035ef6a1b8369813d57af45b389,71.71535,True,30-40,clock phase,1800,2400,600,355.02957377813306,507,404,85.68300290107726,68.27600231170653,121.79999999999998,144,35,403,3,0.007444168734491315,0.49704140328935154,4.389206951980866,0.04498666666666665,82,0.20297029702970298,54.418001842498775,0.41896024464831805,108,11,17.23800058364868,1.5500168832952048
0b3bc1441529,DauT,2021,1v1 tournament,hc4_daut_ro8,2021-03 (HC4),False,59,0b3bc1441529dcc77b8014dcf995ff985c835035ef6a1b8369813d57af45b389,71.71535,True,40+,clock phase; variable length,2400,4302.921,1902.9210000000003,1125.9887192724314,1726,1146,91.97250223511679,61.0663311479976,104.69999999999993,126,112,1145,19,0.016593886462882096,0.49704140328913127,5.7560234737500515,0.12020520032098045,229,0.19982547993019198,48.86372221877295,0.44171779141104295,483,34,30.85288458524486,1.3348834111797634
0b3bc1441529,DauT,2021,1v1 tournament,hc4_daut_ro8,2021-03 (HC4),False,59,0b3bc1441529dcc77b8014dcf995ff985c835035ef6a1b8369813d57af45b389,71.71535,True,40-45,clock phase; fixed five minutes,2400,2700,300,177.51478688906653,229,157,77.40200262069702,53.06600179672241,79.19999999999999,84,17,156,4,0.02564102564102564,0.6130177307236124,6.388638836946123,0.15530666666666545,16,0.10191082802547771,47.65800161361694,0.5247524752475248,74,16,24.336000823974608,1.782075048404023
0b3bc1441529,DauT,2021,1v1 tournament,hc4_daut_ro8,2021-03 (HC4),False,59,0b3bc1441529dcc77b8014dcf995ff985c835035ef6a1b8369813d57af45b389,71.71535,True,40+ excluding final 60 game seconds,terminal minute sensitivity,2400,4242.921,1842.9210000000003,1090.485761894618,1696,1127,93.31621150486313,62.00906271579055,105.59999999999997,126,109,1126,18,0.015985790408525755,0.49467453946419937,5.762993887715265,0.1060463253715162,225,0.19964507542147295,49.6292587130817,0.440625,474,34,31.252127437949447,1.3365037524495333
0b3bc1441529,DauT,2021,1v1 tournament,hc4_daut_ro8,2021-03 (HC4),False,59,0b3bc1441529dcc77b8014dcf995ff985c835035ef6a1b8369813d57af45b389,71.71535,True,Feudal request +0-5 min,request anchor; not completed age or combat phase,426.912,726.912,300.00000000000006,177.51478688906656,251,236,84.83800287246702,79.76800270080565,122.39999999999999,132,17,235,1,0.00425531914893617,0.4804733565130732,3.004780963352122,0.028840000000000168,51,0.21610169491525424,62.53000211715697,0.4055299539170507,29,4,5.070000171661376,1.073845879779332
0b3bc1441529,DauT,2021,1v1 tournament,hc4_daut_ro8,2021-03 (HC4),False,59,0b3bc1441529dcc77b8014dcf995ff985c835035ef6a1b8369813d57af45b389,71.71535,True,Feudal request +5-10 min,request anchor; not completed age or combat phase,726.912,1026.912,300.0,177.51478688906653,278,257,93.96400318145751,86.8660029411316,104.39999999999999,114,17,256,0,0.0,0.36449702907887627,3.2166862816211257,0.0,67,0.2607003891050584,64.22000217437744,0.44398340248962653,22,4,7.098000240325928,0.9649993358580008
0b3bc1441529,DauT,2021,1v1 tournament,hc4_daut_ro8,2021-03 (HC4),False,59,0b3bc1441529dcc77b8014dcf995ff985c835035ef6a1b8369813d57af45b389,71.71535,True,Castle request +0-5 min,request anchor; not completed age or combat phase,1145.855,1445.855,300.0,177.51478688906653,197,177,66.58600225448609,59.82600202560425,107.99999999999997,132,17,176,4,0.022727272727272728,0.48047335651315315,5.757396254768764,0.14550666666666753,41,0.23163841807909605,45.96800155639649,0.34838709677419355,40,5,6.422000217437744,1.2316414152651862
0b3bc1441529,DauT,2021,1v1 tournament,hc4_daut_ro8,2021-03 (HC4),False,59,0b3bc1441529dcc77b8014dcf995ff985c835035ef6a1b8369813d57af45b389,71.71535,True,Castle request +5-10 min,request anchor; not completed age or combat phase,1445.855,1745.855,300.0,177.51478688906653,263,225,88.89400300979614,76.05000257492065,109.19999999999999,114,17,224,2,0.008928571428571428,0.3810650758552008,4.589017596103154,0.07205333333333327,52,0.2311111111111111,58.474001979827875,0.38164251207729466,38,6,12.844000434875488,1.2029599687778165
0b3bc1441529,DauT,2021,1v1 tournament,hc4_daut_ro8,2021-03 (HC4),False,59,0b3bc1441529dcc77b8014dcf995ff985c835035ef6a1b8369813d57af45b389,71.71535,True,Imperial request +0-5 min,request anchor; not completed age or combat phase,2406.068,2706.068,300.0,177.51478688906653,226,154,76.38800258636475,52.052001762390134,84.0,84,17,153,4,0.026143790849673203,0.7289940581577525,6.432378480435599,0.1553066666666655,17,0.11038961038961038,46.306001567840575,0.5242718446601942,77,16,24.336000823974608,1.6488540348415799
0b3bc1441529,DauT,2021,1v1 tournament,hc4_daut_ro8,2021-03 (HC4),False,59,0b3bc1441529dcc77b8014dcf995ff985c835035ef6a1b8369813d57af45b389,71.71535,True,Imperial request +5-10 min,request anchor; not completed age or combat phase,2706.068,3006.068,300.0,177.51478688906653,244,150,82.4720027923584,50.70000171661377,80.39999999999999,90,17,149,4,0.026845637583892617,0.6130177307236124,6.057940623291059,0.1516666666666667,18,0.12,44.616001510620116,0.46153846153846156,76,20,31.772001075744626,1.4734707319062186
5e152714b185,DauT,2021,1v1 tournament,hc4_daut_ro8,2021-03 (HC4),False,59,5e152714b185c8d0cf7c14fd1c5c2f7e828a1bcbc85c35ab147a8a64e84907e6,47.7247,True,0-10,clock phase,0,600,600,355.02957377813306,528,497,89.23200302124023,83.9930028438568,129.59999999999997,138,35,496,4,0.008064516129032258,0.36449702907888337,4.750887413107722,0.07480666666666658,180,0.36217303822937624,53.573001813888546,0.3700623700623701,29,1,5.239000177383423,0.8111828158261256
5e152714b185,DauT,2021,1v1 tournament,hc4_daut_ro8,2021-03 (HC4),False,59,5e152714b185c8d0cf7c14fd1c5c2f7e828a1bcbc85c35ab147a8a64e84907e6,47.7247,True,10-20,clock phase,600,1200,600,355.02957377813306,447,414,75.54300255775452,69.966002368927,115.79999999999998,174,35,413,7,0.01694915254237288,0.3810650758552043,5.775739449413948,0.15728499999999984,137,0.3309178743961353,46.81300158500671,0.22135416666666666,33,6,4.9010001659393305,0.9781121376516643
5e152714b185,DauT,2021,1v1 tournament,hc4_daut_ro8,2021-03 (HC4),False,59,5e152714b185c8d0cf7c14fd1c5c2f7e828a1bcbc85c35ab147a8a64e84907e6,47.7247,True,20-30,clock phase,1200,1800,600,355.02957377813306,511,431,86.35900292396545,72.83900246620178,122.99999999999991,168,35,430,6,0.013953488372093023,0.36449702907887627,5.087053082199015,0.1026666666666661,126,0.2923433874709977,51.545001745224,0.381201044386423,71,9,13.520000457763672,1.4198855093719054
5e152714b185,DauT,2021,1v1 tournament,hc4_daut_ro8,2021-03 (HC4),False,59,5e152714b185c8d0cf7c14fd1c5c2f7e828a1bcbc85c35ab147a8a64e84907e6,47.7247,True,30-40,clock phase,1800,2400,600,355.02957377813306,510,421,86.1900029182434,71.14900240898133,114.0,114,35,420,3,0.007142857142857143,0.4970414032893302,4.6605915581768205,0.05590666666666647,89,0.21140142517814728,56.10800189971924,0.42249240121580545,119,17,15.041000509262085,1.5160019600165826
5e152714b185,DauT,2021,1v1 tournament,hc4_daut_ro8,2021-03 (HC4),False,59,5e152714b185c8d0cf7c14fd1c5c2f7e828a1bcbc85c35ab147a8a64e84907e6,47.7247,True,40+,clock phase; variable length,2400,2863.482,463.48199999999997,274.2496948563944,389,297,85.1049260500419,64.97728287111167,94.19999999999999,108,27,296,3,0.010135135135135136,0.4970414032894723,4.786922914846229,0.0605633012716786,60,0.20202020202020202,51.85055905876589,0.49321266968325794,117,18,19.252528258107162,1.55143527673987
5e152714b185,DauT,2021,1v1 tournament,hc4_daut_ro8,2021-03 (HC4),False,59,5e152714b185c8d0cf7c14fd1c5c2f7e828a1bcbc85c35ab147a8a64e84907e6,47.7247,True,40-45,clock phase; fixed five minutes,2400,2700,300,177.51478688906653,250,197,84.50000286102295,66.58600225448609,93.6,108,17,196,1,0.00510204081632653,0.4970414032893373,3.6696448461664617,0.030380000000000105,37,0.18781725888324874,54.08000183105469,0.45774647887323944,63,18,16.900000572204586,1.6059259304753182
5e152714b185,DauT,2021,1v1 tournament,hc4_daut_ro8,2021-03 (HC4),False,59,5e152714b185c8d0cf7c14fd1c5c2f7e828a1bcbc85c35ab147a8a64e84907e6,47.7247,True,40+ excluding final 60 game seconds,terminal minute sensitivity,2400,2803.482,403.48199999999997,238.7467374785811,341,264,85.69750613591336,66.34645636328776,95.39999999999999,108,23,263,2,0.0076045627376425855,0.4970414032894723,4.303053108744017,0.04555841400607722,51,0.19318181818181818,53.52952729310717,0.49238578680203043,83,18,18.597112768497325,1.5522645960686956
5e152714b185,DauT,2021,1v1 tournament,hc4_daut_ro8,2021-03 (HC4),False,59,5e152714b185c8d0cf7c14fd1c5c2f7e828a1bcbc85c35ab147a8a64e84907e6,47.7247,True,Feudal request +0-5 min,request anchor; not completed age or combat phase,562.198,862.198,300.0,177.51478688906653,139,134,46.98200159072876,45.2920015335083,86.39999999999999,96,17,133,8,0.06015037593984962,0.728994058157749,10.81628365744811,0.3447166666666663,25,0.1865671641791045,36.842001247406,0.358974358974359,21,2,1.690000057220459,1.189442386355704
5e152714b185,DauT,2021,1v1 tournament,hc4_daut_ro8,2021-03 (HC4),False,59,5e152714b185c8d0cf7c14fd1c5c2f7e828a1bcbc85c35ab147a8a64e84907e6,47.7247,True,Feudal request +5-10 min,request anchor; not completed age or combat phase,862.198,1162.1979999999999,299.9999999999999,177.51478688906644,305,279,103.09000349044805,94.30200319290165,133.2,138,17,278,0,0.0,0.24852070164473616,3.4663667465402064,0.0,114,0.40860215053763443,55.77000188827517,0.17358490566037735,20,5,7.4360002517700226,0.8782544717672007
5e152714b185,DauT,2021,1v1 tournament,hc4_daut_ro8,2021-03 (HC4),False,59,5e152714b185c8d0cf7c14fd1c5c2f7e828a1bcbc85c35ab147a8a64e84907e6,47.7247,True,Castle request +0-5 min,request anchor; not completed age or combat phase,761.076,1061.076,300.0,177.51478688906653,263,243,88.89400300979614,82.1340027809143,133.2,138,17,242,3,0.012396694214876033,0.36449702907887627,4.745419957671554,0.10854666666666651,91,0.37448559670781895,51.37600173950195,0.1875,16,4,5.408000183105469,0.9903775750435364
5e152714b185,DauT,2021,1v1 tournament,hc4_daut_ro8,2021-03 (HC4),False,59,5e152714b185c8d0cf7c14fd1c5c2f7e828a1bcbc85c35ab147a8a64e84907e6,47.7247,True,Castle request +5-10 min,request anchor; not completed age or combat phase,1061.076,1361.076,300.0,177.51478688906653,276,244,93.28800315856934,82.4720027923584,127.19999999999997,156,17,243,3,0.012345679012345678,0.36449702907887627,4.9967572272681995,0.11741333333333319,84,0.3442622950819672,54.08000183105469,0.2832618025751073,30,6,10.816000366210938,1.0378085838548998
5e152714b185,DauT,2021,1v1 tournament,hc4_daut_ro8,2021-03 (HC4),False,59,5e152714b185c8d0cf7c14fd1c5c2f7e828a1bcbc85c35ab147a8a64e84907e6,47.7247,True,Imperial request +0-5 min,request anchor; not completed age or combat phase,2165.612,2465.612,300.0,177.51478688906653,256,206,86.5280029296875,69.62800235748291,104.39999999999999,114,17,205,0,0.0,0.5964496839474123,4.010792763609895,0.0,33,0.16019417475728157,58.474001979827875,0.4375,53,14,16.900000572204586,1.2576797701043763
5e152714b185,DauT,2021,1v1 tournament,hc4_daut_ro8,2021-03 (HC4),False,59,5e152714b185c8d0cf7c14fd1c5c2f7e828a1bcbc85c35ab147a8a64e84907e6,47.7247,True,Imperial request +5-10 min,request anchor; not completed age or combat phase,2465.612,2765.612,300.0,177.51478688906653,262,205,88.55600299835204,69.29000234603882,97.19999999999999,102,17,204,1,0.004901960784313725,0.4970414032892023,3.525017632128298,0.030380000000000105,40,0.1951219512195122,55.77000188827514,0.4931506849315068,71,16,18.252000617980954,1.5817765503557024
31d31c225a08,DauT,2021,1v1 tournament,hc4_daut_ro8,2021-03 (HC4),False,59,31d31c225a0848a4c49270e8af58badbcdd5fcdce27749f8df957c24f6e339be,30.099383333333332,False,0-10,clock phase,0,600,600,355.02957377813306,432,402,73.00800247192382,67.93800230026245,155.39999999999995,192,35,401,8,0.0199501246882793,0.3644970290788869,5.599999810393686,0.17500000000000027,108,0.26865671641791045,49.68600168228149,0.43556701030927836,32,3,5.070000171661377,0.844401095313598
31d31c225a08,DauT,2021,1v1 tournament,hc4_daut_ro8,2021-03 (HC4),False,59,31d31c225a0848a4c49270e8af58badbcdd5fcdce27749f8df957c24f6e339be,30.099383333333332,False,10-20,clock phase,600,1200,600,355.02957377813306,469,426,79.26100268363953,71.99400243759155,108.0,132,35,425,3,0.007058823529411765,0.48254436236015863,4.5247335746110675,0.04773999999999956,104,0.24413145539906103,54.418001842498775,0.3601036269430052,39,4,6.9290002346038815,1.0761299210469144
31d31c225a08,DauT,2021,1v1 tournament,hc4_daut_ro8,2021-03 (HC4),False,59,31d31c225a0848a4c49270e8af58badbcdd5fcdce27749f8df957c24f6e339be,30.099383333333332,False,20-30,clock phase,1200,1800,600,355.02957377813306,556,484,93.96400318145751,81.7960027694702,138.0,144,35,483,3,0.006211180124223602,0.36449702907887627,4.572118188391288,0.06038666666666669,137,0.2830578512396694,58.64300198554992,0.47235023041474655,77,9,12.168000411987304,1.1482364518018928
31d31c225a08,DauT,2021,1v1 tournament,hc4_daut_ro8,2021-03 (HC4),False,59,31d31c225a0848a4c49270e8af58badbcdd5fcdce27749f8df957c24f6e339be,30.099383333333332,False,Feudal request +0-5 min,request anchor; not completed age or combat phase,481.518,781.518,300.00000000000006,177.51478688906656,173,156,58.47400197982787,52.72800178527831,98.39999999999999,108,17,155,4,0.025806451612903226,0.6130177307236124,5.599999810393748,0.13104000000000018,25,0.16025641025641027,44.278001499176014,0.35036496350364965,22,4,5.070000171661376,1.2789108212565947
31d31c225a08,DauT,2021,1v1 tournament,hc4_daut_ro8,2021-03 (HC4),False,59,31d31c225a0848a4c49270e8af58badbcdd5fcdce27749f8df957c24f6e339be,30.099383333333332,False,Feudal request +5-10 min,request anchor; not completed age or combat phase,781.518,1081.518,300.0,177.51478688906653,233,210,78.75400266647338,70.98000240325928,109.19999999999999,114,17,209,1,0.004784688995215311,0.4970414032893409,4.142011694078262,0.029493333333333184,51,0.24285714285714285,53.74200181961059,0.40625,24,3,7.77400026321411,1.092739018914466
31d31c225a08,DauT,2021,1v1 tournament,hc4_daut_ro8,2021-03 (HC4),False,59,31d31c225a0848a4c49270e8af58badbcdd5fcdce27749f8df957c24f6e339be,30.099383333333332,False,Castle request +0-5 min,request anchor; not completed age or combat phase,1159.482,1459.482,300.0,177.51478688906653,299,278,101.06200342178343,93.96400318145751,131.99999999999997,156,17,277,0,0.0,0.36449702907887627,3.1359998938204283,0.0,82,0.2949640287769784,66.24800224304198,0.424,43,4,7.098000240325928,1.0632830278791394
31d31c225a08,DauT,2021,1v1 tournament,hc4_daut_ro8,2021-03 (HC4),False,59,31d31c225a0848a4c49270e8af58badbcdd5fcdce27749f8df957c24f6e339be,30.099383333333332,False,Castle request +5-10 min,request anchor; not completed age or combat phase,1459.482,1759.482,300.0,177.51478688906653,278,230,93.96400318145751,77.74000263214111,139.2,144,17,229,2,0.008733624454148471,0.36449702907887627,4.9545087079886425,0.07550666666666678,64,0.2782608695652174,56.10800189971924,0.5121951219512195,52,9,16.224000549316404,1.179187375938283
63e46229572d,TheViper,2021,1v1 tournament,hc4_viper,2021-03 (HC4),False,59,63e46229572de02442a4bd73152bcb236caca8e4a3fca85cd4954e122342ea57,40.89503333333334,False,0-10,clock phase,0,600,600,355.02957377813306,811,775,137.05900464057922,130.97500443458557,209.39999999999995,276,35,774,2,0.002583979328165375,0.23668638251875507,2.8872425057932545,0.03418999999999981,324,0.4180645161290323,76.2190025806427,0.27066666666666667,38,2,4.732000160217284,0.8522723243192616
63e46229572d,TheViper,2021,1v1 tournament,hc4_viper,2021-03 (HC4),False,59,63e46229572de02442a4bd73152bcb236caca8e4a3fca85cd4954e122342ea57,40.89503333333334,False,10-20,clock phase,600,1200,600,355.02957377813306,524,473,88.55600299835204,79.93700270652771,127.19999999999993,216,35,472,9,0.019067796610169493,0.2461538378194632,6.264538249432116,0.18410499999999988,185,0.39112050739957716,48.672001647949216,0.3384223918575064,42,2,4.225000143051147,1.6632764291185396
63e46229572d,TheViper,2021,1v1 tournament,hc4_viper,2021-03 (HC4),False,59,63e46229572de02442a4bd73152bcb236caca8e4a3fca85cd4954e122342ea57,40.89503333333334,False,20-30,clock phase,1200,1800,600,355.02957377813306,808,621,136.55200462341307,104.9490035533905,168.59999999999988,228,35,620,1,0.0016129032258064516,0.23846153038766715,3.713846028101751,0.016574999999999913,249,0.40096618357487923,62.86800212860107,0.34806629834254144,68,6,17.74500060081482,1.32262933998974
63e46229572d,TheViper,2021,1v1 tournament,hc4_viper,2021-03 (HC4),False,59,63e46229572de02442a4bd73152bcb236caca8e4a3fca85cd4954e122342ea57,40.89503333333334,False,30-40,clock phase,1800,2400,600,355.02957377813306,757,549,127.93300433158873,92.7810031414032,141.59999999999997,216,35,548,2,0.0036496350364963502,0.3615384492973135,3.6076921855421564,0.033496666666666515,134,0.24408014571949,70.13500237464905,0.3900709219858156,113,17,21.46300072669983,1.7783338558972712
63e46229572d,TheViper,2021,1v1 tournament,hc4_viper,2021-03 (HC4),False,59,63e46229572de02442a4bd73152bcb236caca8e4a3fca85cd4954e122342ea57,40.89503333333334,False,40+,clock phase; variable length,2400,2453.702,53.702000000000226,31.776330285055636,60,35,113.29187378484278,66.08692637449163,97.8,102,3,34,1,0.029411764705882353,0.23846153038765916,5.653538270119429,0.19293508621652503,9,0.2571428571428571,49.0931453067652,0.4838709677419355,17,12,35.875760031866875,1.282516713430642
63e46229572d,TheViper,2021,1v1 tournament,hc4_viper,2021-03 (HC4),False,59,63e46229572de02442a4bd73152bcb236caca8e4a3fca85cd4954e122342ea57,40.89503333333334,False,Feudal request +0-5 min,request anchor; not completed age or combat phase,643.077,943.077,300.0,177.51478688906653,201,194,67.93800230026245,65.5720022201538,111.6,126,17,193,8,0.04145077720207254,0.3538461418655081,7.5401299222190925,0.3248766666666667,74,0.38144329896907214,40.560001373291016,0.3076923076923077,24,2,2.366000080108642,1.7744199884018894
63e46229572d,TheViper,2021,1v1 tournament,hc4_viper,2021-03 (HC4),False,59,63e46229572de02442a4bd73152bcb236caca8e4a3fca85cd4954e122342ea57,40.89503333333334,False,Feudal request +5-10 min,request anchor; not completed age or combat phase,943.077,1243.077,300.0,177.51478688906653,298,249,100.72400341033935,84.16200284957885,139.2,144,17,248,1,0.004032258064516129,0.23846153038766005,4.154769090096007,0.043333333333333356,99,0.39759036144578314,50.70000171661377,0.3069306930693069,29,2,7.77400026321411,1.6409577845507775
63e46229572d,TheViper,2021,1v1 tournament,hc4_viper,2021-03 (HC4),False,59,63e46229572de02442a4bd73152bcb236caca8e4a3fca85cd4954e122342ea57,40.89503333333334,False,Castle request +0-5 min,request anchor; not completed age or combat phase,835.243,1135.243,299.9999999999999,177.51478688906644,286,265,96.6680032730103,89.57000303268437,130.79999999999998,150,17,264,2,0.007575757575757576,0.24615383781949163,4.072775010031935,0.08519999999999985,96,0.3622641509433962,57.12200193405154,0.295,25,2,5.070000171661379,1.858689750607954
63e46229572d,TheViper,2021,1v1 tournament,hc4_viper,2021-03 (HC4),False,59,63e46229572de02442a4bd73152bcb236caca8e4a3fca85cd4954e122342ea57,40.89503333333334,False,Castle request +5-10 min,request anchor; not completed age or combat phase,1135.243,1435.243,300.0,177.51478688906653,360,249,121.68000411987303,84.16200284957885,129.6,144,17,248,0,0.0,0.23846153038766715,4.08461524631743,0.0,105,0.42168674698795183,48.672001647949216,0.31277533039647576,42,5,16.224000549316404,1.2428764341868863
63e46229572d,TheViper,2021,1v1 tournament,hc4_viper,2021-03 (HC4),False,59,63e46229572de02442a4bd73152bcb236caca8e4a3fca85cd4954e122342ea57,40.89503333333334,False,Imperial request +0-5 min,request anchor; not completed age or combat phase,1972.987,2272.987,300.0,177.51478688906653,371,283,125.39800424575805,95.65400323867797,153.6,168,17,282,1,0.0035460992907801418,0.35384614186551744,3.9910767879460547,0.03588000000000051,75,0.26501766784452296,70.30400238037109,0.35514018691588783,54,14,20.956000709533694,1.844314276981022
40cfbfe02398,TheViper,2021,1v1 tournament,hc4_viper,2021-03 (HC4),False,59,40cfbfe02398dbe87eddfc4febca97bc354dd217f95ba10becda7718baeda0c8,16.444399999999998,False,0-10,clock phase,0,600,600,355.02957377813306,761,723,128.60900435447692,122.18700413703918,185.39999999999995,210,35,722,2,0.002770083102493075,0.23609466656246525,3.4620708886974714,0.04878166666666687,264,0.3651452282157676,77.57100262641906,0.2949640287769784,34,3,6.253000211715698,0.9474642651326226
40cfbfe02398,TheViper,2021,1v1 tournament,hc4_viper,2021-03 (HC4),False,59,40cfbfe02398dbe87eddfc4febca97bc354dd217f95ba10becda7718baeda0c8,16.444399999999998,False,Feudal request +0-5 min,request anchor; not completed age or combat phase,454.061,754.0609999999999,299.99999999999994,177.5147868890665,357,309,120.66600408554078,104.44200353622438,157.2,162,17,308,1,0.003246753246753247,0.2473372697321068,3.019029483579728,0.028816666666667004,94,0.3042071197411003,72.67000246047974,0.3356164383561644,29,4,6.760000228881837,1.116924990754314
c0b3c47feff8,TheViper,2021,1v1 tournament,hc4_viper,2021-03 (HC4),False,59,c0b3c47feff80233dae0aa01c297e3ca52781b2896c6d4021812a4cf741052e9,48.54405,True,0-10,clock phase,0,600,600,355.02957377813306,861,821,145.5090049266815,138.74900469779965,207.59999999999997,216,35,820,3,0.003658536585365854,0.23609466656245104,2.5397395589792406,0.055665000000000006,329,0.4007308160779537,83.14800281524657,0.2601010101010101,30,2,5.5770001888275145,0.8268988481979715
c0b3c47feff8,TheViper,2021,1v1 tournament,hc4_viper,2021-03 (HC4),False,59,c0b3c47feff80233dae0aa01c297e3ca52781b2896c6d4021812a4cf741052e9,48.54405,True,10-20,clock phase,600,1200,600,355.02957377813306,688,602,116.27200393676758,101.73800344467163,167.39999999999995,198,35,601,4,0.0066555740432612314,0.24733726973210324,3.996556077701278,0.06564333333333343,264,0.43853820598006643,57.12200193405151,0.37906137184115524,47,4,5.746000194549561,1.3016466483991371
c0b3c47feff8,TheViper,2021,1v1 tournament,hc4_viper,2021-03 (HC4),False,59,c0b3c47feff80233dae0aa01c297e3ca52781b2896c6d4021812a4cf741052e9,48.54405,True,20-30,clock phase,1200,1800,600,355.02957377813306,610,502,103.090003490448,84.83800287246703,139.79999999999998,150,35,501,3,0.005988023952095809,0.2603550207705183,4.76136078553425,0.04418333333333341,169,0.33665338645418325,56.27700190544128,0.31746031746031744,74,8,8.112000274658202,1.4823927580025449
c0b3c47feff8,TheViper,2021,1v1 tournament,hc4_viper,2021-03 (HC4),False,59,c0b3c47feff80233dae0aa01c297e3ca52781b2896c6d4021812a4cf741052e9,48.54405,True,30-40,clock phase,1800,2400,600,355.02957377813306,735,505,124.21500420570374,85.34500288963318,139.79999999999998,150,35,504,3,0.005952380952380952,0.36213016525351804,4.578532389357733,0.05516833333333227,128,0.25346534653465347,63.7130021572113,0.3819951338199513,110,10,15.54800052642822,1.5961996003634624
c0b3c47feff8,TheViper,2021,1v1 tournament,hc4_viper,2021-03 (HC4),False,59,c0b3c47feff80233dae0aa01c297e3ca52781b2896c6d4021812a4cf741052e9,48.54405,True,40+,clock phase; variable length,2400,2912.643,512.643,303.33904298390576,476,291,94.15207392711167,57.55935611930567,108.59999999999997,120,30,290,12,0.041379310344827586,0.3769230641610761,6.689940601892659,0.26055168996748246,58,0.19931271477663232,46.08704459037189,0.42786069651741293,120,20,25.7138017027826,1.9379267446343746
c0b3c47feff8,TheViper,2021,1v1 tournament,hc4_viper,2021-03 (HC4),False,59,c0b3c47feff80233dae0aa01c297e3ca52781b2896c6d4021812a4cf741052e9,48.54405,True,40-45,clock phase; fixed five minutes,2400,2700,300,177.51478688906653,250,164,84.50000286102295,55.43200187683105,104.39999999999999,114,17,163,5,0.03067484662576687,0.4792899246004474,6.753845925172725,0.20783999999999964,27,0.16463414634146342,46.306001567840575,0.43636363636363634,70,13,18.928000640869136,1.9346210224269305
c0b3c47feff8,TheViper,2021,1v1 tournament,hc4_viper,2021-03 (HC4),False,59,c0b3c47feff80233dae0aa01c297e3ca52781b2896c6d4021812a4cf741052e9,48.54405,True,40+ excluding final 60 game seconds,terminal minute sensitivity,2400,2852.643,452.64300000000003,267.83608560609247,414,267,92.7432908967027,59.812702100047396,111.0,120,26,266,9,0.03383458646616541,0.3668638929040071,6.02151458902144,0.2207788477895388,53,0.19850187265917604,47.93976872438255,0.41304347826086957,109,20,23.297831529606476,1.9272708328771984
c0b3c47feff8,TheViper,2021,1v1 tournament,hc4_viper,2021-03 (HC4),False,59,c0b3c47feff80233dae0aa01c297e3ca52781b2896c6d4021812a4cf741052e9,48.54405,True,Feudal request +0-5 min,request anchor; not completed age or combat phase,462.455,762.4549999999999,299.99999999999994,177.5147868890665,411,384,138.91800470352175,129.79200439453126,187.2,192,17,383,2,0.005221932114882507,0.2366863825188119,2.9867454610041726,0.06895666666666685,171,0.4453125,71.99400243759156,0.36023054755043227,25,2,4.394000148773194,1.377863243169761
c0b3c47feff8,TheViper,2021,1v1 tournament,hc4_viper,2021-03 (HC4),False,59,c0b3c47feff80233dae0aa01c297e3ca52781b2896c6d4021812a4cf741052e9,48.54405,True,Feudal request +5-10 min,request anchor; not completed age or combat phase,762.4549999999999,1062.455,300.0,177.51478688906653,355,288,119.99000406265257,97.34400329589843,152.39999999999998,162,17,287,1,0.003484320557491289,0.25059170749172566,3.99055607790444,0.03947000000000004,115,0.3993055555555556,58.474001979827875,0.3992673992673993,24,4,7.436000251770019,1.0046365334775433
c0b3c47feff8,TheViper,2021,1v1 tournament,hc4_viper,2021-03 (HC4),False,59,c0b3c47feff80233dae0aa01c297e3ca52781b2896c6d4021812a4cf741052e9,48.54405,True,Castle request +0-5 min,request anchor; not completed age or combat phase,1392.452,1692.452,300.0,177.51478688906653,308,238,104.10400352478027,80.44400272369384,130.79999999999998,150,17,237,2,0.008438818565400843,0.24911241760101177,4.752686229614916,0.059726666666667046,81,0.3403361344537815,53.06600179672241,0.38235294117647056,42,6,10.478000354766847,1.578255489929442
c0b3c47feff8,TheViper,2021,1v1 tournament,hc4_viper,2021-03 (HC4),False,59,c0b3c47feff80233dae0aa01c297e3ca52781b2896c6d4021812a4cf741052e9,48.54405,True,Castle request +5-10 min,request anchor; not completed age or combat phase,1692.452,1992.452,300.0,177.51478688906653,399,296,134.86200456619264,100.04800338745117,150.0,150,17,295,2,0.006779661016949152,0.2502958495135843,4.253798672541813,0.06932666666666598,95,0.32094594594594594,67.93800230026245,0.3068181818181818,59,7,10.816000366210938,1.3056554943672967
c0b3c47feff8,TheViper,2021,1v1 tournament,hc4_viper,2021-03 (HC4),False,59,c0b3c47feff80233dae0aa01c297e3ca52781b2896c6d4021812a4cf741052e9,48.54405,True,Imperial request +0-5 min,request anchor; not completed age or combat phase,2319.779,2619.779,300.0,177.51478688906653,265,190,89.57000303268433,64.22000217437744,94.79999999999998,114,17,189,3,0.015873015873015872,0.37396448437966967,5.285017572537814,0.10942666666666669,39,0.20526315789473684,51.03800172805786,0.42857142857142855,81,14,15.54800052642822,2.0258203282029035
679124a7c6b9,TheViper,2021,1v1 tournament,hc4_viper_ro8,2021-03 (HC4),False,59,679124a7c6b92c0cc3b211707b67e76d93f24b95c4dca568c5c439870ec8b97b,49.7677,True,0-10,clock phase,0,600,600,355.02957377813306,624,595,105.45600357055665,100.55500340461731,157.79999999999998,180,35,594,0,0.0,0.2514792814262137,3.6414436636892806,0.0,205,0.3445378151260504,65.9100022315979,0.3163444639718805,31,2,4.9010001659393305,1.0902855358141388
679124a7c6b9,TheViper,2021,1v1 tournament,hc4_viper_ro8,2021-03 (HC4),False,59,679124a7c6b92c0cc3b211707b67e76d93f24b95c4dca568c5c439870ec8b97b,49.7677,True,10-20,clock phase,600,1200,600,355.02957377813306,571,530,96.4990032672882,89.57000303268433,166.7999999999999,222,35,529,7,0.013232514177693762,0.2514792814262137,6.435153628270732,0.15459333333333306,207,0.3905660377358491,54.58700184822082,0.23958333333333334,37,3,4.5630001544952385,1.2249673877853284
679124a7c6b9,TheViper,2021,1v1 tournament,hc4_viper_ro8,2021-03 (HC4),False,59,679124a7c6b92c0cc3b211707b67e76d93f24b95c4dca568c5c439870ec8b97b,49.7677,True,20-30,clock phase,1200,1800,600,355.02957377813306,649,485,109.68100371360778,81.96500277519226,120.0,126,35,484,2,0.004132231404958678,0.3668638929040071,4.2436448267317175,0.03462000000000019,135,0.27835051546391754,59.15000200271606,0.34134615384615385,50,11,13.520000457763672,1.4481342127194923
679124a7c6b9,TheViper,2021,1v1 tournament,hc4_viper_ro8,2021-03 (HC4),False,59,679124a7c6b92c0cc3b211707b67e76d93f24b95c4dca568c5c439870ec8b97b,49.7677,True,30-40,clock phase,1800,2400,600,355.02957377813306,655,430,110.69500374794006,72.67000246047974,97.79999999999998,162,35,429,7,0.016317016317016316,0.3615384492973135,5.7830767272719825,0.11969666666666551,112,0.26046511627906976,53.74200181961059,0.3890577507598784,125,17,21.632000732421876,1.86039550493813
679124a7c6b9,TheViper,2021,1v1 tournament,hc4_viper_ro8,2021-03 (HC4),False,59,679124a7c6b92c0cc3b211707b67e76d93f24b95c4dca568c5c439870ec8b97b,49.7677,True,40+,clock phase; variable length,2400,2986.062,586.0619999999999,346.78223677926695,850,552,147.06635632107768,95.50662198733515,152.1,162,34,551,2,0.003629764065335753,0.3615384492973135,3.4279998839339396,0.04021588159614501,183,0.33152173913043476,63.84410056762078,0.38197424892703863,194,25,18.16702048672136,1.5306039823939688
679124a7c6b9,TheViper,2021,1v1 tournament,hc4_viper_ro8,2021-03 (HC4),False,59,679124a7c6b92c0cc3b211707b67e76d93f24b95c4dca568c5c439870ec8b97b,49.7677,True,40-45,clock phase; fixed five minutes,2400,2700,300,177.51478688906653,409,263,138.24200468063353,88.89400300979614,151.2,156,17,262,1,0.003816793893129771,0.3615384492973277,3.411999884475671,0.029813333333333164,82,0.311787072243346,61.17800207138062,0.41509433962264153,97,23,17.914000606536863,1.62530880244703
679124a7c6b9,TheViper,2021,1v1 tournament,hc4_viper_ro8,2021-03 (HC4),False,59,679124a7c6b92c0cc3b211707b67e76d93f24b95c4dca568c5c439870ec8b97b,49.7677,True,40+ excluding final 60 game seconds,terminal minute sensitivity,2400,2926.062,526.0619999999999,311.27927940145366,757,479,145.91398466141493,92.32866400636426,153.0,162,31,478,2,0.0041841004184100415,0.3615384492973135,3.516615265549004,0.04480270386380301,151,0.31524008350730687,63.222968254879916,0.3880597014925373,189,25,18.88978929566534,1.5680757475773086
679124a7c6b9,TheViper,2021,1v1 tournament,hc4_viper_ro8,2021-03 (HC4),False,59,679124a7c6b92c0cc3b211707b67e76d93f24b95c4dca568c5c439870ec8b97b,49.7677,True,Feudal request +0-5 min,request anchor; not completed age or combat phase,443.8,743.8,299.99999999999994,177.5147868890665,275,262,92.95000314712524,88.55600299835206,133.2,138,17,261,0,0.0,0.36982247268554147,3.3079052134438367,0.0,85,0.3244274809160305,59.826002025604254,0.3237704918032787,28,2,4.394000148773194,1.2433360037033472
679124a7c6b9,TheViper,2021,1v1 tournament,hc4_viper_ro8,2021-03 (HC4),False,59,679124a7c6b92c0cc3b211707b67e76d93f24b95c4dca568c5c439870ec8b97b,49.7677,True,Feudal request +5-10 min,request anchor; not completed age or combat phase,743.8,1043.8,300.0,177.51478688906653,278,257,93.96400318145751,86.8660029411316,181.19999999999996,234,17,256,5,0.01953125,0.25147928142615683,6.832413969849801,0.1917333333333333,111,0.43190661478599224,49.348001670837405,0.17647058823529413,25,3,5.746000194549561,1.325911344117525
679124a7c6b9,TheViper,2021,1v1 tournament,hc4_viper_ro8,2021-03 (HC4),False,59,679124a7c6b92c0cc3b211707b67e76d93f24b95c4dca568c5c439870ec8b97b,49.7677,True,Castle request +0-5 min,request anchor; not completed age or combat phase,1058.048,1358.048,300.0,177.51478688906653,314,270,106.13200359344482,91.26000308990479,181.2,186,17,269,2,0.007434944237918215,0.25147928142615683,4.185159621611391,0.08760666666666637,96,0.35555555555555557,58.81200199127197,0.3073770491803279,22,6,4.732000160217284,1.320744173325605
679124a7c6b9,TheViper,2021,1v1 tournament,hc4_viper_ro8,2021-03 (HC4),False,59,679124a7c6b92c0cc3b211707b67e76d93f24b95c4dca568c5c439870ec8b97b,49.7677,True,Castle request +5-10 min,request anchor; not completed age or combat phase,1358.048,1658.048,300.0,177.51478688906653,344,255,116.27200393676758,86.1900029182434,111.59999999999997,150,17,254,1,0.003937007874015748,0.31360945683734087,4.033277969949074,0.03360666666666696,70,0.27450980392156865,62.53000211715698,0.31981981981981983,33,6,14.872000503540038,1.3040325852079018
679124a7c6b9,TheViper,2021,1v1 tournament,hc4_viper_ro8,2021-03 (HC4),False,59,679124a7c6b92c0cc3b211707b67e76d93f24b95c4dca568c5c439870ec8b97b,49.7677,True,Imperial request +0-5 min,request anchor; not completed age or combat phase,1944.925,2244.925,300.0000000000002,177.51478688906664,288,185,97.34400329589837,62.53000211715695,92.39999999999998,126,17,184,5,0.02717391304347826,0.3615384492973277,6.152307484001148,0.17157999999999793,57,0.3081081081081081,43.264001464843716,0.42142857142857143,95,12,24.674000835418685,1.9051149681651185
679124a7c6b9,TheViper,2021,1v1 tournament,hc4_viper_ro8,2021-03 (HC4),False,59,679124a7c6b92c0cc3b211707b67e76d93f24b95c4dca568c5c439870ec8b97b,49.7677,True,Imperial request +5-10 min,request anchor; not completed age or combat phase,2244.925,2544.925,300.0,177.51478688906653,416,271,140.60800476074218,91.59800310134887,123.6,138,17,270,0,0.0,0.3615384492973206,3.2532306590821647,0.0,74,0.2730627306273063,66.58600225448609,0.4075829383886256,92,17,19.604000663757322,1.691244390461761
d777b0479240,TheViper,2021,1v1 tournament,hc4_viper_ro8,2021-03 (HC4),False,59,d777b0479240a629bad2516391c0328746cccd04633ed26300abc814bc7c5d2e,49.77811666666666,True,0-10,clock phase,0,600,600,355.02957377813306,611,571,103.25900349617004,96.4990032672882,157.79999999999998,180,35,570,2,0.0035087719298245615,0.24852070164467932,4.117490984849259,0.036366666666666644,238,0.4168126094570928,56.27700190544128,0.3225225225225225,37,3,6.760000228881836,0.9327019558980743
d777b0479240,TheViper,2021,1v1 tournament,hc4_viper_ro8,2021-03 (HC4),False,59,d777b0479240a629bad2516391c0328746cccd04633ed26300abc814bc7c5d2e,49.77811666666666,True,10-20,clock phase,600,1200,600,355.02957377813306,559,492,94.47100319862365,83.14800281524657,143.39999999999995,198,35,491,4,0.008146639511201629,0.36153844929739165,4.5236921545279944,0.06770833333333356,164,0.3333333333333333,55.43200187683105,0.38789237668161436,56,5,5.5770001888275145,1.370977887965216
d777b0479240,TheViper,2021,1v1 tournament,hc4_viper_ro8,2021-03 (HC4),False,59,d777b0479240a629bad2516391c0328746cccd04633ed26300abc814bc7c5d2e,49.77811666666666,True,20-30,clock phase,1200,1800,600,355.02957377813306,596,476,100.72400341033935,80.44400272369384,144.0,156,35,475,4,0.008421052631578947,0.24615383781949163,4.719076763297263,0.07481500000000016,171,0.3592436974789916,51.545001745224,0.3682983682983683,74,10,11.999000406265258,1.3268361959453734
d777b0479240,TheViper,2021,1v1 tournament,hc4_viper_ro8,2021-03 (HC4),False,59,d777b0479240a629bad2516391c0328746cccd04633ed26300abc814bc7c5d2e,49.77811666666666,True,30-40,clock phase,1800,2400,600,355.02957377813306,526,401,88.89400300979614,67.7690022945404,101.39999999999995,138,35,400,9,0.0225,0.36153844929737033,6.990922840222492,0.18620333333333303,89,0.22194513715710723,52.72800178527832,0.411371237458194,97,15,13.858000469207763,1.815616415973267
d777b0479240,TheViper,2021,1v1 tournament,hc4_viper_ro8,2021-03 (HC4),False,59,d777b0479240a629bad2516391c0328746cccd04633ed26300abc814bc7c5d2e,49.77811666666666,True,40+,clock phase; variable length,2400,2986.687,586.6869999999999,347.1520592519525,730,475,126.16949498839435,82.09658920477715,150.29999999999995,192,34,474,8,0.016877637130801686,0.2434911160162514,5.628538270965867,0.1395088011154151,171,0.36,52.541817091057375,0.3811881188118812,161,23,28.172092716586683,1.56723193008472
d777b0479240,TheViper,2021,1v1 tournament,hc4_viper_ro8,2021-03 (HC4),False,59,d777b0479240a629bad2516391c0328746cccd04633ed26300abc814bc7c5d2e,49.77811666666666,True,40-45,clock phase; fixed five minutes,2400,2700,300,177.51478688906653,336,207,113.56800384521485,69.966002368927,109.19999999999999,114,17,206,5,0.024271844660194174,0.3615384492973256,5.906307492330239,0.1753266666666636,62,0.2995169082125604,49.01000165939331,0.480225988700565,99,22,33.80000114440917,1.6325827232441301
d777b0479240,TheViper,2021,1v1 tournament,hc4_viper_ro8,2021-03 (HC4),False,59,d777b0479240a629bad2516391c0328746cccd04633ed26300abc814bc7c5d2e,49.77811666666666,True,40+ excluding final 60 game seconds,terminal minute sensitivity,2400,2926.687,526.6869999999999,311.6491018741392,655,420,126.10336357032554,80.86017206036142,153.0,192,31,419,7,0.016706443914081145,0.24615383781960531,5.525845966750496,0.13688965172863488,150,0.35714285714285715,51.98153918166091,0.39058171745152354,155,23,27.530963344361147,1.5609186776359478
d777b0479240,TheViper,2021,1v1 tournament,hc4_viper_ro8,2021-03 (HC4),False,59,d777b0479240a629bad2516391c0328746cccd04633ed26300abc814bc7c5d2e,49.77811666666666,True,Feudal request +0-5 min,request anchor; not completed age or combat phase,548.071,848.071,300.0,177.51478688906653,296,280,100.04800338745117,94.6400032043457,141.59999999999997,180,17,279,1,0.0035842293906810036,0.36153844929738455,3.4647691134581597,0.03250000000000007,92,0.32857142857142857,63.54400215148925,0.383399209486166,41,5,4.732000160217284,1.4124975471210819
d777b0479240,TheViper,2021,1v1 tournament,hc4_viper_ro8,2021-03 (HC4),False,59,d777b0479240a629bad2516391c0328746cccd04633ed26300abc814bc7c5d2e,49.77811666666666,True,Feudal request +5-10 min,request anchor; not completed age or combat phase,848.071,1148.071,299.9999999999999,177.51478688906644,259,218,87.5420029640198,73.68400249481205,122.39999999999999,132,17,217,3,0.013824884792626729,0.36153844929739876,5.48476904506452,0.1029166666666672,71,0.3256880733944954,49.686001682281514,0.3939393939393939,41,4,5.070000171661379,1.346550068379198
d777b0479240,TheViper,2021,1v1 tournament,hc4_viper_ro8,2021-03 (HC4),False,59,d777b0479240a629bad2516391c0328746cccd04633ed26300abc814bc7c5d2e,49.77811666666666,True,Castle request +0-5 min,request anchor; not completed age or combat phase,857.029,1157.029,300.0,177.51478688906653,256,215,86.5280029296875,72.67000246047974,133.2,138,17,214,3,0.014018691588785047,0.36153844929739876,5.520999813068579,0.10291666666666713,71,0.3302325581395349,48.672001647949216,0.40512820512820513,41,4,5.070000171661377,1.3620317606247856
d777b0479240,TheViper,2021,1v1 tournament,hc4_viper_ro8,2021-03 (HC4),False,59,d777b0479240a629bad2516391c0328746cccd04633ed26300abc814bc7c5d2e,49.77811666666666,True,Castle request +5-10 min,request anchor; not completed age or combat phase,1157.029,1457.029,300.0,177.51478688906653,315,251,106.4700036048889,84.83800287246703,139.2,168,17,250,2,0.008,0.24615383781947742,4.870461373556147,0.07041666666666668,93,0.3705179282868526,53.404001808166505,0.3852813852813853,41,6,8.112000274658202,1.1719374156397222
d777b0479240,TheViper,2021,1v1 tournament,hc4_viper_ro8,2021-03 (HC4),False,59,d777b0479240a629bad2516391c0328746cccd04633ed26300abc814bc7c5d2e,49.77811666666666,True,Imperial request +0-5 min,request anchor; not completed age or combat phase,1930.29,2230.29,300.0,177.51478688906653,294,217,99.37200336456299,73.34600248336793,110.39999999999999,120,17,216,4,0.018518518518518517,0.3615384492973259,6.145538253461252,0.1834266666666668,62,0.2857142857142857,52.39000177383423,0.40963855421686746,51,13,18.252000617980954,1.7813573290892204
d777b0479240,TheViper,2021,1v1 tournament,hc4_viper_ro8,2021-03 (HC4),False,59,d777b0479240a629bad2516391c0328746cccd04633ed26300abc814bc7c5d2e,49.77811666666666,True,Imperial request +5-10 min,request anchor; not completed age or combat phase,2230.29,2530.29,300.0,177.51478688906653,285,203,96.33000326156616,68.61400232315063,96.0,96,17,202,5,0.024752475247524754,0.3615384492975906,7.34061513607498,0.19833666666666422,40,0.19704433497536947,55.09400186538696,0.48299319727891155,79,18,20.956000709533694,1.849368808357909
211c10a368c4,DauT,2011,1v1 challenge,historical_110,2011-11 (uploaded 2011-11-29),False,9,211c10a368c4de9c762027978fafe79e0d4a317ae6f7adadb8dda79bd85c0014,41.592,False,0-10,clock phase,0,600,600,400.0,460,460,69.0,69.0,126.59999999999997,150,40,459,6,0.013071895424836602,0.6600000000000179,5.617499999999989,0.11234999999999981,131,0.2847826086956522,49.35,0.35201793721973096,34,0,0.0,0.8096964446131685
211c10a368c4,DauT,2011,1v1 challenge,historical_110,2011-11 (uploaded 2011-11-29),False,9,211c10a368c4de9c762027978fafe79e0d4a317ae6f7adadb8dda79bd85c0014,41.592,False,10-20,clock phase,600,1200,600,400.0,371,371,55.65,55.65,96.0,102,40,370,5,0.013513513513513514,0.7200000000000273,6.167999999999953,0.09817499999999985,102,0.2749326145552561,40.35,0.43597560975609756,43,0,0.0,1.1558880021963231
211c10a368c4,DauT,2011,1v1 challenge,historical_110,2011-11 (uploaded 2011-11-29),False,9,211c10a368c4de9c762027978fafe79e0d4a317ae6f7adadb8dda79bd85c0014,41.592,False,20-30,clock phase,1200,1800,600,400.0,502,500,75.3,75.0,132.59999999999997,144,40,499,8,0.01603206412825651,0.719999999999942,5.309999999999945,0.11467499999999939,201,0.402,44.85,0.2786177105831533,93,0,0.0,1.0813503094734487
211c10a368c4,DauT,2011,1v1 challenge,historical_110,2011-11 (uploaded 2011-11-29),False,9,211c10a368c4de9c762027978fafe79e0d4a317ae6f7adadb8dda79bd85c0014,41.592,False,30-40,clock phase,1800,2400,600,400.0,338,338,50.699999999999996,50.699999999999996,90.59999999999997,108,40,337,6,0.017804154302670624,0.9899999999999292,5.402700000000087,0.084375,56,0.16568047337278108,42.3,0.5041666666666667,95,0,0.0,1.781867520282967
211c10a368c4,DauT,2011,1v1 challenge,historical_110,2011-11 (uploaded 2011-11-29),False,9,211c10a368c4de9c762027978fafe79e0d4a317ae6f7adadb8dda79bd85c0014,41.592,False,40+,clock phase; variable length,2400,2495.52,95.51999999999998,63.679999999999986,44,44,41.457286432160814,41.457286432160814,54.0,54,6,43,3,0.06976744186046512,1.0799999999999272,5.9903999999999025,0.27135678391959883,6,0.13636363636363635,35.80402010050252,0.6,49,0,0.0,2.087667216261556
211c10a368c4,DauT,2011,1v1 challenge,historical_110,2011-11 (uploaded 2011-11-29),False,9,211c10a368c4de9c762027978fafe79e0d4a317ae6f7adadb8dda79bd85c0014,41.592,False,Feudal request +0-5 min,request anchor; not completed age or combat phase,623.61,923.61,300.0,200.0,156,156,46.800000000000004,46.800000000000004,97.80000000000003,132,20,155,2,0.012903225806451613,1.0049999999999955,7.8407999999999625,0.10259999999999987,52,0.3333333333333333,31.200000000000003,0.36619718309859156,25,0,0.0,1.1451702086450406
211c10a368c4,DauT,2011,1v1 challenge,historical_110,2011-11 (uploaded 2011-11-29),False,9,211c10a368c4de9c762027978fafe79e0d4a317ae6f7adadb8dda79bd85c0014,41.592,False,Feudal request +5-10 min,request anchor; not completed age or combat phase,923.61,1223.6100000000001,300.0000000000001,200.00000000000009,197,197,59.09999999999997,59.09999999999997,90.60000000000001,102,20,196,4,0.02040816326530612,0.7199999999999562,6.613199999999965,0.12884999999999946,48,0.2436548223350254,44.69999999999998,0.4880952380952381,33,0,0.0,1.1052009434703585
211c10a368c4,DauT,2011,1v1 challenge,historical_110,2011-11 (uploaded 2011-11-29),False,9,211c10a368c4de9c762027978fafe79e0d4a317ae6f7adadb8dda79bd85c0014,41.592,False,Castle request +0-5 min,request anchor; not completed age or combat phase,1329.435,1629.435,300.0,200.0,290,290,87.0,87.0,144.60000000000002,156,20,289,2,0.006920415224913495,0.7199999999999491,4.5,0.0602999999999998,135,0.46551724137931033,46.5,0.23809523809523808,64,0,0.0,0.9699643315516758
211c10a368c4,DauT,2011,1v1 challenge,historical_110,2011-11 (uploaded 2011-11-29),False,9,211c10a368c4de9c762027978fafe79e0d4a317ae6f7adadb8dda79bd85c0014,41.592,False,Castle request +5-10 min,request anchor; not completed age or combat phase,1629.435,1929.435,300.0,200.0,221,219,66.3,65.7,90.60000000000001,102,20,218,3,0.013761467889908258,0.7199999999999562,5.23529999999995,0.07964999999999994,53,0.2420091324200913,49.8,0.39037433155080214,55,0,0.0,1.2887794050135222
211c10a368c4,DauT,2011,1v1 challenge,historical_110,2011-11 (uploaded 2011-11-29),False,9,211c10a368c4de9c762027978fafe79e0d4a317ae6f7adadb8dda79bd85c0014,41.592,False,Imperial request +0-5 min,request anchor; not completed age or combat phase,2036.43,2336.4300000000003,300.0000000000002,200.00000000000014,150,150,44.999999999999964,44.999999999999964,68.10000000000002,108,20,149,3,0.020134228187919462,1.0799999999999272,5.67089999999996,0.09149999999999925,18,0.12,39.599999999999966,0.4791666666666667,51,0,0.0,1.8914023577382293
079005bcaa66,DauT,2011,1v1 challenge,historical_110,2011-11 (uploaded 2011-11-29),False,12,079005bcaa661f612f9f7c2dc7bb9ab28811e1a74cdfff1183c1fcb36c0e233c,42.861,False,0-10,clock phase,0,600,600,400.0,174,174,26.1,26.1,54.29999999999998,114,40,173,22,0.12716763005780346,1.3200000000000074,12.456000000000003,0.46867499999999995,32,0.1839080459770115,21.299999999999997,0.5125,34,0,0.0,1.367208622460357
079005bcaa66,DauT,2011,1v1 challenge,historical_110,2011-11 (uploaded 2011-11-29),False,12,079005bcaa661f612f9f7c2dc7bb9ab28811e1a74cdfff1183c1fcb36c0e233c,42.861,False,10-20,clock phase,600,1200,600,400.0,118,118,17.7,17.7,42.29999999999998,48,40,117,23,0.19658119658119658,1.710000000000008,22.13460000000008,0.6295249999999997,6,0.05084745762711865,16.8,0.6376811594202898,28,0,0.0,1.8173000779425423
079005bcaa66,DauT,2011,1v1 challenge,historical_110,2011-11 (uploaded 2011-11-29),False,12,079005bcaa661f612f9f7c2dc7bb9ab28811e1a74cdfff1183c1fcb36c0e233c,42.861,False,20-30,clock phase,1200,1800,600,400.0,166,166,24.9,24.9,42.599999999999966,72,40,165,23,0.1393939393939394,1.4400000000000546,10.026000000000087,0.4191749999999999,0,0.0,24.9,0.6101694915254238,31,0,0.0,1.9454316766925057
079005bcaa66,DauT,2011,1v1 challenge,historical_110,2011-11 (uploaded 2011-11-29),False,12,079005bcaa661f612f9f7c2dc7bb9ab28811e1a74cdfff1183c1fcb36c0e233c,42.861,False,30-40,clock phase,1800,2400,600,400.0,310,292,46.5,43.8,78.29999999999998,114,40,291,17,0.058419243986254296,1.0799999999999272,8.229600000000065,0.2906250000000008,30,0.10273972602739725,39.300000000000004,0.5180722891566265,121,0,0.0,2.3553407645595
079005bcaa66,DauT,2011,1v1 challenge,historical_110,2011-11 (uploaded 2011-11-29),False,12,079005bcaa661f612f9f7c2dc7bb9ab28811e1a74cdfff1183c1fcb36c0e233c,42.861,False,40+,clock phase; variable length,2400,2571.66,171.65999999999985,114.4399999999999,98,93,51.380636141209415,48.75917511359669,96.0,108,11,92,3,0.03260869565217391,0.7800000000000438,9.24359999999994,0.20735756728416535,28,0.3010752688172043,34.07899335896543,0.4939759036144578,61,0,0.0,1.3345725675236173
079005bcaa66,DauT,2011,1v1 challenge,historical_110,2011-11 (uploaded 2011-11-29),False,12,079005bcaa661f612f9f7c2dc7bb9ab28811e1a74cdfff1183c1fcb36c0e233c,42.861,False,Feudal request +0-5 min,request anchor; not completed age or combat phase,585.765,885.765,300.0,200.0,43,43,12.9,12.9,36.0,36,20,42,13,0.30952380952380953,2.1000000000000227,25.49520000000001,0.7690500000000003,1,0.023255813953488372,12.6,0.7,17,0,0.0,1.6386530180152354
079005bcaa66,DauT,2011,1v1 challenge,historical_110,2011-11 (uploaded 2011-11-29),False,12,079005bcaa661f612f9f7c2dc7bb9ab28811e1a74cdfff1183c1fcb36c0e233c,42.861,False,Feudal request +5-10 min,request anchor; not completed age or combat phase,885.765,1185.7649999999999,299.9999999999999,199.99999999999991,76,76,22.80000000000001,22.80000000000001,48.300000000000004,54,20,75,10,0.13333333333333333,1.5600000000000875,12.418199999999906,0.48874999999999985,5,0.06578947368421052,21.300000000000008,0.5853658536585366,25,0,0.0,1.763183417453336
079005bcaa66,DauT,2011,1v1 challenge,historical_110,2011-11 (uploaded 2011-11-29),False,12,079005bcaa661f612f9f7c2dc7bb9ab28811e1a74cdfff1183c1fcb36c0e233c,42.861,False,Castle request +0-5 min,request anchor; not completed age or combat phase,776.655,1076.655,300.0,200.0,71,71,21.299999999999997,21.299999999999997,48.300000000000004,54,20,70,12,0.17142857142857143,1.1699999999999875,17.280000000000044,0.6180000000000004,5,0.07042253521126761,19.8,0.574468085106383,22,0,0.0,1.9036342073111612
079005bcaa66,DauT,2011,1v1 challenge,historical_110,2011-11 (uploaded 2011-11-29),False,12,079005bcaa661f612f9f7c2dc7bb9ab28811e1a74cdfff1183c1fcb36c0e233c,42.861,False,Castle request +5-10 min,request anchor; not completed age or combat phase,1076.655,1376.655,300.0,200.0,63,63,18.9,18.9,24.60000000000001,36,20,62,12,0.1935483870967742,2.519999999999982,13.733100000000071,0.45705000000000084,1,0.015873015873015872,18.6,0.7272727272727273,12,0,0.0,1.6272363768796372
079005bcaa66,DauT,2011,1v1 challenge,historical_110,2011-11 (uploaded 2011-11-29),False,12,079005bcaa661f612f9f7c2dc7bb9ab28811e1a74cdfff1183c1fcb36c0e233c,42.861,False,Imperial request +0-5 min,request anchor; not completed age or combat phase,1596.285,1896.285,300.0,200.0,133,127,39.900000000000006,38.1,72.0,72,20,126,8,0.06349206349206349,1.0800000000000693,7.536000000000059,0.25979999999999864,2,0.015748031496062992,37.5,0.5909090909090909,21,0,0.0,2.315321804478856
079005bcaa66,DauT,2011,1v1 challenge,historical_110,2011-11 (uploaded 2011-11-29),False,12,079005bcaa661f612f9f7c2dc7bb9ab28811e1a74cdfff1183c1fcb36c0e233c,42.861,False,Imperial request +5-10 min,request anchor; not completed age or combat phase,1896.285,2196.285,299.9999999999998,199.99999999999986,155,143,46.500000000000036,42.900000000000034,72.30000000000001,78,20,142,9,0.06338028169014084,1.0799999999999272,7.199999999999967,0.2682000000000018,20,0.13986013986013987,36.90000000000003,0.5053763440860215,61,0,0.0,2.211766422417179
bb815fe6233a,DauT,2011,1v1 challenge,historical_110,2011-11 (uploaded 2011-11-29),False,44,bb815fe6233af6923e4369702130f720801cf6524797a3f421410b9572fe7b88,34.208999999999996,False,0-10,clock phase,0,600,600,400.0,290,290,43.5,43.5,96.29999999999998,150,40,289,18,0.06228373702422145,0.7200000000000273,13.251599999999959,0.44987499999999964,83,0.28620689655172415,31.049999999999997,0.2600732600732601,21,0,0.0,1.1112656939990218
bb815fe6233a,DauT,2011,1v1 challenge,historical_110,2011-11 (uploaded 2011-11-29),False,44,bb815fe6233af6923e4369702130f720801cf6524797a3f421410b9572fe7b88,34.208999999999996,False,10-20,clock phase,600,1200,600,400.0,384,384,57.599999999999994,57.599999999999994,102.0,108,40,383,7,0.018276762402088774,0.7200000000000273,5.655600000000036,0.14832500000000007,98,0.2552083333333333,42.9,0.2691131498470948,41,0,0.0,1.2336487700928362
bb815fe6233a,DauT,2011,1v1 challenge,historical_110,2011-11 (uploaded 2011-11-29),False,44,bb815fe6233af6923e4369702130f720801cf6524797a3f421410b9572fe7b88,34.208999999999996,False,20-30,clock phase,1200,1800,600,400.0,348,345,52.2,51.75,96.29999999999998,114,40,344,4,0.011627906976744186,1.0199999999999818,5.742600000000077,0.07717500000000008,78,0.22608695652173913,40.05,0.4753521126760563,91,0,0.0,1.5674264990842528
bb815fe6233a,DauT,2011,1v1 challenge,historical_110,2011-11 (uploaded 2011-11-29),False,44,bb815fe6233af6923e4369702130f720801cf6524797a3f421410b9572fe7b88,34.208999999999996,False,Feudal request +0-5 min,request anchor; not completed age or combat phase,280.89,580.89,300.0,200.0,104,104,31.200000000000003,31.200000000000003,79.80000000000003,114,20,103,13,0.1262135922330097,0.7200000000000273,15.063599999999976,0.6197999999999992,23,0.22115384615384615,24.3,0.24731182795698925,12,0,0.0,1.210296070878437
bb815fe6233a,DauT,2011,1v1 challenge,historical_110,2011-11 (uploaded 2011-11-29),False,44,bb815fe6233af6923e4369702130f720801cf6524797a3f421410b9572fe7b88,34.208999999999996,False,Feudal request +5-10 min,request anchor; not completed age or combat phase,580.89,880.89,300.0,200.0,178,178,53.4,53.4,98.10000000000002,138,20,177,4,0.022598870056497175,0.7200000000000273,7.510199999999972,0.24419999999999958,50,0.2808988764044944,38.4,0.2,21,0,0.0,1.3147572479972736
bb815fe6233a,DauT,2011,1v1 challenge,historical_110,2011-11 (uploaded 2011-11-29),False,44,bb815fe6233af6923e4369702130f720801cf6524797a3f421410b9572fe7b88,34.208999999999996,False,Castle request +0-5 min,request anchor; not completed age or combat phase,463.59,763.5899999999999,299.99999999999994,199.99999999999997,103,103,30.900000000000006,30.900000000000006,72.9,90,20,102,8,0.0784313725490196,1.0800000000000076,19.618199999999906,0.5009999999999993,23,0.22330097087378642,24.000000000000004,0.32142857142857145,20,0,0.0,1.570730052686451
bb815fe6233a,DauT,2011,1v1 challenge,historical_110,2011-11 (uploaded 2011-11-29),False,44,bb815fe6233af6923e4369702130f720801cf6524797a3f421410b9572fe7b88,34.208999999999996,False,Castle request +5-10 min,request anchor; not completed age or combat phase,763.5899999999999,1063.59,300.0,200.0,215,215,64.5,64.5,97.20000000000002,120,20,214,2,0.009345794392523364,0.7200000000000273,4.940999999999991,0.0921500000000003,57,0.2651162790697674,47.400000000000006,0.23369565217391305,27,0,0.0,1.1330262575048113
bb815fe6233a,DauT,2011,1v1 challenge,historical_110,2011-11 (uploaded 2011-11-29),False,44,bb815fe6233af6923e4369702130f720801cf6524797a3f421410b9572fe7b88,34.208999999999996,False,Imperial request +0-5 min,request anchor; not completed age or combat phase,1436.805,1736.805,300.0,200.0,156,155,46.800000000000004,46.5,72.60000000000001,84,20,154,2,0.012987012987012988,1.0799999999999201,5.689500000000045,0.07964999999999994,31,0.2,37.2,0.4728682170542636,55,0,0.0,1.4106175142890112
bb815fe6233a,DauT,2011,1v1 challenge,historical_110,2011-11 (uploaded 2011-11-29),False,44,bb815fe6233af6923e4369702130f720801cf6524797a3f421410b9572fe7b88,34.208999999999996,False,Imperial request +5-10 min,request anchor; not completed age or combat phase,1736.805,2036.805,300.0,200.0,181,174,54.300000000000004,52.2,84.30000000000001,90,20,173,3,0.017341040462427744,0.7200000000000273,6.043499999999962,0.09824999999999981,23,0.13218390804597702,45.3,0.627906976744186,108,0,0.0,1.7503750642371774
252b3a6bcf45,DauT,2011,1v1 challenge,historical_110,2011-11 (uploaded 2011-11-29),False,10,252b3a6bcf458a50ea34694f8695181b0a3c46476f344a2de5191850d762286e,32.87325,False,0-10,clock phase,0,600,600,400.0,420,420,63.0,63.0,120.59999999999997,162,40,419,13,0.031026252983293555,0.6600000000000037,6.638399999999995,0.20504999999999982,100,0.23809523809523808,48.0,0.35049019607843135,28,0,0.0,0.8693025088762434
252b3a6bcf45,DauT,2011,1v1 challenge,historical_110,2011-11 (uploaded 2011-11-29),False,10,252b3a6bcf458a50ea34694f8695181b0a3c46476f344a2de5191850d762286e,32.87325,False,10-20,clock phase,600,1200,600,400.0,282,282,42.3,42.3,108.29999999999998,168,40,281,17,0.060498220640569395,0.780000000000058,8.753699999999986,0.3319249999999998,73,0.25886524822695034,31.349999999999998,0.4196078431372549,65,0,0.0,1.4148474607072612
252b3a6bcf45,DauT,2011,1v1 challenge,historical_110,2011-11 (uploaded 2011-11-29),False,10,252b3a6bcf458a50ea34694f8695181b0a3c46476f344a2de5191850d762286e,32.87325,False,20-30,clock phase,1200,1800,600,400.0,309,309,46.349999999999994,46.349999999999994,90.59999999999997,102,40,308,14,0.045454545454545456,0.8400000000000034,7.510200000000047,0.242925,65,0.21035598705501618,36.6,0.5618374558303887,91,0,0.0,1.3506794926404802
252b3a6bcf45,DauT,2011,1v1 challenge,historical_110,2011-11 (uploaded 2011-11-29),False,10,252b3a6bcf458a50ea34694f8695181b0a3c46476f344a2de5191850d762286e,32.87325,False,Feudal request +0-5 min,request anchor; not completed age or combat phase,613.395,913.395,300.0,200.0,141,141,42.3,42.3,91.20000000000002,114,20,140,9,0.06428571428571428,0.9900000000000091,7.736100000000022,0.3178499999999996,18,0.1276595744680851,36.9,0.3884297520661157,25,0,0.0,1.4977995256666454
252b3a6bcf45,DauT,2011,1v1 challenge,historical_110,2011-11 (uploaded 2011-11-29),False,10,252b3a6bcf458a50ea34694f8695181b0a3c46476f344a2de5191850d762286e,32.87325,False,Feudal request +5-10 min,request anchor; not completed age or combat phase,913.395,1213.395,300.0,200.0,138,138,41.4,41.4,105.00000000000004,162,20,137,9,0.06569343065693431,0.8399999999999892,9.081599999999977,0.34875,52,0.37681159420289856,25.8,0.46923076923076923,58,0,0.0,1.3077535441296733
252b3a6bcf45,DauT,2011,1v1 challenge,historical_110,2011-11 (uploaded 2011-11-29),False,10,252b3a6bcf458a50ea34694f8695181b0a3c46476f344a2de5191850d762286e,32.87325,False,Castle request +0-5 min,request anchor; not completed age or combat phase,1535.625,1835.625,300.0,200.0,156,156,46.800000000000004,46.800000000000004,73.50000000000003,102,20,155,8,0.05161290322580645,0.720000000000109,6.913500000000015,0.24570000000000086,26,0.16666666666666666,39.0,0.6187050359712231,67,0,0.0,1.4506226072489823
2a4d86704ada,TheViper,2012,team game,historical_119,2012-01-06 (filename; uploaded 2012-01-07),False,9,2a4d86704adaee9464913639924b0ceaac7b8b1ff5d3037f58eb2b701535d3cc,56.42100000000001,True,0-10,clock phase,0,600,600,400.0,426,423,63.9,63.45,126.59999999999997,210,40,422,9,0.02132701421800948,1.049999999999983,6.583499999999981,0.14332499999999965,85,0.20094562647754138,50.699999999999996,0.3054187192118227,27,0,0.0,0.8425509699901718
2a4d86704ada,TheViper,2012,team game,historical_119,2012-01-06 (filename; uploaded 2012-01-07),False,9,2a4d86704adaee9464913639924b0ceaac7b8b1ff5d3037f58eb2b701535d3cc,56.42100000000001,True,10-20,clock phase,600,1200,600,400.0,570,401,85.5,60.15,120.89999999999995,150,40,400,8,0.02,1.0499999999999545,8.239499999999943,0.1662499999999995,127,0.3167082294264339,41.1,0.2299168975069252,37,0,0.0,1.152707828389072
2a4d86704ada,TheViper,2012,team game,historical_119,2012-01-06 (filename; uploaded 2012-01-07),False,9,2a4d86704adaee9464913639924b0ceaac7b8b1ff5d3037f58eb2b701535d3cc,56.42100000000001,True,20-30,clock phase,1200,1800,600,400.0,478,352,71.7,52.8,126.29999999999998,144,40,351,16,0.045584045584045586,1.1099999999999728,9.652500000000114,0.29272500000000035,118,0.3352272727272727,35.099999999999994,0.2694805194805195,42,0,0.0,1.1852086688098487
2a4d86704ada,TheViper,2012,team game,historical_119,2012-01-06 (filename; uploaded 2012-01-07),False,9,2a4d86704adaee9464913639924b0ceaac7b8b1ff5d3037f58eb2b701535d3cc,56.42100000000001,True,30-40,clock phase,1800,2400,600,400.0,305,224,45.75,33.6,66.29999999999998,78,40,223,21,0.09417040358744394,1.1700000000000728,14.28360000000005,0.4417500000000013,15,0.06696428571428571,31.349999999999998,0.562962962962963,96,0,0.0,1.993569032384962
2a4d86704ada,TheViper,2012,team game,historical_119,2012-01-06 (filename; uploaded 2012-01-07),False,9,2a4d86704adaee9464913639924b0ceaac7b8b1ff5d3037f58eb2b701535d3cc,56.42100000000001,True,40+,clock phase; variable length,2400,3385.26,985.2600000000002,656.8400000000001,875,496,79.92814079532305,45.30783752512026,106.79999999999998,144,65,495,30,0.06060606060606061,1.1700000000000728,16.290000000000063,0.4154436392424342,147,0.2963709677419355,31.87990987150599,0.30892448512585813,196,0,0.0,1.280539891762597
2a4d86704ada,TheViper,2012,team game,historical_119,2012-01-06 (filename; uploaded 2012-01-07),False,9,2a4d86704adaee9464913639924b0ceaac7b8b1ff5d3037f58eb2b701535d3cc,56.42100000000001,True,40-45,clock phase; fixed five minutes,2400,2700,300,200.0,248,154,74.4,46.2,102.30000000000001,108,20,153,9,0.058823529411764705,1.1849999999999454,14.091899999999965,0.41399999999999937,42,0.2727272727272727,33.6,0.3283582089552239,79,0,0.0,1.3001983069463652
2a4d86704ada,TheViper,2012,team game,historical_119,2012-01-06 (filename; uploaded 2012-01-07),False,9,2a4d86704adaee9464913639924b0ceaac7b8b1ff5d3037f58eb2b701535d3cc,56.42100000000001,True,40+ excluding final 60 game seconds,terminal minute sensitivity,2400,3325.26,925.2600000000002,616.8400000000001,808,464,78.59412489462419,45.13325984047726,108.0,144,61,463,28,0.06047516198704104,1.1700000000000728,15.511200000000043,0.41138706958044274,135,0.29094827586206895,32.00181570585564,0.3111111111111111,178,0,0.0,1.3071837866507185
2a4d86704ada,TheViper,2012,team game,historical_119,2012-01-06 (filename; uploaded 2012-01-07),False,9,2a4d86704adaee9464913639924b0ceaac7b8b1ff5d3037f58eb2b701535d3cc,56.42100000000001,True,Feudal request +0-5 min,request anchor; not completed age or combat phase,499.32,799.3199999999999,299.99999999999994,199.99999999999997,159,153,47.70000000000001,45.900000000000006,84.60000000000001,96,20,152,5,0.03289473684210526,1.1700000000000017,8.898599999999979,0.19154999999999997,24,0.1568627450980392,38.70000000000001,0.25757575757575757,18,0,0.0,1.3739069321150106
2a4d86704ada,TheViper,2012,team game,historical_119,2012-01-06 (filename; uploaded 2012-01-07),False,9,2a4d86704adaee9464913639924b0ceaac7b8b1ff5d3037f58eb2b701535d3cc,56.42100000000001,True,Feudal request +5-10 min,request anchor; not completed age or combat phase,799.3199999999999,1099.32,300.0,200.0,366,244,109.80000000000001,73.2,124.50000000000006,210,20,243,5,0.0205761316872428,1.0199999999999818,8.161799999999946,0.17789999999999928,98,0.4016393442622951,43.8,0.2079646017699115,23,0,0.0,0.924828561291311
2a4d86704ada,TheViper,2012,team game,historical_119,2012-01-06 (filename; uploaded 2012-01-07),False,9,2a4d86704adaee9464913639924b0ceaac7b8b1ff5d3037f58eb2b701535d3cc,56.42100000000001,True,Castle request +0-5 min,request anchor; not completed age or combat phase,1243.485,1543.485,300.0,200.0,235,180,70.5,54.0,126.60000000000001,138,20,179,7,0.03910614525139665,1.1099999999999568,8.038800000000064,0.2374500000000004,61,0.3388888888888889,35.699999999999996,0.2222222222222222,27,0,0.0,1.1238973609442648
2a4d86704ada,TheViper,2012,team game,historical_119,2012-01-06 (filename; uploaded 2012-01-07),False,9,2a4d86704adaee9464913639924b0ceaac7b8b1ff5d3037f58eb2b701535d3cc,56.42100000000001,True,Castle request +5-10 min,request anchor; not completed age or combat phase,1543.485,1843.485,300.0,200.0,245,180,73.5,54.0,87.00000000000004,144,20,179,9,0.05027932960893855,1.0500000000000398,9.021599999999998,0.3200999999999999,54,0.3,37.8,0.2857142857142857,45,0,0.0,1.356427121403891
2a4d86704ada,TheViper,2012,team game,historical_119,2012-01-06 (filename; uploaded 2012-01-07),False,9,2a4d86704adaee9464913639924b0ceaac7b8b1ff5d3037f58eb2b701535d3cc,56.42100000000001,True,Imperial request +0-5 min,request anchor; not completed age or combat phase,2103.075,2403.075,300.0,200.0,122,100,36.6,30.0,60.0,60,20,99,11,0.1111111111111111,1.7400000000000855,16.887000000000118,0.5010000000000023,5,0.05,28.5,0.5714285714285714,60,0,0.0,2.1095865179155546
2a4d86704ada,TheViper,2012,team game,historical_119,2012-01-06 (filename; uploaded 2012-01-07),False,9,2a4d86704adaee9464913639924b0ceaac7b8b1ff5d3037f58eb2b701535d3cc,56.42100000000001,True,Imperial request +5-10 min,request anchor; not completed age or combat phase,2403.075,2703.075,300.0,200.0,248,154,74.4,46.2,84.30000000000001,90,20,153,9,0.058823529411764705,1.1849999999999525,14.091899999999965,0.41399999999999937,42,0.2727272727272727,33.6,0.3283582089552239,79,0,0.0,1.3167824309821021
be2ccdca713e,TheViper,2012,team game,historical_119,2012-01-06 (filename; uploaded 2012-01-07),False,19,be2ccdca713e06185ce1b35a9e9ec058bcd1f81be6d634ef09eef4c7e00b8877,45.8545,True,0-10,clock phase,0,600,600,400.0,322,319,48.300000000000004,47.85,78.29999999999998,90,40,318,9,0.02830188679245283,1.0799999999999983,7.6133999999999675,0.1828749999999998,40,0.12539184952978055,41.85,0.4735099337748344,32,0,0.0,1.0635374486365168
be2ccdca713e,TheViper,2012,team game,historical_119,2012-01-06 (filename; uploaded 2012-01-07),False,19,be2ccdca713e06185ce1b35a9e9ec058bcd1f81be6d634ef09eef4c7e00b8877,45.8545,True,10-20,clock phase,600,1200,600,400.0,470,333,70.5,49.95,138.59999999999997,162,40,332,17,0.05120481927710843,1.0199999999999818,8.580000000000013,0.33755000000000007,88,0.26426426426426425,36.75,0.21926910299003322,47,0,0.0,1.191442741458687
be2ccdca713e,TheViper,2012,team game,historical_119,2012-01-06 (filename; uploaded 2012-01-07),False,19,be2ccdca713e06185ce1b35a9e9ec058bcd1f81be6d634ef09eef4c7e00b8877,45.8545,True,20-30,clock phase,1200,1800,600,400.0,548,377,82.2,56.55,102.59999999999997,150,40,376,10,0.026595744680851064,1.0799999999999272,8.924399999999958,0.19560000000000052,78,0.20689655172413793,44.85,0.3161290322580645,68,0,0.0,1.5478552984796525
be2ccdca713e,TheViper,2012,team game,historical_119,2012-01-06 (filename; uploaded 2012-01-07),False,19,be2ccdca713e06185ce1b35a9e9ec058bcd1f81be6d634ef09eef4c7e00b8877,45.8545,True,30-40,clock phase,1800,2400,600,400.0,420,230,63.0,34.5,66.29999999999998,96,40,229,23,0.10043668122270742,1.3799999999997965,11.024999999999991,0.4376999999999976,23,0.1,31.049999999999997,0.45555555555555555,128,0,0.0,1.6675315201346006
be2ccdca713e,TheViper,2012,team game,historical_119,2012-01-06 (filename; uploaded 2012-01-07),False,19,be2ccdca713e06185ce1b35a9e9ec058bcd1f81be6d634ef09eef4c7e00b8877,45.8545,True,40+,clock phase; variable length,2400,2751.27,351.27,234.17999999999998,242,112,62.003586984371005,28.695874967973356,60.0,60,23,111,16,0.14414414414414414,1.4399999999999125,11.3442000000001,0.5562387906738391,12,0.10714285714285714,25.621316935690498,0.47474747474747475,130,0,0.0,1.3045343177338042
be2ccdca713e,TheViper,2012,team game,historical_119,2012-01-06 (filename; uploaded 2012-01-07),False,19,be2ccdca713e06185ce1b35a9e9ec058bcd1f81be6d634ef09eef4c7e00b8877,45.8545,True,40-45,clock phase; fixed five minutes,2400,2700,300,200.0,226,101,67.8,30.3,60.0,60,20,100,13,0.13,1.4399999999998983,11.513000000000094,0.5266999999999977,11,0.10891089108910891,27.0,0.48863636363636365,112,0,0.0,1.2782925121112672
be2ccdca713e,TheViper,2012,team game,historical_119,2012-01-06 (filename; uploaded 2012-01-07),False,19,be2ccdca713e06185ce1b35a9e9ec058bcd1f81be6d634ef09eef4c7e00b8877,45.8545,True,40+ excluding final 60 game seconds,terminal minute sensitivity,2400,2691.27,291.27,194.17999999999998,201,93,62.10732310227624,28.73622412194871,60.0,60,19,92,13,0.14130434782608695,1.4399999999999125,11.597400000000107,0.5424863528684702,9,0.0967741935483871,25.955299206921413,0.525,112,0,0.0,1.3512362496241186
be2ccdca713e,TheViper,2012,team game,historical_119,2012-01-06 (filename; uploaded 2012-01-07),False,19,be2ccdca713e06185ce1b35a9e9ec058bcd1f81be6d634ef09eef4c7e00b8877,45.8545,True,Feudal request +0-5 min,request anchor; not completed age or combat phase,660.825,960.825,300.0,200.0,93,93,27.900000000000002,27.900000000000002,54.0,54,20,92,11,0.11956521739130435,1.7999999999999927,11.274599999999962,0.44654999999999995,11,0.11827956989247312,24.599999999999998,0.4155844155844156,26,0,0.0,1.5627518207194442
be2ccdca713e,TheViper,2012,team game,historical_119,2012-01-06 (filename; uploaded 2012-01-07),False,19,be2ccdca713e06185ce1b35a9e9ec058bcd1f81be6d634ef09eef4c7e00b8877,45.8545,True,Feudal request +5-10 min,request anchor; not completed age or combat phase,960.825,1260.825,300.0,200.0,442,261,132.6,78.3,139.8,174,20,260,5,0.019230769230769232,0.7049999999999983,6.873000000000053,0.1621500000000006,81,0.3103448275862069,54.0,0.17427385892116182,28,0,0.0,1.0374553563076343
be2ccdca713e,TheViper,2012,team game,historical_119,2012-01-06 (filename; uploaded 2012-01-07),False,19,be2ccdca713e06185ce1b35a9e9ec058bcd1f81be6d634ef09eef4c7e00b8877,45.8545,True,Castle request +0-5 min,request anchor; not completed age or combat phase,857.925,1157.925,300.0,200.0,295,194,88.5,58.199999999999996,120.9,138,20,193,7,0.03626943005181347,0.734999999999971,8.58000000000001,0.3039000000000006,49,0.25257731958762886,43.5,0.20809248554913296,37,0,0.0,1.1696871565951312
be2ccdca713e,TheViper,2012,team game,historical_119,2012-01-06 (filename; uploaded 2012-01-07),False,19,be2ccdca713e06185ce1b35a9e9ec058bcd1f81be6d634ef09eef4c7e00b8877,45.8545,True,Castle request +5-10 min,request anchor; not completed age or combat phase,1157.925,1457.925,300.0,200.0,351,208,105.3,62.400000000000006,139.20000000000002,162,20,207,6,0.028985507246376812,0.690000000000055,9.167399999999946,0.284900000000001,55,0.2644230769230769,45.9,0.24489795918367346,35,0,0.0,1.026617024646467
be2ccdca713e,TheViper,2012,team game,historical_119,2012-01-06 (filename; uploaded 2012-01-07),False,19,be2ccdca713e06185ce1b35a9e9ec058bcd1f81be6d634ef09eef4c7e00b8877,45.8545,True,Imperial request +0-5 min,request anchor; not completed age or combat phase,1721.745,2021.745,300.0,200.0,167,118,50.099999999999994,35.4,67.50000000000003,96,20,117,8,0.06837606837606838,1.1999999999999602,13.209599999999941,0.3743999999999997,15,0.1271186440677966,30.900000000000002,0.4166666666666667,66,0,0.0,1.9355354359773052
be2ccdca713e,TheViper,2012,team game,historical_119,2012-01-06 (filename; uploaded 2012-01-07),False,19,be2ccdca713e06185ce1b35a9e9ec058bcd1f81be6d634ef09eef4c7e00b8877,45.8545,True,Imperial request +5-10 min,request anchor; not completed age or combat phase,2021.745,2321.745,300.0,200.0,235,122,70.5,36.6,84.0,84,20,121,13,0.10743801652892562,1.3800000000001091,8.541599999999987,0.42709999999999504,13,0.10655737704918032,32.7,0.45918367346938777,84,0,0.0,1.4719630531903451
5e1293a4be54,DauT,2012,team game,historical_147,2012-05 (uploaded 2012-05-27),False,9,5e1293a4be5471475817cc747ac49f84171ff7b897cb55a67ec82f003cfd8aee,47.86875,True,0-10,clock phase,0,600,600,400.0,391,391,58.650000000000006,58.650000000000006,120.29999999999998,132,40,390,9,0.023076923076923078,0.8100000000000094,5.926800000000046,0.13335,58,0.1483375959079284,49.95,0.44235924932975873,33,0,0.0,0.8616167438346651
5e1293a4be54,DauT,2012,team game,historical_147,2012-05 (uploaded 2012-05-27),False,9,5e1293a4be5471475817cc747ac49f84171ff7b897cb55a67ec82f003cfd8aee,47.86875,True,10-20,clock phase,600,1200,600,400.0,306,306,45.9,45.9,96.29999999999998,114,40,305,12,0.03934426229508197,1.0199999999999818,6.895199999999974,0.20167500000000024,68,0.2222222222222222,35.699999999999996,0.44642857142857145,38,0,0.0,1.3516724612453987
5e1293a4be54,DauT,2012,team game,historical_147,2012-05 (uploaded 2012-05-27),False,9,5e1293a4be5471475817cc747ac49f84171ff7b897cb55a67ec82f003cfd8aee,47.86875,True,20-30,clock phase,1200,1800,600,400.0,256,255,38.4,38.25,90.0,96,40,254,16,0.06299212598425197,1.0800000000000693,13.751999999999967,0.36314999999999986,57,0.2235294117647059,29.7,0.4590909090909091,69,0,0.0,1.354556978142219
5e1293a4be54,DauT,2012,team game,historical_147,2012-05 (uploaded 2012-05-27),False,9,5e1293a4be5471475817cc747ac49f84171ff7b897cb55a67ec82f003cfd8aee,47.86875,True,30-40,clock phase,1800,2400,600,400.0,342,341,51.3,51.150000000000006,96.29999999999998,138,40,340,8,0.023529411764705882,1.0199999999999818,6.543000000000124,0.12929999999999953,58,0.17008797653958943,42.45,0.46153846153846156,110,0,0.0,1.280217093254936
5e1293a4be54,DauT,2012,team game,historical_147,2012-05 (uploaded 2012-05-27),False,9,5e1293a4be5471475817cc747ac49f84171ff7b897cb55a67ec82f003cfd8aee,47.86875,True,40+,clock phase; variable length,2400,2872.125,472.125,314.75,201,199,38.316123907863386,37.934868943606034,66.0,66,31,198,10,0.050505050505050504,1.364999999999938,8.178900000000125,0.2400953137410663,17,0.08542713567839195,34.69420174741859,0.6129032258064516,153,0,0.0,1.7631926407309946
5e1293a4be54,DauT,2012,team game,historical_147,2012-05 (uploaded 2012-05-27),False,9,5e1293a4be5471475817cc747ac49f84171ff7b897cb55a67ec82f003cfd8aee,47.86875,True,40-45,clock phase; fixed five minutes,2400,2700,300,200.0,141,140,42.3,42.0,66.0,66,20,139,7,0.050359712230215826,1.1550000000000509,6.471899999999883,0.2145000000000029,13,0.09285714285714286,38.1,0.5825242718446602,103,0,0.0,1.8173261146827704
5e1293a4be54,DauT,2012,team game,historical_147,2012-05 (uploaded 2012-05-27),False,9,5e1293a4be5471475817cc747ac49f84171ff7b897cb55a67ec82f003cfd8aee,47.86875,True,40+ excluding final 60 game seconds,terminal minute sensitivity,2400,2812.125,412.125,274.75,187,185,40.83712465878071,40.400363967242946,66.0,66,27,184,8,0.043478260869565216,1.3200000000000074,6.4799999999998725,0.17972702456779055,17,0.0918918918918919,36.68789808917197,0.6056338028169014,147,0,0.0,1.7918400517236595
5e1293a4be54,TheViper,2012,team game,historical_147,2012-05 (uploaded 2012-05-27),False,9,5e1293a4be5471475817cc747ac49f84171ff7b897cb55a67ec82f003cfd8aee,47.86875,True,0-10,clock phase,0,600,600,400.0,436,436,65.4,65.4,114.59999999999997,132,40,435,5,0.011494252873563218,0.75,5.2425,0.0740249999999999,80,0.1834862385321101,53.4,0.34210526315789475,35,0,0.0,0.990117943716676
5e1293a4be54,TheViper,2012,team game,historical_147,2012-05 (uploaded 2012-05-27),False,9,5e1293a4be5471475817cc747ac49f84171ff7b897cb55a67ec82f003cfd8aee,47.86875,True,10-20,clock phase,600,1200,600,400.0,533,508,79.95,76.2,138.0,144,40,507,2,0.0039447731755424065,0.5400000000000489,4.226400000000035,0.026099999999999922,161,0.3169291338582677,52.050000000000004,0.24520255863539445,46,0,0.0,0.9408859315772249
5e1293a4be54,TheViper,2012,team game,historical_147,2012-05 (uploaded 2012-05-27),False,9,5e1293a4be5471475817cc747ac49f84171ff7b897cb55a67ec82f003cfd8aee,47.86875,True,20-30,clock phase,1200,1800,600,400.0,434,410,65.1,61.49999999999999,126.0,174,40,409,8,0.019559902200488997,0.719999999999942,6.8400000000000025,0.1888499999999994,109,0.2658536585365854,45.15,0.2215909090909091,81,0,0.0,1.3176529339990646
5e1293a4be54,TheViper,2012,team game,historical_147,2012-05 (uploaded 2012-05-27),False,9,5e1293a4be5471475817cc747ac49f84171ff7b897cb55a67ec82f003cfd8aee,47.86875,True,30-40,clock phase,1800,2400,600,400.0,472,403,70.8,60.45,145.19999999999993,180,40,402,10,0.024875621890547265,0.6599999999999966,7.784699999999983,0.19134999999999916,102,0.2531017369727047,45.15,0.30678466076696165,122,0,0.0,1.421243086475932
5e1293a4be54,TheViper,2012,team game,historical_147,2012-05 (uploaded 2012-05-27),False,9,5e1293a4be5471475817cc747ac49f84171ff7b897cb55a67ec82f003cfd8aee,47.86875,True,40+,clock phase; variable length,2400,2872.125,472.125,314.75,339,301,64.62271644162033,57.37887212073074,90.0,96,31,300,8,0.02666666666666667,0.9600000000000364,8.30610000000002,0.1967275615567913,64,0.21262458471760798,45.178713264495634,0.4051094890510949,175,0,0.0,1.3206089506384706
5e1293a4be54,TheViper,2012,team game,historical_147,2012-05 (uploaded 2012-05-27),False,9,5e1293a4be5471475817cc747ac49f84171ff7b897cb55a67ec82f003cfd8aee,47.86875,True,40-45,clock phase; fixed five minutes,2400,2700,300,200.0,191,167,57.3,50.099999999999994,84.30000000000001,90,20,166,7,0.04216867469879518,1.0199999999998397,9.232199999999867,0.2726999999999997,30,0.17964071856287425,41.1,0.40131578947368424,118,0,0.0,1.2635382131253219
5e1293a4be54,TheViper,2012,team game,historical_147,2012-05 (uploaded 2012-05-27),False,9,5e1293a4be5471475817cc747ac49f84171ff7b897cb55a67ec82f003cfd8aee,47.86875,True,40+ excluding final 60 game seconds,terminal minute sensitivity,2400,2812.125,412.125,274.75,273,249,59.617834394904456,54.37670609645132,90.0,96,27,248,8,0.03225806451612903,0.974999999999909,8.628299999999987,0.2253685168334852,53,0.21285140562248997,42.802547770700635,0.415929203539823,152,0,0.0,1.3438806817005584
5e1293a4be54,TheViper,2012,team game,historical_147,2012-05 (uploaded 2012-05-27),False,9,5e1293a4be5471475817cc747ac49f84171ff7b897cb55a67ec82f003cfd8aee,47.86875,True,Feudal request +0-5 min,request anchor; not completed age or combat phase,586.08,886.08,300.0,200.0,252,247,75.6,74.10000000000001,132.0,132,20,246,1,0.0040650406504065045,0.5400000000000489,4.503600000000018,0.026100000000000127,84,0.340080971659919,48.9,0.3246753246753247,23,0,0.0,1.011142496132061
5e1293a4be54,TheViper,2012,team game,historical_147,2012-05 (uploaded 2012-05-27),False,9,5e1293a4be5471475817cc747ac49f84171ff7b897cb55a67ec82f003cfd8aee,47.86875,True,Feudal request +5-10 min,request anchor; not completed age or combat phase,886.08,1186.08,299.9999999999999,199.99999999999991,283,263,84.90000000000005,78.90000000000003,126.60000000000001,138,20,262,1,0.003816793893129771,0.54000000000004,4.176000000000014,0.026099999999999766,75,0.28517110266159695,56.40000000000002,0.18143459915611815,30,0,0.0,0.8918263924075388
5e1293a4be54,TheViper,2012,team game,historical_147,2012-05 (uploaded 2012-05-27),False,9,5e1293a4be5471475817cc747ac49f84171ff7b897cb55a67ec82f003cfd8aee,47.86875,True,Castle request +0-5 min,request anchor; not completed age or combat phase,1226.79,1526.79,300.0,200.0,186,177,55.800000000000004,53.1,102.9,120,20,176,5,0.028409090909090908,0.6600000000000108,12.736799999999935,0.27419999999999933,40,0.22598870056497175,41.1,0.26973684210526316,47,0,0.0,1.3673043277298313
5e1293a4be54,TheViper,2012,team game,historical_147,2012-05 (uploaded 2012-05-27),False,9,5e1293a4be5471475817cc747ac49f84171ff7b897cb55a67ec82f003cfd8aee,47.86875,True,Castle request +5-10 min,request anchor; not completed age or combat phase,1526.79,1826.79,300.0,200.0,234,216,70.19999999999999,64.80000000000001,114.9,132,20,215,3,0.013953488372093023,0.7799999999998963,7.005599999999971,0.11249999999999907,60,0.2777777777777778,46.800000000000004,0.20652173913043478,58,0,0.0,1.254827072481683
5e1293a4be54,TheViper,2012,team game,historical_147,2012-05 (uploaded 2012-05-27),False,9,5e1293a4be5471475817cc747ac49f84171ff7b897cb55a67ec82f003cfd8aee,47.86875,True,Imperial request +0-5 min,request anchor; not completed age or combat phase,2002.275,2302.275,300.0,200.0,233,198,69.9,59.4,94.50000000000006,180,20,197,3,0.015228426395939087,0.6600000000000072,5.695199999999972,0.08939999999999905,35,0.17676767676767677,48.9,0.39375,89,0,0.0,1.56600074399295
5e1293a4be54,TheViper,2012,team game,historical_147,2012-05 (uploaded 2012-05-27),False,9,5e1293a4be5471475817cc747ac49f84171ff7b897cb55a67ec82f003cfd8aee,47.86875,True,Imperial request +5-10 min,request anchor; not completed age or combat phase,2302.275,2602.275,300.0,200.0,218,185,65.4,55.5,110.10000000000002,150,20,184,7,0.03804347826086957,0.9600000000000364,9.231299999999877,0.27449999999999664,45,0.24324324324324326,42.0,0.34911242603550297,108,0,0.0,1.2088091570776949
bd5257dfee73,DauT,2012,team game,historical_147,2012-05 (uploaded 2012-05-27),False,9,bd5257dfee739e36a1749cba002c79a337e23e7cdec0bc32d467856db6111b0a,56.74575,True,0-10,clock phase,0,600,600,400.0,578,578,86.7,86.7,168.59999999999997,204,40,577,6,0.010398613518197574,0.5399999999999956,5.279099999999986,0.10064999999999989,153,0.2647058823529412,63.75,0.22953736654804271,26,0,0.0,0.642531344077256
bd5257dfee73,DauT,2012,team game,historical_147,2012-05 (uploaded 2012-05-27),False,9,bd5257dfee739e36a1749cba002c79a337e23e7cdec0bc32d467856db6111b0a,56.74575,True,10-20,clock phase,600,1200,600,400.0,390,388,58.5,58.199999999999996,90.59999999999997,108,40,387,12,0.031007751937984496,0.9000000000000057,5.963999999999975,0.17272499999999943,111,0.2860824742268041,41.55,0.32193732193732194,39,0,0.0,1.1123651433813044
bd5257dfee73,DauT,2012,team game,historical_147,2012-05 (uploaded 2012-05-27),False,9,bd5257dfee739e36a1749cba002c79a337e23e7cdec0bc32d467856db6111b0a,56.74575,True,20-30,clock phase,1200,1800,600,400.0,343,343,51.45,51.45,102.59999999999997,138,40,342,13,0.038011695906432746,0.9900000000000801,8.118000000000071,0.2375500000000005,99,0.2886297376093295,36.6,0.2533783783783784,35,0,0.0,1.3173198452076678
bd5257dfee73,DauT,2012,team game,historical_147,2012-05 (uploaded 2012-05-27),False,9,bd5257dfee739e36a1749cba002c79a337e23e7cdec0bc32d467856db6111b0a,56.74575,True,30-40,clock phase,1800,2400,600,400.0,240,235,36.0,35.25,60.0,60,40,234,19,0.0811965811965812,1.0800000000002115,8.498700000000037,0.3156750000000008,18,0.07659574468085106,32.55,0.4824561403508772,75,0,0.0,2.089488658883375
bd5257dfee73,DauT,2012,team game,historical_147,2012-05 (uploaded 2012-05-27),False,9,bd5257dfee739e36a1749cba002c79a337e23e7cdec0bc32d467856db6111b0a,56.74575,True,40+,clock phase; variable length,2400,3404.745,1004.7449999999999,669.8299999999999,472,445,42.279384321394986,39.86086021826434,72.0,84,66,444,14,0.03153153153153153,1.0950000000001125,9.26670000000015,0.17301404834062467,54,0.12134831460674157,35.02381201200305,0.5307262569832403,235,0,0.0,1.5261169621362942
bd5257dfee73,DauT,2012,team game,historical_147,2012-05 (uploaded 2012-05-27),False,9,bd5257dfee739e36a1749cba002c79a337e23e7cdec0bc32d467856db6111b0a,56.74575,True,40-45,clock phase; fixed five minutes,2400,2700,300,200.0,138,126,41.4,37.8,60.0,60,20,125,4,0.032,1.5300000000000509,5.068200000000036,0.124050000000002,7,0.05555555555555555,35.699999999999996,0.5542168674698795,106,0,0.0,1.8212525697274957
bd5257dfee73,DauT,2012,team game,historical_147,2012-05 (uploaded 2012-05-27),False,9,bd5257dfee739e36a1749cba002c79a337e23e7cdec0bc32d467856db6111b0a,56.74575,True,40+ excluding final 60 game seconds,terminal minute sensitivity,2400,3344.745,944.7449999999999,629.8299999999999,442,415,42.10660019370307,39.53447755743614,71.69999999999997,84,62,414,13,0.03140096618357488,1.199999999999818,9.076800000000132,0.16656875664862061,45,0.10843373493975904,35.24760649699126,0.5501519756838906,221,0,0.0,1.5655369476233019
bd5257dfee73,TheViper,2012,team game,historical_147,2012-05 (uploaded 2012-05-27),False,9,bd5257dfee739e36a1749cba002c79a337e23e7cdec0bc32d467856db6111b0a,56.74575,True,0-10,clock phase,0,600,600,400.0,604,604,90.6,90.6,158.39999999999986,294,40,603,1,0.001658374792703151,0.5400000000000205,3.8744999999999727,0.013649999999999806,157,0.2599337748344371,67.05,0.24914089347079038,33,0,0.0,0.8168096215227956
bd5257dfee73,TheViper,2012,team game,historical_147,2012-05 (uploaded 2012-05-27),False,9,bd5257dfee739e36a1749cba002c79a337e23e7cdec0bc32d467856db6111b0a,56.74575,True,10-20,clock phase,600,1200,600,400.0,488,477,73.2,71.55,128.09999999999988,216,40,476,8,0.01680672268907563,0.5400000000000489,6.522600000000063,0.13785000000000025,136,0.2851153039832285,51.150000000000006,0.1957547169811321,39,0,0.0,1.3847298684833578
bd5257dfee73,TheViper,2012,team game,historical_147,2012-05 (uploaded 2012-05-27),False,9,bd5257dfee739e36a1749cba002c79a337e23e7cdec0bc32d467856db6111b0a,56.74575,True,20-30,clock phase,1200,1800,600,400.0,457,432,68.55000000000001,64.80000000000001,150.59999999999997,174,40,431,11,0.025522041763341066,0.540000000000127,7.501800000000074,0.20535000000000003,117,0.2708333333333333,47.25,0.20540540540540542,42,0,0.0,1.3511404966484595
bd5257dfee73,TheViper,2012,team game,historical_147,2012-05 (uploaded 2012-05-27),False,9,bd5257dfee739e36a1749cba002c79a337e23e7cdec0bc32d467856db6111b0a,56.74575,True,30-40,clock phase,1800,2400,600,400.0,551,516,82.64999999999999,77.4,151.19999999999993,204,40,515,8,0.015533980582524271,0.5399999999999636,5.8283999999998715,0.1388999999999999,129,0.25,58.050000000000004,0.30295566502463056,66,0,0.0,1.7201743672390037
bd5257dfee73,TheViper,2012,team game,historical_147,2012-05 (uploaded 2012-05-27),False,9,bd5257dfee739e36a1749cba002c79a337e23e7cdec0bc32d467856db6111b0a,56.74575,True,40+,clock phase; variable length,2400,3404.745,1004.7449999999999,669.8299999999999,829,668,74.25764746278907,59.83607781078782,123.0,132,66,667,20,0.029985007496251874,0.6600000000001529,7.056000000000095,0.22026484331845594,121,0.18113772455089822,48.997506830091226,0.4428822495606327,260,0,0.0,1.5583946533414057
bd5257dfee73,TheViper,2012,team game,historical_147,2012-05 (uploaded 2012-05-27),False,9,bd5257dfee739e36a1749cba002c79a337e23e7cdec0bc32d467856db6111b0a,56.74575,True,40-45,clock phase; fixed five minutes,2400,2700,300,200.0,236,180,70.8,54.0,79.80000000000003,114,20,179,8,0.0446927374301676,0.8399999999998471,7.099200000000057,0.26475000000000215,20,0.1111111111111111,48.0,0.43537414965986393,110,0,0.0,1.7636363149284573
bd5257dfee73,TheViper,2012,team game,historical_147,2012-05 (uploaded 2012-05-27),False,9,bd5257dfee739e36a1749cba002c79a337e23e7cdec0bc32d467856db6111b0a,56.74575,True,40+ excluding final 60 game seconds,terminal minute sensitivity,2400,3344.745,944.7449999999999,629.8299999999999,816,655,77.7352618960672,62.39778987980885,125.39999999999995,132,62,654,18,0.027522935779816515,0.5400000000003047,7.019999999999951,0.1894320689709943,120,0.183206106870229,50.96613371862249,0.4380610412926391,245,0,0.0,1.5615132589558973
bd5257dfee73,TheViper,2012,team game,historical_147,2012-05 (uploaded 2012-05-27),False,9,bd5257dfee739e36a1749cba002c79a337e23e7cdec0bc32d467856db6111b0a,56.74575,True,Feudal request +0-5 min,request anchor; not completed age or combat phase,538.875,838.875,300.0,200.0,202,202,60.6,60.6,111.00000000000004,168,20,201,6,0.029850746268656716,0.6300000000000381,6.430200000000038,0.17909999999999987,43,0.21287128712871287,47.7,0.34104046242774566,23,0,0.0,1.5896500380083807
bd5257dfee73,TheViper,2012,team game,historical_147,2012-05 (uploaded 2012-05-27),False,9,bd5257dfee739e36a1749cba002c79a337e23e7cdec0bc32d467856db6111b0a,56.74575,True,Feudal request +5-10 min,request anchor; not completed age or combat phase,838.875,1138.875,300.0,200.0,234,230,70.19999999999999,69.0,120.30000000000001,126,20,229,3,0.013100436681222707,0.5699999999999363,6.958800000000007,0.12389999999999979,60,0.2608695652173913,51.0,0.16417910447761194,25,0,0.0,1.3430317529333906
bd5257dfee73,TheViper,2012,team game,historical_147,2012-05 (uploaded 2012-05-27),False,9,bd5257dfee739e36a1749cba002c79a337e23e7cdec0bc32d467856db6111b0a,56.74575,True,Castle request +0-5 min,request anchor; not completed age or combat phase,1279.845,1579.845,300.0,200.0,244,229,73.2,68.7,116.10000000000002,156,20,228,3,0.013157894736842105,0.5400000000001342,6.6339,0.1384499999999995,67,0.2925764192139738,48.6,0.1724137931034483,31,0,0.0,1.1604243757055286
bd5257dfee73,TheViper,2012,team game,historical_147,2012-05 (uploaded 2012-05-27),False,9,bd5257dfee739e36a1749cba002c79a337e23e7cdec0bc32d467856db6111b0a,56.74575,True,Castle request +5-10 min,request anchor; not completed age or combat phase,1579.845,1879.845,300.0,200.0,265,254,79.5,76.2,151.8,186,20,253,6,0.023715415019762844,0.5399999999999636,6.477000000000035,0.19455000000000008,66,0.25984251968503935,56.4,0.26066350710900477,23,0,0.0,1.3099354980315199
bd5257dfee73,TheViper,2012,team game,historical_147,2012-05 (uploaded 2012-05-27),False,9,bd5257dfee739e36a1749cba002c79a337e23e7cdec0bc32d467856db6111b0a,56.74575,True,Imperial request +0-5 min,request anchor; not completed age or combat phase,1921.815,2221.815,300.0,200.0,240,220,72.0,66.0,114.30000000000001,120,20,219,4,0.0182648401826484,0.5399999999999636,6.517199999999952,0.13995000000000046,33,0.15,56.1,0.40789473684210525,35,0,0.0,1.9816487050518803
bd5257dfee73,TheViper,2012,team game,historical_147,2012-05 (uploaded 2012-05-27),False,9,bd5257dfee739e36a1749cba002c79a337e23e7cdec0bc32d467856db6111b0a,56.74575,True,Imperial request +5-10 min,request anchor; not completed age or combat phase,2221.815,2521.815,300.0,200.0,231,209,69.3,62.699999999999996,114.60000000000001,126,20,208,7,0.03365384615384615,0.540000000000266,6.572999999999934,0.24095000000000108,35,0.1674641148325359,52.2,0.35,90,0,0.0,1.9463283132284799
5338a28e825b,DauT,2012,team game,historical_147,2012-05 (uploaded 2012-05-27),False,9,5338a28e825b6a411e185b368e9d7e872c562289d9f4a6e5c368a8a63e16793d,42.177,False,0-10,clock phase,0,600,600,400.0,399,399,59.85,59.85,120.59999999999997,156,40,398,6,0.01507537688442211,0.9900000000000002,5.7869999999999875,0.09839999999999975,61,0.15288220551378445,50.699999999999996,0.43535620052770446,30,0,0.0,0.9675423287338252
5338a28e825b,DauT,2012,team game,historical_147,2012-05 (uploaded 2012-05-27),False,9,5338a28e825b6a411e185b368e9d7e872c562289d9f4a6e5c368a8a63e16793d,42.177,False,10-20,clock phase,600,1200,600,400.0,218,216,32.7,32.400000000000006,78.29999999999998,90,40,215,20,0.09302325581395349,1.0800000000000693,13.901699999999959,0.4343250000000006,42,0.19444444444444445,26.1,0.4161849710982659,29,0,0.0,1.6446697933084553
5338a28e825b,DauT,2012,team game,historical_147,2012-05 (uploaded 2012-05-27),False,9,5338a28e825b6a411e185b368e9d7e872c562289d9f4a6e5c368a8a63e16793d,42.177,False,20-30,clock phase,1200,1800,600,400.0,208,206,31.200000000000003,30.900000000000002,60.29999999999998,78,40,205,20,0.0975609756097561,1.5600000000000875,8.766000000000012,0.3528749999999997,20,0.0970873786407767,27.900000000000002,0.564625850340136,55,0,0.0,1.8253173738264001
5338a28e825b,DauT,2012,team game,historical_147,2012-05 (uploaded 2012-05-27),False,9,5338a28e825b6a411e185b368e9d7e872c562289d9f4a6e5c368a8a63e16793d,42.177,False,30-40,clock phase,1800,2400,600,400.0,215,210,32.25,31.5,66.29999999999998,72,40,209,16,0.07655502392344497,1.3199999999999932,10.25399999999986,0.2876249999999999,25,0.11904761904761904,27.75,0.5081967213114754,81,0,0.0,1.900076236182664
5338a28e825b,DauT,2012,team game,historical_147,2012-05 (uploaded 2012-05-27),False,9,5338a28e825b6a411e185b368e9d7e872c562289d9f4a6e5c368a8a63e16793d,42.177,False,40+,clock phase; variable length,2400,2530.62,130.6199999999999,87.07999999999993,43,42,29.627928341754732,28.9389067524116,55.8,60,8,41,4,0.0975609756097561,1.2300000000001698,10.507800000000168,0.4630225080385892,1,0.023809523809523808,28.249885163068466,0.782608695652174,59,0,0.0,1.8513165107452196
5338a28e825b,TheViper,2012,team game,historical_147,2012-05 (uploaded 2012-05-27),False,9,5338a28e825b6a411e185b368e9d7e872c562289d9f4a6e5c368a8a63e16793d,42.177,False,0-10,clock phase,0,600,600,400.0,532,531,79.80000000000001,79.64999999999999,121.19999999999993,150,40,530,8,0.01509433962264151,0.7799999999999727,6.227999999999999,0.1420750000000002,112,0.21092278719397364,62.85000000000001,0.3125,30,0,0.0,0.8689499790300937
5338a28e825b,TheViper,2012,team game,historical_147,2012-05 (uploaded 2012-05-27),False,9,5338a28e825b6a411e185b368e9d7e872c562289d9f4a6e5c368a8a63e16793d,42.177,False,10-20,clock phase,600,1200,600,400.0,469,432,70.35000000000001,64.80000000000001,127.19999999999993,168,40,431,7,0.016241299303944315,0.660000000000025,6.002399999999997,0.11907499999999968,102,0.2361111111111111,49.5,0.3238341968911917,28,0,0.0,1.3110222644582203
5338a28e825b,TheViper,2012,team game,historical_147,2012-05 (uploaded 2012-05-27),False,9,5338a28e825b6a411e185b368e9d7e872c562289d9f4a6e5c368a8a63e16793d,42.177,False,20-30,clock phase,1200,1800,600,400.0,481,439,72.14999999999999,65.85,144.59999999999997,222,40,438,16,0.0365296803652968,0.900000000000091,8.105700000000033,0.2843250000000001,153,0.34851936218678814,42.9,0.14713896457765668,50,0,0.0,1.2833035158935922
5338a28e825b,TheViper,2012,team game,historical_147,2012-05 (uploaded 2012-05-27),False,9,5338a28e825b6a411e185b368e9d7e872c562289d9f4a6e5c368a8a63e16793d,42.177,False,30-40,clock phase,1800,2400,600,400.0,342,306,51.3,45.9,73.19999999999993,120,40,305,13,0.04262295081967213,1.0049999999999528,11.013600000000068,0.2702250000000002,41,0.13398692810457516,39.75,0.4336734693877551,109,0,0.0,1.8099159922938697
5338a28e825b,TheViper,2012,team game,historical_147,2012-05 (uploaded 2012-05-27),False,9,5338a28e825b6a411e185b368e9d7e872c562289d9f4a6e5c368a8a63e16793d,42.177,False,40+,clock phase; variable length,2400,2530.62,130.6199999999999,87.07999999999993,49,49,33.76205787781353,33.76205787781353,60.0,60,8,48,4,0.08333333333333333,0.9299999999999926,8.45759999999994,0.45739549839228244,7,0.14285714285714285,28.9389067524116,0.4878048780487805,43,0,0.0,1.6906107457330248
5338a28e825b,TheViper,2012,team game,historical_147,2012-05 (uploaded 2012-05-27),False,9,5338a28e825b6a411e185b368e9d7e872c562289d9f4a6e5c368a8a63e16793d,42.177,False,Feudal request +0-5 min,request anchor; not completed age or combat phase,506.745,806.745,300.0,200.0,188,187,56.4,56.1,115.50000000000003,144,20,186,6,0.03225806451612903,0.8399999999999928,6.168599999999955,0.1892999999999995,32,0.1711229946524064,46.5,0.41875,19,0,0.0,1.5970458256791609
5338a28e825b,TheViper,2012,team game,historical_147,2012-05 (uploaded 2012-05-27),False,9,5338a28e825b6a411e185b368e9d7e872c562289d9f4a6e5c368a8a63e16793d,42.177,False,Feudal request +5-10 min,request anchor; not completed age or combat phase,806.745,1106.745,299.9999999999999,199.99999999999991,250,234,75.00000000000003,70.20000000000003,145.20000000000002,168,20,233,4,0.017167381974248927,0.5400000000000489,5.834399999999979,0.1250999999999996,66,0.28205128205128205,50.40000000000003,0.26046511627906976,21,0,0.0,1.0882138944080557
5338a28e825b,TheViper,2012,team game,historical_147,2012-05 (uploaded 2012-05-27),False,9,5338a28e825b6a411e185b368e9d7e872c562289d9f4a6e5c368a8a63e16793d,42.177,False,Castle request +0-5 min,request anchor; not completed age or combat phase,1175.49,1475.49,300.0,200.0,269,241,80.7,72.30000000000001,188.40000000000003,234,20,240,9,0.0375,0.6899999999998983,8.345999999999929,0.3079499999999992,102,0.42323651452282157,41.699999999999996,0.12558139534883722,34,0,0.0,1.2134342408110865
5338a28e825b,TheViper,2012,team game,historical_147,2012-05 (uploaded 2012-05-27),False,9,5338a28e825b6a411e185b368e9d7e872c562289d9f4a6e5c368a8a63e16793d,42.177,False,Castle request +5-10 min,request anchor; not completed age or combat phase,1475.49,1775.49,300.0,200.0,203,188,60.89999999999999,56.4,120.60000000000001,132,20,187,7,0.0374331550802139,1.0199999999999818,7.3134000000000485,0.2864000000000004,46,0.24468085106382978,42.599999999999994,0.19148936170212766,34,0,0.0,1.2594283636531316
5338a28e825b,TheViper,2012,team game,historical_147,2012-05 (uploaded 2012-05-27),False,9,5338a28e825b6a411e185b368e9d7e872c562289d9f4a6e5c368a8a63e16793d,42.177,False,Imperial request +0-5 min,request anchor; not completed age or combat phase,1943.1,2243.1,300.0,200.0,158,150,47.400000000000006,45.0,90.60000000000001,102,20,149,7,0.04697986577181208,0.9899999999999345,12.633600000000106,0.3087000000000013,18,0.12,39.6,0.36046511627906974,41,0,0.0,1.9217508195838864
c15e438221ef,TheViper,2012,team game,historical_147,2012-05 (uploaded 2012-05-27),False,9,c15e438221ef8de29d6d16ed23f74656c108c9b9967ecb4dbaf92f797d418625,74.9625,True,0-10,clock phase,0,600,600,400.0,503,503,75.45,75.45,120.0,132,40,502,5,0.0099601593625498,0.6599999999999966,5.175000000000022,0.08520000000000011,119,0.23658051689860835,57.599999999999994,0.30927835051546393,28,0,0.0,0.9501872951380653
c15e438221ef,TheViper,2012,team game,historical_147,2012-05 (uploaded 2012-05-27),False,9,c15e438221ef8de29d6d16ed23f74656c108c9b9967ecb4dbaf92f797d418625,74.9625,True,10-20,clock phase,600,1200,600,400.0,534,481,80.1,72.14999999999999,120.29999999999998,132,40,480,8,0.016666666666666666,0.7199999999999704,5.53020000000004,0.1207500000000001,130,0.2702702702702703,52.65,0.23569794050343248,40,0,0.0,1.1835740327789515
c15e438221ef,TheViper,2012,team game,historical_147,2012-05 (uploaded 2012-05-27),False,9,c15e438221ef8de29d6d16ed23f74656c108c9b9967ecb4dbaf92f797d418625,74.9625,True,20-30,clock phase,1200,1800,600,400.0,490,417,73.5,62.55,163.49999999999991,192,40,416,18,0.04326923076923077,0.5399999999999636,13.54799999999997,0.43125,202,0.4844124700239808,32.25,0.25196850393700787,72,0,0.0,1.3889937381868198
c15e438221ef,TheViper,2012,team game,historical_147,2012-05 (uploaded 2012-05-27),False,9,c15e438221ef8de29d6d16ed23f74656c108c9b9967ecb4dbaf92f797d418625,74.9625,True,30-40,clock phase,1800,2400,600,400.0,365,347,54.75,52.050000000000004,114.89999999999995,138,40,346,16,0.046242774566473986,0.719999999999942,9.41639999999988,0.3389499999999994,105,0.3025936599423631,36.3,0.31448763250883394,43,0,0.0,1.5507124826946272
c15e438221ef,TheViper,2012,team game,historical_147,2012-05 (uploaded 2012-05-27),False,9,c15e438221ef8de29d6d16ed23f74656c108c9b9967ecb4dbaf92f797d418625,74.9625,True,40+,clock phase; variable length,2400,4497.75,2097.75,1398.5,1510,1215,64.78369681801931,52.12727922774401,90.59999999999997,126,139,1214,48,0.039538714991762765,0.7800000000000864,8.035500000000054,0.24538434036467638,256,0.21069958847736625,41.14408294601359,0.42857142857142855,399,0,0.0,1.7215820134101991
c15e438221ef,TheViper,2012,team game,historical_147,2012-05 (uploaded 2012-05-27),False,9,c15e438221ef8de29d6d16ed23f74656c108c9b9967ecb4dbaf92f797d418625,74.9625,True,40-45,clock phase; fixed five minutes,2400,2700,300,200.0,140,136,42.0,40.800000000000004,72.9,90,20,135,9,0.06666666666666667,1.0500000000000256,9.054600000000086,0.3477000000000028,19,0.13970588235294118,35.099999999999994,0.3191489361702128,26,0,0.0,1.7873508210313391
c15e438221ef,TheViper,2012,team game,historical_147,2012-05 (uploaded 2012-05-27),False,9,c15e438221ef8de29d6d16ed23f74656c108c9b9967ecb4dbaf92f797d418625,74.9625,True,40+ excluding final 60 game seconds,terminal minute sensitivity,2400,4437.75,2037.75,1358.5,1491,1198,65.85204269414795,52.911299227088705,91.79999999999998,126,135,1197,46,0.03842940685045948,0.7800000000000864,8.088300000000032,0.23507545086492468,255,0.21285475792988315,41.64887743835112,0.4261780104712042,390,0,0.0,1.7139708938036253
c15e438221ef,TheViper,2012,team game,historical_147,2012-05 (uploaded 2012-05-27),False,9,c15e438221ef8de29d6d16ed23f74656c108c9b9967ecb4dbaf92f797d418625,74.9625,True,Feudal request +0-5 min,request anchor; not completed age or combat phase,462.465,762.4649999999999,299.99999999999994,199.99999999999997,229,228,68.70000000000002,68.4,120.60000000000001,132,20,227,4,0.01762114537444934,0.9900000000000091,5.625600000000029,0.14040000000000022,58,0.2543859649122807,51.00000000000001,0.19047619047619047,25,0,0.0,1.1358900852326344
c15e438221ef,TheViper,2012,team game,historical_147,2012-05 (uploaded 2012-05-27),False,9,c15e438221ef8de29d6d16ed23f74656c108c9b9967ecb4dbaf92f797d418625,74.9625,True,Feudal request +5-10 min,request anchor; not completed age or combat phase,762.4649999999999,1062.465,300.0,200.0,288,257,86.39999999999999,77.1,144.0,144,20,256,5,0.01953125,0.5400000000000418,5.444100000000026,0.13545000000000035,82,0.31906614785992216,52.5,0.22317596566523606,18,0,0.0,1.150236785193962
c15e438221ef,TheViper,2012,team game,historical_147,2012-05 (uploaded 2012-05-27),False,9,c15e438221ef8de29d6d16ed23f74656c108c9b9967ecb4dbaf92f797d418625,74.9625,True,Castle request +0-5 min,request anchor; not completed age or combat phase,1195.695,1495.695,300.0,200.0,384,319,115.19999999999999,95.7,168.60000000000008,294,20,318,4,0.012578616352201259,0.5399999999999636,6.206099999999884,0.22359999999999913,164,0.5141065830721003,46.5,0.22837370242214533,50,0,0.0,1.4330914394633292
c15e438221ef,TheViper,2012,team game,historical_147,2012-05 (uploaded 2012-05-27),False,9,c15e438221ef8de29d6d16ed23f74656c108c9b9967ecb4dbaf92f797d418625,74.9625,True,Castle request +5-10 min,request anchor; not completed age or combat phase,1495.695,1795.695,300.0,200.0,107,99,32.1,29.7,97.50000000000003,126,20,98,12,0.12244897959183673,0.6899999999999764,15.258000000000047,0.6376000000000014,37,0.37373737373737376,18.6,0.32222222222222224,27,0,0.0,1.2000794795953018
c15e438221ef,TheViper,2012,team game,historical_147,2012-05 (uploaded 2012-05-27),False,9,c15e438221ef8de29d6d16ed23f74656c108c9b9967ecb4dbaf92f797d418625,74.9625,True,Imperial request +0-5 min,request anchor; not completed age or combat phase,2404.035,2704.035,300.0,200.0,141,137,42.3,41.1,60.90000000000001,78,20,136,9,0.0661764705882353,1.0799999999999272,9.054000000000093,0.34770000000000306,19,0.1386861313868613,35.4,0.3263157894736842,26,0,0.0,1.7806810794537178
c15e438221ef,TheViper,2012,team game,historical_147,2012-05 (uploaded 2012-05-27),False,9,c15e438221ef8de29d6d16ed23f74656c108c9b9967ecb4dbaf92f797d418625,74.9625,True,Imperial request +5-10 min,request anchor; not completed age or combat phase,2704.035,3004.035,300.0,200.0,205,175,61.49999999999999,52.5,78.9,96,20,174,7,0.040229885057471264,0.9000000000002402,7.008000000000122,0.22529999999999903,28,0.16,44.1,0.4796747967479675,80,0,0.0,1.8212153573234544
c15e438221ef,DauT,2012,team game,historical_147,2012-05 (uploaded 2012-05-27),False,9,c15e438221ef8de29d6d16ed23f74656c108c9b9967ecb4dbaf92f797d418625,74.9625,True,0-10,clock phase,0,600,600,400.0,523,523,78.45,78.45,132.89999999999995,186,40,522,6,0.011494252873563218,0.6599999999999469,5.156400000000021,0.08002500000000022,130,0.248565965583174,58.95,0.307843137254902,24,0,0.0,0.7093115923569834
c15e438221ef,DauT,2012,team game,historical_147,2012-05 (uploaded 2012-05-27),False,9,c15e438221ef8de29d6d16ed23f74656c108c9b9967ecb4dbaf92f797d418625,74.9625,True,10-20,clock phase,600,1200,600,400.0,288,288,43.199999999999996,43.199999999999996,78.59999999999997,102,40,287,10,0.03484320557491289,1.0199999999999818,9.878399999999965,0.1987499999999998,49,0.1701388888888889,35.85,0.5060728744939271,41,0,0.0,1.5388980818183524
c15e438221ef,DauT,2012,team game,historical_147,2012-05 (uploaded 2012-05-27),False,9,c15e438221ef8de29d6d16ed23f74656c108c9b9967ecb4dbaf92f797d418625,74.9625,True,20-30,clock phase,1200,1800,600,400.0,306,306,45.9,45.9,79.19999999999993,108,40,305,11,0.036065573770491806,0.9599999999998943,8.100599999999964,0.1999499999999999,63,0.20588235294117646,36.45,0.4601449275362319,66,0,0.0,1.3390814779932787
c15e438221ef,DauT,2012,team game,historical_147,2012-05 (uploaded 2012-05-27),False,9,c15e438221ef8de29d6d16ed23f74656c108c9b9967ecb4dbaf92f797d418625,74.9625,True,30-40,clock phase,1800,2400,600,400.0,339,339,50.85,50.85,102.0,114,40,338,7,0.020710059171597635,1.0199999999998113,6.973199999999983,0.12322499999999952,85,0.25073746312684364,38.1,0.4827586206896552,43,0,0.0,1.4063777461493228
c15e438221ef,DauT,2012,team game,historical_147,2012-05 (uploaded 2012-05-27),False,9,c15e438221ef8de29d6d16ed23f74656c108c9b9967ecb4dbaf92f797d418625,74.9625,True,40+,clock phase; variable length,2400,4497.75,2097.75,1398.5,933,903,40.02860207365033,38.741508759385056,72.0,102,139,902,59,0.06541019955654102,1.0799999999999272,8.814599999999722,0.29601001072577704,152,0.16832779623477298,32.22023596710761,0.49719101123595505,456,0,0.0,1.6488847905234636
c15e438221ef,DauT,2012,team game,historical_147,2012-05 (uploaded 2012-05-27),False,9,c15e438221ef8de29d6d16ed23f74656c108c9b9967ecb4dbaf92f797d418625,74.9625,True,40-45,clock phase; fixed five minutes,2400,2700,300,200.0,140,139,42.0,41.699999999999996,67.80000000000003,102,20,138,4,0.028985507246376812,1.0800000000002399,6.8129999999999535,0.13559999999999797,21,0.1510791366906475,35.4,0.4823529411764706,26,0,0.0,1.844199902371892
c15e438221ef,DauT,2012,team game,historical_147,2012-05 (uploaded 2012-05-27),False,9,c15e438221ef8de29d6d16ed23f74656c108c9b9967ecb4dbaf92f797d418625,74.9625,True,40+ excluding final 60 game seconds,terminal minute sensitivity,2400,4437.75,2037.75,1358.5,907,877,40.05888847994111,38.73389768126611,72.0,102,135,876,59,0.06735159817351598,1.0799999999999272,8.819999999999771,0.3047258005152736,148,0.16875712656784492,32.197276407802725,0.4956395348837209,442,0,0.0,1.6580301137221483
65e3f6795645,DauT,2012,team game,historical_147,2012-05 (uploaded 2012-05-27),False,9,65e3f6795645d4892f884123a1b4533c9a16d5e8ab664d88a86c16d7f11b5345,39.13275,False,0-10,clock phase,0,600,600,400.0,435,435,65.25,65.25,108.59999999999997,120,40,434,5,0.01152073732718894,0.6600000000000037,5.940000000000017,0.08040000000000021,87,0.2,52.2,0.37236533957845436,25,0,0.0,0.7037321741780385
65e3f6795645,DauT,2012,team game,historical_147,2012-05 (uploaded 2012-05-27),False,9,65e3f6795645d4892f884123a1b4533c9a16d5e8ab664d88a86c16d7f11b5345,39.13275,False,10-20,clock phase,600,1200,600,400.0,310,308,46.5,46.2,84.29999999999998,126,40,307,10,0.03257328990228013,1.0200000000000529,8.082600000000014,0.1708499999999999,81,0.262987012987013,34.05,0.4122137404580153,36,0,0.0,1.444737404879509
65e3f6795645,DauT,2012,team game,historical_147,2012-05 (uploaded 2012-05-27),False,9,65e3f6795645d4892f884123a1b4533c9a16d5e8ab664d88a86c16d7f11b5345,39.13275,False,20-30,clock phase,1200,1800,600,400.0,259,259,38.849999999999994,38.849999999999994,66.59999999999997,90,40,258,16,0.06201550387596899,1.0799999999999272,9.237600000000054,0.28702500000000064,71,0.27413127413127414,28.2,0.4253393665158371,76,0,0.0,1.5214972487379976
65e3f6795645,TheViper,2012,team game,historical_147,2012-05 (uploaded 2012-05-27),False,9,65e3f6795645d4892f884123a1b4533c9a16d5e8ab664d88a86c16d7f11b5345,39.13275,False,0-10,clock phase,0,600,600,400.0,481,480,72.14999999999999,72.0,114.59999999999997,144,40,479,2,0.0041753653444676405,0.7199999999999989,4.319999999999995,0.02864999999999995,91,0.18958333333333333,58.35,0.35129310344827586,34,0,0.0,0.8142329629723624
65e3f6795645,TheViper,2012,team game,historical_147,2012-05 (uploaded 2012-05-27),False,9,65e3f6795645d4892f884123a1b4533c9a16d5e8ab664d88a86c16d7f11b5345,39.13275,False,10-20,clock phase,600,1200,600,400.0,492,464,73.8,69.6,180.59999999999997,264,40,463,5,0.01079913606911447,0.6599999999999682,5.425799999999983,0.08962499999999991,146,0.3146551724137931,47.7,0.24528301886792453,35,0,0.0,1.0721456933891396
65e3f6795645,TheViper,2012,team game,historical_147,2012-05 (uploaded 2012-05-27),False,9,65e3f6795645d4892f884123a1b4533c9a16d5e8ab664d88a86c16d7f11b5345,39.13275,False,20-30,clock phase,1200,1800,600,400.0,604,548,90.6,82.2,138.0,168,40,547,4,0.007312614259597806,0.5100000000000477,4.382400000000015,0.08197499999999973,181,0.3302919708029197,55.05,0.18864097363083165,74,0,0.0,1.1861972175066433
65e3f6795645,TheViper,2012,team game,historical_147,2012-05 (uploaded 2012-05-27),False,9,65e3f6795645d4892f884123a1b4533c9a16d5e8ab664d88a86c16d7f11b5345,39.13275,False,Feudal request +0-5 min,request anchor; not completed age or combat phase,657.315,957.315,300.0,200.0,213,213,63.9,63.9,177.30000000000004,240,20,212,2,0.009433962264150943,0.674999999999983,5.126999999999932,0.06284999999999959,76,0.3568075117370892,41.1,0.23232323232323232,24,0,0.0,0.9824021226749934
65e3f6795645,TheViper,2012,team game,historical_147,2012-05 (uploaded 2012-05-27),False,9,65e3f6795645d4892f884123a1b4533c9a16d5e8ab664d88a86c16d7f11b5345,39.13275,False,Feudal request +5-10 min,request anchor; not completed age or combat phase,957.315,1257.315,300.0,200.0,298,269,89.4,80.7,156.9,174,20,268,2,0.007462686567164179,0.510000000000062,4.936499999999967,0.06315000000000026,77,0.2862453531598513,57.599999999999994,0.2551440329218107,24,0,0.0,1.2136322561240986
65e3f6795645,TheViper,2012,team game,historical_147,2012-05 (uploaded 2012-05-27),False,9,65e3f6795645d4892f884123a1b4533c9a16d5e8ab664d88a86c16d7f11b5345,39.13275,False,Castle request +0-5 min,request anchor; not completed age or combat phase,872.505,1172.505,300.0000000000001,200.00000000000009,261,243,78.29999999999997,72.89999999999996,174.60000000000002,186,20,242,1,0.004132231404958678,0.6599999999999966,4.706999999999988,0.026100000000000127,60,0.24691358024691357,54.89999999999998,0.3023255813953488,30,0,0.0,1.2334124977438636
65e3f6795645,TheViper,2012,team game,historical_147,2012-05 (uploaded 2012-05-27),False,9,65e3f6795645d4892f884123a1b4533c9a16d5e8ab664d88a86c16d7f11b5345,39.13275,False,Castle request +5-10 min,request anchor; not completed age or combat phase,1172.505,1472.505,300.0,200.0,304,281,91.2,84.3,114.30000000000001,120,20,280,1,0.0035714285714285713,0.6599999999999966,3.8478000000000296,0.03705000000000002,86,0.30604982206405695,58.5,0.17374517374517376,38,0,0.0,1.137437514914391
65e3f6795645,TheViper,2012,team game,historical_147,2012-05 (uploaded 2012-05-27),False,9,65e3f6795645d4892f884123a1b4533c9a16d5e8ab664d88a86c16d7f11b5345,39.13275,False,Imperial request +0-5 min,request anchor; not completed age or combat phase,1863.09,2163.09,300.0000000000002,200.00000000000014,200,177,59.99999999999996,53.09999999999996,102.0,102,20,176,8,0.045454545454545456,0.7199999999999562,7.084799999999999,0.26099999999999907,30,0.1694915254237288,44.099999999999966,0.3412698412698413,56,0,0.0,1.8237124597749383
52a03f0c9e03,DauT,2012,team game,historical_147,2012-05 (uploaded 2012-05-27),False,9,52a03f0c9e03a1be711a5b4dc827b2fab1244c1ae51e2b9980f8d9914cb90b54,40.497749999999996,False,0-10,clock phase,0,600,600,400.0,371,371,55.65,55.65,114.89999999999995,150,40,370,15,0.04054054054054054,0.6600000000000037,6.870600000000054,0.23332500000000078,74,0.19946091644204852,44.550000000000004,0.35097493036211697,23,0,0.0,0.7235995071154454
52a03f0c9e03,DauT,2012,team game,historical_147,2012-05 (uploaded 2012-05-27),False,9,52a03f0c9e03a1be711a5b4dc827b2fab1244c1ae51e2b9980f8d9914cb90b54,40.497749999999996,False,10-20,clock phase,600,1200,600,400.0,287,287,43.050000000000004,43.050000000000004,97.19999999999993,126,40,286,16,0.055944055944055944,0.9900000000000091,7.0967999999999645,0.258075,74,0.2578397212543554,31.95,0.2540983606557377,30,0,0.0,1.3206607128113124
52a03f0c9e03,DauT,2012,team game,historical_147,2012-05 (uploaded 2012-05-27),False,9,52a03f0c9e03a1be711a5b4dc827b2fab1244c1ae51e2b9980f8d9914cb90b54,40.497749999999996,False,20-30,clock phase,1200,1800,600,400.0,319,318,47.85,47.7,79.7999999999999,138,40,317,14,0.04416403785488959,0.9599999999999653,6.804599999999954,0.24322499999999941,91,0.2861635220125786,34.05,0.2835249042145594,57,0,0.0,1.5411432159127305
52a03f0c9e03,DauT,2012,team game,historical_147,2012-05 (uploaded 2012-05-27),False,9,52a03f0c9e03a1be711a5b4dc827b2fab1244c1ae51e2b9980f8d9914cb90b54,40.497749999999996,False,30-40,clock phase,1800,2400,600,400.0,277,274,41.55,41.1,78.0,78,40,273,15,0.054945054945054944,1.0199999999999818,7.747199999999895,0.26444999999999885,42,0.15328467153284672,34.8,0.41081081081081083,104,0,0.0,1.8721018148933282
52a03f0c9e03,DauT,2012,team game,historical_147,2012-05 (uploaded 2012-05-27),False,9,52a03f0c9e03a1be711a5b4dc827b2fab1244c1ae51e2b9980f8d9914cb90b54,40.497749999999996,False,40+,clock phase; variable length,2400,2429.865,29.86499999999978,19.909999999999854,20,17,60.271220492215406,51.23053741838309,42.0,42,1,16,0,0.0,0.6600000000000064,3.3614999999999022,0.0,2,0.11764705882352941,45.203415369161554,0.5714285714285714,54,0,0.0,1.2210477851797181
52a03f0c9e03,TheViper,2012,team game,historical_147,2012-05 (uploaded 2012-05-27),False,9,52a03f0c9e03a1be711a5b4dc827b2fab1244c1ae51e2b9980f8d9914cb90b54,40.497749999999996,False,0-10,clock phase,0,600,600,400.0,476,476,71.39999999999999,71.39999999999999,138.0,156,40,475,6,0.01263157894736842,0.6599999999999895,5.8085999999999975,0.10057500000000004,128,0.2689075630252101,52.2,0.3610503282275711,31,0,0.0,0.8989917469995141
52a03f0c9e03,TheViper,2012,team game,historical_147,2012-05 (uploaded 2012-05-27),False,9,52a03f0c9e03a1be711a5b4dc827b2fab1244c1ae51e2b9980f8d9914cb90b54,40.497749999999996,False,10-20,clock phase,600,1200,600,400.0,406,400,60.89999999999999,60.0,109.7999999999999,156,40,399,8,0.020050125313283207,0.660000000000025,6.798000000000009,0.14429999999999976,98,0.245,45.3,0.45272206303724927,40,0,0.0,1.4717388614362816
52a03f0c9e03,TheViper,2012,team game,historical_147,2012-05 (uploaded 2012-05-27),False,9,52a03f0c9e03a1be711a5b4dc827b2fab1244c1ae51e2b9980f8d9914cb90b54,40.497749999999996,False,20-30,clock phase,1200,1800,600,400.0,495,483,74.25,72.45,193.49999999999991,234,40,482,12,0.024896265560165973,0.4800000000000182,7.314000000000099,0.21367499999999992,189,0.391304347826087,44.1,0.34684684684684686,69,0,0.0,1.0266666567563663
52a03f0c9e03,TheViper,2012,team game,historical_147,2012-05 (uploaded 2012-05-27),False,9,52a03f0c9e03a1be711a5b4dc827b2fab1244c1ae51e2b9980f8d9914cb90b54,40.497749999999996,False,30-40,clock phase,1800,2400,600,400.0,381,342,57.15,51.3,110.09999999999988,162,40,341,14,0.04105571847507331,0.8400000000000034,7.799999999999883,0.23669999999999938,93,0.2719298245614035,37.35,0.40942028985507245,112,0,0.0,1.603615715646848
52a03f0c9e03,TheViper,2012,team game,historical_147,2012-05 (uploaded 2012-05-27),False,9,52a03f0c9e03a1be711a5b4dc827b2fab1244c1ae51e2b9980f8d9914cb90b54,40.497749999999996,False,40+,clock phase; variable length,2400,2429.865,29.86499999999978,19.909999999999854,14,14,42.18985434455079,42.18985434455079,84.0,84,1,13,0,0.0,0.4500000000001201,4.447199999999901,0.5575087895529803,3,0.21428571428571427,33.149171270718476,0.2857142857142857,41,0,0.0,0.5916727785823275
52a03f0c9e03,TheViper,2012,team game,historical_147,2012-05 (uploaded 2012-05-27),False,9,52a03f0c9e03a1be711a5b4dc827b2fab1244c1ae51e2b9980f8d9914cb90b54,40.497749999999996,False,Feudal request +0-5 min,request anchor; not completed age or combat phase,634.905,934.905,300.0,200.0,217,214,65.1,64.2,115.20000000000002,138,20,213,2,0.009389671361502348,0.6600000000000072,5.016000000000001,0.06600000000000011,53,0.24766355140186916,48.300000000000004,0.48936170212765956,21,0,0.0,1.3980583520367147
52a03f0c9e03,TheViper,2012,team game,historical_147,2012-05 (uploaded 2012-05-27),False,9,52a03f0c9e03a1be711a5b4dc827b2fab1244c1ae51e2b9980f8d9914cb90b54,40.497749999999996,False,Feudal request +5-10 min,request anchor; not completed age or combat phase,934.905,1234.905,300.0,200.0,192,189,57.599999999999994,56.699999999999996,108.60000000000001,120,20,188,6,0.031914893617021274,0.780000000000058,9.11879999999998,0.2225999999999995,44,0.2328042328042328,43.5,0.39263803680981596,34,0,0.0,1.5595429116280133
52a03f0c9e03,TheViper,2012,team game,historical_147,2012-05 (uploaded 2012-05-27),False,9,52a03f0c9e03a1be711a5b4dc827b2fab1244c1ae51e2b9980f8d9914cb90b54,40.497749999999996,False,Castle request +0-5 min,request anchor; not completed age or combat phase,911.835,1211.835,300.0,200.0,181,178,54.300000000000004,53.4,97.80000000000003,132,20,177,6,0.03389830508474576,0.8399999999999892,9.176400000000003,0.22259999999999963,39,0.21910112359550563,41.699999999999996,0.40268456375838924,34,0,0.0,1.666018267674874
52a03f0c9e03,TheViper,2012,team game,historical_147,2012-05 (uploaded 2012-05-27),False,9,52a03f0c9e03a1be711a5b4dc827b2fab1244c1ae51e2b9980f8d9914cb90b54,40.497749999999996,False,Castle request +5-10 min,request anchor; not completed age or combat phase,1211.835,1511.835,300.0,200.0,171,167,51.3,50.099999999999994,85.80000000000003,120,20,166,10,0.060240963855421686,0.8100000000000189,9.357600000000058,0.3554999999999995,59,0.3532934131736527,32.400000000000006,0.3841059602649007,47,0,0.0,1.0787886093430918
52a03f0c9e03,TheViper,2012,team game,historical_147,2012-05 (uploaded 2012-05-27),False,9,52a03f0c9e03a1be711a5b4dc827b2fab1244c1ae51e2b9980f8d9914cb90b54,40.497749999999996,False,Imperial request +0-5 min,request anchor; not completed age or combat phase,2057.085,2357.085,300.0,200.0,161,135,48.300000000000004,40.5,96.0,96,20,134,9,0.06716417910447761,1.2599999999999199,8.085600000000051,0.3226499999999987,32,0.23703703703703705,30.900000000000002,0.43010752688172044,73,0,0.0,1.7949995440359872
1c40a1c5da42,TheViper,2012,team game,historical_159,2012-08-24 (filename; uploaded 2012-08-26),False,9,1c40a1c5da422f8a64659c03fb82d39bfc1dc26e695bae950deadca13173a8de,60.846000000000004,True,0-10,clock phase,0,600,600,400.0,534,532,80.1,79.80000000000001,129.2999999999998,240,40,531,5,0.009416195856873822,0.75,5.5428000000000095,0.08129999999999991,118,0.22180451127819548,62.099999999999994,0.3359223300970874,33,0,0.0,0.7979720228239855
1c40a1c5da42,TheViper,2012,team game,historical_159,2012-08-24 (filename; uploaded 2012-08-26),False,9,1c40a1c5da422f8a64659c03fb82d39bfc1dc26e695bae950deadca13173a8de,60.846000000000004,True,10-20,clock phase,600,1200,600,400.0,567,555,85.05,83.25,144.29999999999998,174,40,554,7,0.01263537906137184,0.75,5.514600000000045,0.11787500000000034,181,0.3261261261261261,56.1,0.23976608187134502,31,0,0.0,0.903666536092363
1c40a1c5da42,TheViper,2012,team game,historical_159,2012-08-24 (filename; uploaded 2012-08-26),False,9,1c40a1c5da422f8a64659c03fb82d39bfc1dc26e695bae950deadca13173a8de,60.846000000000004,True,20-30,clock phase,1200,1800,600,400.0,280,272,42.0,40.800000000000004,84.29999999999998,132,40,271,20,0.07380073800738007,1.3799999999999528,9.111599999999896,0.3583500000000002,59,0.21691176470588236,31.95,0.3209302325581395,56,0,0.0,1.3774988141674385
1c40a1c5da42,TheViper,2012,team game,historical_159,2012-08-24 (filename; uploaded 2012-08-26),False,9,1c40a1c5da422f8a64659c03fb82d39bfc1dc26e695bae950deadca13173a8de,60.846000000000004,True,30-40,clock phase,1800,2400,600,400.0,405,352,60.75,52.8,90.89999999999995,198,40,351,15,0.042735042735042736,1.259999999999998,6.592500000000049,0.2524500000000009,58,0.16477272727272727,44.1,0.42738589211618255,93,0,0.0,1.6710453041623088
1c40a1c5da42,TheViper,2012,team game,historical_159,2012-08-24 (filename; uploaded 2012-08-26),False,9,1c40a1c5da422f8a64659c03fb82d39bfc1dc26e695bae950deadca13173a8de,60.846000000000004,True,40+,clock phase; variable length,2400,3650.76,1250.7600000000002,833.8400000000001,1000,813,71.95625059963541,58.50043173750359,125.39999999999995,216,83,812,32,0.03940886699507389,1.1699999999999022,10.874699999999894,0.3245586683296558,151,0.1857318573185732,47.63503789695864,0.328881469115192,279,0,0.0,1.8529604433041702
1c40a1c5da42,TheViper,2012,team game,historical_159,2012-08-24 (filename; uploaded 2012-08-26),False,9,1c40a1c5da422f8a64659c03fb82d39bfc1dc26e695bae950deadca13173a8de,60.846000000000004,True,40-45,clock phase; fixed five minutes,2400,2700,300,200.0,182,159,54.6,47.7,67.20000000000002,90,20,158,8,0.05063291139240506,1.379999999999809,8.987099999999943,0.2868000000000028,22,0.13836477987421383,41.1,0.4230769230769231,70,0,0.0,2.015955719108713
1c40a1c5da42,TheViper,2012,team game,historical_159,2012-08-24 (filename; uploaded 2012-08-26),False,9,1c40a1c5da422f8a64659c03fb82d39bfc1dc26e695bae950deadca13173a8de,60.846000000000004,True,40+ excluding final 60 game seconds,terminal minute sensitivity,2400,3590.76,1190.7600000000002,793.8400000000001,979,793,73.9947596492996,59.93651113574523,126.59999999999997,216,79,792,30,0.03787878787878788,1.199999999999818,10.898099999999873,0.2923259095031746,139,0.17528373266078184,49.43061574120728,0.3333333333333333,279,0,0.0,1.8799695234875649
1c40a1c5da42,TheViper,2012,team game,historical_159,2012-08-24 (filename; uploaded 2012-08-26),False,9,1c40a1c5da422f8a64659c03fb82d39bfc1dc26e695bae950deadca13173a8de,60.846000000000004,True,Feudal request +0-5 min,request anchor; not completed age or combat phase,698.49,998.49,300.0,200.0,292,290,87.6,87.0,133.50000000000003,162,20,289,4,0.01384083044982699,0.75,5.486400000000011,0.11040000000000014,103,0.35517241379310344,56.1,0.18045112781954886,23,0,0.0,1.0025858604376792
1c40a1c5da42,TheViper,2012,team game,historical_159,2012-08-24 (filename; uploaded 2012-08-26),False,9,1c40a1c5da422f8a64659c03fb82d39bfc1dc26e695bae950deadca13173a8de,60.846000000000004,True,Feudal request +5-10 min,request anchor; not completed age or combat phase,998.49,1298.49,300.0,200.0,216,205,64.80000000000001,61.49999999999999,121.80000000000003,156,20,204,6,0.029411764705882353,0.8100000000000946,8.095800000000066,0.20895000000000125,43,0.2097560975609756,48.6,0.2594594594594595,17,0,0.0,0.9467535666214417
1c40a1c5da42,TheViper,2012,team game,historical_159,2012-08-24 (filename; uploaded 2012-08-26),False,9,1c40a1c5da422f8a64659c03fb82d39bfc1dc26e695bae950deadca13173a8de,60.846000000000004,True,Castle request +0-5 min,request anchor; not completed age or combat phase,901.485,1201.4850000000001,300.0000000000001,200.00000000000009,234,224,70.19999999999997,67.19999999999996,133.50000000000003,162,20,223,6,0.026905829596412557,0.75,5.8614000000000175,0.2131000000000009,50,0.22321428571428573,52.19999999999998,0.215,17,0,0.0,0.887964719534788
1c40a1c5da42,TheViper,2012,team game,historical_159,2012-08-24 (filename; uploaded 2012-08-26),False,9,1c40a1c5da422f8a64659c03fb82d39bfc1dc26e695bae950deadca13173a8de,60.846000000000004,True,Castle request +5-10 min,request anchor; not completed age or combat phase,1201.4850000000001,1501.4850000000001,300.0,200.0,151,148,45.3,44.4,78.9,96,20,147,9,0.061224489795918366,1.37999999999996,9.002399999999914,0.31965,39,0.2635135135135135,32.7,0.2619047619047619,45,0,0.0,1.3412670525775003
1c40a1c5da42,TheViper,2012,team game,historical_159,2012-08-24 (filename; uploaded 2012-08-26),False,9,1c40a1c5da422f8a64659c03fb82d39bfc1dc26e695bae950deadca13173a8de,60.846000000000004,True,Imperial request +0-5 min,request anchor; not completed age or combat phase,2233.845,2533.845,300.0,200.0,199,169,59.7,50.699999999999996,78.60000000000001,90,20,168,6,0.03571428571428571,1.3799999999998,6.051000000000089,0.17340000000000289,25,0.14792899408284024,43.199999999999996,0.48514851485148514,78,0,0.0,2.069255016302503
1c40a1c5da42,TheViper,2012,team game,historical_159,2012-08-24 (filename; uploaded 2012-08-26),False,9,1c40a1c5da422f8a64659c03fb82d39bfc1dc26e695bae950deadca13173a8de,60.846000000000004,True,Imperial request +5-10 min,request anchor; not completed age or combat phase,2533.845,2833.845,300.0,200.0,195,166,58.5,49.8,114.0,114,20,165,9,0.05454545454545454,1.3800000000001091,9.427199999999786,0.3342000000000007,23,0.13855421686746988,42.9,0.362962962962963,79,0,0.0,1.5406778871102846
1c40a1c5da42,DauT,2012,team game,historical_159,2012-08-24 (filename; uploaded 2012-08-26),False,9,1c40a1c5da422f8a64659c03fb82d39bfc1dc26e695bae950deadca13173a8de,60.846000000000004,True,0-10,clock phase,0,600,600,400.0,348,348,52.2,52.2,132.0,138,40,347,12,0.0345821325648415,0.9899999999999993,7.823999999999993,0.2110500000000001,42,0.1206896551724138,45.9,0.38023952095808383,28,0,0.0,0.8776838792394357
1c40a1c5da42,DauT,2012,team game,historical_159,2012-08-24 (filename; uploaded 2012-08-26),False,9,1c40a1c5da422f8a64659c03fb82d39bfc1dc26e695bae950deadca13173a8de,60.846000000000004,True,10-20,clock phase,600,1200,600,400.0,294,292,44.1,43.8,102.29999999999998,114,40,291,15,0.05154639175257732,1.1400000000000148,7.971899999999989,0.25979999999999975,50,0.17123287671232876,36.3,0.45387453874538747,35,0,0.0,1.3612913278973346
1c40a1c5da42,DauT,2012,team game,historical_159,2012-08-24 (filename; uploaded 2012-08-26),False,9,1c40a1c5da422f8a64659c03fb82d39bfc1dc26e695bae950deadca13173a8de,60.846000000000004,True,20-30,clock phase,1200,1800,600,400.0,153,151,22.95,22.65,54.0,72,40,150,21,0.14,2.160000000000011,15.869399999999947,0.5041749999999992,20,0.13245033112582782,19.650000000000002,0.3238095238095238,25,0,0.0,1.7854248770773575
1c40a1c5da42,DauT,2012,team game,historical_159,2012-08-24 (filename; uploaded 2012-08-26),False,9,1c40a1c5da422f8a64659c03fb82d39bfc1dc26e695bae950deadca13173a8de,60.846000000000004,True,30-40,clock phase,1800,2400,600,400.0,154,152,23.1,22.8,48.89999999999995,276,40,151,26,0.17218543046357615,1.4699999999999562,18.89399999999994,0.706300000000002,36,0.23684210526315788,17.4,0.39325842696629215,60,0,0.0,1.7052882869503814
1c40a1c5da42,DauT,2012,team game,historical_159,2012-08-24 (filename; uploaded 2012-08-26),False,9,1c40a1c5da422f8a64659c03fb82d39bfc1dc26e695bae950deadca13173a8de,60.846000000000004,True,40+,clock phase; variable length,2400,3650.76,1250.7600000000002,833.8400000000001,171,170,12.304518852537655,12.232562601938021,36.0,48,83,169,43,0.25443786982248523,2.2949999999999307,44.280900000000024,0.8190660078672165,4,0.023529411764705882,11.944737599539478,0.6206896551724138,67,0,0.0,1.8024189590539617
1c40a1c5da42,DauT,2012,team game,historical_159,2012-08-24 (filename; uploaded 2012-08-26),False,9,1c40a1c5da422f8a64659c03fb82d39bfc1dc26e695bae950deadca13173a8de,60.846000000000004,True,40-45,clock phase; fixed five minutes,2400,2700,300,200.0,50,50,15.0,15.0,42.300000000000004,48,20,49,12,0.24489795918367346,1.9200000000000728,24.84119999999997,0.7525499999999995,1,0.02,14.7,0.625,38,0,0.0,2.0643602500376192
1c40a1c5da42,DauT,2012,team game,historical_159,2012-08-24 (filename; uploaded 2012-08-26),False,9,1c40a1c5da422f8a64659c03fb82d39bfc1dc26e695bae950deadca13173a8de,60.846000000000004,True,40+ excluding final 60 game seconds,terminal minute sensitivity,2400,3590.76,1190.7600000000002,793.8400000000001,167,167,12.622190869696661,12.622190869696661,36.599999999999966,48,79,166,42,0.25301204819277107,2.205000000000041,44.3731,0.8098483321576134,4,0.023952095808383235,12.319862944673988,0.6140350877192983,67,0,0.0,1.7765267659114468
bdaf8d46c8e5,TheViper,2026,1v1 ranked,viper_2026_session,2026-09-30T13:54:17+00:00,False,216,bdaf8d46c8e5896036fe088ea54ea15b5d3f7ba15a57ab8443ffc302ff4b022a,73.57913333333333,True,0-10,clock phase,0,600,600,355.02957377813306,822,622,138.91800470352172,105.11800355911254,162.0,168,35,621,3,0.004830917874396135,0.2461538378195054,3.5035383429147515,0.055185000000000144,237,0.38102893890675243,65.06500220298767,0.27887788778877887,26,2,3.549000120162964,0.7737497726450292
bdaf8d46c8e5,TheViper,2026,1v1 ranked,viper_2026_session,2026-09-30T13:54:17+00:00,False,216,bdaf8d46c8e5896036fe088ea54ea15b5d3f7ba15a57ab8443ffc302ff4b022a,73.57913333333333,True,10-20,clock phase,600,1200,600,355.02957377813306,1169,833,197.56100668907163,140.77700476646422,221.39999999999995,240,35,832,2,0.002403846153846154,0.23846153038763873,2.0461537768746725,0.03217499999999987,433,0.5198079231692677,67.60000228881835,0.4314214463840399,33,3,6.084000205993652,0.7513251160656713
bdaf8d46c8e5,TheViper,2026,1v1 ranked,viper_2026_session,2026-09-30T13:54:17+00:00,False,216,bdaf8d46c8e5896036fe088ea54ea15b5d3f7ba15a57ab8443ffc302ff4b022a,73.57913333333333,True,20-30,clock phase,1200,1800,600,355.02957377813306,1149,699,194.18100657463071,118.13100399971009,204.0,210,35,698,3,0.004297994269340974,0.23846153038766005,3.1307691247668004,0.05620333333333275,304,0.43490701001430615,66.75500226020813,0.39346811819595645,87,8,14.02700047492981,1.0407676863855588
bdaf8d46c8e5,TheViper,2026,1v1 ranked,viper_2026_session,2026-09-30T13:54:17+00:00,False,216,bdaf8d46c8e5896036fe088ea54ea15b5d3f7ba15a57ab8443ffc302ff4b022a,73.57913333333333,True,30-40,clock phase,1800,2400,600,355.02957377813306,1112,586,187.92800636291503,99.03400335311889,165.5999999999998,228,35,585,0,0.0,0.24615383781952715,3.8461537159297783,0.0,241,0.4112627986348123,58.305001974105835,0.3914656771799629,153,11,19.604000663757322,1.238551358683947
bdaf8d46c8e5,TheViper,2026,1v1 ranked,viper_2026_session,2026-09-30T13:54:17+00:00,False,216,bdaf8d46c8e5896036fe088ea54ea15b5d3f7ba15a57ab8443ffc302ff4b022a,73.57913333333333,True,40+,clock phase; variable length,2400,4414.748,2014.7479999999996,1192.158539517243,3960,1902,199.30235125960226,95.72552325650594,157.19999999999993,312,119,1901,12,0.00631246712256707,0.23846153038755347,4.446153695614625,0.06380797995580578,667,0.35068349106203994,62.15616257717394,0.40082644628099173,682,42,19.87990624937952,1.2456725744399348
bdaf8d46c8e5,TheViper,2026,1v1 ranked,viper_2026_session,2026-09-30T13:54:17+00:00,False,216,bdaf8d46c8e5896036fe088ea54ea15b5d3f7ba15a57ab8443ffc302ff4b022a,73.57913333333333,True,40-45,clock phase; fixed five minutes,2400,2700,300,177.51478688906653,457,245,154.46600522994993,82.81000280380249,145.2,150,17,244,3,0.012295081967213115,0.23846153038779416,5.0356152141181365,0.13272999999999982,67,0.27346938775510204,60.16400203704834,0.4375,133,16,28.730000972747803,1.5799656396560977
bdaf8d46c8e5,TheViper,2026,1v1 ranked,viper_2026_session,2026-09-30T13:54:17+00:00,False,216,bdaf8d46c8e5896036fe088ea54ea15b5d3f7ba15a57ab8443ffc302ff4b022a,73.57913333333333,True,40+ excluding final 60 game seconds,terminal minute sensitivity,2400,4354.748,1954.7479999999996,1156.6555821394297,3801,1825,197.17191834942304,94.669495129623,151.79999999999998,312,115,1824,12,0.006578947368421052,0.23846153038755347,4.449769080107641,0.06576653358898425,627,0.34356164383561644,62.14468776180183,0.4044526901669759,673,42,20.334488816883407,1.2577910292663326
bdaf8d46c8e5,TheViper,2026,1v1 ranked,viper_2026_session,2026-09-30T13:54:17+00:00,False,216,bdaf8d46c8e5896036fe088ea54ea15b5d3f7ba15a57ab8443ffc302ff4b022a,73.57913333333333,True,Feudal request +0-5 min,request anchor; not completed age or combat phase,374.192,674.192,300.0,177.51478688906653,482,361,162.91600551605225,122.01800413131713,202.79999999999995,246,17,360,0,0.0,0.23846153038765783,2.251230693008002,0.0,150,0.4155124653739612,71.31800241470336,0.21865889212827988,14,3,3.7180001258850095,0.8011537212999451
bdaf8d46c8e5,TheViper,2026,1v1 ranked,viper_2026_session,2026-09-30T13:54:17+00:00,False,216,bdaf8d46c8e5896036fe088ea54ea15b5d3f7ba15a57ab8443ffc302ff4b022a,73.57913333333333,True,Feudal request +5-10 min,request anchor; not completed age or combat phase,674.192,974.192,300.0,177.51478688906653,613,402,207.19400701522827,135.8760046005249,208.79999999999998,228,17,401,1,0.0024937655860349127,0.23846153038765294,1.927692242424017,0.03523000000000027,191,0.47512437810945274,71.31800241470336,0.43041237113402064,23,2,8.112000274658202,0.7590878735154959
bdaf8d46c8e5,TheViper,2026,1v1 ranked,viper_2026_session,2026-09-30T13:54:17+00:00,False,216,bdaf8d46c8e5896036fe088ea54ea15b5d3f7ba15a57ab8443ffc302ff4b022a,73.57913333333333,True,Castle request +0-5 min,request anchor; not completed age or combat phase,1035.762,1335.762,300.0,177.51478688906653,546,412,184.5480062484741,139.25600471496583,216.0,216,17,411,1,0.0024330900243309003,0.23846153038763873,2.989615283392176,0.02911999999999955,240,0.5825242718446602,58.13600196838379,0.5223880597014925,26,4,6.422000217437744,0.6611025742835446
bdaf8d46c8e5,TheViper,2026,1v1 ranked,viper_2026_session,2026-09-30T13:54:17+00:00,False,216,bdaf8d46c8e5896036fe088ea54ea15b5d3f7ba15a57ab8443ffc302ff4b022a,73.57913333333333,True,Castle request +5-10 min,request anchor; not completed age or combat phase,1335.762,1635.762,300.0,177.51478688906653,578,363,195.36400661468505,122.69400415420532,187.2,192,17,362,1,0.0027624309392265192,0.23846153038766715,2.523076837650001,0.031156666666666537,129,0.35537190082644626,79.09200267791748,0.3932926829268293,46,7,13.520000457763672,1.0799333990873592
bdaf8d46c8e5,TheViper,2026,1v1 ranked,viper_2026_session,2026-09-30T13:54:17+00:00,False,216,bdaf8d46c8e5896036fe088ea54ea15b5d3f7ba15a57ab8443ffc302ff4b022a,73.57913333333333,True,Imperial request +0-5 min,request anchor; not completed age or combat phase,2007.512,2307.5119999999997,299.9999999999998,177.5147868890664,534,256,180.49200611114517,86.52800292968757,117.6,132,17,255,0,0.0,0.24615383781960531,4.012461402606547,0.0,92,0.359375,55.432001876831094,0.43162393162393164,109,11,19.60400066375734,1.3701181125790862
bdaf8d46c8e5,TheViper,2026,1v1 ranked,viper_2026_session,2026-09-30T13:54:17+00:00,False,216,bdaf8d46c8e5896036fe088ea54ea15b5d3f7ba15a57ab8443ffc302ff4b022a,73.57913333333333,True,Imperial request +5-10 min,request anchor; not completed age or combat phase,2307.5119999999997,2607.5119999999997,300.0,177.51478688906653,474,262,160.21200542449952,88.55600299835204,145.1999999999999,246,17,261,3,0.011494252873563218,0.24230768410370018,5.0114613687821015,0.13272999999999982,85,0.3244274809160305,59.82600202560425,0.45982142857142855,136,16,29.068000984191894,1.480365490769046
91de7aa859e1,TheViper,2026,1v1 ranked,viper_2026_session,2026-09-30T14:50:16+00:00,False,216,91de7aa859e10daf0c562c7edd264a1cfe33da7b2d302ee631ea09e27b1d17eb,28.100366666666666,False,0-10,clock phase,0,600,600,355.02957377813306,818,608,138.24200468063353,102.7520034790039,150.0,162,35,607,1,0.0016474464579901153,0.24615383781950584,3.118153740578566,0.015578333333333309,234,0.3848684210526316,63.20600214004516,0.39316239316239315,30,2,4.5630001544952385,0.903697232215419
91de7aa859e1,TheViper,2026,1v1 ranked,viper_2026_session,2026-09-30T14:50:16+00:00,False,216,91de7aa859e10daf0c562c7edd264a1cfe33da7b2d302ee631ea09e27b1d17eb,28.100366666666666,False,10-20,clock phase,600,1200,600,355.02957377813306,996,650,168.3240056991577,109.85000371932983,171.59999999999997,198,35,649,2,0.0030816640986132513,0.23846153038766715,3.138846047570272,0.03386499999999985,289,0.44461538461538463,61.009002065658564,0.45107794361525705,59,3,8.281000280380248,1.2466786900998765
91de7aa859e1,TheViper,2026,1v1 ranked,viper_2026_session,2026-09-30T14:50:16+00:00,False,216,91de7aa859e10daf0c562c7edd264a1cfe33da7b2d302ee631ea09e27b1d17eb,28.100366666666666,False,Feudal request +0-5 min,request anchor; not completed age or combat phase,395.369,695.369,300.0,177.51478688906653,377,272,127.4260043144226,91.93600311279297,133.2,138,17,271,1,0.0036900369003690036,0.29999998984252585,3.607692185542125,0.031156666666666617,100,0.36764705882352944,58.13600196838379,0.5537848605577689,29,2,5.746000194549561,1.2498345170022493
91de7aa859e1,TheViper,2026,1v1 ranked,viper_2026_session,2026-09-30T14:50:16+00:00,False,216,91de7aa859e10daf0c562c7edd264a1cfe33da7b2d302ee631ea09e27b1d17eb,28.100366666666666,False,Feudal request +5-10 min,request anchor; not completed age or combat phase,695.369,995.369,300.0,177.51478688906653,506,333,171.02800579071044,112.55400381088256,145.2,174,17,332,0,0.0,0.23846153038766715,2.4076922261720166,0.028333333333333398,147,0.44144144144144143,62.86800212860107,0.42718446601941745,26,2,6.760000228881836,1.227220621525812
65486e44c665,TheViper,2026,1v1 ranked,viper_2026_session,2026-09-30T15:10:04+00:00,False,25,65486e44c665242edfd9deb56a9c04991c2b1c80bbc7200d45af2758457008df,32.48786666666667,False,0-10,clock phase,0,600,600,355.02957377813306,761,586,128.60900435447692,99.03400335311889,150.0,156,35,585,2,0.003418803418803419,0.23846153038766715,4.367384467512573,0.03148166666666669,246,0.4197952218430034,57.460001945495605,0.34991119005328597,27,2,4.056000137329101,0.8727601370106097
65486e44c665,TheViper,2026,1v1 ranked,viper_2026_session,2026-09-30T15:10:04+00:00,False,25,65486e44c665242edfd9deb56a9c04991c2b1c80bbc7200d45af2758457008df,32.48786666666667,False,10-20,clock phase,600,1200,600,355.02957377813306,782,495,132.15800447463988,83.65500283241272,186.0,186,35,494,4,0.008097165991902834,0.2461538378194632,4.8215382982895685,0.1008799999999998,201,0.40606060606060607,49.68600168228149,0.3516949152542373,41,6,4.056000137329101,0.9853470249876739
65486e44c665,TheViper,2026,1v1 ranked,viper_2026_session,2026-09-30T15:10:04+00:00,False,25,65486e44c665242edfd9deb56a9c04991c2b1c80bbc7200d45af2758457008df,32.48786666666667,False,20-30,clock phase,1200,1800,600,355.02957377813306,897,552,151.59300513267516,93.28800315856934,163.19999999999993,204,35,551,5,0.009074410163339383,0.23846153038766715,4.503846001353818,0.10662166666666693,271,0.49094202898550726,47.4890016078949,0.4027237354085603,71,9,9.802000331878661,1.294735288561423
65486e44c665,TheViper,2026,1v1 ranked,viper_2026_session,2026-09-30T15:10:04+00:00,False,25,65486e44c665242edfd9deb56a9c04991c2b1c80bbc7200d45af2758457008df,32.48786666666667,False,Feudal request +0-5 min,request anchor; not completed age or combat phase,442.091,742.091,300.0,177.51478688906653,357,266,120.66600408554078,89.9080030441284,141.6,156,17,265,0,0.0,0.24615383781947742,4.733845993566371,0.0,89,0.33458646616541354,59.82600202560425,0.5180722891566265,31,4,3.042000102996826,1.2600099743549318
65486e44c665,TheViper,2026,1v1 ranked,viper_2026_session,2026-09-30T15:10:04+00:00,False,25,65486e44c665242edfd9deb56a9c04991c2b1c80bbc7200d45af2758457008df,32.48786666666667,False,Feudal request +5-10 min,request anchor; not completed age or combat phase,742.091,1042.091,299.9999999999999,177.51478688906644,349,196,117.96200399398809,66.24800224304202,135.6,150,17,195,3,0.015384615384615385,0.2461538378194632,5.161538286777774,0.16046333333333343,74,0.37755102040816324,41.23600139617921,0.25268817204301075,34,3,4.732000160217287,0.8941501356561607
65486e44c665,TheViper,2026,1v1 ranked,viper_2026_session,2026-09-30T15:10:04+00:00,False,25,65486e44c665242edfd9deb56a9c04991c2b1c80bbc7200d45af2758457008df,32.48786666666667,False,Castle request +0-5 min,request anchor; not completed age or combat phase,1096.758,1396.758,300.0,177.51478688906653,486,298,164.2680055618286,100.72400341033935,178.79999999999998,198,17,297,2,0.006734006734006734,0.23846153038765294,3.9930767878782123,0.11166999999999916,163,0.5469798657718121,45.63000154495239,0.31785714285714284,33,7,6.422000217437744,0.9665645538364366
65486e44c665,TheViper,2026,1v1 ranked,viper_2026_session,2026-09-30T15:10:04+00:00,False,25,65486e44c665242edfd9deb56a9c04991c2b1c80bbc7200d45af2758457008df,32.48786666666667,False,Castle request +5-10 min,request anchor; not completed age or combat phase,1396.758,1696.758,300.0,177.51478688906653,397,279,134.18600454330445,94.30200319290161,145.2,150,17,278,2,0.007194244604316547,0.24615383781954758,4.01069217189727,0.09805666666666782,132,0.4731182795698925,49.68600168228149,0.4296577946768061,37,7,12.168000411987304,1.2748112418459265
67f43712e111,TheViper,2026,1v1 ranked,viper_2026_session,2026-09-30T15:31:40+00:00,False,216,67f43712e111b3177e16c4540b8cfcca93806fb8b7d343a75bc7f378ed9f62d7,22.73115,False,0-10,clock phase,0,600,600,355.02957377813306,841,646,142.1290048122406,109.17400369644164,151.79999999999998,162,35,645,1,0.0015503875968992248,0.23846153038766715,3.0076922058570847,0.016250000000000035,264,0.4086687306501548,64.55800218582152,0.3446054750402576,29,2,3.887000131607055,0.8011504281006204
67f43712e111,TheViper,2026,1v1 ranked,viper_2026_session,2026-09-30T15:31:40+00:00,False,216,67f43712e111b3177e16c4540b8cfcca93806fb8b7d343a75bc7f378ed9f62d7,22.73115,False,10-20,clock phase,600,1200,600,355.02957377813306,794,595,134.18600454330445,100.55500340461731,183.59999999999997,282,35,594,3,0.005050505050505051,0.23846153038766715,3.6076921855421094,0.07514000000000001,252,0.4235294117647059,57.96700196266174,0.3968253968253968,37,2,5.070000171661377,0.9713811282188833
67f43712e111,TheViper,2026,1v1 ranked,viper_2026_session,2026-09-30T15:31:40+00:00,False,216,67f43712e111b3177e16c4540b8cfcca93806fb8b7d343a75bc7f378ed9f62d7,22.73115,False,Feudal request +0-5 min,request anchor; not completed age or combat phase,400.647,700.6469999999999,299.99999999999994,177.5147868890665,382,287,129.11600437164307,97.00600328445437,151.2,180,17,286,1,0.0034965034965034965,0.23846153038766715,3.5203844961905255,0.03250000000000007,123,0.42857142857142855,55.43200187683106,0.4416058394160584,26,2,5.070000171661377,1.0506300914407736
67f43712e111,TheViper,2026,1v1 ranked,viper_2026_session,2026-09-30T15:31:40+00:00,False,216,67f43712e111b3177e16c4540b8cfcca93806fb8b7d343a75bc7f378ed9f62d7,22.73115,False,Feudal request +5-10 min,request anchor; not completed age or combat phase,700.6469999999999,1000.6469999999999,300.0,177.51478688906653,473,343,159.87400541305541,115.93400392532348,200.39999999999992,282,17,342,0,0.0,0.23846153038766715,3.1526152778733216,0.0,148,0.4314868804664723,65.9100022315979,0.36615384615384616,23,2,6.084000205993652,0.910120285700386
67f43712e111,TheViper,2026,1v1 ranked,viper_2026_session,2026-09-30T15:31:40+00:00,False,216,67f43712e111b3177e16c4540b8cfcca93806fb8b7d343a75bc7f378ed9f62d7,22.73115,False,Castle request +0-5 min,request anchor; not completed age or combat phase,1029.119,1329.119,300.0,177.51478688906653,349,259,117.96200399398803,87.54200296401977,121.19999999999999,126,17,258,2,0.007751937984496124,0.361538449297484,3.8313844856605965,0.09884333333333342,84,0.32432432432432434,59.15000200271606,0.5443548387096774,38,4,5.746000194549561,1.1663673449404868
3598af4f05ca,TheViper,2026,1v1 ranked,viper_2026_session,2026-09-30T15:48:39+00:00,False,29,3598af4f05ca18bb96d8ada9d70a6bd1df71e08d3933be4960f3640b46b976e5,14.623050000000001,False,0-10,clock phase,0,600,600,355.02957377813306,684,530,115.59600391387939,89.57000303268433,156.0,240,35,529,4,0.007561436672967864,0.35384614186553165,4.328692161130324,0.1181483333333336,226,0.42641509433962266,51.37600173950195,0.3655705996131528,32,1,3.380000114440918,0.9133196978523472
3598af4f05ca,TheViper,2026,1v1 ranked,viper_2026_session,2026-09-30T15:48:39+00:00,False,29,3598af4f05ca18bb96d8ada9d70a6bd1df71e08d3933be4960f3640b46b976e5,14.623050000000001,False,Feudal request +0-5 min,request anchor; not completed age or combat phase,502.619,802.619,300.0,177.51478688906653,230,169,77.74000263214111,57.12200193405151,135.59999999999997,174,17,168,6,0.03571428571428571,0.36153844929739876,10.551922719653337,0.3256933333333331,60,0.35502958579881655,36.842001247406,0.5,26,2,3.380000114440918,1.549258795722899
hc4_tatoh_vs_hera,TaToH,2021,tournament,HC4 Ro16 vs Hera,2021-03,True,59,f43d74ec5262de1d96691791afcba47d3b1d364a42cfed669a920a144c6dc75f,69.45036666666667,True,0-10,clock phase,0,600,600,355.02957377813306,628,599,106.13200359344482,101.23100342750548,163.79999999999998,174,35,598,3,0.005016722408026756,0.24852070164470774,2.9534200183454904,0.06211333333333338,195,0.32554257095158595,68.27600231170653,0.4031413612565445,34,2,4.9010001659393305,0.8243018567639684
hc4_tatoh_vs_hera,TaToH,2021,tournament,HC4 Ro16 vs Hera,2021-03,True,59,f43d74ec5262de1d96691791afcba47d3b1d364a42cfed669a920a144c6dc75f,69.45036666666667,True,10-20,clock phase,600,1200,600,355.02957377813306,495,474,83.65500283241272,80.10600271224976,145.79999999999998,174,35,473,7,0.014799154334038054,0.36449702907884785,6.002934707993669,0.14679833333333364,176,0.37130801687763715,50.362001705169675,0.36343115124153497,35,6,3.380000114440918,1.2612344256678365
hc4_tatoh_vs_hera,TaToH,2021,tournament,HC4 Ro16 vs Hera,2021-03,True,59,f43d74ec5262de1d96691791afcba47d3b1d364a42cfed669a920a144c6dc75f,69.45036666666667,True,20-30,clock phase,1200,1800,600,355.02957377813306,517,434,87.37300295829773,73.34600248336793,129.59999999999997,168,35,433,3,0.006928406466512702,0.36449702907887627,4.882437704511638,0.060760000000000126,109,0.2511520737327189,54.92500185966492,0.37714285714285717,45,10,12.844000434875488,1.6258455479349105
hc4_tatoh_vs_hera,TaToH,2021,tournament,HC4 Ro16 vs Hera,2021-03,True,59,f43d74ec5262de1d96691791afcba47d3b1d364a42cfed669a920a144c6dc75f,69.45036666666667,True,30-40,clock phase,1800,2400,600,355.02957377813306,576,454,97.34400329589843,76.72600259780883,120.0,156,35,453,4,0.008830022075055188,0.36449702907887627,4.576425880553041,0.08637999999999915,99,0.21806167400881057,59.99500203132629,0.40730337078651685,135,14,19.43500065803528,1.759567378773611
hc4_tatoh_vs_hera,TaToH,2021,tournament,HC4 Ro16 vs Hera,2021-03,True,59,f43d74ec5262de1d96691791afcba47d3b1d364a42cfed669a920a144c6dc75f,69.45036666666667,True,40+,clock phase; variable length,2400,4167.022,1767.022,1045.5751125276404,1816,1214,104.21059060653529,69.66500935921466,126.0,180,104,1213,17,0.014014839241549877,0.36449702907884785,5.233183254766156,0.10058957952985281,247,0.20345963756177923,55.490991804250896,0.4492753623188406,616,49,33.28311814525907,1.7810500456258391
hc4_tatoh_vs_hera,TaToH,2021,tournament,HC4 Ro16 vs Hera,2021-03,True,59,f43d74ec5262de1d96691791afcba47d3b1d364a42cfed669a920a144c6dc75f,69.45036666666667,True,40-45,clock phase; fixed five minutes,2400,2700,300,177.51478688906653,275,178,92.95000314712523,60.16400203704834,85.19999999999999,90,17,177,1,0.005649717514124294,0.48047335651301637,4.547928840097981,0.033693333333333915,39,0.21910112359550563,46.98200159072876,0.4533333333333333,140,14,31.434001064300535,1.717336840877616
hc4_tatoh_vs_hera,TaToH,2021,tournament,HC4 Ro16 vs Hera,2021-03,True,59,f43d74ec5262de1d96691791afcba47d3b1d364a42cfed669a920a144c6dc75f,69.45036666666667,True,40+ excluding final 60 game seconds,terminal minute sensitivity,2400,4107.022,1707.022,1010.072155149827,1767,1180,104.9627984094599,70.09400233342541,126.0,180,101,1179,16,0.013570822731128074,0.36449702907884785,5.15663887865967,0.10094538910453392,240,0.2033898305084746,55.83759507916939,0.4485683987274655,608,47,33.56195874439436,1.770554113239334
hc4_tatoh_vs_hera,TaToH,2021,tournament,HC4 Ro16 vs Hera,2021-03,True,59,f43d74ec5262de1d96691791afcba47d3b1d364a42cfed669a920a144c6dc75f,69.45036666666667,True,Feudal request +0-5 min,request anchor; not completed age or combat phase,686.539,986.539,300.0,177.51478688906653,195,190,65.9100022315979,64.22000217437744,98.39999999999999,108,17,189,7,0.037037037037037035,0.36449702907887627,8.254887294468434,0.2935966666666673,60,0.3157894736842105,43.940001487731934,0.3352272727272727,24,3,1.690000057220459,1.3220869925371235
hc4_tatoh_vs_hera,TaToH,2021,tournament,HC4 Ro16 vs Hera,2021-03,True,59,f43d74ec5262de1d96691791afcba47d3b1d364a42cfed669a920a144c6dc75f,69.45036666666667,True,Feudal request +5-10 min,request anchor; not completed age or combat phase,986.539,1286.539,300.0,177.51478688906653,266,248,89.9080030441284,83.82400283813477,142.79999999999998,162,17,247,1,0.004048582995951417,0.36449702907887627,3.7253253176539523,0.04806666666666693,74,0.29838709677419356,58.81200199127197,0.3700440528634361,20,6,6.084000205993652,1.1420480406436675
hc4_tatoh_vs_hera,TaToH,2021,tournament,HC4 Ro16 vs Hera,2021-03,True,59,f43d74ec5262de1d96691791afcba47d3b1d364a42cfed669a920a144c6dc75f,69.45036666666667,True,Castle request +0-5 min,request anchor; not completed age or combat phase,888.921,1188.921,300.0,177.51478688906653,269,253,90.92200307846069,85.51400289535522,141.6,156,17,252,1,0.003968253968253968,0.36449702907886916,3.7775146649993516,0.05009000000000014,83,0.32806324110671936,57.460001945495605,0.3559322033898305,24,6,5.408000183105469,1.2203843729985309
hc4_tatoh_vs_hera,TaToH,2021,tournament,HC4 Ro16 vs Hera,2021-03,True,59,f43d74ec5262de1d96691791afcba47d3b1d364a42cfed669a920a144c6dc75f,69.45036666666667,True,Castle request +5-10 min,request anchor; not completed age or combat phase,1188.921,1488.921,300.0,177.51478688906653,229,196,77.40200262069702,66.24800224304198,123.6,138,17,195,2,0.010256410256410256,0.36449702907887627,5.119195092945221,0.08857333333333374,48,0.24489795918367346,50.02400169372559,0.39751552795031053,33,6,10.140000343322754,1.5643872582208145
hc4_tatoh_vs_hera,TaToH,2021,tournament,HC4 Ro16 vs Hera,2021-03,True,59,f43d74ec5262de1d96691791afcba47d3b1d364a42cfed669a920a144c6dc75f,69.45036666666667,True,Imperial request +0-5 min,request anchor; not completed age or combat phase,1963.656,2263.656,300.0,177.51478688906653,284,226,95.99200325012207,76.38800258636475,99.6,114,17,225,3,0.013333333333333334,0.36449702907887627,5.716638859698933,0.13159999999999858,56,0.24778761061946902,57.460001945495605,0.4406779661016949,83,10,18.928000640869136,1.856564281434843
hc4_tatoh_vs_hera,TaToH,2021,tournament,HC4 Ro16 vs Hera,2021-03,True,59,f43d74ec5262de1d96691791afcba47d3b1d364a42cfed669a920a144c6dc75f,69.45036666666667,True,Imperial request +5-10 min,request anchor; not completed age or combat phase,2263.656,2563.656,300.0,177.51478688906653,298,208,100.72400341033935,70.30400238037109,123.59999999999997,162,17,207,1,0.004830917874396135,0.36449702907887627,4.475857836620909,0.03369333333333387,47,0.22596153846153846,54.418001842498775,0.40119760479041916,110,17,28.39200096130371,1.693905345491253
lobby_509101119,TaToH,2026,tournament,vs CNZS_Donghaidi,2026-09-25T14:14:41+00:00,False,59,56e5d28c9360d67fb2b5e3e6b4ec66942e9d41ccd266f3ff165c6ba9fb22ab4a,27.49801666666667,False,0-10,clock phase,0,600,600,355.02957377813306,709,608,119.82100405693053,102.7520034790039,190.79999999999973,276,35,607,4,0.006589785831960461,0.23846153038766715,4.330307545691019,0.0717600000000003,201,0.3305921052631579,68.78300232887268,0.38128249566724437,31,1,3.7180001258850095,0.9323977717258543
lobby_509101119,TaToH,2026,tournament,vs CNZS_Donghaidi,2026-09-25T14:14:41+00:00,False,59,56e5d28c9360d67fb2b5e3e6b4ec66942e9d41ccd266f3ff165c6ba9fb22ab4a,27.49801666666667,False,10-20,clock phase,600,1200,600,355.02957377813306,760,491,128.44000434875488,82.97900280952453,139.79999999999998,144,35,490,7,0.014285714285714285,0.361538449297484,5.543461350769572,0.1333799999999995,116,0.23625254582484725,63.37500214576721,0.4967032967032967,49,6,8.788000297546386,1.2800152412889276
lobby_509101119,TaToH,2026,tournament,vs CNZS_Donghaidi,2026-09-25T14:14:41+00:00,False,59,56e5d28c9360d67fb2b5e3e6b4ec66942e9d41ccd266f3ff165c6ba9fb22ab4a,27.49801666666667,False,Feudal request +0-5 min,request anchor; not completed age or combat phase,363.493,663.4929999999999,299.99999999999994,177.5147868890665,337,308,113.90600385665894,104.10400352478028,244.79999999999998,264,17,307,5,0.016286644951140065,0.23846153038765827,5.856461340171947,0.18620333333333347,139,0.4512987012987013,57.122001934051525,0.3870967741935484,28,1,1.0140000343322755,1.3085901567914024
lobby_509101119,TaToH,2026,tournament,vs CNZS_Donghaidi,2026-09-25T14:14:41+00:00,False,59,56e5d28c9360d67fb2b5e3e6b4ec66942e9d41ccd266f3ff165c6ba9fb22ab4a,27.49801666666667,False,Feudal request +5-10 min,request anchor; not completed age or combat phase,663.4929999999999,963.4929999999999,300.0,177.51478688906653,316,235,106.80800361633301,79.43000268936157,130.79999999999998,150,17,234,3,0.01282051282051282,0.4769230607753059,4.967461370271949,0.10828999999999955,55,0.23404255319148937,60.840002059936516,0.49765258215962443,36,5,6.760000228881836,1.3097943427673548
lobby_509101119,TaToH,2026,tournament,vs CNZS_Donghaidi,2026-09-25T14:14:41+00:00,False,59,56e5d28c9360d67fb2b5e3e6b4ec66942e9d41ccd266f3ff165c6ba9fb22ab4a,27.49801666666667,False,Castle request +0-5 min,request anchor; not completed age or combat phase,581.438,881.438,300.0,177.51478688906653,283,230,95.65400323867797,77.74000263214111,151.2,156,17,229,5,0.021834061135371178,0.36153844929739876,5.823384418214927,0.18819666666666612,59,0.2565217391304348,57.79800195693969,0.542713567839196,37,4,3.7180001258850095,1.4867116436861525
lobby_509101119,TaToH,2026,tournament,vs CNZS_Donghaidi,2026-09-25T14:14:41+00:00,False,59,56e5d28c9360d67fb2b5e3e6b4ec66942e9d41ccd266f3ff165c6ba9fb22ab4a,27.49801666666667,False,Castle request +5-10 min,request anchor; not completed age or combat phase,881.438,1181.438,300.0000000000001,177.51478688906658,470,267,158.8600053787231,90.24600305557247,134.39999999999998,144,17,266,2,0.007518796992481203,0.3615384492974556,4.572692152868882,0.078563333333333,65,0.24344569288389514,68.27600231170652,0.4474708171206226,29,4,12.844000434875483,1.0997705803567321
lobby_509105894,TaToH,2026,tournament,vs CNZS_Donghaidi,2026-09-25T14:38:44+00:00,False,59,e7a1406bf2458186aff677ac825cb98149347ad9d8f47948cfd884599644d91a,50.27551666666667,True,0-10,clock phase,0,600,600,355.02957377813306,565,478,95.48500323295593,80.78200273513794,146.99999999999991,186,35,477,5,0.010482180293501049,0.24615383781950584,4.777230607482044,0.14592500000000036,126,0.26359832635983266,59.48800201416015,0.36533957845433257,26,1,2.1970000743865965,1.3493443802868972
lobby_509105894,TaToH,2026,tournament,vs CNZS_Donghaidi,2026-09-25T14:38:44+00:00,False,59,e7a1406bf2458186aff677ac825cb98149347ad9d8f47948cfd884599644d91a,50.27551666666667,True,10-20,clock phase,600,1200,600,355.02957377813306,607,385,102.58300347328185,65.06500220298767,102.0,102,35,384,6,0.015625,0.47692306077524904,5.812153649364456,0.11305666666666662,77,0.2,52.052001762390134,0.38741721854304634,51,5,13.351000452041626,1.6774912505636013
lobby_509105894,TaToH,2026,tournament,vs CNZS_Donghaidi,2026-09-25T14:38:44+00:00,False,59,e7a1406bf2458186aff677ac825cb98149347ad9d8f47948cfd884599644d91a,50.27551666666667,True,20-30,clock phase,1200,1800,600,355.02957377813306,737,484,124.55300421714782,81.7960027694702,151.79999999999998,198,35,483,5,0.010351966873706004,0.3615384492973277,4.670999841848074,0.10091833333333385,127,0.26239669421487605,60.33300204277039,0.523696682464455,94,10,15.379000520706176,1.5036604056310074
lobby_509105894,TaToH,2026,tournament,vs CNZS_Donghaidi,2026-09-25T14:38:44+00:00,False,59,e7a1406bf2458186aff677ac825cb98149347ad9d8f47948cfd884599644d91a,50.27551666666667,True,30-40,clock phase,1800,2400,600,355.02957377813306,844,565,142.63600482940672,95.48500323295593,157.79999999999998,186,35,564,6,0.010638297872340425,0.24852070164473616,4.850863741083669,0.10746000000000128,138,0.24424778761061947,72.16300244331359,0.6794871794871795,183,14,18.928000640869136,1.6763823925589578
lobby_509105894,TaToH,2026,tournament,vs CNZS_Donghaidi,2026-09-25T14:38:44+00:00,False,59,e7a1406bf2458186aff677ac825cb98149347ad9d8f47948cfd884599644d91a,50.27551666666667,True,40+,clock phase; variable length,2400,3016.531,616.531,364.8112302516769,740,399,121.70677961138756,65.6229798174914,112.5,138,36,398,8,0.020100502512562814,0.48461536820712325,6.631005692645418,0.1484986156413881,80,0.20050125313283207,52.465490129773826,0.6645367412140575,167,17,25.986042133242208,1.8376194023875845
lobby_509105894,TaToH,2026,tournament,vs CNZS_Donghaidi,2026-09-25T14:38:44+00:00,False,59,e7a1406bf2458186aff677ac825cb98149347ad9d8f47948cfd884599644d91a,50.27551666666667,True,40-45,clock phase; fixed five minutes,2400,2700,300,177.51478688906653,369,230,124.72200422286987,77.74000263214111,111.6,126,17,229,0,0.0,0.4781064926878855,3.2743667530410536,0.0,46,0.2,62.19200210571288,0.659217877094972,110,15,19.942000675201413,1.8312780719316561
lobby_509105894,TaToH,2026,tournament,vs CNZS_Donghaidi,2026-09-25T14:38:44+00:00,False,59,e7a1406bf2458186aff677ac825cb98149347ad9d8f47948cfd884599644d91a,50.27551666666667,True,40+ excluding final 60 game seconds,terminal minute sensitivity,2400,2956.531,556.531,329.3082728738636,678,385,123.53166728848578,70.14703820953838,116.1,138,32,384,4,0.010416666666666666,0.4781064926878855,5.0380708353369075,0.08068193865211579,79,0.2051948051948052,55.753230369139594,0.6622516556291391,158,17,24.05041310041316,1.8333534568593537
lobby_509105894,TaToH,2026,tournament,vs CNZS_Donghaidi,2026-09-25T14:38:44+00:00,False,59,e7a1406bf2458186aff677ac825cb98149347ad9d8f47948cfd884599644d91a,50.27551666666667,True,Feudal request +0-5 min,request anchor; not completed age or combat phase,238.368,538.3679999999999,299.99999999999994,177.5147868890665,234,205,79.09200267791749,69.29000234603883,115.19999999999999,120,17,204,4,0.0196078431372549,0.24615383781949518,8.194922799457256,0.23564666666666678,55,0.2682926829268293,50.70000171661378,0.37423312883435583,23,1,0.6760000228881837,1.6520697342823092
lobby_509105894,TaToH,2026,tournament,vs CNZS_Donghaidi,2026-09-25T14:38:44+00:00,False,59,e7a1406bf2458186aff677ac825cb98149347ad9d8f47948cfd884599644d91a,50.27551666666667,True,Feudal request +5-10 min,request anchor; not completed age or combat phase,538.3679999999999,838.3679999999999,300.0,177.51478688906653,267,193,90.2460030555725,65.23400220870971,91.19999999999999,96,17,192,1,0.005208333333333333,0.3615384492973923,4.695692148704361,0.056203333333333674,45,0.23316062176165803,50.02400169372559,0.2619047619047619,22,3,10.816000366210938,1.2468741634189864
lobby_509105894,TaToH,2026,tournament,vs CNZS_Donghaidi,2026-09-25T14:38:44+00:00,False,59,e7a1406bf2458186aff677ac825cb98149347ad9d8f47948cfd884599644d91a,50.27551666666667,True,Castle request +0-5 min,request anchor; not completed age or combat phase,431.743,731.7429999999999,299.99999999999994,177.5147868890665,261,224,88.21800298690798,75.71200256347656,127.19999999999999,132,17,223,1,0.004484304932735426,0.24615383781950584,4.690615225799322,0.05620333333333364,58,0.25892857142857145,56.10800189971924,0.3181818181818182,22,3,4.394000148773194,1.4226457606983511
lobby_509105894,TaToH,2026,tournament,vs CNZS_Donghaidi,2026-09-25T14:38:44+00:00,False,59,e7a1406bf2458186aff677ac825cb98149347ad9d8f47948cfd884599644d91a,50.27551666666667,True,Castle request +5-10 min,request anchor; not completed age or combat phase,731.7429999999999,1031.743,300.0,177.51478688906653,289,155,97.68200330734253,52.39000177383423,79.19999999999999,84,17,154,5,0.032467532467532464,0.48461536820710194,6.299384402098408,0.18958333333333308,28,0.18064516129032257,42.92600145339966,0.3559322033898305,22,4,16.562000560760495,1.4453384978840895
lobby_509105894,TaToH,2026,tournament,vs CNZS_Donghaidi,2026-09-25T14:38:44+00:00,False,59,e7a1406bf2458186aff677ac825cb98149347ad9d8f47948cfd884599644d91a,50.27551666666667,True,Imperial request +0-5 min,request anchor; not completed age or combat phase,2204.996,2504.996,300.0,177.51478688906653,363,242,122.69400415420532,81.7960027694702,111.6,126,17,241,3,0.012448132780082987,0.37278105246710425,5.39171579377734,0.1095666666666678,58,0.2396694214876033,62.19200210571288,0.8010204081632653,147,12,18.252000617980954,1.7998178703424936
lobby_509105894,TaToH,2026,tournament,vs CNZS_Donghaidi,2026-09-25T14:38:44+00:00,False,59,e7a1406bf2458186aff677ac825cb98149347ad9d8f47948cfd884599644d91a,50.27551666666667,True,Imperial request +5-10 min,request anchor; not completed age or combat phase,2504.996,2804.996,300.0,177.51478688906653,387,233,130.8060044288635,78.75400266647338,110.39999999999999,120,17,232,0,0.0,0.4881656639448231,3.897526495255576,0.0,55,0.23605150214592274,60.16400203704834,0.6476683937823834,104,12,21.294000720977785,1.6609142942711252
lobby_509112691,TaToH,2026,tournament,vs CNZS_Donghaidi,2026-09-25T15:14:23+00:00,False,59,57d1c0f64d81588815251a3a9d27b36a09fd90196fd4264c57a29186a79ae69a,11.329283333333333,False,0-10,clock phase,0,600,600,355.02957377813306,786,644,132.83400449752807,108.83600368499755,193.79999999999998,204,35,643,7,0.01088646967340591,0.23846153038763873,4.752845992923076,0.1381249999999999,361,0.5605590062111802,47.827001619338986,0.431924882629108,37,1,5.408000183105469,0.9660231563889483
lobby_510770026,TaToH,2026,tournament,vs Lamo,2026-10-02T15:11:53+00:00,False,59,c0ee0045b6711bd948ab99d28f92e43a534f2c02b4a15355f325acb46bde0668,13.4212,False,0-10,clock phase,0,600,600,355.02957377813306,777,618,131.31300444602965,104.44200353622436,145.79999999999998,162,35,617,0,0.0,0.24615383781950584,2.867307595225654,0.0,227,0.3673139158576052,66.07900223731994,0.3174872665534805,35,3,4.5630001544952385,0.8200224065933464
lobby_510770026,TaToH,2026,tournament,vs Lamo,2026-10-02T15:11:53+00:00,False,59,c0ee0045b6711bd948ab99d28f92e43a534f2c02b4a15355f325acb46bde0668,13.4212,False,Feudal request +0-5 min,request anchor; not completed age or combat phase,276.133,576.133,300.00000000000006,177.51478688906656,375,303,126.7500042915344,102.4140034675598,151.2,156,17,302,0,0.0,0.24615383781949163,3.2461537362447075,0.0,118,0.38943894389438943,62.53000211715697,0.325,20,3,4.394000148773193,0.9591480736555738
lobby_510771979,TaToH,2026,tournament,vs Lamo,2026-10-02T15:22:50+00:00,False,59,9567b3d08284948f11eb5b59f47ead020fd7d85581b48c76362a7a2902204015,41.03381666666667,False,0-10,clock phase,0,600,600,355.02957377813306,660,522,111.54000377655028,88.21800298690796,156.0,180,35,521,5,0.009596928982725527,0.24615383781950584,4.92307675639014,0.09884333333333357,142,0.2720306513409962,64.22000217437744,0.43610547667342797,33,4,4.056000137329101,1.076282649972624
lobby_510771979,TaToH,2026,tournament,vs Lamo,2026-10-02T15:22:50+00:00,False,59,9567b3d08284948f11eb5b59f47ead020fd7d85581b48c76362a7a2902204015,41.03381666666667,False,10-20,clock phase,600,1200,600,355.02957377813306,660,474,111.54000377655028,80.10600271224976,129.59999999999997,144,35,473,6,0.012684989429175475,0.36153844929739876,5.0873075200602775,0.10395666666666653,119,0.2510548523206751,59.99500203132629,0.4398148148148148,48,6,5.746000194549561,1.3096472181308656
lobby_510771979,TaToH,2026,tournament,vs Lamo,2026-10-02T15:22:50+00:00,False,59,9567b3d08284948f11eb5b59f47ead020fd7d85581b48c76362a7a2902204015,41.03381666666667,False,20-30,clock phase,1200,1800,600,355.02957377813306,762,563,128.778004360199,95.14700322151182,138.0,162,35,562,2,0.0035587188612099642,0.47692306077531654,3.176922969357941,0.03084499999999971,124,0.2202486678507993,74.19100251197816,0.5171102661596958,82,12,12.506000423431397,1.1637479161878053
lobby_510771979,TaToH,2026,tournament,vs Lamo,2026-10-02T15:22:50+00:00,False,59,9567b3d08284948f11eb5b59f47ead020fd7d85581b48c76362a7a2902204015,41.03381666666667,False,30-40,clock phase,1800,2400,600,355.02957377813306,700,480,118.30000400543211,81.12000274658203,137.39999999999995,174,35,479,2,0.0041753653444676405,0.3621301652537454,4.527088604117059,0.03771166666666658,99,0.20625,64.3890021800995,0.5422885572139303,151,16,18.590000629425045,1.6411569295185058
lobby_510771979,TaToH,2026,tournament,vs Lamo,2026-10-02T15:22:50+00:00,False,59,9567b3d08284948f11eb5b59f47ead020fd7d85581b48c76362a7a2902204015,41.03381666666667,False,40+,clock phase; variable length,2400,2462.029,62.028999999999996,36.70354905313969,86,39,140.58585976329732,63.75405268335576,82.8,84,3,38,3,0.07894736842105263,0.24852070164473616,6.185822275765863,0.46866788115236285,16,0.41025641025641024,37.59854389018417,0.5142857142857142,56,21,35.96382459061094,1.368972534640474
lobby_510771979,TaToH,2026,tournament,vs Lamo,2026-10-02T15:22:50+00:00,False,59,9567b3d08284948f11eb5b59f47ead020fd7d85581b48c76362a7a2902204015,41.03381666666667,False,Feudal request +0-5 min,request anchor; not completed age or combat phase,229.619,529.619,300.0,177.51478688906653,282,221,95.31600322723388,74.69800252914429,116.39999999999999,126,17,220,3,0.013636363636363636,0.36153844929739165,6.175076713999601,0.13949000000000017,63,0.2850678733031674,53.404001808166505,0.44554455445544555,27,3,3.380000114440918,1.2978763715726553
lobby_510771979,TaToH,2026,tournament,vs Lamo,2026-10-02T15:22:50+00:00,False,59,9567b3d08284948f11eb5b59f47ead020fd7d85581b48c76362a7a2902204015,41.03381666666667,False,Feudal request +5-10 min,request anchor; not completed age or combat phase,529.619,829.619,300.0,177.51478688906653,320,234,108.16000366210938,79.09200267791748,133.2,138,17,233,6,0.02575107296137339,0.36153844929739876,5.369538279735251,0.18889000000000009,60,0.2564102564102564,58.81200199127197,0.44761904761904764,34,4,6.084000205993652,1.320605422548141
lobby_510771979,TaToH,2026,tournament,vs Lamo,2026-10-02T15:22:50+00:00,False,59,9567b3d08284948f11eb5b59f47ead020fd7d85581b48c76362a7a2902204015,41.03381666666667,False,Castle request +0-5 min,request anchor; not completed age or combat phase,903.799,1203.799,300.0,177.51478688906653,343,238,115.93400392532348,80.44400272369384,123.6,138,17,237,1,0.004219409282700422,0.4769230607751922,3.3199998875906154,0.04874999999999994,57,0.23949579831932774,61.17800207138062,0.45739910313901344,42,5,6.084000205993652,1.1678332051027192
lobby_510771979,TaToH,2026,tournament,vs Lamo,2026-10-02T15:22:50+00:00,False,59,9567b3d08284948f11eb5b59f47ead020fd7d85581b48c76362a7a2902204015,41.03381666666667,False,Castle request +5-10 min,request anchor; not completed age or combat phase,1203.799,1503.799,300.0,177.51478688906653,358,253,121.00400409698486,85.51400289535522,126.0,126,17,252,2,0.007936507936507936,0.4769230607753201,3.5450768030468236,0.06168999999999942,47,0.1857707509881423,69.62800235748291,0.510548523206751,62,7,9.464000320434568,1.1609239965788682
lobby_510771979,TaToH,2026,tournament,vs Lamo,2026-10-02T15:22:50+00:00,False,59,9567b3d08284948f11eb5b59f47ead020fd7d85581b48c76362a7a2902204015,41.03381666666667,False,Imperial request +0-5 min,request anchor; not completed age or combat phase,2107.476,2407.476,300.0,177.51478688906653,328,205,110.8640037536621,69.29000234603882,113.99999999999997,138,17,204,2,0.00980392156862745,0.3621301652537454,4.952289773152438,0.07542333333333315,34,0.16585365853658537,57.79800195693969,0.5182926829268293,94,16,22.64600076675415,1.5388257573144415
lobby_510777842,TaToH,2026,tournament,vs Lamo,2026-10-02T15:51:03+00:00,False,59,e56736d23ea5b19efbfa6e129d80021d807907fd0efc589b9d8b71ffc4ad7805,24.90635,False,0-10,clock phase,0,600,600,355.02957377813306,637,521,107.65300364494324,88.04900298118591,158.39999999999986,210,35,520,2,0.0038461538461538464,0.23846153038766715,3.976615249974106,0.040949999999999986,164,0.31477927063339733,60.33300204277039,0.227765726681128,25,1,2.366000080108642,1.1937709040262168
lobby_510777842,TaToH,2026,tournament,vs Lamo,2026-10-02T15:51:03+00:00,False,59,e56736d23ea5b19efbfa6e129d80021d807907fd0efc589b9d8b71ffc4ad7805,24.90635,False,10-20,clock phase,600,1200,600,355.02957377813306,702,442,118.63800401687621,74.69800252914429,120.0,120,35,441,4,0.009070294784580499,0.36153844929739876,4.396922928050865,0.07243166666666657,92,0.2081447963800905,59.15000200271606,0.41778975741239893,44,5,11.492000389099122,1.3093845754281142
lobby_510777842,TaToH,2026,tournament,vs Lamo,2026-10-02T15:51:03+00:00,False,59,e56736d23ea5b19efbfa6e129d80021d807907fd0efc589b9d8b71ffc4ad7805,24.90635,False,Feudal request +0-5 min,request anchor; not completed age or combat phase,273.091,573.091,300.0,177.51478688906653,297,270,100.38600339889526,91.26000308990479,151.19999999999996,204,17,269,0,0.0,0.24615383781949163,3.484615266632382,0.0,76,0.2814814814814815,65.5720022201538,0.2304147465437788,14,1,1.0140000343322753,1.353582377846362
lobby_510777842,TaToH,2026,tournament,vs Lamo,2026-10-02T15:51:03+00:00,False,59,e56736d23ea5b19efbfa6e129d80021d807907fd0efc589b9d8b71ffc4ad7805,24.90635,False,Feudal request +5-10 min,request anchor; not completed age or combat phase,573.091,873.091,300.0,177.51478688906653,315,226,106.4700036048889,76.38800258636475,127.19999999999997,156,17,225,2,0.008888888888888889,0.361538449297393,4.388922928321732,0.0832866666666666,51,0.22566371681415928,59.15000200271606,0.33497536945812806,19,5,9.464000320434568,0.988240187769931
lobby_510777842,TaToH,2026,tournament,vs Lamo,2026-10-02T15:51:03+00:00,False,59,e56736d23ea5b19efbfa6e129d80021d807907fd0efc589b9d8b71ffc4ad7805,24.90635,False,Castle request +0-5 min,request anchor; not completed age or combat phase,469.924,769.924,300.0,177.51478688906653,325,263,109.85000371932983,88.89400300979614,152.39999999999998,162,17,262,1,0.003816793893129771,0.2461538378194632,3.891153714406161,0.04333333333333332,83,0.3155893536121673,60.840002059936516,0.2425531914893617,18,5,5.070000171661377,1.1302364959594373
lobby_510777842,TaToH,2026,tournament,vs Lamo,2026-10-02T15:51:03+00:00,False,59,e56736d23ea5b19efbfa6e129d80021d807907fd0efc589b9d8b71ffc4ad7805,24.90635,False,Castle request +5-10 min,request anchor; not completed age or combat phase,769.924,1069.924,300.0,177.51478688906653,359,228,121.34200410842895,77.06400260925292,123.6,138,17,227,3,0.013215859030837005,0.3615384492974556,4.858153681665221,0.09815000000000022,52,0.22807017543859648,59.48800201416015,0.4484536082474227,23,5,13.858000469207763,1.1187247590815994
lobby_510988467,TaToH,2026,tournament,vs wR.Capoch,2026-10-03T11:44:14+00:00,False,59,1e653dee0b5d60d568f0ad07b8bfcfcb2aab24977274eb0d92ee2f30dadde79e,41.177800000000005,False,0-10,clock phase,0,600,600,355.02957377813306,789,618,133.3410045146942,104.44200353622436,156.0,180,35,617,0,0.0,0.24615383781949163,3.3036921958350183,0.0,300,0.4854368932038835,53.74200181961059,0.3955094991364421,30,1,3.887000131607055,1.131850265389355
lobby_510988467,TaToH,2026,tournament,vs wR.Capoch,2026-10-03T11:44:14+00:00,False,59,1e653dee0b5d60d568f0ad07b8bfcfcb2aab24977274eb0d92ee2f30dadde79e,41.177800000000005,False,10-20,clock phase,600,1200,600,355.02957377813306,661,550,111.70900378227233,92.95000314712523,123.59999999999997,222,35,549,2,0.0036429872495446266,0.36153844929739165,3.3692306551544973,0.037591666666666655,176,0.32,63.20600214004516,0.5401606425702812,41,2,3.7180001258850095,1.4597503633998978
lobby_510988467,TaToH,2026,tournament,vs wR.Capoch,2026-10-03T11:44:14+00:00,False,59,1e653dee0b5d60d568f0ad07b8bfcfcb2aab24977274eb0d92ee2f30dadde79e,41.177800000000005,False,20-30,clock phase,1200,1800,600,355.02957377813306,621,460,104.9490035533905,77.74000263214111,119.39999999999995,204,35,459,5,0.010893246187363835,0.3615384492973277,5.030922906584775,0.08021,93,0.20217391304347826,62.02300209999085,0.4230769230769231,53,7,12.168000411987304,1.5632888183660867
lobby_510988467,TaToH,2026,tournament,vs wR.Capoch,2026-10-03T11:44:14+00:00,False,59,1e653dee0b5d60d568f0ad07b8bfcfcb2aab24977274eb0d92ee2f30dadde79e,41.177800000000005,False,30-40,clock phase,1800,2400,600,355.02957377813306,627,413,105.96300358772278,69.79700236320495,114.0,120,35,412,6,0.014563106796116505,0.3721893365107505,5.1061891762258504,0.1237966666666672,76,0.18401937046004843,56.95300192832946,0.5585585585585585,109,15,19.43500065803528,1.506105576338243
lobby_510988467,TaToH,2026,tournament,vs wR.Capoch,2026-10-03T11:44:14+00:00,False,59,1e653dee0b5d60d568f0ad07b8bfcfcb2aab24977274eb0d92ee2f30dadde79e,41.177800000000005,False,40+,clock phase; variable length,2400,2470.668,70.66800000000012,41.81538319958858,78,53,111.92053359075868,76.04856769628475,94.19999999999999,96,4,52,0,0.0,0.4248520566212104,4.4992483683732125,0.0,13,0.24528301886792453,57.3951454311583,0.5208333333333334,68,13,17.21854362934749,1.426033662110369
lobby_510988467,TaToH,2026,tournament,vs wR.Capoch,2026-10-03T11:44:14+00:00,False,59,1e653dee0b5d60d568f0ad07b8bfcfcb2aab24977274eb0d92ee2f30dadde79e,41.177800000000005,False,Feudal request +0-5 min,request anchor; not completed age or combat phase,302.146,602.146,299.99999999999994,177.5147868890665,380,305,128.4400043487549,103.09000349044801,139.2,168,17,304,0,0.0,0.35384614186551744,3.368999885931512,0.0,137,0.4491803278688525,56.78400192260743,0.48014440433212996,24,1,3.0420001029968264,1.3939546126914635
lobby_510988467,TaToH,2026,tournament,vs wR.Capoch,2026-10-03T11:44:14+00:00,False,59,1e653dee0b5d60d568f0ad07b8bfcfcb2aab24977274eb0d92ee2f30dadde79e,41.177800000000005,False,Feudal request +5-10 min,request anchor; not completed age or combat phase,602.146,902.146,300.0,177.51478688906653,340,274,114.92000389099121,92.61200313568115,131.99999999999997,156,17,273,0,0.0,0.36153844929739876,2.9169229781611468,0.0,98,0.35766423357664234,59.48800201416015,0.6177606177606177,38,2,3.7180001258850095,1.2343158278174797
lobby_510988467,TaToH,2026,tournament,vs wR.Capoch,2026-10-03T11:44:14+00:00,False,59,1e653dee0b5d60d568f0ad07b8bfcfcb2aab24977274eb0d92ee2f30dadde79e,41.177800000000005,False,Castle request +0-5 min,request anchor; not completed age or combat phase,1165.216,1465.216,300.0,177.51478688906653,292,244,98.69600334167481,82.4720027923584,135.59999999999994,198,17,243,1,0.00411522633744856,0.35384614186551744,4.465846002640374,0.033149999999999784,59,0.24180327868852458,62.53000211715698,0.3791469194312796,30,5,5.070000171661377,1.4611853060696516
lobby_510988467,TaToH,2026,tournament,vs wR.Capoch,2026-10-03T11:44:14+00:00,False,59,1e653dee0b5d60d568f0ad07b8bfcfcb2aab24977274eb0d92ee2f30dadde79e,41.177800000000005,False,Castle request +5-10 min,request anchor; not completed age or combat phase,1465.216,1765.216,300.0,177.51478688906653,319,217,107.82200365066527,73.34600248336793,117.6,132,17,216,4,0.018518518518518517,0.36153844929747336,5.3719228950391695,0.12727000000000024,34,0.15668202764976957,61.85400209426879,0.4774193548387097,36,6,18.252000617980954,1.5909553220887518
lobby_510988467,TaToH,2026,tournament,vs wR.Capoch,2026-10-03T11:44:14+00:00,False,59,1e653dee0b5d60d568f0ad07b8bfcfcb2aab24977274eb0d92ee2f30dadde79e,41.177800000000005,False,Imperial request +0-5 min,request anchor; not completed age or combat phase,1994.927,2294.9269999999997,299.9999999999998,177.5147868890664,281,185,94.97800321578987,62.530002117157025,98.39999999999999,108,17,184,4,0.021739130434782608,0.4807692144910902,5.653538270119545,0.18828000000000064,26,0.14054054054054055,53.742001819610635,0.5347222222222222,69,14,17.576000595092786,1.4886026495975977
lobby_510992933,TaToH,2026,tournament,vs wR.Capoch,2026-10-03T12:12:25+00:00,False,59,38139fdbb0c2927bd5c427a540fe8a8382a5ca60985b7a10f0e3f878d8ec23a0,34.80146666666667,False,0-10,clock phase,0,600,600,355.02957377813306,800,570,135.2000045776367,96.33000326156616,151.19999999999993,168,35,569,0,0.0,0.23846153038766715,3.2461537362447643,0.0,227,0.39824561403508774,57.96700196266174,0.39738805970149255,37,4,5.9150002002716064,0.9976873392652712
lobby_510992933,TaToH,2026,tournament,vs wR.Capoch,2026-10-03T12:12:25+00:00,False,59,38139fdbb0c2927bd5c427a540fe8a8382a5ca60985b7a10f0e3f878d8ec23a0,34.80146666666667,False,10-20,clock phase,600,1200,600,355.02957377813306,794,552,134.18600454330445,93.28800315856934,157.79999999999998,162,35,551,1,0.0018148820326678765,0.36153844929739876,3.366461424479046,0.015231666666666461,151,0.27355072463768115,67.7690022945404,0.4721115537848606,45,7,9.802000331878661,1.2345928635753458
lobby_510992933,TaToH,2026,tournament,vs wR.Capoch,2026-10-03T12:12:25+00:00,False,59,38139fdbb0c2927bd5c427a540fe8a8382a5ca60985b7a10f0e3f878d8ec23a0,34.80146666666667,False,20-30,clock phase,1200,1800,600,355.02957377813306,632,371,106.80800361633301,62.69900212287902,102.0,114,35,370,5,0.013513513513513514,0.5999999796849824,5.317076743049931,0.09002500000000016,48,0.1293800539083558,54.58700184822082,0.5925925925925926,105,12,16.731000566482543,1.607967392187109
lobby_510992933,TaToH,2026,tournament,vs wR.Capoch,2026-10-03T12:12:25+00:00,False,59,38139fdbb0c2927bd5c427a540fe8a8382a5ca60985b7a10f0e3f878d8ec23a0,34.80146666666667,False,Feudal request +0-5 min,request anchor; not completed age or combat phase,367.146,667.146,299.99999999999994,177.5147868890665,393,285,132.8340044975281,96.33000326156618,162.0,162,17,284,0,0.0,0.35384614186554764,3.3285383488399534,0.0,88,0.3087719298245614,66.58600225448609,0.4827586206896552,25,5,6.760000228881837,1.1654766428279362
lobby_510992933,TaToH,2026,tournament,vs wR.Capoch,2026-10-03T12:12:25+00:00,False,59,38139fdbb0c2927bd5c427a540fe8a8382a5ca60985b7a10f0e3f878d8ec23a0,34.80146666666667,False,Feudal request +5-10 min,request anchor; not completed age or combat phase,667.146,967.146,300.0,177.51478688906653,417,301,140.94600477218626,101.73800344467163,152.39999999999998,162,17,300,0,0.0,0.36153844929739165,2.761692214186229,0.0,88,0.292358803986711,71.99400243759155,0.47388059701492535,24,4,6.422000217437744,1.1656192581178737
lobby_510992933,TaToH,2026,tournament,vs wR.Capoch,2026-10-03T12:12:25+00:00,False,59,38139fdbb0c2927bd5c427a540fe8a8382a5ca60985b7a10f0e3f878d8ec23a0,34.80146666666667,False,Castle request +0-5 min,request anchor; not completed age or combat phase,833.924,1133.924,300.0,177.51478688906653,391,268,132.15800447463988,90.5840030670166,140.39999999999998,150,17,267,0,0.0,0.3615384492974556,3.408076807685347,0.0,67,0.25,67.93800230026245,0.4817813765182186,31,5,9.802000331878661,1.2225144355169548
lobby_510992933,TaToH,2026,tournament,vs wR.Capoch,2026-10-03T12:12:25+00:00,False,59,38139fdbb0c2927bd5c427a540fe8a8382a5ca60985b7a10f0e3f878d8ec23a0,34.80146666666667,False,Castle request +5-10 min,request anchor; not completed age or combat phase,1133.924,1433.924,300.0,177.51478688906653,328,199,110.8640037536621,67.26200227737426,96.0,96,17,198,2,0.010101010101010102,0.5999999796849806,4.23623062579935,0.062963333333333,32,0.16080402010050251,56.44600191116333,0.56,55,7,16.224000549316404,1.4019522321987135
lobby_510992933,TaToH,2026,tournament,vs wR.Capoch,2026-10-03T12:12:25+00:00,False,59,38139fdbb0c2927bd5c427a540fe8a8382a5ca60985b7a10f0e3f878d8ec23a0,34.80146666666667,False,Imperial request +0-5 min,request anchor; not completed age or combat phase,1634.914,1934.914,300.0,177.51478688906653,308,172,104.10400352478027,58.13600196838379,93.59999999999997,132,17,171,5,0.029239766081871343,0.5999999796851156,6.227159552472915,0.17948333333333416,31,0.18023255813953487,47.65800161361694,0.5661764705882353,65,13,17.576000595092772,1.6325937115797775
lobby_510997318,TaToH,2026,tournament,vs wR.Capoch,2026-10-03T12:36:49+00:00,False,59,156b3658ef6d8748c37032fffd6de8f91804abbb1a21f82d13d99f73f776ea93,27.856833333333334,False,0-10,clock phase,0,600,600,355.02957377813306,851,667,143.81900486946105,112.72300381660462,167.39999999999995,186,35,666,1,0.0015015015015015015,0.23846153038766715,3.246153736244736,0.014559999999999976,237,0.3553223388305847,72.67000246047974,0.3753993610223642,37,3,5.408000183105469,0.7929247837382973
lobby_510997318,TaToH,2026,tournament,vs wR.Capoch,2026-10-03T12:36:49+00:00,False,59,156b3658ef6d8748c37032fffd6de8f91804abbb1a21f82d13d99f73f776ea93,27.856833333333334,False,10-20,clock phase,600,1200,600,355.02957377813306,847,683,143.14300484657286,115.42700390815735,175.79999999999998,186,35,682,1,0.001466275659824047,0.2461538378194632,3.1230768173349888,0.016249999999999955,260,0.3806734992679356,71.48700242042541,0.5492957746478874,41,5,5.5770001888275145,1.162309911517763
lobby_510997318,TaToH,2026,tournament,vs wR.Capoch,2026-10-03T12:36:49+00:00,False,59,156b3658ef6d8748c37032fffd6de8f91804abbb1a21f82d13d99f73f776ea93,27.856833333333334,False,Feudal request +0-5 min,request anchor; not completed age or combat phase,248.118,548.1179999999999,299.99999999999994,177.5147868890665,355,288,119.9900040626526,97.34400329589845,151.2,156,17,287,0,0.0,0.24615383781950584,3.091692203012992,0.0,81,0.28125,69.96600236892701,0.41015625,29,3,5.40800018310547,1.087577704599782
lobby_510997318,TaToH,2026,tournament,vs wR.Capoch,2026-10-03T12:36:49+00:00,False,59,156b3658ef6d8748c37032fffd6de8f91804abbb1a21f82d13d99f73f776ea93,27.856833333333334,False,Feudal request +5-10 min,request anchor; not completed age or combat phase,548.1179999999999,848.1179999999999,300.0,177.51478688906653,519,423,175.42200593948363,142.97400484085082,206.39999999999998,240,17,422,0,0.0,0.2384615303876565,2.1615383883525396,0.0,172,0.4066193853427896,84.83800287246703,0.5225,21,3,7.098000240325928,0.9162488730118681
lobby_510997318,TaToH,2026,tournament,vs wR.Capoch,2026-10-03T12:36:49+00:00,False,59,156b3658ef6d8748c37032fffd6de8f91804abbb1a21f82d13d99f73f776ea93,27.856833333333334,False,Castle request +0-5 min,request anchor; not completed age or combat phase,974.077,1274.077,300.0,177.51478688906653,318,219,107.48400363922119,74.0220025062561,127.19999999999999,132,17,218,3,0.013761467889908258,0.3615384492974556,5.0672305976631895,0.13198999999999997,56,0.2557077625570776,55.09400186538696,0.5463917525773195,32,6,7.098000240325928,1.4642613484507903
lobby_510997318,TaToH,2026,tournament,vs wR.Capoch,2026-10-03T12:36:49+00:00,False,59,156b3658ef6d8748c37032fffd6de8f91804abbb1a21f82d13d99f73f776ea93,27.856833333333334,False,Castle request +5-10 min,request anchor; not completed age or combat phase,1274.077,1574.077,300.0,177.51478688906653,343,241,115.93400392532348,81.45800275802613,111.6,126,17,240,3,0.0125,0.36153844929745915,4.860153681597486,0.12870333333333278,71,0.2946058091286307,57.460001945495605,0.5982142857142857,44,8,10.140000343322754,1.217741083019306
lobby_511040166,TaToH,2026,tournament,vs TAG_Sora Kuma,2026-10-03T15:46:04+00:00,False,59,2ffa62dcaf7a5417587b1e6cb31118673293df86a8d86203b80c396b7d296fe9,41.24425,False,0-10,clock phase,0,600,600,355.02957377813306,555,360,93.79500317573546,60.840002059936516,109.79999999999998,126,35,359,18,0.05013927576601671,0.23846153038766715,8.277461258201091,0.38913000000000014,79,0.21944444444444444,47.4890016078949,0.3764705882352941,31,4,6.59100022315979,1.1465885040117694
lobby_511040166,TaToH,2026,tournament,vs TAG_Sora Kuma,2026-10-03T15:46:04+00:00,False,59,2ffa62dcaf7a5417587b1e6cb31118673293df86a8d86203b80c396b7d296fe9,41.24425,False,10-20,clock phase,600,1200,600,355.02957377813306,636,464,107.48400363922119,78.41600265502929,127.79999999999998,180,35,463,5,0.01079913606911447,0.36153844929747225,4.884692142305125,0.08155333333333299,96,0.20689655172413793,62.19200210571288,0.45390070921985815,46,10,6.59100022315979,1.1873498387526766
lobby_511040166,TaToH,2026,tournament,vs TAG_Sora Kuma,2026-10-03T15:46:04+00:00,False,59,2ffa62dcaf7a5417587b1e6cb31118673293df86a8d86203b80c396b7d296fe9,41.24425,False,20-30,clock phase,1200,1800,600,355.02957377813306,719,501,121.511004114151,84.66900286674499,126.0,132,35,500,2,0.004,0.3618343072756147,3.6363608236247016,0.031481666666666894,104,0.20758483033932135,67.09300227165222,0.5160599571734475,95,15,10.478000354766847,1.1862406494860231
lobby_511040166,TaToH,2026,tournament,vs TAG_Sora Kuma,2026-10-03T15:46:04+00:00,False,59,2ffa62dcaf7a5417587b1e6cb31118673293df86a8d86203b80c396b7d296fe9,41.24425,False,30-40,clock phase,1800,2400,600,355.02957377813306,678,405,114.5820038795471,68.44500231742859,115.19999999999993,138,35,404,3,0.007425742574257425,0.48461536820713036,4.952248353035632,0.06056166666666633,78,0.1925925925925926,55.263001871109005,0.6019417475728155,144,22,15.379000520706176,1.8007146725273795
lobby_511040166,TaToH,2026,tournament,vs TAG_Sora Kuma,2026-10-03T15:46:04+00:00,False,59,2ffa62dcaf7a5417587b1e6cb31118673293df86a8d86203b80c396b7d296fe9,41.24425,False,40+,clock phase; variable length,2400,2474.655,74.6550000000002,44.17455471734432,108,76,146.69078254354758,103.22684697508905,130.2,132,4,75,0,0.0,0.48195264640378754,2.2198283272071904,0.0,16,0.21052631578947367,81.49487919085978,0.7272727272727273,52,4,13.582479865143295,1.572063337020607
lobby_511040166,TaToH,2026,tournament,vs TAG_Sora Kuma,2026-10-03T15:46:04+00:00,False,59,2ffa62dcaf7a5417587b1e6cb31118673293df86a8d86203b80c396b7d296fe9,41.24425,False,Feudal request +0-5 min,request anchor; not completed age or combat phase,501.41,801.4100000000001,300.00000000000006,177.51478688906656,246,168,83.14800281524657,56.78400192260741,91.19999999999997,120,17,167,9,0.05389221556886228,0.48461536820711615,7.534768975655075,0.34107666666666614,36,0.21428571428571427,44.6160015106201,0.4155844155844156,30,7,3.718000125885009,1.3231130375352185
lobby_511040166,TaToH,2026,tournament,vs TAG_Sora Kuma,2026-10-03T15:46:04+00:00,False,59,2ffa62dcaf7a5417587b1e6cb31118673293df86a8d86203b80c396b7d296fe9,41.24425,False,Feudal request +5-10 min,request anchor; not completed age or combat phase,801.4100000000001,1101.41,300.0,177.51478688906653,356,263,120.32800407409668,88.89400300979614,118.79999999999994,186,17,262,0,0.0,0.36153844929739165,3.203538353072239,0.0,58,0.22053231939163498,69.29000234603882,0.5042016806722689,33,8,6.422000217437744,1.1890257708072354
lobby_511040166,TaToH,2026,tournament,vs TAG_Sora Kuma,2026-10-03T15:46:04+00:00,False,59,2ffa62dcaf7a5417587b1e6cb31118673293df86a8d86203b80c396b7d296fe9,41.24425,False,Castle request +0-5 min,request anchor; not completed age or combat phase,678.743,978.743,300.0,177.51478688906653,334,250,112.89200382232666,84.50000286102295,136.79999999999995,204,17,249,1,0.004016064257028112,0.36153844929739876,3.730769104451882,0.029076666666666518,56,0.224,65.5720022201538,0.48034934497816595,32,7,5.408000183105469,1.1548170126492485
lobby_511040166,TaToH,2026,tournament,vs TAG_Sora Kuma,2026-10-03T15:46:04+00:00,False,59,2ffa62dcaf7a5417587b1e6cb31118673293df86a8d86203b80c396b7d296fe9,41.24425,False,Castle request +5-10 min,request anchor; not completed age or combat phase,978.743,1278.743,299.9999999999999,177.51478688906644,343,245,115.93400392532354,82.81000280380253,111.6,126,17,244,1,0.004098360655737705,0.3615384492974698,3.7459998731669577,0.03388666666666651,45,0.1836734693877551,67.60000228881839,0.44298245614035087,45,9,8.450000286102298,1.1451603034654612
lobby_511040166,TaToH,2026,tournament,vs TAG_Sora Kuma,2026-10-03T15:46:04+00:00,False,59,2ffa62dcaf7a5417587b1e6cb31118673293df86a8d86203b80c396b7d296fe9,41.24425,False,Imperial request +0-5 min,request anchor; not completed age or combat phase,1762.904,2062.904,300.0,177.51478688906653,348,210,117.62400398254394,70.98000240325928,121.19999999999997,150,17,209,2,0.009569377990430622,0.36745560886042483,4.952567879651959,0.08834999999999955,45,0.21428571428571427,55.77000188827514,0.5224719101123596,74,10,13.520000457763672,1.5477786176873047
lobby_511040166,TaToH,2026,tournament,vs TAG_Sora Kuma,2026-10-03T15:46:04+00:00,False,59,2ffa62dcaf7a5417587b1e6cb31118673293df86a8d86203b80c396b7d296fe9,41.24425,False,Imperial request +5-10 min,request anchor; not completed age or combat phase,2062.904,2362.904,300.0,177.51478688906653,335,203,113.23000383377074,68.61400232315063,107.99999999999997,132,17,202,1,0.0049504950495049506,0.4846153682073968,4.944686223113947,0.032773333333332856,41,0.2019704433497537,54.75600185394287,0.6490066225165563,81,12,15.886000537872313,1.8193376817220748
lobby_511046560,TaToH,2026,tournament,vs TAG_Sora Kuma,2026-10-03T16:13:57+00:00,False,59,0391b405d9e636449f02a7239f9ad0d59719e2ddff71432c35bf2e6d7964a837,46.73195,True,0-10,clock phase,0,600,600,355.02957377813306,751,655,126.91900429725648,110.69500374794006,181.19999999999993,204,35,654,0,0.0,0.35384614186556007,3.0037691290668525,0.01637666666666679,178,0.2717557251908397,80.6130027294159,0.426517571884984,31,1,3.887000131607055,0.8347644502384206
lobby_511046560,TaToH,2026,tournament,vs TAG_Sora Kuma,2026-10-03T16:13:57+00:00,False,59,0391b405d9e636449f02a7239f9ad0d59719e2ddff71432c35bf2e6d7964a837,46.73195,True,10-20,clock phase,600,1200,600,355.02957377813306,557,425,94.13300318717957,71.8250024318695,121.79999999999998,150,35,424,6,0.014150943396226415,0.361538449297484,5.358769049330659,0.15899333333333332,116,0.27294117647058824,52.22100176811218,0.510752688172043,38,3,4.9010001659393305,1.4537862324872812
lobby_511046560,TaToH,2026,tournament,vs TAG_Sora Kuma,2026-10-03T16:13:57+00:00,False,59,0391b405d9e636449f02a7239f9ad0d59719e2ddff71432c35bf2e6d7964a837,46.73195,True,20-30,clock phase,1200,1800,600,355.02957377813306,641,459,108.32900366783142,77.57100262641906,120.0,126,35,458,0,0.0,0.4769230607753343,3.904473240582379,0.0,79,0.1721132897603486,64.22000217437744,0.5763546798029556,62,6,13.520000457763672,1.4943972086967812
lobby_511046560,TaToH,2026,tournament,vs TAG_Sora Kuma,2026-10-03T16:13:57+00:00,False,59,0391b405d9e636449f02a7239f9ad0d59719e2ddff71432c35bf2e6d7964a837,46.73195,True,30-40,clock phase,1800,2400,600,355.02957377813306,711,448,120.15900406837463,75.71200256347655,102.0,132,35,447,6,0.013422818791946308,0.3615384492975977,5.235887396686367,0.0973433333333321,81,0.18080357142857142,62.02300209999085,0.5172413793103449,140,16,18.590000629425045,1.7977869218627573
lobby_511046560,TaToH,2026,tournament,vs TAG_Sora Kuma,2026-10-03T16:13:57+00:00,False,59,0391b405d9e636449f02a7239f9ad0d59719e2ddff71432c35bf2e6d7964a837,46.73195,True,40+,clock phase; variable length,2400,2803.917,403.9169999999999,239.00413391957022,564,271,141.58750915742678,68.03229606677776,125.39999999999999,144,23,270,1,0.003703703703703704,0.25147928142629894,4.8937631479151396,0.03557166447562344,63,0.23247232472324722,52.2166700438737,0.703125,136,18,29.622918582582194,1.9992317626265699
lobby_511046560,TaToH,2026,tournament,vs TAG_Sora Kuma,2026-10-03T16:13:57+00:00,False,59,0391b405d9e636449f02a7239f9ad0d59719e2ddff71432c35bf2e6d7964a837,46.73195,True,40-45,clock phase; fixed five minutes,2400,2700,300,177.51478688906653,419,208,141.62200479507445,70.30400238037109,129.6,144,17,207,1,0.004830917874396135,0.3603550173847587,4.902709893174254,0.04789333333333463,43,0.20673076923076922,55.77000188827514,0.6620689655172414,108,13,28.05400094985962,2.0431593141103583
lobby_511046560,TaToH,2026,tournament,vs TAG_Sora Kuma,2026-10-03T16:13:57+00:00,False,59,0391b405d9e636449f02a7239f9ad0d59719e2ddff71432c35bf2e6d7964a837,46.73195,True,40+ excluding final 60 game seconds,terminal minute sensitivity,2400,2743.917,343.9169999999999,203.5011765417569,473,225,139.45865317479695,66.33868279985056,126.9,144,20,224,1,0.004464285714285714,0.3603550173847605,4.911727644348252,0.041777521902087986,45,0.2,53.07094623988044,0.6666666666666666,119,16,29.189020431934242,2.0500805413891605
lobby_511046560,TaToH,2026,tournament,vs TAG_Sora Kuma,2026-10-03T16:13:57+00:00,False,59,0391b405d9e636449f02a7239f9ad0d59719e2ddff71432c35bf2e6d7964a837,46.73195,True,Feudal request +0-5 min,request anchor; not completed age or combat phase,369.577,669.577,300.0,177.51478688906653,257,229,86.8660029411316,77.40200262069702,123.59999999999997,162,17,228,2,0.008771929824561403,0.36153844929739165,4.110076783916913,0.1415266666666664,59,0.2576419213973799,57.460001945495605,0.38164251207729466,24,1,0.6760000228881836,1.153695078143619
lobby_511046560,TaToH,2026,tournament,vs TAG_Sora Kuma,2026-10-03T16:13:57+00:00,False,59,0391b405d9e636449f02a7239f9ad0d59719e2ddff71432c35bf2e6d7964a837,46.73195,True,Feudal request +5-10 min,request anchor; not completed age or combat phase,669.577,969.577,300.0,177.51478688906653,265,199,89.57000303268433,67.26200227737426,109.19999999999996,162,17,198,5,0.025252525252525252,0.47692306077524904,6.448384397053549,0.2092133333333333,48,0.24120603015075376,51.03800172805786,0.463855421686747,24,2,4.732000160217284,1.576807000222858
lobby_511046560,TaToH,2026,tournament,vs TAG_Sora Kuma,2026-10-03T16:13:57+00:00,False,59,0391b405d9e636449f02a7239f9ad0d59719e2ddff71432c35bf2e6d7964a837,46.73195,True,Castle request +0-5 min,request anchor; not completed age or combat phase,561.938,861.938,300.0,177.51478688906653,229,167,77.40200262069702,56.44600191116333,108.0,108,17,166,7,0.04216867469879518,0.3615384492974272,11.556538070254181,0.3507399999999999,37,0.2215568862275449,43.940001487731934,0.35294117647058826,22,2,3.042000102996826,1.4286645808048268
lobby_511046560,TaToH,2026,tournament,vs TAG_Sora Kuma,2026-10-03T16:13:57+00:00,False,59,0391b405d9e636449f02a7239f9ad0d59719e2ddff71432c35bf2e6d7964a837,46.73195,True,Castle request +5-10 min,request anchor; not completed age or combat phase,861.938,1161.938,300.0000000000001,177.51478688906658,309,240,104.44200353622432,81.120002746582,122.39999999999999,132,17,239,0,0.0,0.47692306077523483,3.7087691051967635,0.0,64,0.26666666666666666,59.48800201416014,0.5794392523364486,28,3,6.422000217437741,1.482738030804566
lobby_511046560,TaToH,2026,tournament,vs TAG_Sora Kuma,2026-10-03T16:13:57+00:00,False,59,0391b405d9e636449f02a7239f9ad0d59719e2ddff71432c35bf2e6d7964a837,46.73195,True,Imperial request +0-5 min,request anchor; not completed age or combat phase,2195.898,2495.898,300.0,177.51478688906653,379,198,128.10200433731077,66.92400226593017,101.99999999999997,126,17,197,2,0.01015228426395939,0.3603550173847623,4.930934744289618,0.059743333333331,40,0.20202020202020202,53.404001808166505,0.5757575757575758,122,15,25.350000858306885,1.9738775359871283
lobby_511046560,TaToH,2026,tournament,vs TAG_Sora Kuma,2026-10-03T16:13:57+00:00,False,59,0391b405d9e636449f02a7239f9ad0d59719e2ddff71432c35bf2e6d7964a837,46.73195,True,Imperial request +5-10 min,request anchor; not completed age or combat phase,2495.898,2795.898,300.0,177.51478688906653,435,203,147.0300049781799,68.61400232315063,136.79999999999998,156,17,202,1,0.0049504950495049506,0.25147928142615683,4.879780899867887,0.04789333333333463,51,0.2512315270935961,51.37600173950195,0.6907894736842105,108,18,30.758001041412353,1.9646276748715612
lobby_511053797,TaToH,2026,tournament,vs TAG_Sora Kuma,2026-10-03T16:44:58+00:00,False,59,976990f9222fe7542eafabc50bbf680590451b6a1c74cf63eff313fdfd62a59a,24.03205,False,0-10,clock phase,0,600,600,355.02957377813306,772,586,130.46800441741942,99.03400335311889,151.79999999999998,180,35,585,2,0.003418803418803419,0.24615383781952005,3.2461537362447124,0.03386499999999985,236,0.40273037542662116,59.15000200271606,0.3804347826086957,35,2,4.394000148773193,1.011783777952833
lobby_511053797,TaToH,2026,tournament,vs TAG_Sora Kuma,2026-10-03T16:44:58+00:00,False,59,976990f9222fe7542eafabc50bbf680590451b6a1c74cf63eff313fdfd62a59a,24.03205,False,10-20,clock phase,600,1200,600,355.02957377813306,507,423,85.68300290107726,71.48700242042541,114.0,132,35,422,0,0.0,0.5999999796849806,4.084615246317435,0.0,111,0.2624113475177305,52.72800178527832,0.6575342465753424,52,3,5.746000194549561,1.5993115335424242
lobby_511053797,TaToH,2026,tournament,vs TAG_Sora Kuma,2026-10-03T16:44:58+00:00,False,59,976990f9222fe7542eafabc50bbf680590451b6a1c74cf63eff313fdfd62a59a,24.03205,False,Feudal request +0-5 min,request anchor; not completed age or combat phase,275.743,575.7429999999999,299.99999999999994,177.5147868890665,379,269,128.1020043373108,90.9220030784607,129.6,144,17,268,2,0.007462686567164179,0.24615383781954847,3.927076790112911,0.06772999999999987,106,0.3940520446096654,55.09400186538697,0.3843137254901961,22,2,5.070000171661377,1.0391659196138545
lobby_511053797,TaToH,2026,tournament,vs TAG_Sora Kuma,2026-10-03T16:44:58+00:00,False,59,976990f9222fe7542eafabc50bbf680590451b6a1c74cf63eff313fdfd62a59a,24.03205,False,Feudal request +5-10 min,request anchor; not completed age or combat phase,575.7429999999999,875.7429999999999,300.0,177.51478688906653,235,196,79.43000268936157,66.24800224304198,98.39999999999999,108,17,195,0,0.0,0.5999999796850517,4.098922938140682,0.0,46,0.23469387755102042,50.70000171661377,0.7125748502994012,31,2,6.422000217437744,1.6295057336459333
lobby_511057711,TaToH,2026,tournament,vs TAG_Sora Kuma,2026-10-03T17:05:18+00:00,False,59,296affe0334cf44a97503abc95e7ec7733eb9b5507943cdea45e61bba250cbb6,37.5916,False,0-10,clock phase,0,600,600,355.02957377813306,829,640,140.10100474357606,108.16000366210938,151.79999999999998,162,35,639,0,0.0,0.2461538378195165,2.959615284407974,0.0,222,0.346875,70.64200239181518,0.3643926788685524,36,3,4.9010001659393305,0.9147298963869634
lobby_511057711,TaToH,2026,tournament,vs TAG_Sora Kuma,2026-10-03T17:05:18+00:00,False,59,296affe0334cf44a97503abc95e7ec7733eb9b5507943cdea45e61bba250cbb6,37.5916,False,10-20,clock phase,600,1200,600,355.02957377813306,868,659,146.69200496673585,111.37100377082825,169.79999999999998,180,35,658,0,0.0,0.2461538378195378,3.04730758913117,0.0,179,0.2716236722306525,81.12000274658203,0.5433715220949263,44,3,5.408000183105469,1.0330744753787218
lobby_511057711,TaToH,2026,tournament,vs TAG_Sora Kuma,2026-10-03T17:05:18+00:00,False,59,296affe0334cf44a97503abc95e7ec7733eb9b5507943cdea45e61bba250cbb6,37.5916,False,20-30,clock phase,1200,1800,600,355.02957377813306,752,503,127.0880043029785,85.00700287818908,155.39999999999995,180,35,502,3,0.00597609561752988,0.3615384492973277,4.084615246317439,0.0551849999999999,135,0.268389662027833,62.19200210571288,0.5633187772925764,62,7,11.323000383377074,1.3351767143511848
lobby_511057711,TaToH,2026,tournament,vs TAG_Sora Kuma,2026-10-03T17:05:18+00:00,False,59,296affe0334cf44a97503abc95e7ec7733eb9b5507943cdea45e61bba250cbb6,37.5916,False,Feudal request +0-5 min,request anchor; not completed age or combat phase,229.021,529.021,300.0,177.51478688906653,370,285,125.06000423431396,96.33000326156616,117.6,132,17,284,0,0.0,0.3615384492973881,3.040538358591129,0.0,100,0.3508771929824561,62.53000211715698,0.3449612403100775,27,3,4.056000137329101,1.1620737516602258
lobby_511057711,TaToH,2026,tournament,vs TAG_Sora Kuma,2026-10-03T17:05:18+00:00,False,59,296affe0334cf44a97503abc95e7ec7733eb9b5507943cdea45e61bba250cbb6,37.5916,False,Feudal request +5-10 min,request anchor; not completed age or combat phase,529.021,829.021,300.0,177.51478688906653,470,353,158.86000537872314,119.3140040397644,159.6,174,17,352,0,0.0,0.24615383781953426,2.403846072456112,0.0,97,0.2747875354107649,86.5280029296875,0.5613496932515337,35,3,8.450000286102293,0.9602802475449053
lobby_511057711,TaToH,2026,tournament,vs TAG_Sora Kuma,2026-10-03T17:05:18+00:00,False,59,296affe0334cf44a97503abc95e7ec7733eb9b5507943cdea45e61bba250cbb6,37.5916,False,Castle request +0-5 min,request anchor; not completed age or combat phase,974.896,1274.896,300.0,177.51478688906653,402,313,135.8760046005249,105.79400358200073,171.6,186,17,312,0,0.0,0.3615384492973135,3.567922956119516,0.0,79,0.2523961661341853,79.09200267791748,0.5664335664335665,36,5,4.394000148773193,1.2134067578360372
lobby_511057711,TaToH,2026,tournament,vs TAG_Sora Kuma,2026-10-03T17:05:18+00:00,False,59,296affe0334cf44a97503abc95e7ec7733eb9b5507943cdea45e61bba250cbb6,37.5916,False,Castle request +5-10 min,request anchor; not completed age or combat phase,1274.896,1574.896,300.0,177.51478688906653,427,313,144.32600488662717,105.79400358200073,157.2,186,17,312,1,0.003205128205128205,0.24615383781960531,3.4459525460478844,0.03185000000000021,102,0.3258785942492013,71.31800241470336,0.5521885521885522,42,6,9.126000308990477,1.1570200543163134
ranked_502637707,TaToH,2026,ranked,day 2026-08-28,2026-08-28T15:26:48+00:00,False,77,98059acd65aaa311a6eda43777dfb960b15685543cbe0edef1c716ab90b206b3,42.48853333333333,False,0-10,clock phase,0,600,600,355.02957377813306,713,621,120.49700407981872,104.9490035533905,159.59999999999997,180,35,620,1,0.0016129032258064516,0.24615383781949518,3.9619229427792444,0.015903333333333346,171,0.2753623188405797,76.05000257492065,0.34318555008210183,37,1,2.5350000858306885,0.5262359886505953
ranked_502637707,TaToH,2026,ranked,day 2026-08-28,2026-08-28T15:26:48+00:00,False,77,98059acd65aaa311a6eda43777dfb960b15685543cbe0edef1c716ab90b206b3,42.48853333333333,False,10-20,clock phase,600,1200,600,355.02957377813306,600,489,101.40000343322754,82.64100279808044,132.0,144,35,488,3,0.006147540983606557,0.36153844929739876,4.2626921633650126,0.06229166666666666,165,0.3374233128834356,54.75600185394287,0.4701834862385321,42,3,5.239000177383423,1.440215054283271
ranked_502637707,TaToH,2026,ranked,day 2026-08-28,2026-08-28T15:26:48+00:00,False,77,98059acd65aaa311a6eda43777dfb960b15685543cbe0edef1c716ab90b206b3,42.48853333333333,False,20-30,clock phase,1200,1800,600,355.02957377813306,668,506,112.89200382232666,85.51400289535522,141.59999999999997,168,35,505,6,0.011881188118811881,0.36153844929732415,5.3241891688446135,0.12094333333333347,169,0.3339920948616601,56.95300192832946,0.3869565217391304,38,7,6.59100022315979,1.185116963744667
ranked_502637707,TaToH,2026,ranked,day 2026-08-28,2026-08-28T15:26:48+00:00,False,77,98059acd65aaa311a6eda43777dfb960b15685543cbe0edef1c716ab90b206b3,42.48853333333333,False,30-40,clock phase,1800,2400,600,355.02957377813306,743,523,125.5670042514801,88.38700299262999,139.79999999999998,168,35,522,2,0.0038314176245210726,0.37278105246710425,4.1011359558172105,0.03505500000000012,112,0.21414913957934992,69.45900235176086,0.46846846846846846,73,10,12.337000417709351,1.5219377190126415
ranked_502637707,TaToH,2026,ranked,day 2026-08-28,2026-08-28T15:26:48+00:00,False,77,98059acd65aaa311a6eda43777dfb960b15685543cbe0edef1c716ab90b206b3,42.48853333333333,False,40+,clock phase; variable length,2400,2549.312,149.3119999999999,88.35029286660094,193,132,131.06917503357352,89.64316634420572,139.79999999999998,144,8,131,0,0.0,0.36153844929732504,4.60162706313186,0.0,30,0.22727272727272727,69.26971944779532,0.28695652173913044,35,10,14.940527724034286,1.2002868680696106
ranked_502637707,TaToH,2026,ranked,day 2026-08-28,2026-08-28T15:26:48+00:00,False,77,98059acd65aaa311a6eda43777dfb960b15685543cbe0edef1c716ab90b206b3,42.48853333333333,False,Feudal request +0-5 min,request anchor; not completed age or combat phase,429.702,729.702,300.0,177.51478688906653,307,261,103.76600351333617,88.21800298690796,132.0,132,17,260,0,0.0,0.3576922955814723,3.9692306348395276,0.0,90,0.3448275862068966,57.79800195693969,0.3665338645418327,32,2,3.042000102996826,1.028294827776254
ranked_502637707,TaToH,2026,ranked,day 2026-08-28,2026-08-28T15:26:48+00:00,False,77,98059acd65aaa311a6eda43777dfb960b15685543cbe0edef1c716ab90b206b3,42.48853333333333,False,Feudal request +5-10 min,request anchor; not completed age or combat phase,729.702,1029.702,300.0,177.51478688906653,300,241,101.40000343322754,81.45800275802613,135.59999999999997,174,17,240,2,0.008333333333333333,0.36153844929739165,4.898769064905422,0.08124999999999995,96,0.3983402489626556,49.01000165939331,0.5336538461538461,33,3,6.084000205993652,1.5126518001213785
ranked_502637707,TaToH,2026,ranked,day 2026-08-28,2026-08-28T15:26:48+00:00,False,77,98059acd65aaa311a6eda43777dfb960b15685543cbe0edef1c716ab90b206b3,42.48853333333333,False,Castle request +0-5 min,request anchor; not completed age or combat phase,1183.528,1483.528,300.0,177.51478688906653,306,227,103.42800350189208,76.72600259780883,137.99999999999997,162,17,226,5,0.022123893805309734,0.3615384492973206,6.345550081008681,0.17951666666666688,77,0.3392070484581498,50.70000171661377,0.3864734299516908,30,5,4.394000148773193,1.157045562635416
ranked_502637707,TaToH,2026,ranked,day 2026-08-28,2026-08-28T15:26:48+00:00,False,77,98059acd65aaa311a6eda43777dfb960b15685543cbe0edef1c716ab90b206b3,42.48853333333333,False,Castle request +5-10 min,request anchor; not completed age or combat phase,1483.528,1783.528,300.0,177.51478688906653,343,271,115.93400392532348,91.59800310134887,150.0,150,17,270,2,0.007407407407407408,0.3615384492973419,4.579834164461402,0.06787666666666686,92,0.33948339483394835,60.50200204849243,0.38866396761133604,26,5,8.450000286102293,1.1568099848298519
ranked_502643690,TaToH,2026,ranked,day 2026-08-28,2026-08-28T15:54:49+00:00,False,77,4ea37bb03c3cca90712508d5cfa78a0d3e78732a8af9d410f97f21094d3fdce9,23.327333333333335,False,0-10,clock phase,0,600,600,355.02957377813306,583,433,98.52700333595276,73.17700247764587,130.7999999999999,270,35,432,10,0.023148148148148147,0.3615384492974272,5.838076725409804,0.18280166666666667,118,0.27251732101616627,53.23500180244445,0.4419753086419753,44,2,3.549000120162964,1.0404799524826527
ranked_502643690,TaToH,2026,ranked,day 2026-08-28,2026-08-28T15:54:49+00:00,False,77,4ea37bb03c3cca90712508d5cfa78a0d3e78732a8af9d410f97f21094d3fdce9,23.327333333333335,False,10-20,clock phase,600,1200,600,355.02957377813306,577,459,97.51300330162047,77.57100262641906,113.39999999999995,162,35,458,3,0.006550218340611353,0.48461536820713036,4.446153695614852,0.046041666666666634,123,0.2679738562091503,56.78400192260742,0.4793187347931874,47,2,4.9010001659393305,1.4149170276497673
ranked_502643690,TaToH,2026,ranked,day 2026-08-28,2026-08-28T15:54:49+00:00,False,77,4ea37bb03c3cca90712508d5cfa78a0d3e78732a8af9d410f97f21094d3fdce9,23.327333333333335,False,Feudal request +0-5 min,request anchor; not completed age or combat phase,308.841,608.841,300.0,177.51478688906653,360,275,121.68000411987303,92.95000314712523,157.19999999999987,282,17,274,1,0.0036496350364963502,0.36153844929739165,3.5301537266289698,0.0426400000000001,95,0.34545454545454546,60.840002059936516,0.35797665369649806,28,2,4.394000148773193,1.0136039311431955
ranked_502643690,TaToH,2026,ranked,day 2026-08-28,2026-08-28T15:54:49+00:00,False,77,4ea37bb03c3cca90712508d5cfa78a0d3e78732a8af9d410f97f21094d3fdce9,23.327333333333335,False,Feudal request +5-10 min,request anchor; not completed age or combat phase,608.841,908.841,300.0,177.51478688906653,292,228,98.69600334167481,77.06400260925292,109.19999999999999,114,17,227,3,0.013215859030837005,0.48461536820713036,4.865999835245695,0.09208333333333327,55,0.2412280701754386,58.474001979827875,0.5326633165829145,27,2,5.070000171661377,1.498513644423722
ranked_502647651,TaToH,2026,ranked,day 2026-08-28,2026-08-28T16:14:42+00:00,False,77,b7f77413d3a076aadec821803ff27cd6e1e4dd53d7fbb1f6e0e2502aeb5746b5,34.399300000000004,False,0-10,clock phase,0,600,600,355.02957377813306,799,645,135.03100457191468,109.0050036907196,175.79999999999998,180,35,644,1,0.0015527950310559005,0.24615383781949163,3.2899998886063337,0.02335666666666668,177,0.2744186046511628,79.09200267791748,0.3926282051282051,39,2,4.9010001659393305,0.7662380487359525
ranked_502647651,TaToH,2026,ranked,day 2026-08-28,2026-08-28T16:14:42+00:00,False,77,b7f77413d3a076aadec821803ff27cd6e1e4dd53d7fbb1f6e0e2502aeb5746b5,34.399300000000004,False,10-20,clock phase,600,1200,600,355.02957377813306,585,446,98.86500334739684,75.37400255203247,120.0,156,35,445,4,0.008988764044943821,0.3615384492973961,4.2495383176564845,0.0771766666666666,118,0.2645739910313901,55.43200187683105,0.3170731707317073,44,6,5.746000194549561,1.011944627855833
ranked_502647651,TaToH,2026,ranked,day 2026-08-28,2026-08-28T16:14:42+00:00,False,77,b7f77413d3a076aadec821803ff27cd6e1e4dd53d7fbb1f6e0e2502aeb5746b5,34.399300000000004,False,20-30,clock phase,1200,1800,600,355.02957377813306,708,493,119.6520040512085,83.31700282096863,132.0,150,35,492,3,0.006097560975609756,0.4769230607753343,3.583751357950381,0.05857333333333381,71,0.1440162271805274,71.31800241470336,0.5728395061728395,84,10,15.886000537872313,1.5200831666668007
ranked_502647651,TaToH,2026,ranked,day 2026-08-28,2026-08-28T16:14:42+00:00,False,77,b7f77413d3a076aadec821803ff27cd6e1e4dd53d7fbb1f6e0e2502aeb5746b5,34.399300000000004,False,Feudal request +0-5 min,request anchor; not completed age or combat phase,594.633,894.633,300.0,177.51478688906653,294,248,99.37200336456299,83.82400283813477,129.59999999999997,168,17,247,2,0.008097165991902834,0.36153844929738455,4.0487690936849265,0.0927333333333335,85,0.34274193548387094,55.09400186538696,0.3025210084033613,29,3,1.690000057220459,0.936984332009088
ranked_502647651,TaToH,2026,ranked,day 2026-08-28,2026-08-28T16:14:42+00:00,False,77,b7f77413d3a076aadec821803ff27cd6e1e4dd53d7fbb1f6e0e2502aeb5746b5,34.399300000000004,False,Feudal request +5-10 min,request anchor; not completed age or combat phase,894.633,1194.633,300.0,177.51478688906653,295,202,99.71000337600707,68.27600231170653,93.6,108,17,201,1,0.004975124378109453,0.3615384492974698,3.508615265819827,0.057383333333333106,36,0.1782178217821782,56.10800189971924,0.3314285714285714,26,4,9.464000320434568,1.0127788155402375
ranked_502647651,TaToH,2026,ranked,day 2026-08-28,2026-08-28T16:14:42+00:00,False,77,b7f77413d3a076aadec821803ff27cd6e1e4dd53d7fbb1f6e0e2502aeb5746b5,34.399300000000004,False,Castle request +0-5 min,request anchor; not completed age or combat phase,784.563,1084.563,300.0000000000001,177.51478688906658,285,205,96.33000326156613,69.29000234603879,103.19999999999999,108,17,204,3,0.014705882352941176,0.36153844929738455,5.0463075214485125,0.12120333333333318,54,0.2634146341463415,51.03800172805784,0.29347826086956524,24,5,5.408000183105466,1.1219660890145036
ranked_502647651,TaToH,2026,ranked,day 2026-08-28,2026-08-28T16:14:42+00:00,False,77,b7f77413d3a076aadec821803ff27cd6e1e4dd53d7fbb1f6e0e2502aeb5746b5,34.399300000000004,False,Castle request +5-10 min,request anchor; not completed age or combat phase,1084.563,1384.563,300.0,177.51478688906653,334,239,112.89200382232666,80.78200273513794,117.6,132,17,238,2,0.008403361344537815,0.4192307550363239,3.4011537309967186,0.0676866666666668,32,0.13389121338912133,69.966002368927,0.5303030303030303,34,4,14.872000503540038,1.2062971799992188
ranked_502647651,TaToH,2026,ranked,day 2026-08-28,2026-08-28T16:14:42+00:00,False,77,b7f77413d3a076aadec821803ff27cd6e1e4dd53d7fbb1f6e0e2502aeb5746b5,34.399300000000004,False,Imperial request +0-5 min,request anchor; not completed age or combat phase,1728.068,2028.068,300.0,177.51478688906653,365,242,123.3700041770935,81.7960027694702,121.19999999999999,126,17,241,2,0.008298755186721992,0.47573962886261256,4.2865797365206815,0.08195666666666664,48,0.19834710743801653,65.5720022201538,0.4251207729468599,55,11,16.562000560760495,1.217090464753575
ranked_503419779,TaToH,2026,ranked,day 2026-08-31,2026-08-31T16:49:19+00:00,False,77,04edd18fbe6f14d5e736d163205551cb677e91343a6aabdddc3390a29d6ebd65,26.685433333333332,False,0-10,clock phase,0,600,600,355.02957377813306,853,703,144.15700488090516,118.80700402259826,163.79999999999998,174,35,702,0,0.0,0.23846153038766715,2.9190768242420666,0.0,301,0.42816500711237554,67.93800230026245,0.28175182481751826,30,2,3.887000131607055,0.6601434863714777
ranked_503419779,TaToH,2026,ranked,day 2026-08-31,2026-08-31T16:49:19+00:00,False,77,04edd18fbe6f14d5e736d163205551cb677e91343a6aabdddc3390a29d6ebd65,26.685433333333332,False,10-20,clock phase,600,1200,600,355.02957377813306,752,544,127.0880043029785,91.93600311279297,129.59999999999997,144,35,543,3,0.0055248618784530384,0.36153844929737033,4.084615246317459,0.0518049999999999,177,0.32536764705882354,62.02300209999085,0.3069306930693069,45,8,7.436000251770019,1.14027214117842
ranked_503419779,TaToH,2026,ranked,day 2026-08-31,2026-08-31T16:49:19+00:00,False,77,04edd18fbe6f14d5e736d163205551cb677e91343a6aabdddc3390a29d6ebd65,26.685433333333332,False,Feudal request +0-5 min,request anchor; not completed age or combat phase,436.605,736.605,300.0,177.51478688906653,365,290,123.3700041770935,98.02000331878662,140.39999999999998,150,17,289,1,0.0034602076124567475,0.2461538378194703,3.187999892059836,0.03926000000000014,109,0.3758620689655172,61.17800207138062,0.2924187725631769,27,3,4.056000137329101,0.8488292350192366
ranked_503419779,TaToH,2026,ranked,day 2026-08-31,2026-08-31T16:49:19+00:00,False,77,04edd18fbe6f14d5e736d163205551cb677e91343a6aabdddc3390a29d6ebd65,26.685433333333332,False,Feudal request +5-10 min,request anchor; not completed age or combat phase,736.605,1036.605,300.0,177.51478688906653,376,289,127.0880043029785,97.68200330734253,127.19999999999999,132,17,288,1,0.003472222222222222,0.36153844929739165,2.800384520568445,0.03319333333333328,86,0.2975778546712803,68.61400232315063,0.27611940298507465,24,6,5.070000171661377,1.1361110659058251
ranked_503419779,TaToH,2026,ranked,day 2026-08-31,2026-08-31T16:49:19+00:00,False,77,04edd18fbe6f14d5e736d163205551cb677e91343a6aabdddc3390a29d6ebd65,26.685433333333332,False,Castle request +0-5 min,request anchor; not completed age or combat phase,761.202,1061.202,300.0,177.51478688906653,376,282,127.0880043029785,95.31600322723388,128.39999999999998,138,17,281,2,0.0071174377224199285,0.36153844929739165,3.365461424512862,0.06434999999999974,84,0.2978723404255319,66.92400226593017,0.27586206896551724,23,7,6.760000228881836,1.143721576816178
ranked_503419779,TaToH,2026,ranked,day 2026-08-31,2026-08-31T16:49:19+00:00,False,77,04edd18fbe6f14d5e736d163205551cb677e91343a6aabdddc3390a29d6ebd65,26.685433333333332,False,Castle request +5-10 min,request anchor; not completed age or combat phase,1061.202,1361.202,300.0,177.51478688906653,332,203,112.21600379943848,68.61400232315063,120.0,120,17,202,4,0.019801980198019802,0.3615384492974556,6.4076920907390535,0.15647333333333413,44,0.21674876847290642,53.74200181961059,0.46706586826347307,41,8,12.168000411987304,1.528546598286081
ranked_503596731,TaToH,2026,ranked,day 2026-09-01,2026-09-01T13:10:20+00:00,False,77,66003e667e2b1412eadcfd96ab3a5445c3e2a3dab6c00c66aafa52bc898d56cd,23.672349999999998,False,0-10,clock phase,0,600,600,355.02957377813306,794,639,134.18600454330445,107.99100365638732,157.79999999999998,162,35,638,2,0.003134796238244514,0.23846153038765294,3.5999998781102778,0.03081000000000003,309,0.4835680751173709,55.77000188827514,0.24242424242424243,34,3,4.225000143051147,0.5810097336508537
ranked_503596731,TaToH,2026,ranked,day 2026-09-01,2026-09-01T13:10:20+00:00,False,77,66003e667e2b1412eadcfd96ab3a5445c3e2a3dab6c00c66aafa52bc898d56cd,23.672349999999998,False,10-20,clock phase,600,1200,600,355.02957377813306,698,540,117.96200399398803,91.26000308990479,127.79999999999998,198,35,539,4,0.0074211502782931356,0.24615383781954847,4.260769086506915,0.06499999999999992,166,0.3074074074074074,63.20600214004516,0.36470588235294116,39,7,6.760000228881836,1.1910496188014352
ranked_503596731,TaToH,2026,ranked,day 2026-09-01,2026-09-01T13:10:20+00:00,False,77,66003e667e2b1412eadcfd96ab3a5445c3e2a3dab6c00c66aafa52bc898d56cd,23.672349999999998,False,Feudal request +0-5 min,request anchor; not completed age or combat phase,528.827,828.827,300.0,177.51478688906653,338,269,114.24400386810302,90.92200307846069,128.39999999999998,138,17,268,3,0.011194029850746268,0.2461538378194632,4.410769081428288,0.09815000000000024,83,0.30855018587360594,62.86800212860107,0.28957528957528955,25,5,5.070000171661377,0.8993592590969637
ranked_503596731,TaToH,2026,ranked,day 2026-09-01,2026-09-01T13:10:20+00:00,False,77,66003e667e2b1412eadcfd96ab3a5445c3e2a3dab6c00c66aafa52bc898d56cd,23.672349999999998,False,Feudal request +5-10 min,request anchor; not completed age or combat phase,828.827,1128.827,300.0,177.51478688906653,325,242,109.85000371932983,81.7960027694702,144.0,144,17,241,2,0.008298755186721992,0.35769229558144744,4.478076771456932,0.0602766666666666,76,0.3140495867768595,56.10800189971924,0.39732142857142855,32,6,6.760000228881836,1.3993543097914614
ranked_503596731,TaToH,2026,ranked,day 2026-09-01,2026-09-01T13:10:20+00:00,False,77,66003e667e2b1412eadcfd96ab3a5445c3e2a3dab6c00c66aafa52bc898d56cd,23.672349999999998,False,Castle request +0-5 min,request anchor; not completed age or combat phase,821.938,1121.938,300.0000000000001,177.51478688906658,324,243,109.5120037078857,82.13400278091427,140.39999999999995,198,17,242,2,0.008264462809917356,0.36153844929738455,4.2399998564409,0.060276666666666624,78,0.32098765432098764,55.77000188827513,0.40625,32,6,6.422000217437741,1.4259189150834684
ranked_503599836,TaToH,2026,ranked,day 2026-09-01,2026-09-01T13:29:24+00:00,False,67,68082654eec3b94b53753c4c4708d53956bfaa46b26219ef65b7f2094fd85183,27.637616666666666,False,0-10,clock phase,0,600,600,355.02957377813306,919,774,155.31100525856016,130.8060044288635,199.79999999999998,234,35,773,0,0.0,0.23846153038764584,2.8035383666155327,0.0,384,0.49612403100775193,65.9100022315979,0.2683246073298429,31,1,3.380000114440918,0.4982242235789643
ranked_503599836,TaToH,2026,ranked,day 2026-09-01,2026-09-01T13:29:24+00:00,False,67,68082654eec3b94b53753c4c4708d53956bfaa46b26219ef65b7f2094fd85183,27.637616666666666,False,10-20,clock phase,600,1200,600,355.02957377813306,681,457,115.08900389671325,77.23300261497496,120.0,162,35,456,4,0.008771929824561403,0.36153844929739165,4.807692144912216,0.060601666666666436,169,0.36980306345733044,48.672001647949216,0.3144208037825059,44,5,7.9430002689361565,1.0639705463233469
ranked_503599836,TaToH,2026,ranked,day 2026-09-01,2026-09-01T13:29:24+00:00,False,67,68082654eec3b94b53753c4c4708d53956bfaa46b26219ef65b7f2094fd85183,27.637616666666666,False,Feudal request +0-5 min,request anchor; not completed age or combat phase,451.841,751.841,300.0,177.51478688906653,361,303,122.01800413131713,102.41400346755981,158.39999999999998,168,17,302,1,0.0033112582781456954,0.23846153038765738,3.6199998774330964,0.028426666666666735,187,0.6171617161716172,39.208001327514644,0.1864406779661017,23,1,0.6760000228881836,0.6273203841151171
ranked_503599836,TaToH,2026,ranked,day 2026-09-01,2026-09-01T13:29:24+00:00,False,67,68082654eec3b94b53753c4c4708d53956bfaa46b26219ef65b7f2094fd85183,27.637616666666666,False,Feudal request +5-10 min,request anchor; not completed age or combat phase,751.841,1051.841,299.9999999999999,177.51478688906644,333,210,112.55400381088262,70.98000240325932,99.6,114,17,209,2,0.009569377990430622,0.4192307550363559,4.566845999220696,0.06096999999999981,59,0.28095238095238095,51.038001728057885,0.2864583333333333,23,4,8.450000286102298,0.9319720985125216
ranked_503599836,TaToH,2026,ranked,day 2026-09-01,2026-09-01T13:29:24+00:00,False,67,68082654eec3b94b53753c4c4708d53956bfaa46b26219ef65b7f2094fd85183,27.637616666666666,False,Castle request +0-5 min,request anchor; not completed age or combat phase,582.452,882.452,300.0,177.51478688906653,355,273,119.99000406265257,92.27400312423705,136.79999999999998,156,17,272,3,0.011029411764705883,0.23846153038766005,4.898307526459528,0.08939666666666647,150,0.5494505494505495,41.574001407623285,0.155893536121673,21,3,3.7180001258850095,0.7105104095466556
ranked_503599836,TaToH,2026,ranked,day 2026-09-01,2026-09-01T13:29:24+00:00,False,67,68082654eec3b94b53753c4c4708d53956bfaa46b26219ef65b7f2094fd85183,27.637616666666666,False,Castle request +5-10 min,request anchor; not completed age or combat phase,882.452,1182.452,300.0,177.51478688906653,336,196,113.56800384521485,66.24800224304198,86.39999999999999,96,17,195,1,0.005128205128205128,0.5999999796850801,4.5954613828671995,0.03180666666666637,33,0.1683673469387755,55.09400186538696,0.5087719298245614,29,5,11.830000400543213,1.3356639152761585
ranked_505288489,TaToH,2026,ranked,day 2026-09-08,2026-09-08T18:59:13+00:00,False,77,9741167c46fca7c414d98390ec2d9b3a86614c057d31a2d9c5e91207b76e33f1,19.70468333333333,False,0-10,clock phase,0,600,600,355.02957377813306,756,532,127.76400432586671,89.9080030441284,163.19999999999993,186,35,531,9,0.01694915254237288,0.35384614186553165,6.568615162213476,0.18384166666666665,169,0.3176691729323308,61.34700207710266,0.35589941972920697,34,1,3.549000120162964,0.8971079400820919
ranked_505288489,TaToH,2026,ranked,day 2026-09-08,2026-09-08T18:59:13+00:00,False,77,9741167c46fca7c414d98390ec2d9b3a86614c057d31a2d9c5e91207b76e33f1,19.70468333333333,False,Feudal request +0-5 min,request anchor; not completed age or combat phase,541.017,841.017,300.0,177.51478688906653,206,142,69.62800235748291,47.996001625061034,99.6,114,17,141,6,0.0425531914893617,0.5999999796850517,10.097153504281813,0.3527766666666665,36,0.2535211267605634,35.828001213073726,0.5114503816793893,25,2,2.0280000686645505,1.2213951044280402
ranked_505288489,TaToH,2026,ranked,day 2026-09-08,2026-09-08T18:59:13+00:00,False,77,9741167c46fca7c414d98390ec2d9b3a86614c057d31a2d9c5e91207b76e33f1,19.70468333333333,False,Feudal request +5-10 min,request anchor; not completed age or combat phase,841.017,1141.017,300.0,177.51478688906653,354,276,119.6520040512085,93.28800315856934,153.6,168,17,275,2,0.007272727272727273,0.36153844929738455,4.085384477060601,0.10222333333333265,82,0.2971014492753623,65.5720022201538,0.6007905138339921,30,4,6.084000205993652,1.3234375610823268
ranked_505288489,TaToH,2026,ranked,day 2026-09-08,2026-09-08T18:59:13+00:00,False,77,9741167c46fca7c414d98390ec2d9b3a86614c057d31a2d9c5e91207b76e33f1,19.70468333333333,False,Castle request +0-5 min,request anchor; not completed age or combat phase,729.92,1029.92,300.0000000000001,177.51478688906658,317,240,107.14600362777705,81.120002746582,110.39999999999999,120,17,239,1,0.0041841004184100415,0.36153844929739876,3.9211537133903813,0.06902999999999967,63,0.2625,59.826002025604225,0.5185185185185185,33,4,5.070000171661375,1.3739853884774762
ranked_506421735,TaToH,2026,ranked,day 2026-09-13,2026-09-13T15:20:57+00:00,False,169,f17e847cbd7dbccd4e8c819c199078bc137d0cbd71f05427e279c21f0e64e7ca,55.23863333333334,True,0-10,clock phase,0,600,600,355.02957377813306,867,721,146.52300496101378,121.84900412559509,175.79999999999998,210,35,720,1,0.001388888888888889,0.23846153038766715,2.7615383680375776,0.017593333333333287,311,0.43134535367545074,69.29000234603882,0.3031609195402299,33,3,3.380000114440918,0.7240452194596059
ranked_506421735,TaToH,2026,ranked,day 2026-09-13,2026-09-13T15:20:57+00:00,False,169,f17e847cbd7dbccd4e8c819c199078bc137d0cbd71f05427e279c21f0e64e7ca,55.23863333333334,True,10-20,clock phase,600,1200,600,355.02957377813306,891,640,150.5790050983429,108.16000366210938,157.79999999999998,174,35,639,2,0.003129890453834116,0.36153844929738455,3.452615267715853,0.032846666666666594,203,0.3171875,73.85300250053406,0.5057471264367817,48,2,6.59100022315979,0.9617156591947702
ranked_506421735,TaToH,2026,ranked,day 2026-09-13,2026-09-13T15:20:57+00:00,False,169,f17e847cbd7dbccd4e8c819c199078bc137d0cbd71f05427e279c21f0e64e7ca,55.23863333333334,True,20-30,clock phase,1200,1800,600,355.02957377813306,785,516,132.66500449180603,87.20400295257568,124.7999999999999,156,35,515,2,0.003883495145631068,0.36153844929739876,3.960615250515878,0.03520833333333338,124,0.24031007751937986,66.24800224304198,0.4514038876889849,53,10,11.492000389099122,1.3238251393976914
ranked_506421735,TaToH,2026,ranked,day 2026-09-13,2026-09-13T15:20:57+00:00,False,169,f17e847cbd7dbccd4e8c819c199078bc137d0cbd71f05427e279c21f0e64e7ca,55.23863333333334,True,30-40,clock phase,1800,2400,600,355.02957377813306,779,468,131.65100445747373,79.09200267791748,120.0,132,35,467,1,0.0021413276231263384,0.4846153682071943,3.710230643608813,0.0149066666666666,79,0.16880341880341881,65.74100222587586,0.6127320954907162,140,12,20.787000703811643,1.5998490845291435
ranked_506421735,TaToH,2026,ranked,day 2026-09-13,2026-09-13T15:20:57+00:00,False,169,f17e847cbd7dbccd4e8c819c199078bc137d0cbd71f05427e279c21f0e64e7ca,55.23863333333334,True,40+,clock phase; variable length,2400,3314.318,914.3180000000002,541.0165497294586,1131,630,125.43054373093423,69.86847263526839,116.09999999999997,126,54,629,8,0.012718600953895072,0.4970414032892023,5.1680944995736615,0.11138684790193398,111,0.1761904761904762,57.5583131709592,0.5915789473684211,319,31,24.28761191606949,1.7967605898658174
ranked_506421735,TaToH,2026,ranked,day 2026-09-13,2026-09-13T15:20:57+00:00,False,169,f17e847cbd7dbccd4e8c819c199078bc137d0cbd71f05427e279c21f0e64e7ca,55.23863333333334,True,40-45,clock phase; fixed five minutes,2400,2700,300,177.51478688906653,361,242,122.01800413131713,81.7960027694702,126.0,126,17,241,2,0.008298755186721992,0.4931952495732901,4.674591557702777,0.06739666666666691,51,0.21074380165289255,64.55800218582152,0.542713567839196,125,19,14.196000480651856,1.6403569611419342
ranked_506421735,TaToH,2026,ranked,day 2026-09-13,2026-09-13T15:20:57+00:00,False,169,f17e847cbd7dbccd4e8c819c199078bc137d0cbd71f05427e279c21f0e64e7ca,55.23863333333334,True,40+ excluding final 60 game seconds,terminal minute sensitivity,2400,3254.318,854.3180000000002,505.51359235164523,1062,600,126.05002311327587,71.21470232388468,117.29999999999998,126,50,599,8,0.01335559265442404,0.4970414032894723,5.2492542601393115,0.09778209050962322,110,0.18333333333333332,58.15867356450582,0.5904139433551199,309,29,24.212998790120793,1.780644540739134
ranked_506421735,TaToH,2026,ranked,day 2026-09-13,2026-09-13T15:20:57+00:00,False,169,f17e847cbd7dbccd4e8c819c199078bc137d0cbd71f05427e279c21f0e64e7ca,55.23863333333334,True,Feudal request +0-5 min,request anchor; not completed age or combat phase,403.702,703.702,300.0,177.51478688906653,419,350,141.62200479507445,118.30000400543211,156.0,156,17,349,0,0.0,0.23846153038766715,2.717538369527327,0.0,130,0.37142857142857144,74.36000251770018,0.4115853658536585,27,3,4.732000160217284,0.9956732450433667
ranked_506421735,TaToH,2026,ranked,day 2026-09-13,2026-09-13T15:20:57+00:00,False,169,f17e847cbd7dbccd4e8c819c199078bc137d0cbd71f05427e279c21f0e64e7ca,55.23863333333334,True,Feudal request +5-10 min,request anchor; not completed age or combat phase,703.702,1003.702,300.0,177.51478688906653,415,284,140.2700047492981,95.99200325012207,153.6,168,17,283,2,0.007067137809187279,0.36153844929739165,4.558769076417196,0.06569333333333327,82,0.2887323943661972,68.27600231170653,0.48872180451127817,32,2,6.422000217437744,1.049553292499494
ranked_506421735,TaToH,2026,ranked,day 2026-09-13,2026-09-13T15:20:57+00:00,False,169,f17e847cbd7dbccd4e8c819c199078bc137d0cbd71f05427e279c21f0e64e7ca,55.23863333333334,True,Castle request +0-5 min,request anchor; not completed age or combat phase,1143.48,1443.48,300.0,177.51478688906653,393,257,132.83400449752807,86.8660029411316,143.99999999999997,168,17,256,2,0.0078125,0.3615384492974556,4.317230623056905,0.0704166666666666,65,0.2529182879377432,64.89600219726562,0.36363636363636365,36,5,5.746000194549561,1.313388870566029
ranked_506421735,TaToH,2026,ranked,day 2026-09-13,2026-09-13T15:20:57+00:00,False,169,f17e847cbd7dbccd4e8c819c199078bc137d0cbd71f05427e279c21f0e64e7ca,55.23863333333334,True,Castle request +5-10 min,request anchor; not completed age or combat phase,1443.48,1743.48,300.0,177.51478688906653,416,286,140.60800476074218,96.66800327301024,150.0,150,17,285,0,0.0,0.3615384492973259,3.7832306411371746,0.0,80,0.27972027972027974,69.62800235748291,0.4847328244274809,39,8,14.534000492095947,1.200096509690855
ranked_506421735,TaToH,2026,ranked,day 2026-09-13,2026-09-13T15:20:57+00:00,False,169,f17e847cbd7dbccd4e8c819c199078bc137d0cbd71f05427e279c21f0e64e7ca,55.23863333333334,True,Imperial request +0-5 min,request anchor; not completed age or combat phase,2288.79,2588.79,300.0,177.51478688906653,338,231,114.24400386810302,78.0780026435852,103.19999999999999,108,17,230,1,0.004347826086956522,0.48816566394496164,4.463502807453436,0.03355666666666668,29,0.12554112554112554,68.27600231170653,0.5423728813559322,118,19,15.210000514984129,1.6992604709192163
ranked_506421735,TaToH,2026,ranked,day 2026-09-13,2026-09-13T15:20:57+00:00,False,169,f17e847cbd7dbccd4e8c819c199078bc137d0cbd71f05427e279c21f0e64e7ca,55.23863333333334,True,Imperial request +5-10 min,request anchor; not completed age or combat phase,2588.79,2888.79,300.0,177.51478688906653,400,221,135.2000045776367,74.69800252914429,106.79999999999998,126,17,220,2,0.00909090909090909,0.6071005711605153,3.879496910067198,0.07312666666666712,52,0.23529411764705882,57.12200193405151,0.6373626373626373,123,14,26.36400089263916,1.5887436239487007
ranked_506683393,TaToH,2026,ranked,day 2026-09-14,2026-09-14T18:17:12+00:00,False,77,5b718c127366a4cd1c9270831793bd245a7ecaed06a46ccb03340300eff43b94,30.74028333333333,False,0-10,clock phase,0,600,600,355.02957377813306,919,758,155.31100525856016,128.10200433731077,172.7999999999999,198,35,757,1,0.001321003963011889,0.23846153038766715,2.854615287963063,0.01555666666666666,278,0.36675461741424803,81.12000274658203,0.3168724279835391,41,2,3.887000131607055,0.671866640223859
ranked_506683393,TaToH,2026,ranked,day 2026-09-14,2026-09-14T18:17:12+00:00,False,77,5b718c127366a4cd1c9270831793bd245a7ecaed06a46ccb03340300eff43b94,30.74028333333333,False,10-20,clock phase,600,1200,600,355.02957377813306,701,571,118.46900401115417,96.4990032672882,156.0,156,35,570,4,0.007017543859649123,0.36153844929739165,4.51015369344794,0.08399833333333348,150,0.2626970227670753,71.14900240898133,0.4700374531835206,57,5,5.5770001888275145,0.975009888984758
ranked_506683393,TaToH,2026,ranked,day 2026-09-14,2026-09-14T18:17:12+00:00,False,77,5b718c127366a4cd1c9270831793bd245a7ecaed06a46ccb03340300eff43b94,30.74028333333333,False,20-30,clock phase,1200,1800,600,355.02957377813306,614,372,103.76600351333617,62.86800212860107,90.0,96,35,371,4,0.01078167115902965,0.4881656639449652,5.220272012599733,0.07578333333333287,85,0.22849462365591397,48.50300164222717,0.6625,86,8,15.041000509262085,1.5354179592661792
ranked_506683393,TaToH,2026,ranked,day 2026-09-14,2026-09-14T18:17:12+00:00,False,77,5b718c127366a4cd1c9270831793bd245a7ecaed06a46ccb03340300eff43b94,30.74028333333333,False,Feudal request +0-5 min,request anchor; not completed age or combat phase,440.882,740.8820000000001,300.00000000000006,177.51478688906656,387,329,130.80600442886347,111.20200376510618,140.39999999999998,174,17,328,0,0.0,0.36153844929737033,2.7470768300657085,0.0,86,0.2613981762917933,82.13400278091429,0.5537459283387622,41,2,4.394000148773193,1.0355371077681612
ranked_506683393,TaToH,2026,ranked,day 2026-09-14,2026-09-14T18:17:12+00:00,False,77,5b718c127366a4cd1c9270831793bd245a7ecaed06a46ccb03340300eff43b94,30.74028333333333,False,Feudal request +5-10 min,request anchor; not completed age or combat phase,740.8820000000001,1040.882,300.0,177.51478688906653,391,329,132.15800447463988,111.2020037651062,159.6,174,17,328,1,0.003048780487804878,0.36153844929739165,2.6098460654813405,0.02911999999999999,88,0.2674772036474164,81.45800275802613,0.40634920634920635,39,3,4.394000148773193,0.829937093112589
ranked_506683393,TaToH,2026,ranked,day 2026-09-14,2026-09-14T18:17:12+00:00,False,77,5b718c127366a4cd1c9270831793bd245a7ecaed06a46ccb03340300eff43b94,30.74028333333333,False,Castle request +0-5 min,request anchor; not completed age or combat phase,901.816,1201.816,300.0,177.51478688906653,348,257,117.62400398254394,86.8660029411316,145.2,150,17,256,3,0.01171875,0.3615384492974698,5.273845975282906,0.13887666666666743,61,0.23735408560311283,66.24800224304198,0.5517241379310345,33,5,7.436000251770019,1.2005789699810485
ranked_506683393,TaToH,2026,ranked,day 2026-09-14,2026-09-14T18:17:12+00:00,False,77,5b718c127366a4cd1c9270831793bd245a7ecaed06a46ccb03340300eff43b94,30.74028333333333,False,Castle request +5-10 min,request anchor; not completed age or combat phase,1201.816,1501.816,300.0,177.51478688906653,314,189,106.13200359344482,63.882002162933354,92.39999999999999,102,17,188,1,0.005319148936170213,0.5494082654216506,4.49960931510666,0.04019333333333337,48,0.25396825396825395,47.65800161361694,0.6628571428571428,40,6,14.872000503540038,1.202003133017354
ranked_506687982,TaToH,2026,ranked,day 2026-09-14,2026-09-14T18:39:07+00:00,False,77,f5604eb33b9473e74b81c3950b2b577a7d433000c620a0b47b5407671b1eeac4,45.4523,True,0-10,clock phase,0,600,600,355.02957377813306,733,601,123.87700419425964,101.56900343894958,168.0,180,35,600,3,0.005,0.24615383781950584,3.5696921868287186,0.06952499999999974,190,0.3161397670549085,69.45900235176086,0.3706896551724138,38,2,5.408000183105469,0.7269633202507275
ranked_506687982,TaToH,2026,ranked,day 2026-09-14,2026-09-14T18:39:07+00:00,False,77,f5604eb33b9473e74b81c3950b2b577a7d433000c620a0b47b5407671b1eeac4,45.4523,True,10-20,clock phase,600,1200,600,355.02957377813306,567,346,95.82300324440001,58.474001979827875,108.0,108,35,345,9,0.02608695652173913,0.4769230607753161,6.735230541187576,0.18002833333333337,68,0.19653179190751446,46.98200159072876,0.5695364238410596,49,9,7.2670002460479735,1.558663696554277
ranked_506687982,TaToH,2026,ranked,day 2026-09-14,2026-09-14T18:39:07+00:00,False,77,f5604eb33b9473e74b81c3950b2b577a7d433000c620a0b47b5407671b1eeac4,45.4523,True,20-30,clock phase,1200,1800,600,355.02957377813306,599,396,101.23100342750548,66.92400226593017,109.79999999999998,156,35,395,1,0.002531645569620253,0.6071005711605153,4.814402203856531,0.018958333333333348,81,0.20454545454545456,53.23500180244445,0.6242038216560509,96,12,15.717000532150267,1.7855482219403216
ranked_506687982,TaToH,2026,ranked,day 2026-09-14,2026-09-14T18:39:07+00:00,False,77,f5604eb33b9473e74b81c3950b2b577a7d433000c620a0b47b5407671b1eeac4,45.4523,True,30-40,clock phase,1800,2400,600,355.02957377813306,632,395,106.80800361633301,66.75500226020813,109.19999999999993,132,35,394,5,0.012690355329949238,0.5982248318162817,5.319999819874067,0.10000333333333244,83,0.21012658227848102,52.72800178527832,0.6503267973856209,108,11,16.224000549316404,1.875895580875727
ranked_506687982,TaToH,2026,ranked,day 2026-09-14,2026-09-14T18:39:07+00:00,False,77,f5604eb33b9473e74b81c3950b2b577a7d433000c620a0b47b5407671b1eeac4,45.4523,True,40+,clock phase; variable length,2400,2727.138,327.1379999999999,193.57277451105142,427,255,132.35332326415204,79.04004082519619,107.99999999999987,162,19,254,1,0.003937007874015748,0.4721893331247884,4.424201033636291,0.033502680825829,89,0.34901960784313724,51.453516772480654,0.7167381974248928,151,15,28.82636783036567,1.4619756506589041
ranked_506687982,TaToH,2026,ranked,day 2026-09-14,2026-09-14T18:39:07+00:00,False,77,f5604eb33b9473e74b81c3950b2b577a7d433000c620a0b47b5407671b1eeac4,45.4523,True,40-45,clock phase; fixed five minutes,2400,2700,300,177.51478688906653,395,236,133.51000452041626,79.76800270080565,113.99999999999996,162,17,235,1,0.00425531914893617,0.4721893331250442,4.332212871070366,0.03653333333333348,82,0.3474576271186441,52.052001762390134,0.7247706422018348,148,15,28.730000972747803,1.425696709830148
ranked_506687982,TaToH,2026,ranked,day 2026-09-14,2026-09-14T18:39:07+00:00,False,77,f5604eb33b9473e74b81c3950b2b577a7d433000c620a0b47b5407671b1eeac4,45.4523,True,40+ excluding final 60 game seconds,terminal minute sensitivity,2400,2667.138,267.1379999999999,158.06981713323813,338,196,128.29773809952502,74.3975049334524,102.0,102,15,195,1,0.005128205128205128,0.4849112261852042,4.5751241054493486,0.04102748392216774,64,0.32653061224489793,50.104442098039364,0.6910112359550562,141,15,29.607170330659624,1.464972286191896
ranked_506687982,TaToH,2026,ranked,day 2026-09-14,2026-09-14T18:39:07+00:00,False,77,f5604eb33b9473e74b81c3950b2b577a7d433000c620a0b47b5407671b1eeac4,45.4523,True,Feudal request +0-5 min,request anchor; not completed age or combat phase,573.716,873.716,300.0,177.51478688906653,218,145,73.684002494812,49.01000165939331,85.19999999999999,90,17,144,5,0.034722222222222224,0.5999999796850517,7.388615134449742,0.19564999999999969,29,0.2,39.208001327514644,0.6260162601626016,33,3,3.042000102996826,1.6486708177571265
ranked_506687982,TaToH,2026,ranked,day 2026-09-14,2026-09-14T18:39:07+00:00,False,77,f5604eb33b9473e74b81c3950b2b577a7d433000c620a0b47b5407671b1eeac4,45.4523,True,Feudal request +5-10 min,request anchor; not completed age or combat phase,873.716,1173.716,299.9999999999999,177.51478688906644,327,189,110.52600374221807,63.882002162933375,99.6,114,17,188,5,0.026595744680851064,0.3615384492974556,5.997703938939986,0.2077400000000006,38,0.20105820105820105,51.038001728057885,0.5238095238095238,34,7,10.816000366210943,1.4956644792031435
ranked_506687982,TaToH,2026,ranked,day 2026-09-14,2026-09-14T18:39:07+00:00,False,77,f5604eb33b9473e74b81c3950b2b577a7d433000c620a0b47b5407671b1eeac4,45.4523,True,Castle request +0-5 min,request anchor; not completed age or combat phase,759.785,1059.7849999999999,299.9999999999999,177.51478688906644,307,194,103.76600351333623,65.57200222015383,98.39999999999999,108,17,193,3,0.015544041450777202,0.3615384492974556,5.217455444647801,0.10498333333333337,44,0.2268041237113402,50.70000171661379,0.5642458100558659,32,6,7.4360002517700226,1.3947669797113977
ranked_506687982,TaToH,2026,ranked,day 2026-09-14,2026-09-14T18:39:07+00:00,False,77,f5604eb33b9473e74b81c3950b2b577a7d433000c620a0b47b5407671b1eeac4,45.4523,True,Castle request +5-10 min,request anchor; not completed age or combat phase,1059.7849999999999,1359.7849999999999,300.0,177.51478688906653,281,169,94.9780032157898,57.12200193405151,94.79999999999998,114,17,168,3,0.017857142857142856,0.607100571160629,5.928437669095936,0.14002333333333356,19,0.11242603550295859,50.70000171661377,0.5151515151515151,33,7,13.18200044631958,1.5756628476273062
ranked_506687982,TaToH,2026,ranked,day 2026-09-14,2026-09-14T18:39:07+00:00,False,77,f5604eb33b9473e74b81c3950b2b577a7d433000c620a0b47b5407671b1eeac4,45.4523,True,Imperial request +0-5 min,request anchor; not completed age or combat phase,1840.474,2140.474,300.0000000000002,177.51478688906664,318,198,107.48400363922111,66.92400226593013,96.0,96,17,197,3,0.015228426395939087,0.6071005711605153,5.2133015986346,0.10226666666666605,28,0.1414141414141414,57.46000194549556,0.6323529411764706,63,8,14.87200050354003,2.0500211883114132
ranked_506687982,TaToH,2026,ranked,day 2026-09-14,2026-09-14T18:39:07+00:00,False,77,f5604eb33b9473e74b81c3950b2b577a7d433000c620a0b47b5407671b1eeac4,45.4523,True,Imperial request +5-10 min,request anchor; not completed age or combat phase,2140.474,2440.474,300.0,177.51478688906653,323,204,109.17400369644164,68.95200233459472,138.0,138,17,203,2,0.009852216748768473,0.5976331158599777,4.3072187890762965,0.0977399999999989,61,0.29901960784313725,48.33400163650512,0.651685393258427,83,11,19.604000663757322,1.521245776043234
ranked_506700185,TaToH,2026,ranked,day 2026-09-14,2026-09-14T19:34:45+00:00,False,77,98bd39daafa39a974bf3cbf80ec5f9c20e77397f28e263eaec5751fcb6e85b18,25.6516,False,0-10,clock phase,0,600,600,355.02957377813306,653,524,110.35700373649597,88.55600299835204,162.0,174,35,523,1,0.0019120458891013384,0.24615383781949163,3.9384614051120783,0.07528833333333342,173,0.3301526717557252,59.319002008438105,0.3013698630136986,35,2,4.056000137329101,0.7500564610017768
ranked_506700185,TaToH,2026,ranked,day 2026-09-14,2026-09-14T19:34:45+00:00,False,77,98bd39daafa39a974bf3cbf80ec5f9c20e77397f28e263eaec5751fcb6e85b18,25.6516,False,10-20,clock phase,600,1200,600,355.02957377813306,695,505,117.4550039768219,85.34500288963318,138.0,138,35,504,4,0.007936507936507936,0.36153844929739876,3.8599998693070994,0.11056833333333332,144,0.2851485148514851,61.009002065658564,0.4766355140186916,60,4,6.9290002346038815,1.6098195346120114
ranked_506700185,TaToH,2026,ranked,day 2026-09-14,2026-09-14T19:34:45+00:00,False,77,98bd39daafa39a974bf3cbf80ec5f9c20e77397f28e263eaec5751fcb6e85b18,25.6516,False,Feudal request +0-5 min,request anchor; not completed age or combat phase,527.202,827.202,300.0,177.51478688906653,230,158,77.74000263214111,53.404001808166505,105.6,120,17,157,5,0.03184713375796178,0.48076921449121457,12.187768818112618,0.3337966666666667,51,0.3227848101265823,36.16600122451782,0.49635036496350365,31,3,5.070000171661377,1.5511065138481632
ranked_506700185,TaToH,2026,ranked,day 2026-09-14,2026-09-14T19:34:45+00:00,False,77,98bd39daafa39a974bf3cbf80ec5f9c20e77397f28e263eaec5751fcb6e85b18,25.6516,False,Feudal request +5-10 min,request anchor; not completed age or combat phase,827.202,1127.202,300.0,177.51478688906653,381,284,128.778004360199,95.99200325012207,128.39999999999998,138,17,283,1,0.0035335689045936395,0.3615384492973934,3.484615266632334,0.03791666666666661,73,0.25704225352112675,71.31800241470336,0.425531914893617,44,3,6.422000217437744,1.604601078006585
ranked_506837938,TaToH,2026,ranked,day 2026-09-15,2026-09-15T12:59:22+00:00,False,77,dac4f425fd18c227bb1368f3d0c7120812eb9841008fa3db6cfaa8bd5d3ec3a5,31.77698333333333,False,0-10,clock phase,0,600,600,355.02957377813306,744,602,125.73600425720214,101.73800344467163,163.79999999999998,216,35,601,2,0.0033277870216306157,0.23846153038766715,3.485999881970109,0.05009333333333345,251,0.4169435215946844,59.319002008438105,0.28061224489795916,31,2,4.225000143051147,0.6541332306457305
ranked_506837938,TaToH,2026,ranked,day 2026-09-15,2026-09-15T12:59:22+00:00,False,77,dac4f425fd18c227bb1368f3d0c7120812eb9841008fa3db6cfaa8bd5d3ec3a5,31.77698333333333,False,10-20,clock phase,600,1200,600,355.02957377813306,762,605,128.778004360199,102.24500346183777,155.39999999999995,168,35,604,1,0.0016556291390728477,0.36153844929737744,3.391153731335401,0.014906666666666582,188,0.31074380165289256,70.47300238609313,0.3989169675090253,45,4,5.5770001888275145,1.1993624445647093
ranked_506837938,TaToH,2026,ranked,day 2026-09-15,2026-09-15T12:59:22+00:00,False,77,dac4f425fd18c227bb1368f3d0c7120812eb9841008fa3db6cfaa8bd5d3ec3a5,31.77698333333333,False,20-30,clock phase,1200,1800,600,355.02957377813306,680,489,114.92000389099121,82.64100279808044,117.59999999999997,174,35,488,2,0.004098360655737705,0.4769230607753059,3.725153720026603,0.03590166666666656,139,0.2842535787321063,59.15000200271606,0.5267857142857143,71,4,6.9290002346038815,1.4148917203607023
ranked_506837938,TaToH,2026,ranked,day 2026-09-15,2026-09-15T12:59:22+00:00,False,77,dac4f425fd18c227bb1368f3d0c7120812eb9841008fa3db6cfaa8bd5d3ec3a5,31.77698333333333,False,Feudal request +0-5 min,request anchor; not completed age or combat phase,442.897,742.8969999999999,299.99999999999994,177.5147868890665,371,300,125.39800424575807,101.40000343322755,140.39999999999998,150,17,299,2,0.006688963210702341,0.24615383781948985,2.960076822853846,0.06434999999999982,103,0.3433333333333333,66.58600225448609,0.39372822299651566,32,3,4.732000160217285,0.9702996900744347
ranked_506837938,TaToH,2026,ranked,day 2026-09-15,2026-09-15T12:59:22+00:00,False,77,dac4f425fd18c227bb1368f3d0c7120812eb9841008fa3db6cfaa8bd5d3ec3a5,31.77698333333333,False,Feudal request +5-10 min,request anchor; not completed age or combat phase,742.8969999999999,1042.897,300.0,177.51478688906653,380,296,128.44000434875488,100.04800338745117,142.79999999999998,162,17,295,0,0.0,0.36153844929739876,3.38884603910581,0.0,98,0.3310810810810811,66.92400226593017,0.35793357933579334,25,3,4.394000148773193,1.2227680049336864
ranked_506837938,TaToH,2026,ranked,day 2026-09-15,2026-09-15T12:59:22+00:00,False,77,dac4f425fd18c227bb1368f3d0c7120812eb9841008fa3db6cfaa8bd5d3ec3a5,31.77698333333333,False,Castle request +0-5 min,request anchor; not completed age or combat phase,1278.147,1578.147,300.0,177.51478688906653,331,236,111.87800378799437,79.76800270080565,121.19999999999999,126,17,235,1,0.00425531914893617,0.4769230607753201,3.9819998651764434,0.03930333333333312,64,0.2711864406779661,58.13600196838379,0.5650224215246636,50,3,6.760000228881836,1.251645645114218
ranked_506837938,TaToH,2026,ranked,day 2026-09-15,2026-09-15T12:59:22+00:00,False,77,dac4f425fd18c227bb1368f3d0c7120812eb9841008fa3db6cfaa8bd5d3ec3a5,31.77698333333333,False,Castle request +5-10 min,request anchor; not completed age or combat phase,1578.147,1878.147,300.0,177.51478688906653,311,211,105.11800355911254,71.31800241470336,103.19999999999999,108,17,210,2,0.009523809523809525,0.5999999796849806,4.62615368952035,0.058890000000000615,41,0.1943127962085308,57.460001945495605,0.521505376344086,70,5,7.77400026321411,1.4851159569492711
ranked_506842626,TaToH,2026,ranked,day 2026-09-15,2026-09-15T13:28:07+00:00,False,21,79f2c59a98b618db7eaca74804b4257fb6b374b40f1c76fcadb704dd2bdc662e,33.58965,False,0-10,clock phase,0,600,600,355.02957377813306,722,546,122.01800413131713,92.27400312423705,153.59999999999997,168,35,545,0,0.0,0.2461538378194632,3.4546152676481223,0.0,233,0.4267399267399267,52.89700179100036,0.324577861163227,35,3,6.084000205993652,0.7296727581005954
ranked_506842626,TaToH,2026,ranked,day 2026-09-15,2026-09-15T13:28:07+00:00,False,21,79f2c59a98b618db7eaca74804b4257fb6b374b40f1c76fcadb704dd2bdc662e,33.58965,False,10-20,clock phase,600,1200,600,355.02957377813306,716,449,121.00400409698486,75.8810025691986,126.0,126,35,448,4,0.008928571428571428,0.36153844929739876,4.885230603825361,0.10289500000000042,139,0.30957683741648107,52.39000177383423,0.45145631067961167,62,7,7.6050002574920645,1.291956854454622
ranked_506842626,TaToH,2026,ranked,day 2026-09-15,2026-09-15T13:28:07+00:00,False,21,79f2c59a98b618db7eaca74804b4257fb6b374b40f1c76fcadb704dd2bdc662e,33.58965,False,20-30,clock phase,1200,1800,600,355.02957377813306,725,361,122.52500414848326,61.009002065658564,97.79999999999998,156,35,360,9,0.025,0.47692306077531654,7.2716920614854414,0.19218000000000032,75,0.2077562326869806,48.33400163650512,0.5527156549520766,143,13,20.11100068092346,1.4352022573100238
ranked_506842626,TaToH,2026,ranked,day 2026-09-15,2026-09-15T13:28:07+00:00,False,21,79f2c59a98b618db7eaca74804b4257fb6b374b40f1c76fcadb704dd2bdc662e,33.58965,False,Feudal request +0-5 min,request anchor; not completed age or combat phase,640.744,940.744,300.0,177.51478688906653,307,231,103.76600351333617,78.0780026435852,102.0,102,17,230,2,0.008695652173913044,0.36153844929739876,4.29538446995039,0.08528000000000005,65,0.2813852813852814,56.10800189971924,0.4444444444444444,36,4,4.056000137329101,1.220161236371017
ranked_506842626,TaToH,2026,ranked,day 2026-09-15,2026-09-15T13:28:07+00:00,False,21,79f2c59a98b618db7eaca74804b4257fb6b374b40f1c76fcadb704dd2bdc662e,33.58965,False,Feudal request +5-10 min,request anchor; not completed age or combat phase,940.744,1240.7440000000001,300.0000000000001,177.51478688906658,429,258,145.00200490951534,87.20400295257565,134.39999999999992,216,17,257,1,0.0038910505836575876,0.3615384492973135,4.088461400033314,0.0643500000000002,97,0.375968992248062,54.41800184249876,0.4340425531914894,47,7,12.506000423431392,1.2545848659095913
ranked_506842626,TaToH,2026,ranked,day 2026-09-15,2026-09-15T13:28:07+00:00,False,21,79f2c59a98b618db7eaca74804b4257fb6b374b40f1c76fcadb704dd2bdc662e,33.58965,False,Castle request +0-5 min,request anchor; not completed age or combat phase,832.299,1132.299,300.0,177.51478688906653,363,231,122.69400415420532,78.0780026435852,116.39999999999999,126,17,230,3,0.013043478260869565,0.4769230607753059,6.705230542203305,0.1496300000000004,72,0.3116883116883117,53.74200181961059,0.4858490566037736,33,6,9.802000331878661,1.360954870734928
ranked_506842626,TaToH,2026,ranked,day 2026-09-15,2026-09-15T13:28:07+00:00,False,21,79f2c59a98b618db7eaca74804b4257fb6b374b40f1c76fcadb704dd2bdc662e,33.58965,False,Castle request +5-10 min,request anchor; not completed age or combat phase,1132.299,1432.299,300.0,177.51478688906653,435,203,147.0300049781799,68.61400232315063,123.59999999999997,162,17,202,4,0.019801980198019802,0.3615384492974556,7.2113843712197205,0.18562666666666716,65,0.32019704433497537,46.64400157928467,0.47540983606557374,69,10,19.26600065231323,1.1467850577116914
ranked_506874133,TaToH,2026,ranked,day 2026-09-15,2026-09-15T16:21:24+00:00,False,77,feb73ace08b377f136218014ea478d1bebc89484934c78b6567e129a009700bb,47.808683333333335,True,0-10,clock phase,0,600,600,355.02957377813306,660,513,111.54000377655028,86.69700293540954,133.79999999999998,174,35,512,4,0.0078125,0.24615383781950584,4.562076768612972,0.07247500000000012,202,0.3937621832358674,52.55900177955627,0.29653679653679654,39,2,5.9150002002716064,1.0902832214144633
ranked_506874133,TaToH,2026,ranked,day 2026-09-15,2026-09-15T16:21:24+00:00,False,77,feb73ace08b377f136218014ea478d1bebc89484934c78b6567e129a009700bb,47.808683333333335,True,10-20,clock phase,600,1200,600,355.02957377813306,446,277,75.37400255203247,46.81300158500671,109.79999999999998,138,35,276,17,0.06159420289855073,0.48461536820713036,8.510768942609385,0.3348433333333333,81,0.2924187725631769,33.12400112152099,0.4618834080717489,44,7,6.422000217437744,1.6353596218529787
ranked_506874133,TaToH,2026,ranked,day 2026-09-15,2026-09-15T16:21:24+00:00,False,77,feb73ace08b377f136218014ea478d1bebc89484934c78b6567e129a009700bb,47.808683333333335,True,20-30,clock phase,1200,1800,600,355.02957377813306,591,325,99.87900338172912,54.92500185966492,97.79999999999998,114,35,324,9,0.027777777777777776,0.5999999796851228,6.239928782809676,0.16902166666666685,70,0.2153846153846154,43.0950014591217,0.5982532751091703,107,16,21.632000732421876,1.901290418673724
ranked_506874133,TaToH,2026,ranked,day 2026-09-15,2026-09-15T16:21:24+00:00,False,77,feb73ace08b377f136218014ea478d1bebc89484934c78b6567e129a009700bb,47.808683333333335,True,30-40,clock phase,1800,2400,600,355.02957377813306,780,487,131.8200044631958,82.30300278663636,139.79999999999998,216,35,486,3,0.006172839506172839,0.47928992460044206,4.260425891252358,0.06950333333333329,83,0.1704312114989733,68.27600231170653,0.5763688760806917,230,21,24.843000841140746,1.9317368880822299
ranked_506874133,TaToH,2026,ranked,day 2026-09-15,2026-09-15T16:21:24+00:00,False,77,feb73ace08b377f136218014ea478d1bebc89484934c78b6567e129a009700bb,47.808683333333335,True,40+,clock phase; variable length,2400,2868.521,468.5210000000002,277.2313515601746,623,368,134.8332350927722,79.64467177229562,112.19999999999999,114,27,367,3,0.008174386920980926,0.47928992460045095,4.405632986927746,0.06841315544020507,111,0.3016304347826087,55.62141479749993,0.5575757575757576,170,19,26.83679157544744,1.3958525007508513
ranked_506874133,TaToH,2026,ranked,day 2026-09-15,2026-09-15T16:21:24+00:00,False,77,feb73ace08b377f136218014ea478d1bebc89484934c78b6567e129a009700bb,47.808683333333335,True,40-45,clock phase; fixed five minutes,2400,2700,300,177.51478688906653,376,224,127.0880043029785,75.71200256347655,109.19999999999999,114,17,223,3,0.013452914798206279,0.481065072469427,4.879597467921438,0.10684333333333444,67,0.29910714285714285,53.06600179672241,0.5882352941176471,101,17,23.998000812530517,1.3254383858780552
ranked_506874133,TaToH,2026,ranked,day 2026-09-15,2026-09-15T16:21:24+00:00,False,77,feb73ace08b377f136218014ea478d1bebc89484934c78b6567e129a009700bb,47.808683333333335,True,40+ excluding final 60 game seconds,terminal minute sensitivity,2400,2808.521,408.5210000000002,241.72839418236126,536,318,133.04187995282967,78.93156310634298,113.1,114,24,317,3,0.00946372239747634,0.48047335651327217,4.552615230471911,0.07846108278399476,96,0.3018867924528302,55.103166696880955,0.5520833333333334,144,17,25.814096110250535,1.3593632950485914
ranked_506874133,TaToH,2026,ranked,day 2026-09-15,2026-09-15T16:21:24+00:00,False,77,feb73ace08b377f136218014ea478d1bebc89484934c78b6567e129a009700bb,47.808683333333335,True,Feudal request +0-5 min,request anchor; not completed age or combat phase,568.23,868.23,300.0,177.51478688906653,238,175,80.44400272369384,59.15000200271606,126.0,126,17,174,6,0.034482758620689655,0.36153844929739876,8.510768942609396,0.30057666666666666,58,0.3314285714285714,39.54600133895874,0.39855072463768115,26,3,1.690000057220459,1.6097140179289244
ranked_506874133,TaToH,2026,ranked,day 2026-09-15,2026-09-15T16:21:24+00:00,False,77,feb73ace08b377f136218014ea478d1bebc89484934c78b6567e129a009700bb,47.808683333333335,True,Feudal request +5-10 min,request anchor; not completed age or combat phase,868.23,1168.23,300.0,177.51478688906653,221,123,74.69800252914429,41.574001407623285,63.59999999999999,78,17,122,8,0.06557377049180328,0.7230768985947833,7.085230529337222,0.28306666666666647,27,0.21951219512195122,32.44800109863281,0.5454545454545454,27,6,9.126000308990477,1.9550577608006852
ranked_506874133,TaToH,2026,ranked,day 2026-09-15,2026-09-15T16:21:24+00:00,False,77,feb73ace08b377f136218014ea478d1bebc89484934c78b6567e129a009700bb,47.808683333333335,True,Castle request +0-5 min,request anchor; not completed age or combat phase,776.841,1076.841,299.9999999999999,177.51478688906644,191,112,64.55800218582155,37.856001281738294,87.59999999999997,126,17,111,11,0.0990990990990991,0.5999999796850481,9.134082530972561,0.4401500000000001,36,0.32142857142857145,25.688000869750987,0.5061728395061729,28,4,4.732000160217287,1.9709925094619054
ranked_506874133,TaToH,2026,ranked,day 2026-09-15,2026-09-15T16:21:24+00:00,False,77,feb73ace08b377f136218014ea478d1bebc89484934c78b6567e129a009700bb,47.808683333333335,True,Castle request +5-10 min,request anchor; not completed age or combat phase,1076.841,1376.841,300.0,177.51478688906653,262,167,88.55600299835204,56.44600191116333,96.0,96,17,166,4,0.024096385542168676,0.5999999796851228,5.582461349449069,0.12934999999999947,36,0.2155688622754491,44.27800149917602,0.5867768595041323,39,8,13.18200044631958,1.6927717786013479
ranked_506874133,TaToH,2026,ranked,day 2026-09-15,2026-09-15T16:21:24+00:00,False,77,feb73ace08b377f136218014ea478d1bebc89484934c78b6567e129a009700bb,47.808683333333335,True,Imperial request +0-5 min,request anchor; not completed age or combat phase,2043.347,2343.3469999999998,299.9999999999998,177.5147868890664,356,219,120.32800407409675,74.02200250625616,115.19999999999999,120,17,218,2,0.009174311926605505,0.47928992460045095,4.679467297182614,0.10463333333333293,47,0.2146118721461187,58.13600196838384,0.5414364640883977,119,17,22.984000778198258,1.5082899045632248
ranked_506874133,TaToH,2026,ranked,day 2026-09-15,2026-09-15T16:21:24+00:00,False,77,feb73ace08b377f136218014ea478d1bebc89484934c78b6567e129a009700bb,47.808683333333335,True,Imperial request +5-10 min,request anchor; not completed age or combat phase,2343.3469999999998,2643.3469999999998,300.0,177.51478688906653,396,243,133.84800453186034,82.1340027809143,122.39999999999999,132,17,242,2,0.008264462809917356,0.37810649607365576,3.60399396081527,0.07339666666666733,68,0.27983539094650206,59.15000200271606,0.5942028985507246,115,17,25.012000846862794,1.495526590755524
ranked_506880558,TaToH,2026,ranked,day 2026-09-15,2026-09-15T16:56:13+00:00,False,162,b9976d51586bb9306d104e838b8c07a36f8b9e40dc75b11dbd8c0da93a960dac,43.0562,False,0-10,clock phase,0,600,600,355.02957377813306,747,608,126.24300427436827,102.7520034790039,150.0,186,35,607,1,0.0016474464579901153,0.2461538378194632,3.3615383477226155,0.014213333333333368,234,0.3848684210526316,63.20600214004516,0.31951640759930916,31,2,3.549000120162964,0.8509991929230253
ranked_506880558,TaToH,2026,ranked,day 2026-09-15,2026-09-15T16:56:13+00:00,False,162,b9976d51586bb9306d104e838b8c07a36f8b9e40dc75b11dbd8c0da93a960dac,43.0562,False,10-20,clock phase,600,1200,600,355.02957377813306,781,572,131.98900446891784,96.66800327301024,151.19999999999993,168,35,571,1,0.0017513134851138354,0.36153844929739876,3.6076921855420885,0.016249999999999955,165,0.28846153846153844,68.78300232887268,0.4843137254901961,42,2,4.5630001544952385,1.419488576557677
ranked_506880558,TaToH,2026,ranked,day 2026-09-15,2026-09-15T16:56:13+00:00,False,162,b9976d51586bb9306d104e838b8c07a36f8b9e40dc75b11dbd8c0da93a960dac,43.0562,False,20-30,clock phase,1200,1800,600,355.02957377813306,658,425,111.2020037651062,71.8250024318695,114.0,156,35,424,3,0.007075471698113208,0.5964496839472417,4.29230754697754,0.05658166666666685,74,0.17411764705882352,59.319002008438105,0.5187319884726225,59,8,11.999000406265258,1.618719269920702
ranked_506880558,TaToH,2026,ranked,day 2026-09-15,2026-09-15T16:56:13+00:00,False,162,b9976d51586bb9306d104e838b8c07a36f8b9e40dc75b11dbd8c0da93a960dac,43.0562,False,30-40,clock phase,1800,2400,600,355.02957377813306,592,343,100.04800338745117,57.96700196266174,96.0,120,35,342,10,0.029239766081871343,0.48461536820725826,7.443171345620218,0.20139666666666461,83,0.24198250728862974,43.940001487731934,0.6967213114754098,142,17,21.632000732421876,1.994146486041047
ranked_506880558,TaToH,2026,ranked,day 2026-09-15,2026-09-15T16:56:13+00:00,False,162,b9976d51586bb9306d104e838b8c07a36f8b9e40dc75b11dbd8c0da93a960dac,43.0562,False,40+,clock phase; variable length,2400,2583.372,183.37199999999984,108.50413833807292,194,114,107.27701429905416,63.03907025820708,121.19999999999997,132,10,113,3,0.02654867256637168,0.47928992460044384,5.809514596199473,0.17326527496019256,35,0.30701754385964913,43.68496974033649,0.5957446808510638,56,9,15.483280414296477,1.656828055849615
ranked_506880558,TaToH,2026,ranked,day 2026-09-15,2026-09-15T16:56:13+00:00,False,162,b9976d51586bb9306d104e838b8c07a36f8b9e40dc75b11dbd8c0da93a960dac,43.0562,False,Feudal request +0-5 min,request anchor; not completed age or combat phase,401.258,701.258,300.00000000000006,177.51478688906656,323,258,109.17400369644163,87.20400295257566,140.39999999999998,150,17,257,1,0.0038910505836575876,0.3615384492973881,4.625769074148727,0.02842666666666653,101,0.39147286821705424,53.066001796722404,0.452991452991453,26,2,4.394000148773193,1.4018323049752919
ranked_506880558,TaToH,2026,ranked,day 2026-09-15,2026-09-15T16:56:13+00:00,False,162,b9976d51586bb9306d104e838b8c07a36f8b9e40dc75b11dbd8c0da93a960dac,43.0562,False,Feudal request +5-10 min,request anchor; not completed age or combat phase,701.258,1001.258,300.0,177.51478688906653,362,275,122.35600414276124,92.95000314712523,133.2,138,17,274,1,0.0036496350364963502,0.476923060775313,3.5215383423052957,0.03250000000000007,61,0.22181818181818183,72.33200244903564,0.49382716049382713,30,2,5.408000183105469,1.265619068549036
ranked_506880558,TaToH,2026,ranked,day 2026-09-15,2026-09-15T16:56:13+00:00,False,162,b9976d51586bb9306d104e838b8c07a36f8b9e40dc75b11dbd8c0da93a960dac,43.0562,False,Castle request +0-5 min,request anchor; not completed age or combat phase,1096.355,1396.355,300.0,177.51478688906653,433,276,146.35400495529174,93.28800315856934,168.0,168,17,275,1,0.0036363636363636364,0.3639053131226717,3.5252306498725496,0.043983333333333076,70,0.2536231884057971,69.62800235748291,0.4738955823293173,27,4,5.070000171661377,1.3270850373819174
ranked_506880558,TaToH,2026,ranked,day 2026-09-15,2026-09-15T16:56:13+00:00,False,162,b9976d51586bb9306d104e838b8c07a36f8b9e40dc75b11dbd8c0da93a960dac,43.0562,False,Castle request +5-10 min,request anchor; not completed age or combat phase,1396.355,1696.355,300.0,177.51478688906653,304,206,102.7520034790039,69.62800235748291,97.19999999999999,102,17,205,2,0.00975609756097561,0.5999999796849806,4.403076773996351,0.06918000000000042,32,0.1553398058252427,58.81200199127197,0.5266272189349113,35,5,12.506000423431397,1.6002371866787195
ranked_506880558,TaToH,2026,ranked,day 2026-09-15,2026-09-15T16:56:13+00:00,False,162,b9976d51586bb9306d104e838b8c07a36f8b9e40dc75b11dbd8c0da93a960dac,43.0562,False,Imperial request +0-5 min,request anchor; not completed age or combat phase,2104.111,2404.111,300.0,177.51478688906653,285,125,96.33000326156616,42.250001430511475,67.19999999999999,72,17,124,9,0.07258064516129033,0.4792899246004473,8.259526347565712,0.37418333333332926,25,0.2,33.80000114440917,0.6621621621621622,99,15,23.998000812530517,2.1432867901918295
ranked_506885930,TaToH,2026,ranked,day 2026-09-15,2026-09-15T17:24:21+00:00,False,162,a053ab0bf17391fc69e8d94c77d984e055dcb5558972aadaf5835b8864f681d2,51.836999999999996,True,0-10,clock phase,0,600,600,355.02957377813306,715,560,120.8350040912628,94.6400032043457,157.19999999999993,180,35,559,4,0.007155635062611807,0.2461538378194632,3.8034614096829755,0.0659966666666669,227,0.40535714285714286,56.27700190544128,0.2936802973977695,28,2,3.7180001258850095,0.6487986956880852
ranked_506885930,TaToH,2026,ranked,day 2026-09-15,2026-09-15T17:24:21+00:00,False,162,a053ab0bf17391fc69e8d94c77d984e055dcb5558972aadaf5835b8864f681d2,51.836999999999996,True,10-20,clock phase,600,1200,600,355.02957377813306,653,501,110.35700373649597,84.66900286674499,136.7999999999999,162,35,500,1,0.002,0.48461536820713036,3.8461537159297734,0.03441000000000011,125,0.249500998003992,63.54400215148925,0.4827586206896552,43,3,5.070000171661377,1.4802597334646688
ranked_506885930,TaToH,2026,ranked,day 2026-09-15,2026-09-15T17:24:21+00:00,False,162,a053ab0bf17391fc69e8d94c77d984e055dcb5558972aadaf5835b8864f681d2,51.836999999999996,True,20-30,clock phase,1200,1800,600,355.02957377813306,573,405,96.8370032787323,68.44500231742859,115.19999999999993,138,35,404,7,0.017326732673267328,0.49526625542046077,5.791384419298437,0.1425866666666669,116,0.28641975308641976,48.84100165367126,0.5422343324250681,60,5,5.9150002002716064,1.4422766478535476
ranked_506885930,TaToH,2026,ranked,day 2026-09-15,2026-09-15T17:24:21+00:00,False,162,a053ab0bf17391fc69e8d94c77d984e055dcb5558972aadaf5835b8864f681d2,51.836999999999996,True,30-40,clock phase,1800,2400,600,355.02957377813306,566,366,95.65400323867797,61.85400209426879,97.79999999999998,234,35,365,7,0.019178082191780823,0.5999999796851169,5.8442305713553075,0.12272833333333286,53,0.1448087431693989,52.89700179100036,0.6129032258064516,98,11,18.08300061225891,2.034022690072827
ranked_506885930,TaToH,2026,ranked,day 2026-09-15,2026-09-15T17:24:21+00:00,False,162,a053ab0bf17391fc69e8d94c77d984e055dcb5558972aadaf5835b8864f681d2,51.836999999999996,True,40+,clock phase; variable length,2400,3110.22,710.2199999999998,420.248506481176,824,451,117.64467746470038,64.39047273856781,107.69999999999997,120,42,450,6,0.013333333333333334,0.6071005711605153,6.321644756374544,0.09696009687139283,104,0.23059866962305986,49.54211538865417,0.6456043956043956,192,21,31.267214034914307,1.7497780130158775
ranked_506885930,TaToH,2026,ranked,day 2026-09-15,2026-09-15T17:24:21+00:00,False,162,a053ab0bf17391fc69e8d94c77d984e055dcb5558972aadaf5835b8864f681d2,51.836999999999996,True,40-45,clock phase; fixed five minutes,2400,2700,300,177.51478688906653,341,198,115.25800390243529,66.92400226593017,109.19999999999999,114,17,197,1,0.005076142131979695,0.5449703957493313,4.270745417530047,0.03755666666666763,47,0.23737373737373738,51.03800172805786,0.6416184971098265,83,14,28.39200096130371,1.5788147193870228
ranked_506885930,TaToH,2026,ranked,day 2026-09-15,2026-09-15T17:24:21+00:00,False,162,a053ab0bf17391fc69e8d94c77d984e055dcb5558972aadaf5835b8864f681d2,51.836999999999996,True,40+ excluding final 60 game seconds,terminal minute sensitivity,2400,3050.22,650.2199999999998,384.74554910336263,757,411,118.0520479206319,64.09430871252273,108.89999999999999,120,38,410,6,0.014634146341463415,0.6071005711605153,6.480709839746248,0.10590723139860451,93,0.22627737226277372,49.59121696005409,0.6325301204819277,167,21,30.721602959530365,1.7629120947466237
ranked_506885930,TaToH,2026,ranked,day 2026-09-15,2026-09-15T17:24:21+00:00,False,162,a053ab0bf17391fc69e8d94c77d984e055dcb5558972aadaf5835b8864f681d2,51.836999999999996,True,Feudal request +0-5 min,request anchor; not completed age or combat phase,398.424,698.424,300.0,177.51478688906653,248,180,83.82400283813477,60.840002059936516,98.39999999999999,108,17,179,5,0.027932960893854747,0.4807692144912252,6.067307486879232,0.1658366666666668,48,0.26666666666666666,44.616001510620116,0.3375796178343949,24,2,3.7180001258850095,1.12775727542002
ranked_506885930,TaToH,2026,ranked,day 2026-09-15,2026-09-15T17:24:21+00:00,False,162,a053ab0bf17391fc69e8d94c77d984e055dcb5558972aadaf5835b8864f681d2,51.836999999999996,True,Feudal request +5-10 min,request anchor; not completed age or combat phase,698.424,998.424,300.0,177.51478688906653,304,224,102.7520034790039,75.71200256347655,136.79999999999995,180,17,223,1,0.004484304932735426,0.4846153682071268,4.5186152316230075,0.04064666666666689,53,0.23660714285714285,57.79800195693969,0.4627659574468085,20,3,5.408000183105469,1.5474482893421797
ranked_506885930,TaToH,2026,ranked,day 2026-09-15,2026-09-15T17:24:21+00:00,False,162,a053ab0bf17391fc69e8d94c77d984e055dcb5558972aadaf5835b8864f681d2,51.836999999999996,True,Castle request +0-5 min,request anchor; not completed age or combat phase,1238.57,1538.57,300.0,177.51478688906653,234,166,79.09200267791748,56.10800189971924,117.6,132,17,165,7,0.04242424242424243,0.5999999796849949,8.368538178194346,0.28517333333333367,53,0.3192771084337349,38.194001293182374,0.5144927536231884,28,3,5.070000171661377,1.7391619420431643
ranked_506885930,TaToH,2026,ranked,day 2026-09-15,2026-09-15T17:24:21+00:00,False,162,a053ab0bf17391fc69e8d94c77d984e055dcb5558972aadaf5835b8864f681d2,51.836999999999996,True,Castle request +5-10 min,request anchor; not completed age or combat phase,1538.57,1838.57,300.0,177.51478688906653,334,233,112.89200382232666,78.75400266647338,109.19999999999999,114,17,232,0,0.0,0.48668637405417314,3.683999875266195,0.0,49,0.21030042918454936,62.19200210571288,0.6157407407407407,45,4,7.436000251770019,1.2939313963193388
ranked_506894055,TaToH,2026,ranked,day 2026-09-15,2026-09-15T18:07:26+00:00,False,77,6b488d5f8e0bd1aa4a832c87476980fe7d74c60041ac15616ef0cd7f3fe74e0c,20.194200000000002,False,0-10,clock phase,0,600,600,355.02957377813306,671,548,113.39900383949279,92.61200313568115,145.79999999999998,162,35,547,8,0.014625228519195612,0.24615383781950584,5.646922885728119,0.1432166666666666,132,0.24087591240875914,70.30400238037109,0.33891992551210426,35,2,3.887000131607055,0.5563384195164898
ranked_506894055,TaToH,2026,ranked,day 2026-09-15,2026-09-15T18:07:26+00:00,False,77,6b488d5f8e0bd1aa4a832c87476980fe7d74c60041ac15616ef0cd7f3fe74e0c,20.194200000000002,False,10-20,clock phase,600,1200,600,355.02957377813306,782,565,132.15800447463988,95.48500323295593,145.79999999999998,156,35,564,2,0.0035460992907801418,0.36153844929737744,4.108668499940878,0.030234999999999915,224,0.39646017699115044,57.629001951217646,0.5067178502879078,51,4,8.788000297546386,1.2800945520258766
ranked_506894055,TaToH,2026,ranked,day 2026-09-15,2026-09-15T18:07:26+00:00,False,77,6b488d5f8e0bd1aa4a832c87476980fe7d74c60041ac15616ef0cd7f3fe74e0c,20.194200000000002,False,Feudal request +0-5 min,request anchor; not completed age or combat phase,486.774,786.774,300.0,177.51478688906653,404,300,136.55200462341307,101.40000343322754,152.39999999999998,162,17,299,3,0.010033444816053512,0.2461538378194632,3.9209229441674482,0.12193999999999965,120,0.4,60.840002059936516,0.43109540636042404,28,2,6.422000217437744,0.9952212488757333
ranked_506894055,TaToH,2026,ranked,day 2026-09-15,2026-09-15T18:07:26+00:00,False,77,6b488d5f8e0bd1aa4a832c87476980fe7d74c60041ac15616ef0cd7f3fe74e0c,20.194200000000002,False,Feudal request +5-10 min,request anchor; not completed age or combat phase,786.774,1086.774,299.9999999999999,177.51478688906644,342,246,115.59600391387944,83.14800281524661,117.59999999999997,156,17,245,1,0.004081632653061225,0.36153844929739165,4.684615226002458,0.029119999999999965,87,0.35365853658536583,53.74200181961062,0.5466666666666666,34,4,8.450000286102298,1.3431448235109031
ranked_506897408,TaToH,2026,ranked,day 2026-09-15,2026-09-15T18:23:27+00:00,False,77,f3b8732f690f7d64a32ceeedbbe3f4287922522da749c4c95c2bddcc0d94f667,23.218733333333333,False,0-10,clock phase,0,600,600,355.02957377813306,650,448,109.85000371932983,75.71200256347655,127.19999999999993,156,35,447,5,0.011185682326621925,0.36153844929739876,5.064384443913355,0.082615,88,0.19642857142857142,60.840002059936516,0.3767772511848341,79,2,9.971000337600707,0.7826639333527472
ranked_506897408,TaToH,2026,ranked,day 2026-09-15,2026-09-15T18:23:27+00:00,False,77,f3b8732f690f7d64a32ceeedbbe3f4287922522da749c4c95c2bddcc0d94f667,23.218733333333333,False,10-20,clock phase,600,1200,600,355.02957377813306,588,383,99.37200336456299,64.72700219154358,114.0,120,35,382,11,0.028795811518324606,0.4769230607753201,6.539567825918925,0.22062666666666647,98,0.2558746736292428,48.16500163078308,0.5813953488372093,68,6,9.971000337600707,1.6287813074502298
ranked_506897408,TaToH,2026,ranked,day 2026-09-15,2026-09-15T18:23:27+00:00,False,77,f3b8732f690f7d64a32ceeedbbe3f4287922522da749c4c95c2bddcc0d94f667,23.218733333333333,False,Feudal request +0-5 min,request anchor; not completed age or combat phase,497.146,797.146,299.99999999999994,177.5147868890665,233,171,78.7540026664734,57.79800195693971,102.0,102,17,170,5,0.029411764705882353,0.48461536820710194,6.759384386523657,0.20917000000000044,35,0.2046783625730994,45.968001556396494,0.5434782608695652,40,2,4.056000137329102,1.4356879160908107
ranked_506897408,TaToH,2026,ranked,day 2026-09-15,2026-09-15T18:23:27+00:00,False,77,f3b8732f690f7d64a32ceeedbbe3f4287922522da749c4c95c2bddcc0d94f667,23.218733333333333,False,Feudal request +5-10 min,request anchor; not completed age or combat phase,797.146,1097.146,300.0,177.51478688906653,327,199,110.52600374221801,67.26200227737426,130.79999999999998,150,17,198,6,0.030303030303030304,0.47692306077524904,6.860851838709442,0.2398200000000001,60,0.3015075376884422,46.98200159072876,0.5512820512820513,38,6,13.858000469207763,1.6917504177621447
ranked_506897408,TaToH,2026,ranked,day 2026-09-15,2026-09-15T18:23:27+00:00,False,77,f3b8732f690f7d64a32ceeedbbe3f4287922522da749c4c95c2bddcc0d94f667,23.218733333333333,False,Castle request +0-5 min,request anchor; not completed age or combat phase,679.146,979.146,300.0,177.51478688906653,266,158,89.9080030441284,53.404001808166505,110.39999999999999,120,17,157,9,0.05732484076433121,0.48461536820713036,7.543999744573301,0.33732000000000006,35,0.22151898734177214,41.574001407623285,0.6228070175438597,45,5,10.816000366210938,1.6848664669244346
ranked_506897408,TaToH,2026,ranked,day 2026-09-15,2026-09-15T18:23:27+00:00,False,77,f3b8732f690f7d64a32ceeedbbe3f4287922522da749c4c95c2bddcc0d94f667,23.218733333333333,False,Castle request +5-10 min,request anchor; not completed age or combat phase,979.146,1279.146,300.0,177.51478688906653,331,223,111.87800378799437,75.37400255203247,121.19999999999999,126,17,222,1,0.0045045045045045045,0.47692306077527746,4.7123844558315255,0.03286666666666636,58,0.2600896860986547,55.77000188827514,0.5769230769230769,58,8,11.154000377655029,1.695289724216204
ranked_507064675,TaToH,2026,ranked,day 2026-09-16,2026-09-16T14:40:44+00:00,False,72,535464c9be947e08ba325fa32a1b8b32e5d0dbde25559740c8501b197dae2636,33.46405,False,0-10,clock phase,0,600,600,355.02957377813306,803,653,135.70700459480287,110.35700373649597,157.79999999999998,192,35,652,1,0.0015337423312883436,0.24615383781949163,3.4846152666323773,0.014559999999999976,260,0.3981623277182236,66.41700224876404,0.32339089481946626,32,1,3.887000131607055,0.6841325056059123
ranked_507064675,TaToH,2026,ranked,day 2026-09-16,2026-09-16T14:40:44+00:00,False,72,535464c9be947e08ba325fa32a1b8b32e5d0dbde25559740c8501b197dae2636,33.46405,False,10-20,clock phase,600,1200,600,355.02957377813306,694,550,117.28600397109984,92.95000314712523,130.7999999999999,162,35,549,1,0.0018214936247723133,0.24615383781954847,3.4846152666323817,0.014906666666666622,132,0.24,70.64200239181518,0.3020408163265306,38,4,6.422000217437744,1.1572350264158264
ranked_507064675,TaToH,2026,ranked,day 2026-09-16,2026-09-16T14:40:44+00:00,False,72,535464c9be947e08ba325fa32a1b8b32e5d0dbde25559740c8501b197dae2636,33.46405,False,20-30,clock phase,1200,1800,600,355.02957377813306,912,657,154.12800521850585,111.03300375938414,176.39999999999986,222,35,656,1,0.001524390243902439,0.24615383781960354,3.501502840025105,0.01633500000000022,169,0.2572298325722983,82.4720027923584,0.45989304812834225,90,12,20.6180006980896,1.4303567818108451
ranked_507064675,TaToH,2026,ranked,day 2026-09-16,2026-09-16T14:40:44+00:00,False,72,535464c9be947e08ba325fa32a1b8b32e5d0dbde25559740c8501b197dae2636,33.46405,False,Feudal request +0-5 min,request anchor; not completed age or combat phase,491.452,791.452,300.0,177.51478688906653,313,283,105.79400358200073,95.65400323867797,133.2,138,17,282,0,0.0,0.2461538378195378,3.4869998819362626,0.0,84,0.2968197879858657,67.26200227737426,0.3533834586466165,26,1,1.0140000343322753,1.1049256599945831
ranked_507064675,TaToH,2026,ranked,day 2026-09-16,2026-09-16T14:40:44+00:00,False,72,535464c9be947e08ba325fa32a1b8b32e5d0dbde25559740c8501b197dae2636,33.46405,False,Feudal request +5-10 min,request anchor; not completed age or combat phase,791.452,1091.452,300.0,177.51478688906653,369,271,124.72200422286987,91.59800310134887,147.6,162,17,270,1,0.003703703703703704,0.24615383781953426,3.10307681801213,0.029813333333333195,65,0.23985239852398524,69.62800235748291,0.2727272727272727,26,3,7.77400026321411,1.0625186289733364
ranked_507064675,TaToH,2026,ranked,day 2026-09-16,2026-09-16T14:40:44+00:00,False,72,535464c9be947e08ba325fa32a1b8b32e5d0dbde25559740c8501b197dae2636,33.46405,False,Castle request +0-5 min,request anchor; not completed age or combat phase,678.535,978.535,300.0,177.51478688906653,338,275,114.24400386810302,92.95000314712523,123.59999999999997,162,17,274,1,0.0036496350364963502,0.3538461418655032,3.584615263246568,0.029813333333333164,67,0.24363636363636362,70.30400238037109,0.27091633466135456,21,3,4.732000160217284,1.116878474535079
ranked_507064675,TaToH,2026,ranked,day 2026-09-16,2026-09-16T14:40:44+00:00,False,72,535464c9be947e08ba325fa32a1b8b32e5d0dbde25559740c8501b197dae2636,33.46405,False,Castle request +5-10 min,request anchor; not completed age or combat phase,978.535,1278.5349999999999,299.9999999999999,177.51478688906644,397,282,134.1860045433045,95.31600322723394,137.99999999999997,162,17,281,0,0.0,0.24615383781960531,2.7615383680376624,0.0,55,0.1950354609929078,76.72600259780887,0.29338842975206614,24,5,12.16800041198731,1.106879896889215
ranked_507070391,TaToH,2026,ranked,day 2026-09-16,2026-09-16T15:11:25+00:00,False,29,e7ddc9411d2b6c6b3aa43ed035b1792720f92c340baca86a9c2d6ea0105035da,30.70735,False,0-10,clock phase,0,600,600,355.02957377813306,810,670,136.89000463485718,113.23000383377074,151.79999999999998,192,35,669,1,0.0014947683109118087,0.23846153038766715,3.0046922059586882,0.015903333333333346,274,0.408955223880597,66.92400226593017,0.30804248861911987,31,1,2.8730000972747805,0.6309453075511128
ranked_507070391,TaToH,2026,ranked,day 2026-09-16,2026-09-16T15:11:25+00:00,False,29,e7ddc9411d2b6c6b3aa43ed035b1792720f92c340baca86a9c2d6ea0105035da,30.70735,False,10-20,clock phase,600,1200,600,355.02957377813306,815,601,137.7350046634674,101.56900343894958,183.59999999999997,216,35,600,2,0.0033333333333333335,0.2461538378194632,3.790769102420369,0.06534666666666662,227,0.3777038269550749,63.20600214004516,0.21621621621621623,35,4,7.9430002689361565,0.9374947839273307
ranked_507070391,TaToH,2026,ranked,day 2026-09-16,2026-09-16T15:11:25+00:00,False,29,e7ddc9411d2b6c6b3aa43ed035b1792720f92c340baca86a9c2d6ea0105035da,30.70735,False,20-30,clock phase,1200,1800,600,355.02957377813306,801,557,135.36900458335876,94.13300318717957,135.59999999999997,198,35,556,2,0.0035971223021582736,0.3615384492974556,3.4971833135441344,0.03095499999999972,110,0.19748653500897667,75.54300255775452,0.41739130434782606,69,12,19.43500065803528,1.403142349277699
ranked_507070391,TaToH,2026,ranked,day 2026-09-16,2026-09-16T15:11:25+00:00,False,29,e7ddc9411d2b6c6b3aa43ed035b1792720f92c340baca86a9c2d6ea0105035da,30.70735,False,Feudal request +0-5 min,request anchor; not completed age or combat phase,495.716,795.716,300.0,177.51478688906653,322,253,108.83600368499755,85.51400289535522,138.0,138,17,252,2,0.007936507936507936,0.2461538378194703,4.332461391771932,0.1306933333333335,94,0.3715415019762846,53.74200181961059,0.2551440329218107,22,2,1.0140000343322753,0.9073883307831208
ranked_507070391,TaToH,2026,ranked,day 2026-09-16,2026-09-16T15:11:25+00:00,False,29,e7ddc9411d2b6c6b3aa43ed035b1792720f92c340baca86a9c2d6ea0105035da,30.70735,False,Feudal request +5-10 min,request anchor; not completed age or combat phase,795.716,1095.716,299.9999999999999,177.51478688906644,429,330,145.00200490951545,111.54000377655034,164.39999999999998,198,17,329,0,0.0,0.2461538378194632,2.751550202695252,0.0,111,0.33636363636363636,74.02200250625614,0.20065789473684212,23,4,10.140000343322757,0.7609781041592955
ranked_507070391,TaToH,2026,ranked,day 2026-09-16,2026-09-16T15:11:25+00:00,False,29,e7ddc9411d2b6c6b3aa43ed035b1792720f92c340baca86a9c2d6ea0105035da,30.70735,False,Castle request +0-5 min,request anchor; not completed age or combat phase,631.397,931.397,300.0,177.51478688906653,359,285,121.34200410842895,96.33000326156616,170.39999999999998,180,17,284,2,0.007042253521126761,0.2461538378194632,4.097230630505674,0.13069333333333316,121,0.4245614035087719,55.43200187683105,0.16417910447761194,17,4,3.380000114440918,0.7701727182423662
ranked_507070391,TaToH,2026,ranked,day 2026-09-16,2026-09-16T15:11:25+00:00,False,29,e7ddc9411d2b6c6b3aa43ed035b1792720f92c340baca86a9c2d6ea0105035da,30.70735,False,Castle request +5-10 min,request anchor; not completed age or combat phase,931.397,1231.397,299.9999999999999,177.51478688906644,453,317,153.11400518417364,107.14600362777715,178.79999999999987,318,17,316,0,0.0,0.24615383781960531,2.6641300873120755,0.0,97,0.305993690851735,74.36000251770022,0.2596491228070175,24,4,14.196000480651861,0.9801438045482058
ranked_507075120,TaToH,2026,ranked,day 2026-09-16,2026-09-16T15:34:43+00:00,False,21,ae6ccb4b6bf4453cece31190954ac325f7cb467665153c2e42bf383ece64db5d,36.01936666666666,False,0-10,clock phase,0,600,600,355.02957377813306,806,631,136.214004611969,106.63900361061096,164.99999999999991,186,35,630,0,0.0,0.23846153038766715,3.246153736244736,0.0,239,0.3787638668779715,66.24800224304198,0.34951456310679613,39,3,7.2670002460479735,0.7995091595348369
ranked_507075120,TaToH,2026,ranked,day 2026-09-16,2026-09-16T15:34:43+00:00,False,21,ae6ccb4b6bf4453cece31190954ac325f7cb467665153c2e42bf383ece64db5d,36.01936666666666,False,10-20,clock phase,600,1200,600,355.02957377813306,655,366,110.69500374794006,61.85400209426879,120.0,126,35,365,15,0.0410958904109589,0.36153844929737033,8.703384320703169,0.3355066666666665,104,0.28415300546448086,44.27800149917602,0.4307692307692308,70,9,8.450000286102293,1.3949962680726797
ranked_507075120,TaToH,2026,ranked,day 2026-09-16,2026-09-16T15:34:43+00:00,False,21,ae6ccb4b6bf4453cece31190954ac325f7cb467665153c2e42bf383ece64db5d,36.01936666666666,False,20-30,clock phase,1200,1800,600,355.02957377813306,818,425,138.24200468063353,71.8250024318695,111.59999999999997,126,35,424,6,0.014150943396226415,0.3621301652537454,5.741467261225206,0.12442166666666583,93,0.2188235294117647,56.10800189971924,0.6005291005291006,116,13,20.787000703811643,1.509153247163475
ranked_507075120,TaToH,2026,ranked,day 2026-09-16,2026-09-16T15:34:43+00:00,False,21,ae6ccb4b6bf4453cece31190954ac325f7cb467665153c2e42bf383ece64db5d,36.01936666666666,False,Feudal request +0-5 min,request anchor; not completed age or combat phase,723.827,1023.827,300.0,177.51478688906653,294,167,99.37200336456299,56.44600191116333,128.39999999999998,138,17,166,10,0.060240963855421686,0.35384614186551744,10.22892273058954,0.42925999999999953,52,0.31137724550898205,38.87000131607056,0.46206896551724136,39,7,9.464000320434568,1.482712410109277
ranked_507075120,TaToH,2026,ranked,day 2026-09-16,2026-09-16T15:34:43+00:00,False,21,ae6ccb4b6bf4453cece31190954ac325f7cb467665153c2e42bf383ece64db5d,36.01936666666666,False,Feudal request +5-10 min,request anchor; not completed age or combat phase,1023.827,1323.827,300.0,177.51478688906653,416,212,140.60800476074218,71.65600242614745,112.79999999999998,132,17,211,5,0.023696682464454975,0.3615384492973277,5.411544195472727,0.17762000000000022,55,0.25943396226415094,53.06600179672241,0.45789473684210524,58,11,12.844000434875488,1.3578322383862917
ranked_507075120,TaToH,2026,ranked,day 2026-09-16,2026-09-16T15:34:43+00:00,False,21,ae6ccb4b6bf4453cece31190954ac325f7cb467665153c2e42bf383ece64db5d,36.01936666666666,False,Castle request +0-5 min,request anchor; not completed age or combat phase,914.16,1214.1599999999999,299.9999999999999,177.51478688906644,395,203,133.51000452041632,68.61400232315067,118.79999999999998,138,17,202,8,0.039603960396039604,0.3615384492973277,5.949845952394759,0.28391666666666726,62,0.3054187192118227,47.65800161361697,0.4175824175824176,53,10,9.126000308990482,1.3519490575524777
ranked_507075120,TaToH,2026,ranked,day 2026-09-16,2026-09-16T15:34:43+00:00,False,21,ae6ccb4b6bf4453cece31190954ac325f7cb467665153c2e42bf383ece64db5d,36.01936666666666,False,Castle request +5-10 min,request anchor; not completed age or combat phase,1214.1599999999999,1514.1599999999999,300.0,177.51478688906653,375,195,126.75000429153442,65.9100022315979,109.19999999999999,114,17,194,3,0.015463917525773196,0.37278105246710425,7.058402127878605,0.14818999999999893,29,0.14871794871794872,56.10800189971924,0.6342857142857142,57,11,19.604000663757322,1.457031955418527
ranked_507075120,TaToH,2026,ranked,day 2026-09-16,2026-09-16T15:34:43+00:00,False,21,ae6ccb4b6bf4453cece31190954ac325f7cb467665153c2e42bf383ece64db5d,36.01936666666666,False,Imperial request +0-5 min,request anchor; not completed age or combat phase,1631.803,1931.803,300.0,177.51478688906653,420,229,141.96000480651855,77.40200262069702,127.19999999999999,132,17,228,3,0.013157894736842105,0.3621301652537454,5.396585616097528,0.09976000000000038,60,0.26200873362445415,57.12200193405151,0.545,100,12,19.942000675201413,1.5340862825089656
ranked_507093584,TaToH,2026,ranked,day 2026-09-16,2026-09-16T17:15:12+00:00,False,71,eb8957a8d326f76af1dd94f78329cdfca9bc45d7c25b0903bcd67624bdfc7f1a,13.46865,False,0-10,clock phase,0,600,600,355.02957377813306,930,723,157.17000532150269,122.18700413703918,204.0,234,35,722,1,0.0013850415512465374,0.23846153038766715,2.81569221235785,0.014906666666666582,296,0.4094052558782849,72.16300244331359,0.3609129814550642,34,2,3.7180001258850095,0.7874009744993196
ranked_508468284,TaToH,2026,ranked,day 2026-09-22,2026-09-22T17:39:26+00:00,False,9,60b78bb893f923dbf44108e653a657b19e2ce6d7343984747668a4cbf693d9e3,46.45933333333333,True,0-10,clock phase,0,600,600,355.02957377813306,766,606,129.45400438308715,102.41400346755981,168.0,192,35,605,1,0.001652892561983471,0.23846153038765294,3.5156152655827686,0.01997666666666668,255,0.4207920792079208,59.319002008438105,0.3147208121827411,29,2,4.394000148773193,0.6553052432004361
ranked_508468284,TaToH,2026,ranked,day 2026-09-22,2026-09-22T17:39:26+00:00,False,9,60b78bb893f923dbf44108e653a657b19e2ce6d7343984747668a4cbf693d9e3,46.45933333333333,True,10-20,clock phase,600,1200,600,355.02957377813306,699,552,118.13100399971009,93.28800315856934,138.0,168,35,551,0,0.0,0.3615384492973135,3.6046921856436507,0.0,136,0.2463768115942029,70.30400238037109,0.358148893360161,38,3,4.056000137329101,1.194940025591008
ranked_508468284,TaToH,2026,ranked,day 2026-09-22,2026-09-22T17:39:26+00:00,False,9,60b78bb893f923dbf44108e653a657b19e2ce6d7343984747668a4cbf693d9e3,46.45933333333333,True,20-30,clock phase,1200,1800,600,355.02957377813306,725,518,122.52500414848326,87.54200296401977,141.59999999999997,174,35,517,3,0.005802707930367505,0.3615384492973259,3.476615266903287,0.043658333333333195,111,0.21428571428571427,68.78300232887268,0.2727272727272727,61,9,14.534000492095947,1.2979100445016796
ranked_508468284,TaToH,2026,ranked,day 2026-09-22,2026-09-22T17:39:26+00:00,False,9,60b78bb893f923dbf44108e653a657b19e2ce6d7343984747668a4cbf693d9e3,46.45933333333333,True,30-40,clock phase,1800,2400,600,355.02957377813306,674,421,113.90600385665893,71.14900240898133,117.59999999999997,144,35,420,5,0.011904761904761904,0.3671597508822515,5.330928813587095,0.10295500000000106,104,0.24703087885985747,53.573001813888546,0.48823529411764705,120,15,20.6180006980896,1.7559137831108822
ranked_508468284,TaToH,2026,ranked,day 2026-09-22,2026-09-22T17:39:26+00:00,False,9,60b78bb893f923dbf44108e653a657b19e2ce6d7343984747668a4cbf693d9e3,46.45933333333333,True,40+,clock phase; variable length,2400,2787.56,387.55999999999995,229.32543602242202,491,268,128.46372609586834,70.11869367350859,149.1,156,22,267,2,0.00749063670411985,0.37278105246683424,4.869834154642549,0.12155537207142149,66,0.2462686567164179,52.850657171823634,0.6448598130841121,145,16,20.407679501991304,1.792815420510975
ranked_508468284,TaToH,2026,ranked,day 2026-09-22,2026-09-22T17:39:26+00:00,False,9,60b78bb893f923dbf44108e653a657b19e2ce6d7343984747668a4cbf693d9e3,46.45933333333333,True,40-45,clock phase; fixed five minutes,2400,2700,300,177.51478688906653,391,212,132.15800447463988,71.65600242614745,151.2,156,17,211,1,0.004739336492890996,0.37278105246710425,4.84718326783551,0.0928900000000007,51,0.24056603773584906,54.418001842498775,0.6666666666666666,137,16,21.970000743865967,1.7533998337405488
ranked_508468284,TaToH,2026,ranked,day 2026-09-22,2026-09-22T17:39:26+00:00,False,9,60b78bb893f923dbf44108e653a657b19e2ce6d7343984747668a4cbf693d9e3,46.45933333333333,True,40+ excluding final 60 game seconds,terminal minute sensitivity,2400,2727.56,327.55999999999995,193.82247864460874,420,232,130.01587935631815,71.81829526349003,150.6,156,19,231,1,0.004329004329004329,0.37278105246710425,4.7641418505288,0.11526132616925182,53,0.22844827586206898,55.411529535192734,0.6630434782608695,141,16,21.35975160853798,1.7981462735284826
ranked_508468284,TaToH,2026,ranked,day 2026-09-22,2026-09-22T17:39:26+00:00,False,9,60b78bb893f923dbf44108e653a657b19e2ce6d7343984747668a4cbf693d9e3,46.45933333333333,True,Feudal request +0-5 min,request anchor; not completed age or combat phase,390.299,690.299,300.0,177.51478688906653,351,268,118.63800401687621,90.5840030670166,117.6,132,17,267,0,0.0,0.23846153038766715,3.726307566141395,0.0,116,0.43283582089552236,51.37600173950195,0.30039525691699603,25,3,5.070000171661377,0.8990611087217233
ranked_508468284,TaToH,2026,ranked,day 2026-09-22,2026-09-22T17:39:26+00:00,False,9,60b78bb893f923dbf44108e653a657b19e2ce6d7343984747668a4cbf693d9e3,46.45933333333333,True,Feudal request +5-10 min,request anchor; not completed age or combat phase,690.299,990.299,300.0,177.51478688906653,328,259,110.8640037536621,87.54200296401977,139.2,144,17,258,0,0.0,0.36153844929738455,3.780922948907612,0.0,56,0.21621621621621623,68.61400232315063,0.33191489361702126,26,2,4.056000137329101,1.006233754307303
ranked_508468284,TaToH,2026,ranked,day 2026-09-22,2026-09-22T17:39:26+00:00,False,9,60b78bb893f923dbf44108e653a657b19e2ce6d7343984747668a4cbf693d9e3,46.45933333333333,True,Castle request +0-5 min,request anchor; not completed age or combat phase,1044.758,1344.758,300.0,177.51478688906653,349,291,117.96200399398803,98.3580033302307,127.19999999999999,132,17,290,0,0.0,0.36153844929732565,2.769230675469474,0.0,81,0.27835051546391754,70.98000240325928,0.31746031746031744,27,5,4.732000160217284,1.4312422252562684
ranked_508468284,TaToH,2026,ranked,day 2026-09-22,2026-09-22T17:39:26+00:00,False,9,60b78bb893f923dbf44108e653a657b19e2ce6d7343984747668a4cbf693d9e3,46.45933333333333,True,Castle request +5-10 min,request anchor; not completed age or combat phase,1344.758,1644.758,300.0,177.51478688906653,364,241,123.03200416564941,81.45800275802613,128.39999999999998,138,17,240,0,0.0,0.3615384492973277,3.316538349246229,0.0,38,0.15767634854771784,68.61400232315063,0.28640776699029125,32,6,16.224000549316404,1.1606632427460124
ranked_508468284,TaToH,2026,ranked,day 2026-09-22,2026-09-22T17:39:26+00:00,False,9,60b78bb893f923dbf44108e653a657b19e2ce6d7343984747668a4cbf693d9e3,46.45933333333333,True,Imperial request +0-5 min,request anchor; not completed age or combat phase,2069.119,2369.119,300.0,177.51478688906653,303,188,102.41400346755981,63.54400215148925,111.6,126,17,187,4,0.0213903743315508,0.42485205662120507,6.620615160452935,0.15920000000000226,37,0.19680851063829788,51.03800172805786,0.4899328859060403,93,14,18.252000617980954,1.689598631650961
ranked_508468284,TaToH,2026,ranked,day 2026-09-22,2026-09-22T17:39:26+00:00,False,9,60b78bb893f923dbf44108e653a657b19e2ce6d7343984747668a4cbf693d9e3,46.45933333333333,True,Imperial request +5-10 min,request anchor; not completed age or combat phase,2369.119,2669.119,300.0,177.51478688906653,397,222,134.18600454330445,75.03600254058837,129.6,144,17,221,3,0.013574660633484163,0.37278105246683424,6.618757172350222,0.1520466666666668,55,0.24774774774774774,56.44600191116333,0.6571428571428571,147,16,21.970000743865967,1.9031238556522276
ranked_508883926,TaToH,2026,ranked,day 2026-09-24,2026-09-24T15:21:14+00:00,False,216,868e5849fda053db0b4c7bf442240ff6abf9f5c506168e72e3088a6ac29adca0,38.20245,False,0-10,clock phase,0,600,600,355.02957377813306,875,685,147.87500500679013,115.76500391960144,168.0,174,35,684,2,0.0029239766081871343,0.23846153038766715,3.246153736244726,0.034211666666666515,280,0.40875912408759124,68.44500231742859,0.30180180180180183,31,2,3.887000131607055,0.6713992493056637
ranked_508883926,TaToH,2026,ranked,day 2026-09-24,2026-09-24T15:21:14+00:00,False,216,868e5849fda053db0b4c7bf442240ff6abf9f5c506168e72e3088a6ac29adca0,38.20245,False,10-20,clock phase,600,1200,600,355.02957377813306,1061,798,179.3090060710907,134.86200456619264,186.0,198,35,797,0,0.0,0.36153844929737033,2.0830768525475505,0.0,250,0.3132832080200501,92.61200313568115,0.47270306258322237,58,3,7.436000251770019,0.9891490725121127
ranked_508883926,TaToH,2026,ranked,day 2026-09-24,2026-09-24T15:21:14+00:00,False,216,868e5849fda053db0b4c7bf442240ff6abf9f5c506168e72e3088a6ac29adca0,38.20245,False,20-30,clock phase,1200,1800,600,355.02957377813306,867,672,146.52300496101378,113.56800384521485,165.59999999999997,180,35,671,1,0.0014903129657228018,0.3615384492974556,2.642307602843701,0.015231666666666461,205,0.30505952380952384,78.92300267219542,0.4320388349514563,68,5,9.464000320434568,1.2519855148264194
ranked_508883926,TaToH,2026,ranked,day 2026-09-24,2026-09-24T15:21:14+00:00,False,216,868e5849fda053db0b4c7bf442240ff6abf9f5c506168e72e3088a6ac29adca0,38.20245,False,Feudal request +0-5 min,request anchor; not completed age or combat phase,416.702,716.702,300.0,177.51478688906653,422,315,142.63600482940672,106.4700036048889,151.2,180,17,314,1,0.0031847133757961785,0.24615383781947742,3.245846043947449,0.02846999999999979,90,0.2857142857142857,76.05000257492065,0.4189189189189189,27,3,5.746000194549561,0.935302882565125
ranked_508883926,TaToH,2026,ranked,day 2026-09-24,2026-09-24T15:21:14+00:00,False,216,868e5849fda053db0b4c7bf442240ff6abf9f5c506168e72e3088a6ac29adca0,38.20245,False,Feudal request +5-10 min,request anchor; not completed age or combat phase,716.702,1016.702,300.0,177.51478688906653,576,437,194.68800659179686,147.70600500106812,184.79999999999998,204,17,436,0,0.0,0.2461538378194703,1.659692251498037,0.0,146,0.3340961098398169,98.3580033302307,0.47815533980582525,23,3,6.422000217437744,0.9026551534070989
ranked_508883926,TaToH,2026,ranked,day 2026-09-24,2026-09-24T15:21:14+00:00,False,216,868e5849fda053db0b4c7bf442240ff6abf9f5c506168e72e3088a6ac29adca0,38.20245,False,Castle request +0-5 min,request anchor; not completed age or combat phase,1193.244,1493.244,300.0,177.51478688906653,441,337,149.05800504684447,113.90600385665893,172.79999999999998,192,17,336,0,0.0,0.3615384492974556,2.5899999123070363,0.0,112,0.3323442136498516,76.05000257492065,0.3,39,4,6.760000228881836,0.985950509598808
ranked_508883926,TaToH,2026,ranked,day 2026-09-24,2026-09-24T15:21:14+00:00,False,216,868e5849fda053db0b4c7bf442240ff6abf9f5c506168e72e3088a6ac29adca0,38.20245,False,Castle request +5-10 min,request anchor; not completed age or combat phase,1493.244,1793.244,300.0,177.51478688906653,427,334,144.32600488662717,112.89200382232666,138.0,138,17,333,1,0.003003003003003003,0.3615384492974556,2.615384526832255,0.030463333333333082,94,0.281437125748503,81.12000274658203,0.5675675675675675,46,5,12.168000411987304,1.475428546530967
ranked_508889323,TaToH,2026,ranked,day 2026-09-24,2026-09-24T15:47:45+00:00,False,216,b24abe7df88ce16d4e07c2856322a4dd4430d82fa5f6731fa509d3527fdc9d62,23.391333333333332,False,0-10,clock phase,0,600,600,355.02957377813306,912,746,154.12800521850585,126.07400426864625,207.59999999999997,228,35,745,1,0.0013422818791946308,0.23846153038766715,2.769230675469436,0.024028333333333363,321,0.43029490616621985,71.8250024318695,0.2743732590529248,26,3,3.7180001258850095,0.6567679734268397
ranked_508889323,TaToH,2026,ranked,day 2026-09-24,2026-09-24T15:47:45+00:00,False,216,b24abe7df88ce16d4e07c2856322a4dd4430d82fa5f6731fa509d3527fdc9d62,23.391333333333332,False,10-20,clock phase,600,1200,600,355.02957377813306,952,670,160.88800544738768,113.23000383377074,190.19999999999985,270,35,669,6,0.008968609865470852,0.3615384492973135,3.7126152589126655,0.11442166666666673,227,0.33880597014925373,74.86700253486633,0.4643423137876387,44,3,6.9290002346038815,1.1653534512390642
ranked_508889323,TaToH,2026,ranked,day 2026-09-24,2026-09-24T15:47:45+00:00,False,216,b24abe7df88ce16d4e07c2856322a4dd4430d82fa5f6731fa509d3527fdc9d62,23.391333333333332,False,Feudal request +0-5 min,request anchor; not completed age or combat phase,394.147,694.1469999999999,299.99999999999994,177.5147868890665,447,359,151.08600511550907,121.34200410842895,178.79999999999995,222,17,358,0,0.0,0.23846153038766715,3.118153740578587,0.0,137,0.3816155988857939,75.03600254058838,0.42011834319526625,27,3,4.394000148773194,1.079503691907807
ranked_508889323,TaToH,2026,ranked,day 2026-09-24,2026-09-24T15:47:45+00:00,False,216,b24abe7df88ce16d4e07c2856322a4dd4430d82fa5f6731fa509d3527fdc9d62,23.391333333333332,False,Feudal request +5-10 min,request anchor; not completed age or combat phase,694.1469999999999,994.1469999999999,300.0,177.51478688906653,494,320,166.97200565338133,108.16000366210938,184.79999999999995,252,17,319,2,0.006269592476489028,0.36153844929738455,3.3476921943452966,0.09277666666666648,110,0.34375,70.98000240325928,0.40939597315436244,31,3,7.098000240325928,1.1342686094038745
ranked_508893295,TaToH,2026,ranked,day 2026-09-24,2026-09-24T16:07:45+00:00,False,71,76602b4455a516ec775861c7c56b604dd448ba6bd475cd9cbc63480e390123c1,38.3251,False,0-10,clock phase,0,600,600,355.02957377813306,822,684,138.91800470352172,115.59600391387939,172.7999999999999,300,35,683,0,0.0,0.23846153038766715,3.41999988420474,0.0,221,0.3230994152046784,78.24700264930725,0.3169984686064318,31,2,4.056000137329101,0.7754950958706854
ranked_508893295,TaToH,2026,ranked,day 2026-09-24,2026-09-24T16:07:45+00:00,False,71,76602b4455a516ec775861c7c56b604dd448ba6bd475cd9cbc63480e390123c1,38.3251,False,10-20,clock phase,600,1200,600,355.02957377813306,744,545,125.73600425720214,92.10500311851501,150.0,156,35,544,3,0.0055147058823529415,0.36153844929739876,4.645384458100015,0.06601833333333364,143,0.26238532110091745,67.93800230026245,0.4666666666666667,36,2,4.9010001659393305,1.314204099378706
ranked_508893295,TaToH,2026,ranked,day 2026-09-24,2026-09-24T16:07:45+00:00,False,71,76602b4455a516ec775861c7c56b604dd448ba6bd475cd9cbc63480e390123c1,38.3251,False,20-30,clock phase,1200,1800,600,355.02957377813306,816,613,137.90400466918945,103.59700350761413,144.0,192,35,612,1,0.0016339869281045752,0.3615384492974556,2.889538363703721,0.016250000000000035,155,0.2528548123980424,77.40200262069702,0.4971857410881801,71,6,13.351000452041626,1.3796402043626712
ranked_508893295,TaToH,2026,ranked,day 2026-09-24,2026-09-24T16:07:45+00:00,False,71,76602b4455a516ec775861c7c56b604dd448ba6bd475cd9cbc63480e390123c1,38.3251,False,Feudal request +0-5 min,request anchor; not completed age or combat phase,417.924,717.924,300.0,177.51478688906653,381,302,128.778004360199,102.07600345611571,172.79999999999987,312,17,301,0,0.0,0.36153844929738455,3.4002306541048486,0.0,105,0.347682119205298,66.58600225448609,0.3115942028985507,28,3,4.394000148773193,1.1253823850322837
ranked_508893295,TaToH,2026,ranked,day 2026-09-24,2026-09-24T16:07:45+00:00,False,71,76602b4455a516ec775861c7c56b604dd448ba6bd475cd9cbc63480e390123c1,38.3251,False,Feudal request +5-10 min,request anchor; not completed age or combat phase,717.924,1017.924,300.0,177.51478688906653,439,333,148.3820050239563,112.55400381088256,156.0,156,17,332,1,0.0030120481927710845,0.36153844929739165,3.1307691247668004,0.03657333333333324,93,0.27927927927927926,81.12000274658203,0.5186440677966102,23,2,4.732000160217284,1.2744005753584333
ranked_508893295,TaToH,2026,ranked,day 2026-09-24,2026-09-24T16:07:45+00:00,False,71,76602b4455a516ec775861c7c56b604dd448ba6bd475cd9cbc63480e390123c1,38.3251,False,Castle request +0-5 min,request anchor; not completed age or combat phase,1062.438,1362.438,300.0,177.51478688906653,367,291,124.0460041999817,98.3580033302307,158.39999999999998,168,17,290,2,0.006896551724137931,0.3615384492974556,4.731384455188254,0.09546333333333373,91,0.3127147766323024,67.60000228881835,0.4847328244274809,37,3,5.746000194549561,1.293664497873778
ranked_508893295,TaToH,2026,ranked,day 2026-09-24,2026-09-24T16:07:45+00:00,False,71,76602b4455a516ec775861c7c56b604dd448ba6bd475cd9cbc63480e390123c1,38.3251,False,Castle request +5-10 min,request anchor; not completed age or combat phase,1362.438,1662.438,300.0,177.51478688906653,375,277,126.75000429153442,93.62600317001342,136.79999999999998,156,17,276,0,0.0,0.3615384492974627,2.8846152869473327,0.0,60,0.21660649819494585,73.34600248336793,0.4827586206896552,52,5,12.168000411987304,1.428120867776385
ranked_508899243,TaToH,2026,ranked,day 2026-09-24,2026-09-24T16:37:21+00:00,False,216,eeb7956f3a6b1109dd31077d9c56325d79c62b7d6b1e9df1ffedb37755aee234,20.259849999999997,False,0-10,clock phase,0,600,600,355.02957377813306,880,659,148.72000503540036,111.37100377082825,169.79999999999998,174,35,658,4,0.0060790273556231,0.23846153038766715,3.3692306551544675,0.07004833333333342,264,0.4006069802731411,66.75500226020813,0.35340729001584786,32,2,3.380000114440918,0.7660641058515908
ranked_508899243,TaToH,2026,ranked,day 2026-09-24,2026-09-24T16:37:21+00:00,False,216,eeb7956f3a6b1109dd31077d9c56325d79c62b7d6b1e9df1ffedb37755aee234,20.259849999999997,False,10-20,clock phase,600,1200,600,355.02957377813306,884,660,149.39600505828858,111.54000377655028,157.79999999999998,204,35,659,0,0.0,0.2461538378195236,2.7820768288806423,0.0,227,0.34393939393939393,73.17700247764587,0.5163398692810458,51,3,6.760000228881836,1.198088954412298
ranked_508899243,TaToH,2026,ranked,day 2026-09-24,2026-09-24T16:37:21+00:00,False,216,eeb7956f3a6b1109dd31077d9c56325d79c62b7d6b1e9df1ffedb37755aee234,20.259849999999997,False,Feudal request +0-5 min,request anchor; not completed age or combat phase,419.341,719.341,300.0,177.51478688906653,461,337,155.8180052757263,113.90600385665893,171.59999999999997,210,17,336,2,0.005952380952380952,0.2461538378194632,3.093076818350707,0.06903000000000019,128,0.3798219584569733,70.64200239181518,0.46178343949044587,31,2,4.056000137329101,1.1258354149089649
ranked_508899243,TaToH,2026,ranked,day 2026-09-24,2026-09-24T16:37:21+00:00,False,216,eeb7956f3a6b1109dd31077d9c56325d79c62b7d6b1e9df1ffedb37755aee234,20.259849999999997,False,Feudal request +5-10 min,request anchor; not completed age or combat phase,719.341,1019.341,300.0,177.51478688906653,436,311,147.368004989624,105.11800355911254,151.2,156,17,310,0,0.0,0.2461538378194632,2.884615286947323,0.0,106,0.3408360128617363,69.29000234603882,0.46996466431095407,36,3,8.450000286102293,1.0962998226057448
ranked_508902656,TaToH,2026,ranked,day 2026-09-24,2026-09-24T16:54:12+00:00,False,71,69a9d61fc83192bd9d24914c314ee99644cfd21534021457231715574016dfa9,29.55998333333333,False,0-10,clock phase,0,600,600,355.02957377813306,886,686,149.73400506973266,115.93400392532348,175.79999999999998,186,35,685,0,0.0,0.23846153038766715,2.523076837649929,0.030899999999999976,256,0.37317784256559766,72.67000246047974,0.37727272727272726,33,1,4.5630001544952385,0.7730514697361505
ranked_508902656,TaToH,2026,ranked,day 2026-09-24,2026-09-24T16:54:12+00:00,False,71,69a9d61fc83192bd9d24914c314ee99644cfd21534021457231715574016dfa9,29.55998333333333,False,10-20,clock phase,600,1200,600,355.02957377813306,406,251,68.61400232315063,42.419001436233515,102.0,108,35,250,14,0.056,0.48461536820713036,19.504460878074376,0.47222499999999934,77,0.30677290836653387,29.406000995635985,0.5165876777251185,38,2,4.5630001544952385,1.6119026451907628
ranked_508902656,TaToH,2026,ranked,day 2026-09-24,2026-09-24T16:54:12+00:00,False,71,69a9d61fc83192bd9d24914c314ee99644cfd21534021457231715574016dfa9,29.55998333333333,False,Feudal request +0-5 min,request anchor; not completed age or combat phase,526.21,826.21,300.0,177.51478688906653,183,125,61.85400209426879,42.250001430511475,104.39999999999999,114,17,124,9,0.07258064516129033,0.3615384492973934,17.699153246891292,0.5558366666666659,54,0.432,23.998000812530517,0.5855855855855856,23,1,1.3520000457763672,1.4987633133690055
ranked_508902656,TaToH,2026,ranked,day 2026-09-24,2026-09-24T16:54:12+00:00,False,71,69a9d61fc83192bd9d24914c314ee99644cfd21534021457231715574016dfa9,29.55998333333333,False,Feudal request +5-10 min,request anchor; not completed age or combat phase,826.21,1126.21,300.0,177.51478688906653,216,116,73.00800247192382,39.208001327514644,90.0,90,17,115,5,0.043478260869565216,0.4846153682071943,10.643615024241113,0.45023666666666634,30,0.25862068965517243,29.068000984191894,0.532608695652174,26,2,5.408000183105469,1.7810612138463129
ranked_508902656,TaToH,2026,ranked,day 2026-09-24,2026-09-24T16:54:12+00:00,False,71,69a9d61fc83192bd9d24914c314ee99644cfd21534021457231715574016dfa9,29.55998333333333,False,Castle request +0-5 min,request anchor; not completed age or combat phase,782.752,1082.752,300.0,177.51478688906653,178,95,60.16400203704834,32.11000108718872,72.0,72,17,94,8,0.0851063829787234,0.5999999796851228,23.662306891143174,0.5463466666666662,26,0.2736842105263158,23.322000789642335,0.6666666666666666,25,2,3.7180001258850095,2.0176169688744077
ranked_508902656,TaToH,2026,ranked,day 2026-09-24,2026-09-24T16:54:12+00:00,False,71,69a9d61fc83192bd9d24914c314ee99644cfd21534021457231715574016dfa9,29.55998333333333,False,Castle request +5-10 min,request anchor; not completed age or combat phase,1082.752,1382.752,300.0,177.51478688906653,323,198,109.17400369644164,66.92400226593017,103.19999999999999,108,17,197,3,0.015228426395939087,0.4769230607753201,5.311692127847682,0.15231666666666652,51,0.25757575757575757,49.68600168228149,0.49142857142857144,31,4,11.154000377655029,1.3351745077893689
ranked_508907620,TaToH,2026,ranked,day 2026-09-24,2026-09-24T17:16:35+00:00,False,216,051b1cc5d7be413dea6f78ddc4e423301d3cb503cca04d8020408126af6fcb9c,47.96378333333334,True,0-10,clock phase,0,600,600,355.02957377813306,782,631,132.15800447463988,106.63900361061096,153.59999999999997,162,35,630,2,0.0031746031746031746,0.23846153038766715,3.6944614133735207,0.029813333333333324,208,0.329635499207607,71.48700242042541,0.36764705882352944,30,2,3.042000102996826,0.742932671208145
ranked_508907620,TaToH,2026,ranked,day 2026-09-24,2026-09-24T17:16:35+00:00,False,216,051b1cc5d7be413dea6f78ddc4e423301d3cb503cca04d8020408126af6fcb9c,47.96378333333334,True,10-20,clock phase,600,1200,600,355.02957377813306,858,658,145.0020049095154,111.2020037651062,144.0,192,35,657,0,0.0,0.36153844929737033,2.343461459116018,0.021074999999999938,186,0.2826747720364742,79.76800270080565,0.5351882160392799,53,4,8.788000297546386,1.2200251207821888
ranked_508907620,TaToH,2026,ranked,day 2026-09-24,2026-09-24T17:16:35+00:00,False,216,051b1cc5d7be413dea6f78ddc4e423301d3cb503cca04d8020408126af6fcb9c,47.96378333333334,True,20-30,clock phase,1200,1800,600,355.02957377813306,763,492,128.947004365921,83.14800281524657,127.19999999999993,144,35,491,5,0.010183299389002037,0.3615384492974556,4.951384447739331,0.09069666666666615,148,0.3008130081300813,58.13600196838379,0.5521064301552107,81,8,13.520000457763672,1.398030684017549
ranked_508907620,TaToH,2026,ranked,day 2026-09-24,2026-09-24T17:16:35+00:00,False,216,051b1cc5d7be413dea6f78ddc4e423301d3cb503cca04d8020408126af6fcb9c,47.96378333333334,True,30-40,clock phase,1800,2400,600,355.02957377813306,768,478,129.79200439453123,80.78200273513794,115.79999999999998,126,35,477,2,0.0041928721174004195,0.3615384492973419,3.5349998803110263,0.03520833333333307,113,0.23640167364016737,61.68500208854675,0.5471698113207547,115,12,18.08300061225891,1.494347366661915
ranked_508907620,TaToH,2026,ranked,day 2026-09-24,2026-09-24T17:16:35+00:00,False,216,051b1cc5d7be413dea6f78ddc4e423301d3cb503cca04d8020408126af6fcb9c,47.96378333333334,True,40+,clock phase; variable length,2400,2877.827,477.8270000000002,282.73786024947344,608,348,129.02410723421303,73.84932453537193,126.0,126,28,347,4,0.011527377521613832,0.4192307550364518,5.141455447221067,0.09746623778061854,60,0.1724137931034483,61.11668237410092,0.5491525423728814,154,12,26.31412713329345,1.6532097224593152
ranked_508907620,TaToH,2026,ranked,day 2026-09-24,2026-09-24T17:16:35+00:00,False,216,051b1cc5d7be413dea6f78ddc4e423301d3cb503cca04d8020408126af6fcb9c,47.96378333333334,True,40-45,clock phase; fixed five minutes,2400,2700,300,177.51478688906653,385,232,130.13000440597534,78.41600265502929,126.0,126,17,231,2,0.008658008658008658,0.47692306077531477,4.271692163060196,0.06503333333333251,36,0.15517241379310345,66.24800224304198,0.507537688442211,75,11,22.64600076675415,1.59058435337415
ranked_508907620,TaToH,2026,ranked,day 2026-09-24,2026-09-24T17:16:35+00:00,False,216,051b1cc5d7be413dea6f78ddc4e423301d3cb503cca04d8020408126af6fcb9c,47.96378333333334,True,40+ excluding final 60 game seconds,terminal minute sensitivity,2400,2817.827,417.8270000000002,247.23490287166013,534,307,129.5933528310604,74.50404366879316,126.0,126,24,306,3,0.00980392156862745,0.3615384492975977,4.3573489648937365,0.08520272744461198,52,0.16938110749185667,61.884466239551315,0.5405405405405406,126,11,25.48183903981525,1.6620532790797886
ranked_508907620,TaToH,2026,ranked,day 2026-09-24,2026-09-24T17:16:35+00:00,False,216,051b1cc5d7be413dea6f78ddc4e423301d3cb503cca04d8020408126af6fcb9c,47.96378333333334,True,Feudal request +0-5 min,request anchor; not completed age or combat phase,426.647,726.6469999999999,299.99999999999994,177.5147868890665,418,322,141.2840047836304,108.83600368499756,185.99999999999997,210,17,321,1,0.003115264797507788,0.24615383781949873,3.8289229472824187,0.029120000000000035,114,0.35403726708074534,70.3040023803711,0.4131147540983607,31,3,4.732000160217285,1.0260167015137265
ranked_508907620,TaToH,2026,ranked,day 2026-09-24,2026-09-24T17:16:35+00:00,False,216,051b1cc5d7be413dea6f78ddc4e423301d3cb503cca04d8020408126af6fcb9c,47.96378333333334,True,Feudal request +5-10 min,request anchor; not completed age or combat phase,726.6469999999999,1026.647,300.0,177.51478688906653,408,325,137.90400466918945,109.85000371932983,157.2,162,17,324,0,0.0,0.36153844929739165,2.1676153112236616,0.0,87,0.2676923076923077,80.44400272369384,0.5548172757475083,31,3,8.450000286102293,1.2280900391975766
ranked_508907620,TaToH,2026,ranked,day 2026-09-24,2026-09-24T17:16:35+00:00,False,216,051b1cc5d7be413dea6f78ddc4e423301d3cb503cca04d8020408126af6fcb9c,47.96378333333334,True,Castle request +0-5 min,request anchor; not completed age or combat phase,1706.133,2006.133,300.0,177.51478688906653,355,237,119.99000406265257,80.10600271224976,109.19999999999999,114,17,236,1,0.00423728813559322,0.47692306077518154,4.03415370956448,0.03657333333333332,61,0.25738396624472576,59.48800201416015,0.49537037037037035,60,9,11.830000400543213,1.3769842905458094
ranked_508907620,TaToH,2026,ranked,day 2026-09-24,2026-09-24T17:16:35+00:00,False,216,051b1cc5d7be413dea6f78ddc4e423301d3cb503cca04d8020408126af6fcb9c,47.96378333333334,True,Castle request +5-10 min,request anchor; not completed age or combat phase,2006.133,2306.133,299.9999999999998,177.5147868890664,414,249,139.9320047378541,84.16200284957893,136.79999999999998,156,17,248,0,0.0,0.3538461418655139,3.5592306487213414,0.0,68,0.27309236947791166,61.17800207138066,0.547085201793722,88,12,21.970000743865985,1.4558094174992073
ranked_508914728,TaToH,2026,ranked,day 2026-09-24,2026-09-24T17:51:11+00:00,False,216,61c225f6fcca291a17cd213c5f980ec4c5dbb0faa82f0922d588d3590718cac4,17.619116666666667,False,0-10,clock phase,0,600,600,355.02957377813306,895,740,151.25500512123108,125.06000423431396,224.99999999999991,252,35,739,0,0.0,0.23846153038766715,2.994153744776997,0.0,253,0.3418918918918919,82.30300278663636,0.33848314606741575,32,3,3.7180001258850095,0.6268699615141137
ranked_508914728,TaToH,2026,ranked,day 2026-09-24,2026-09-24T17:51:11+00:00,False,216,61c225f6fcca291a17cd213c5f980ec4c5dbb0faa82f0922d588d3590718cac4,17.619116666666667,False,Feudal request +0-5 min,request anchor; not completed age or combat phase,391.508,691.508,300.00000000000006,177.51478688906656,399,306,134.8620045661926,103.42800350189206,126.0,126,17,305,0,0.0,0.24615383781950584,2.8990768249192396,0.0,94,0.30718954248366015,71.65600242614745,0.37050359712230213,26,3,4.056000137329101,1.0519058291290222
ranked_508914728,TaToH,2026,ranked,day 2026-09-24,2026-09-24T17:51:11+00:00,False,216,61c225f6fcca291a17cd213c5f980ec4c5dbb0faa82f0922d588d3590718cac4,17.619116666666667,False,Feudal request +5-10 min,request anchor; not completed age or combat phase,691.508,991.508,300.0,177.51478688906653,407,274,137.56600465774537,92.61200313568115,130.79999999999998,150,17,273,1,0.003663003663003663,0.35769229558148297,3.324846041272655,0.037916666666666696,100,0.36496350364963503,58.81200199127197,0.33201581027667987,26,2,5.746000194549561,1.2205100695296318
ranked_508917520,TaToH,2026,ranked,day 2026-09-24,2026-09-24T18:04:21+00:00,False,216,eda9e5fd1a42f00a3a9aad8dab507f621a900ce578298fd7be6036515e682b93,43.273783333333334,False,0-10,clock phase,0,600,600,355.02957377813306,884,684,149.39600505828858,115.59600391387939,169.79999999999998,174,35,683,1,0.0014641288433382138,0.23846153038766715,3.007692205857097,0.016943333333333328,289,0.42251461988304095,66.75500226020813,0.2934131736526946,28,3,3.887000131607055,0.5872124698498866
ranked_508917520,TaToH,2026,ranked,day 2026-09-24,2026-09-24T18:04:21+00:00,False,216,eda9e5fd1a42f00a3a9aad8dab507f621a900ce578298fd7be6036515e682b93,43.273783333333334,False,10-20,clock phase,600,1200,600,355.02957377813306,943,731,159.3670053958893,123.53900418281553,165.59999999999997,192,35,730,0,0.0,0.36153844929738455,2.2846153072622735,0.0,240,0.3283173734610123,82.97900280952453,0.5093795093795094,46,4,7.77400026321411,1.151355238102647
ranked_508917520,TaToH,2026,ranked,day 2026-09-24,2026-09-24T18:04:21+00:00,False,216,eda9e5fd1a42f00a3a9aad8dab507f621a900ce578298fd7be6036515e682b93,43.273783333333334,False,20-30,clock phase,1200,1800,600,355.02957377813306,885,649,149.56500506401062,109.68100371360778,151.79999999999998,162,35,648,0,0.0,0.3538461418655139,3.091538356864365,0.0,244,0.37596302003081666,68.44500231742859,0.567479674796748,56,4,9.802000331878661,1.2776349581438629
ranked_508917520,TaToH,2026,ranked,day 2026-09-24,2026-09-24T18:04:21+00:00,False,216,eda9e5fd1a42f00a3a9aad8dab507f621a900ce578298fd7be6036515e682b93,43.273783333333334,False,30-40,clock phase,1800,2400,600,355.02957377813306,800,573,135.2000045776367,96.8370032787323,141.59999999999997,156,35,572,0,0.0,0.3615384492973135,3.7230767970199685,0.0,167,0.2914485165794066,68.61400232315063,0.5178236397748592,109,6,13.689000463485717,1.3285742028453211
ranked_508917520,TaToH,2026,ranked,day 2026-09-24,2026-09-24T18:04:21+00:00,False,216,eda9e5fd1a42f00a3a9aad8dab507f621a900ce578298fd7be6036515e682b93,43.273783333333334,False,40+,clock phase; variable length,2400,2596.427,196.42700000000013,116.22899014752898,296,199,152.80180940621875,102.72824348593761,147.0,156,11,198,1,0.005050505050505051,0.24615383781960531,3.4269229608934024,0.0434818023998745,46,0.23115577889447236,78.9820163484847,0.5081967213114754,60,6,17.03533685947709,1.181622744109506
ranked_508917520,TaToH,2026,ranked,day 2026-09-24,2026-09-24T18:04:21+00:00,False,216,eda9e5fd1a42f00a3a9aad8dab507f621a900ce578298fd7be6036515e682b93,43.273783333333334,False,Feudal request +0-5 min,request anchor; not completed age or combat phase,375.674,675.674,300.0,177.51478688906653,451,348,152.4380051612854,117.62400398254394,164.39999999999998,174,17,347,0,0.0,0.23846153038766715,2.884615286947337,0.0,143,0.4109195402298851,69.29000234603882,0.32335329341317365,24,3,4.394000148773193,1.0211138749191082
ranked_508917520,TaToH,2026,ranked,day 2026-09-24,2026-09-24T18:04:21+00:00,False,216,eda9e5fd1a42f00a3a9aad8dab507f621a900ce578298fd7be6036515e682b93,43.273783333333334,False,Feudal request +5-10 min,request anchor; not completed age or combat phase,675.674,975.674,300.0,177.51478688906653,450,343,152.1000051498413,115.93400392532348,159.6,174,17,342,0,0.0,0.36153844929739165,2.242769154832951,0.0,105,0.30612244897959184,80.44400272369384,0.45,29,3,6.760000228881836,1.0629599774112566
ranked_508924320,TaToH,2026,ranked,day 2026-09-24,2026-09-24T18:36:10+00:00,False,216,e93a28d9163f7e6de088d60c9c9b8e79a1e69612976b56364a0e4d49a4182fd7,20.358,False,0-10,clock phase,0,600,600,355.02957377813306,869,689,146.8610049724579,116.44100394248962,168.0,168,35,688,0,0.0,0.23846153038764584,3.0961537413234765,0.0,307,0.4455732946298984,64.55800218582152,0.31166912850812406,30,1,4.056000137329101,0.47702296571928143
ranked_508924320,TaToH,2026,ranked,day 2026-09-24,2026-09-24T18:36:10+00:00,False,216,e93a28d9163f7e6de088d60c9c9b8e79a1e69612976b56364a0e4d49a4182fd7,20.358,False,10-20,clock phase,600,1200,600,355.02957377813306,849,633,143.48100485801695,106.97700362205505,145.79999999999998,162,35,632,0,0.0,0.36153844929737744,2.9826922067035646,0.0,238,0.37598736176935227,66.75500226020813,0.28429752066115704,36,3,3.380000114440918,1.0213051029597715
ranked_508924320,TaToH,2026,ranked,day 2026-09-24,2026-09-24T18:36:10+00:00,False,216,e93a28d9163f7e6de088d60c9c9b8e79a1e69612976b56364a0e4d49a4182fd7,20.358,False,Feudal request +0-5 min,request anchor; not completed age or combat phase,464.23,764.23,300.0,177.51478688906653,357,297,120.66600408554078,100.38600339889526,139.2,144,17,296,0,0.0,0.23846153038766005,3.1584614315215025,0.0,158,0.531986531986532,46.98200159072876,0.24125874125874125,24,1,0.6760000228881836,0.7702121787842887
ranked_508924320,TaToH,2026,ranked,day 2026-09-24,2026-09-24T18:36:10+00:00,False,216,e93a28d9163f7e6de088d60c9c9b8e79a1e69612976b56364a0e4d49a4182fd7,20.358,False,Feudal request +5-10 min,request anchor; not completed age or combat phase,764.23,1064.23,300.0,177.51478688906653,460,316,155.48000526428223,106.80800361633301,143.99999999999997,168,17,315,0,0.0,0.35384614186551744,2.8556922110035443,0.0,117,0.370253164556962,67.26200227737426,0.20066889632107024,28,3,4.394000148773193,0.9008181322209442
ranked_508924320,TaToH,2026,ranked,day 2026-09-24,2026-09-24T18:36:10+00:00,False,216,e93a28d9163f7e6de088d60c9c9b8e79a1e69612976b56364a0e4d49a4182fd7,20.358,False,Castle request +0-5 min,request anchor; not completed age or combat phase,654.758,954.758,300.0,177.51478688906653,376,301,127.0880043029785,101.73800344467163,142.79999999999998,162,17,300,0,0.0,0.2461538378194703,3.136538355340705,0.0,118,0.3920265780730897,61.85400209426879,0.22695035460992907,25,1,2.0280000686645505,1.0621537504574006
ranked_508927645,TaToH,2026,ranked,day 2026-09-24,2026-09-24T18:50:40+00:00,False,216,0b3ace74481a282474891656bb0abd196e13d828e4c48b2d94c5f1f13ecdab8d,25.226283333333335,False,0-10,clock phase,0,600,600,355.02957377813306,824,667,139.25600471496583,112.72300381660462,180.0,192,35,666,1,0.0015015015015015015,0.23846153038766715,3.3027691189432016,0.020995000000000093,247,0.37031484257871067,70.98000240325928,0.3390625,27,1,3.211000108718872,0.6645909155191102
ranked_508927645,TaToH,2026,ranked,day 2026-09-24,2026-09-24T18:50:40+00:00,False,216,0b3ace74481a282474891656bb0abd196e13d828e4c48b2d94c5f1f13ecdab8d,25.226283333333335,False,10-20,clock phase,600,1200,600,355.02957377813306,632,443,106.80800361633301,74.86700253486633,115.79999999999998,126,35,442,5,0.011312217194570135,0.4769230607753059,5.772615189164624,0.09953666666666619,113,0.255079006772009,55.77000188827514,0.44329896907216493,42,3,4.732000160217284,1.4506445351442827
ranked_508927645,TaToH,2026,ranked,day 2026-09-24,2026-09-24T18:50:40+00:00,False,216,0b3ace74481a282474891656bb0abd196e13d828e4c48b2d94c5f1f13ecdab8d,25.226283333333335,False,Feudal request +0-5 min,request anchor; not completed age or combat phase,440.674,740.674,300.0,177.51478688906653,323,230,109.17400369644164,77.74000263214111,118.79999999999998,138,17,229,2,0.008733624454148471,0.35384614186551744,4.337538314676955,0.08666666666666639,75,0.32608695652173914,52.39000177383423,0.3480392156862745,23,1,1.0140000343322753,1.2103820968098575
ranked_508927645,TaToH,2026,ranked,day 2026-09-24,2026-09-24T18:50:40+00:00,False,216,0b3ace74481a282474891656bb0abd196e13d828e4c48b2d94c5f1f13ecdab8d,25.226283333333335,False,Feudal request +5-10 min,request anchor; not completed age or combat phase,740.674,1040.674,300.0,177.51478688906653,281,204,94.9780032157898,68.95200233459472,129.6,144,17,203,4,0.019704433497536946,0.47692306077531477,6.725922849195036,0.1543966666666661,63,0.3088235294117647,47.65800161361694,0.4431818181818182,24,3,5.070000171661377,1.638701839748024
ranked_508927645,TaToH,2026,ranked,day 2026-09-24,2026-09-24T18:50:40+00:00,False,216,0b3ace74481a282474891656bb0abd196e13d828e4c48b2d94c5f1f13ecdab8d,25.226283333333335,False,Castle request +0-5 min,request anchor; not completed age or combat phase,660.868,960.868,300.0,177.51478688906653,268,183,90.5840030670166,61.85400209426879,108.0,108,17,182,4,0.02197802197802198,0.48461536820713036,7.077076683459395,0.1638866666666661,51,0.2786885245901639,44.616001510620116,0.4140127388535032,23,3,3.7180001258850095,1.639144712743709
ranked_508927645,TaToH,2026,ranked,day 2026-09-24,2026-09-24T18:50:40+00:00,False,216,0b3ace74481a282474891656bb0abd196e13d828e4c48b2d94c5f1f13ecdab8d,25.226283333333335,False,Castle request +5-10 min,request anchor; not completed age or combat phase,960.868,1260.868,299.9999999999999,177.51478688906644,338,249,114.24400386810308,84.1620028495789,121.19999999999999,126,17,248,1,0.004032258064516129,0.4769230607753059,3.1230768173349888,0.03518666666666643,50,0.20080321285140562,67.26200227737431,0.5714285714285714,28,4,7.4360002517700226,1.4504485543011882
ranked_508931665,TaToH,2026,ranked,day 2026-09-24,2026-09-24T19:09:34+00:00,False,216,2a4489138a6522469731b897f961d052a5471ce0a2596edb84d1dc44d4835b3b,44.00843333333333,False,0-10,clock phase,0,600,600,355.02957377813306,895,707,151.25500512123108,119.48300404548645,162.0,174,35,706,0,0.0,0.23846153038765294,2.7946152899945695,0.0,282,0.3988684582743989,71.8250024318695,0.33670520231213874,32,2,4.5630001544952385,0.6374398430287992
ranked_508931665,TaToH,2026,ranked,day 2026-09-24,2026-09-24T19:09:34+00:00,False,216,2a4489138a6522469731b897f961d052a5471ce0a2596edb84d1dc44d4835b3b,44.00843333333333,False,10-20,clock phase,600,1200,600,355.02957377813306,760,572,128.44000434875488,96.66800327301024,151.19999999999993,174,35,571,2,0.0035026269702276708,0.3615384492974272,3.4153844997456275,0.028448333333333343,162,0.28321678321678323,69.29000234603882,0.5189393939393939,57,3,8.281000280380248,1.1183708277076316
ranked_508931665,TaToH,2026,ranked,day 2026-09-24,2026-09-24T19:09:34+00:00,False,216,2a4489138a6522469731b897f961d052a5471ce0a2596edb84d1dc44d4835b3b,44.00843333333333,False,20-30,clock phase,1200,1800,600,355.02957377813306,768,558,129.79200439453123,94.30200319290161,157.79999999999998,192,35,557,2,0.003590664272890485,0.3615384492974556,3.273846042999406,0.03958499999999986,177,0.3172043010752688,64.3890021800995,0.5443786982248521,73,6,8.957000303268432,1.4153432130777457
ranked_508931665,TaToH,2026,ranked,day 2026-09-24,2026-09-24T19:09:34+00:00,False,216,2a4489138a6522469731b897f961d052a5471ce0a2596edb84d1dc44d4835b3b,44.00843333333333,False,30-40,clock phase,1800,2400,600,355.02957377813306,685,362,115.76500391960144,61.17800207138062,108.0,114,35,361,6,0.01662049861495845,0.5999999796848954,5.1692305942095516,0.11450000000000049,53,0.1464088397790055,52.22100176811218,0.6421052631578947,122,12,22.308000755310058,1.66759984856759
ranked_508931665,TaToH,2026,ranked,day 2026-09-24,2026-09-24T19:09:34+00:00,False,216,2a4489138a6522469731b897f961d052a5471ce0a2596edb84d1dc44d4835b3b,44.00843333333333,False,40+,clock phase; variable length,2400,2640.506,240.50599999999986,142.31123778513935,299,162,126.06172414216299,68.30100104023546,114.3,126,14,161,3,0.018633540372670808,0.48461536820713036,5.471656619473071,0.12005521691766832,22,0.13580246913580246,59.02555645452448,0.6515151515151515,102,12,24.875055934406745,1.7042014985642469
ranked_508931665,TaToH,2026,ranked,day 2026-09-24,2026-09-24T19:09:34+00:00,False,216,2a4489138a6522469731b897f961d052a5471ce0a2596edb84d1dc44d4835b3b,44.00843333333333,False,Feudal request +0-5 min,request anchor; not completed age or combat phase,394.758,694.758,300.00000000000006,177.51478688906656,438,348,148.04400501251217,117.62400398254391,155.99999999999997,180,17,347,0,0.0,0.23846153038766715,2.959692207482271,0.0,150,0.43103448275862066,66.92400226593016,0.4174174174174174,23,2,4.394000148773193,0.8904997914509486
ranked_508931665,TaToH,2026,ranked,day 2026-09-24,2026-09-24T19:09:34+00:00,False,216,2a4489138a6522469731b897f961d052a5471ce0a2596edb84d1dc44d4835b3b,44.00843333333333,False,Feudal request +5-10 min,request anchor; not completed age or combat phase,694.758,994.758,300.0,177.51478688906653,377,262,127.4260043144226,88.55600299835204,174.0,174,17,261,2,0.007662835249042145,0.4769230607753059,3.6436921843232373,0.05689666666666645,68,0.2595419847328244,65.5720022201538,0.4834710743801653,36,3,8.788000297546386,1.0506354995715261
ranked_508931665,TaToH,2026,ranked,day 2026-09-24,2026-09-24T19:09:34+00:00,False,216,2a4489138a6522469731b897f961d052a5471ce0a2596edb84d1dc44d4835b3b,44.00843333333333,False,Castle request +0-5 min,request anchor; not completed age or combat phase,1287.091,1587.091,300.0,177.51478688906653,428,311,144.66400489807128,105.11800355911254,164.39999999999998,198,17,310,1,0.0032258064516129032,0.3615384492974556,2.7763075983067047,0.042639999999999706,106,0.3408360128617363,69.29000234603882,0.519434628975265,53,4,7.098000240325928,1.4048110033817192
ranked_508931665,TaToH,2026,ranked,day 2026-09-24,2026-09-24T19:09:34+00:00,False,216,2a4489138a6522469731b897f961d052a5471ce0a2596edb84d1dc44d4835b3b,44.00843333333333,False,Castle request +5-10 min,request anchor; not completed age or combat phase,1587.091,1887.091,300.0,177.51478688906653,330,215,111.54000377655028,72.67000246047974,118.79999999999998,138,17,214,1,0.004672897196261682,0.4846153682072689,4.269076778533302,0.036530000000000264,54,0.25116279069767444,54.418001842498775,0.5851063829787234,59,8,14.872000503540038,1.5627408092458102
ranked_510125405,TaToH,2026,ranked,day 2026-09-29,2026-09-29T16:43:52+00:00,False,216,ed07857428923d0cfb47bd2c0605f052b170613b09d38709e81e89376d630974,23.466216666666664,False,0-10,clock phase,0,600,600,355.02957377813306,941,748,159.02900538444518,126.41200428009031,186.0,186,35,747,0,0.0,0.23846153038766715,2.530769145081817,0.0,304,0.40641711229946526,75.03600254058837,0.27448275862068966,29,2,4.5630001544952385,0.6196964843766464
ranked_510125405,TaToH,2026,ranked,day 2026-09-29,2026-09-29T16:43:52+00:00,False,216,ed07857428923d0cfb47bd2c0605f052b170613b09d38709e81e89376d630974,23.466216666666664,False,10-20,clock phase,600,1200,600,355.02957377813306,863,603,145.84700493812562,101.90700345039367,177.59999999999997,240,35,602,6,0.009966777408637873,0.36153844929739876,4.176922935499733,0.11442166666666669,162,0.26865671641791045,74.52900252342224,0.543859649122807,61,3,10.816000366210938,1.180701895786061
ranked_510125405,TaToH,2026,ranked,day 2026-09-29,2026-09-29T16:43:52+00:00,False,216,ed07857428923d0cfb47bd2c0605f052b170613b09d38709e81e89376d630974,23.466216666666664,False,Feudal request +0-5 min,request anchor; not completed age or combat phase,391.105,691.105,300.0,177.51478688906653,367,254,124.0460041999817,85.85200290679931,159.6,174,17,253,5,0.019762845849802372,0.36153844929739876,5.606538271710833,0.1638433333333333,71,0.2795275590551181,61.85400209426879,0.3775933609958506,30,2,5.070000171661377,0.955593983640971
ranked_510125405,TaToH,2026,ranked,day 2026-09-29,2026-09-29T16:43:52+00:00,False,216,ed07857428923d0cfb47bd2c0605f052b170613b09d38709e81e89376d630974,23.466216666666664,False,Feudal request +5-10 min,request anchor; not completed age or combat phase,691.105,991.105,300.0,177.51478688906653,392,276,132.49600448608396,93.28800315856934,140.39999999999998,150,17,275,1,0.0036363636363636364,0.36153844929739876,3.2888460424915533,0.06500000000000014,63,0.22826086956521738,71.99400243759155,0.5603112840466926,33,3,9.802000331878661,1.2350602503548036
ranked_510128528,TaToH,2026,ranked,day 2026-09-29,2026-09-29T17:00:46+00:00,False,216,68f57ab362889fe365398338f9202007a37dbc75ce524df813ed6c2987c9c7f1,69.19975,True,0-10,clock phase,0,600,600,355.02957377813306,788,644,133.17200450897218,108.83600368499755,169.79999999999998,186,35,643,0,0.0,0.24615383781952005,2.844076826781425,0.0,212,0.32919254658385094,73.00800247192382,0.37042925278219396,29,3,3.7180001258850095,0.6276992596113097
ranked_510128528,TaToH,2026,ranked,day 2026-09-29,2026-09-29T17:00:46+00:00,False,216,68f57ab362889fe365398338f9202007a37dbc75ce524df813ed6c2987c9c7f1,69.19975,True,10-20,clock phase,600,1200,600,355.02957377813306,854,622,144.32600488662717,105.11800355911254,162.0,198,35,621,0,0.0,0.47692306077527746,2.646153756559677,0.0,198,0.3183279742765273,71.65600242614745,0.5724258289703316,66,3,7.9430002689361565,1.3358119991944157
ranked_510128528,TaToH,2026,ranked,day 2026-09-29,2026-09-29T17:00:46+00:00,False,216,68f57ab362889fe365398338f9202007a37dbc75ce524df813ed6c2987c9c7f1,69.19975,True,20-30,clock phase,1200,1800,600,355.02957377813306,776,529,131.1440044403076,89.40100302696227,129.59999999999997,162,35,528,0,0.0,0.4769230607751638,3.2461537362447763,0.0,170,0.32136105860113423,60.671002054214476,0.6197478991596639,82,4,9.971000337600707,1.4210887794855658
ranked_510128528,TaToH,2026,ranked,day 2026-09-29,2026-09-29T17:00:46+00:00,False,216,68f57ab362889fe365398338f9202007a37dbc75ce524df813ed6c2987c9c7f1,69.19975,True,30-40,clock phase,1800,2400,600,355.02957377813306,730,494,123.3700041770935,83.48600282669067,125.39999999999995,150,35,493,2,0.004056795131845842,0.4769230607753343,3.3824614239372854,0.02879500000000013,106,0.2145748987854251,65.5720022201538,0.48036951501154734,80,7,7.436000251770019,1.4336317941552523
ranked_510128528,TaToH,2026,ranked,day 2026-09-29,2026-09-29T17:00:46+00:00,False,216,68f57ab362889fe365398338f9202007a37dbc75ce524df813ed6c2987c9c7f1,69.19975,True,40+,clock phase; variable length,2400,4151.985,1751.9849999999997,1036.677479692804,2407,1461,139.31044401851543,84.55860353595804,138.0,210,103,1460,15,0.010273972602739725,0.3692307567291664,5.041987994967375,0.08583235587062575,383,0.2621492128678987,62.391632177797916,0.5704225352112676,395,27,25.581726737093398,1.5170097688990967
ranked_510128528,TaToH,2026,ranked,day 2026-09-29,2026-09-29T17:00:46+00:00,False,216,68f57ab362889fe365398338f9202007a37dbc75ce524df813ed6c2987c9c7f1,69.19975,True,40-45,clock phase; fixed five minutes,2400,2700,300,177.51478688906653,425,242,143.650004863739,81.7960027694702,111.6,126,17,241,2,0.008298755186721992,0.36272188121003524,4.453686239738635,0.05958333333333343,65,0.26859504132231404,59.82600202560425,0.47639484978540775,77,10,19.604000663757322,1.1250700612510494
ranked_510128528,TaToH,2026,ranked,day 2026-09-29,2026-09-29T17:00:46+00:00,False,216,68f57ab362889fe365398338f9202007a37dbc75ce524df813ed6c2987c9c7f1,69.19975,True,40+ excluding final 60 game seconds,terminal minute sensitivity,2400,4091.9849999999997,1691.9849999999997,1001.1745223149906,2324,1417,139.27641674058626,84.92025926050376,138.0,210,100,1416,13,0.009180790960451978,0.3692307567291664,4.857656640261805,0.0740727606923223,365,0.2575864502470007,63.0459511235356,0.5694668820678513,374,27,24.930718315010274,1.5150858588956586
ranked_510128528,TaToH,2026,ranked,day 2026-09-29,2026-09-29T17:00:46+00:00,False,216,68f57ab362889fe365398338f9202007a37dbc75ce524df813ed6c2987c9c7f1,69.19975,True,Feudal request +0-5 min,request anchor; not completed age or combat phase,391.313,691.313,300.0,177.51478688906653,339,270,114.5820038795471,91.26000308990479,127.19999999999999,132,17,269,0,0.0,0.47692306077530944,3.329615271880398,0.0,78,0.28888888888888886,64.89600219726562,0.424,33,3,5.408000183105469,1.0637524875458444
ranked_510128528,TaToH,2026,ranked,day 2026-09-29,2026-09-29T17:00:46+00:00,False,216,68f57ab362889fe365398338f9202007a37dbc75ce524df813ed6c2987c9c7f1,69.19975,True,Feudal request +5-10 min,request anchor; not completed age or combat phase,691.313,991.313,300.0,177.51478688906653,435,321,147.0300049781799,108.49800367355346,178.79999999999995,246,17,320,0,0.0,0.3615384492973952,2.9830768220751156,0.0,116,0.3613707165109034,69.29000234603882,0.5268456375838926,37,3,6.084000205993652,1.2890654210274575
ranked_510128528,TaToH,2026,ranked,day 2026-09-29,2026-09-29T17:00:46+00:00,False,216,68f57ab362889fe365398338f9202007a37dbc75ce524df813ed6c2987c9c7f1,69.19975,True,Castle request +0-5 min,request anchor; not completed age or combat phase,2084.56,2384.56,300.0,177.51478688906653,356,238,120.32800407409668,80.44400272369384,116.39999999999999,126,17,237,1,0.004219409282700422,0.48461536820713036,3.201538353139893,0.028470000000000512,45,0.18907563025210083,65.23400220870971,0.45933014354066987,54,7,6.084000205993652,1.4220578935898962
ranked_510128528,TaToH,2026,ranked,day 2026-09-29,2026-09-29T17:00:46+00:00,False,216,68f57ab362889fe365398338f9202007a37dbc75ce524df813ed6c2987c9c7f1,69.19975,True,Castle request +5-10 min,request anchor; not completed age or combat phase,2384.56,2684.56,300.0,177.51478688906653,416,236,140.60800476074218,79.76800270080565,116.39999999999999,126,17,235,2,0.00851063829787234,0.3615384492975977,4.454473221960541,0.05958333333333327,71,0.3008474576271186,55.77000188827514,0.46551724137931033,76,10,18.590000629425045,1.0473298860562041
ranked_510128528,TaToH,2026,ranked,day 2026-09-29,2026-09-29T17:00:46+00:00,False,216,68f57ab362889fe365398338f9202007a37dbc75ce524df813ed6c2987c9c7f1,69.19975,True,Imperial request +0-5 min,request anchor; not completed age or combat phase,3202.394,3502.394,300.0,177.51478688906653,408,250,137.90400466918945,84.50000286102295,138.0,138,17,249,1,0.004016064257028112,0.36390531312272856,4.278650742706419,0.0283733333333324,67,0.268,61.85400209426879,0.6376811594202898,129,16,27.040000915527344,1.716731554220534
ranked_510128528,TaToH,2026,ranked,day 2026-09-29,2026-09-29T17:00:46+00:00,False,216,68f57ab362889fe365398338f9202007a37dbc75ce524df813ed6c2987c9c7f1,69.19975,True,Imperial request +5-10 min,request anchor; not completed age or combat phase,3502.394,3802.394,300.0,177.51478688906653,424,232,143.3120048522949,78.41600265502929,134.39999999999998,168,17,231,4,0.017316017316017316,0.36390531312245855,5.985088554751672,0.14832999999999782,61,0.2629310344827586,57.79800195693969,0.5897435897435898,148,16,29.406000995635985,1.5348843854325254
ranked_510325757,TaToH,2026,ranked,day 2026-09-30,2026-09-30T15:21:48+00:00,False,16,9f2bd995fbd6ab0f7937ab89e2b7f3180c31e896bd14f28b2597a5c44348ec01,36.302366666666664,False,0-10,clock phase,0,600,600,355.02957377813306,421,300,71.14900240898133,50.70000171661377,121.79999999999998,162,35,299,13,0.043478260869565216,0.36153844929739876,10.091384273708094,0.4695816666666666,96,0.32,34.47600116729736,0.33797909407665505,23,1,2.1970000743865965,1.1466600006917171
ranked_510325757,TaToH,2026,ranked,day 2026-09-30,2026-09-30T15:21:48+00:00,False,16,9f2bd995fbd6ab0f7937ab89e2b7f3180c31e896bd14f28b2597a5c44348ec01,36.302366666666664,False,10-20,clock phase,600,1200,600,355.02957377813306,801,570,135.36900458335876,96.33000326156616,148.19999999999985,312,35,569,2,0.0035149384885764497,0.3615384492973135,3.7279998737764335,0.03146000000000015,88,0.1543859649122807,81.45800275802613,0.21379310344827587,45,6,12.675000429153442,1.446348001373116
ranked_510325757,TaToH,2026,ranked,day 2026-09-30,2026-09-30T15:21:48+00:00,False,16,9f2bd995fbd6ab0f7937ab89e2b7f3180c31e896bd14f28b2597a5c44348ec01,36.302366666666664,False,20-30,clock phase,1200,1800,600,355.02957377813306,656,443,110.8640037536621,74.86700253486633,123.59999999999997,144,35,442,2,0.004524886877828055,0.48461536820713036,4.286153701032196,0.054491666666666924,79,0.17832957110609482,61.516002082824706,0.5533707865168539,70,16,18.252000617980954,1.7290974105930121
ranked_510325757,TaToH,2026,ranked,day 2026-09-30,2026-09-30T15:21:48+00:00,False,16,9f2bd995fbd6ab0f7937ab89e2b7f3180c31e896bd14f28b2597a5c44348ec01,36.302366666666664,False,Feudal request +0-5 min,request anchor; not completed age or combat phase,292.799,592.799,300.0,177.51478688906653,173,140,58.474001979827875,47.32000160217285,98.39999999999999,108,17,139,5,0.03597122302158273,0.47692306077527924,13.728999535159861,0.42384333333333346,41,0.29285714285714287,33.462001132965085,0.37593984962406013,16,1,0.6760000228881836,1.2056390592434385
ranked_510325757,TaToH,2026,ranked,day 2026-09-30,2026-09-30T15:21:48+00:00,False,16,9f2bd995fbd6ab0f7937ab89e2b7f3180c31e896bd14f28b2597a5c44348ec01,36.302366666666664,False,Feudal request +5-10 min,request anchor; not completed age or combat phase,592.799,892.799,300.0,177.51478688906653,378,260,127.76400432586671,87.88000297546387,121.19999999999999,126,17,259,2,0.007722007722007722,0.2461538378194703,4.029076786659413,0.06292000000000025,68,0.26153846153846155,64.89600219726562,0.18340611353711792,19,4,10.478000354766847,1.0998135073157127
ranked_510325757,TaToH,2026,ranked,day 2026-09-30,2026-09-30T15:21:48+00:00,False,16,9f2bd995fbd6ab0f7937ab89e2b7f3180c31e896bd14f28b2597a5c44348ec01,36.302366666666664,False,Castle request +0-5 min,request anchor; not completed age or combat phase,482.716,782.716,300.0,177.51478688906653,299,240,101.06200342178343,81.12000274658203,133.2,138,17,239,3,0.012552301255230125,0.24615383781947742,5.174922901709201,0.10083666666666691,61,0.25416666666666665,60.50200204849243,0.21800947867298578,17,3,4.394000148773193,1.197089308776483
ranked_510325757,TaToH,2026,ranked,day 2026-09-30,2026-09-30T15:21:48+00:00,False,16,9f2bd995fbd6ab0f7937ab89e2b7f3180c31e896bd14f28b2597a5c44348ec01,36.302366666666664,False,Castle request +5-10 min,request anchor; not completed age or combat phase,782.716,1082.716,299.9999999999999,177.51478688906644,389,260,131.48200445175178,87.88000297546391,123.6,138,17,259,0,0.0,0.36153844929739165,3.126999894125216,0.0,46,0.17692307692307693,72.33200244903568,0.18141592920353983,24,5,14.534000492095954,1.0374707022994547
ranked_510325757,TaToH,2026,ranked,day 2026-09-30,2026-09-30T15:21:48+00:00,False,16,9f2bd995fbd6ab0f7937ab89e2b7f3180c31e896bd14f28b2597a5c44348ec01,36.302366666666664,False,Imperial request +0-5 min,request anchor; not completed age or combat phase,1228.806,1528.806,300.0,177.51478688906653,322,216,108.83600368499755,73.00800247192382,104.39999999999999,114,17,215,2,0.009302325581395349,0.48461536820713036,4.6091536900958685,0.10898333333333385,42,0.19444444444444445,58.81200199127197,0.46745562130177515,30,9,18.590000629425045,1.7530529626364233
ranked_510325757,TaToH,2026,ranked,day 2026-09-30,2026-09-30T15:21:48+00:00,False,16,9f2bd995fbd6ab0f7937ab89e2b7f3180c31e896bd14f28b2597a5c44348ec01,36.302366666666664,False,Imperial request +5-10 min,request anchor; not completed age or combat phase,1528.806,1828.806,300.0,177.51478688906653,344,235,116.27200393676758,79.43000268936157,122.39999999999999,132,17,234,0,0.0,0.5999999796849806,3.090769126121152,0.0,41,0.17446808510638298,65.5720022201538,0.6321243523316062,55,15,17.914000606536863,1.6620919711839166
ranked_510330665,TaToH,2026,ranked,day 2026-09-30,2026-09-30T15:48:41+00:00,False,29,47d27ee33bf1f94753055dacd136f9b6660fd9ceec1ecc22ea076600b91a61fd,14.623050000000001,False,0-10,clock phase,0,600,600,355.02957377813306,814,604,137.56600465774537,102.07600345611571,187.79999999999998,210,35,603,3,0.004975124378109453,0.24615383781949163,4.330769084136889,0.0861216666666669,215,0.35596026490066224,65.74100222587586,0.38879456706281834,31,3,4.225000143051147,0.7295631137735202
ranked_510330665,TaToH,2026,ranked,day 2026-09-30,2026-09-30T15:48:41+00:00,False,29,47d27ee33bf1f94753055dacd136f9b6660fd9ceec1ecc22ea076600b91a61fd,14.623050000000001,False,Feudal request +0-5 min,request anchor; not completed age or combat phase,385.424,685.424,300.0,177.51478688906653,282,163,95.31600322723388,55.09400186538696,98.39999999999998,132,17,162,4,0.024691358024691357,0.6076922871168793,7.255461292804245,0.17060333333333355,37,0.22699386503067484,42.58800144195557,0.6291390728476821,26,3,5.070000171661377,1.3370430796884634
ranked_510333065,TaToH,2026,ranked,day 2026-09-30,2026-09-30T16:01:45+00:00,False,216,57dbc7f8d57aa3dd86b33ea33d285d979b940513d43c2e15cf8aa68b202b7c88,27.3832,False,0-10,clock phase,0,600,600,355.02957377813306,789,615,133.3410045146942,103.93500351905823,153.59999999999997,162,35,614,3,0.004885993485342019,0.23846153038766715,3.766538334010035,0.06328833333333338,225,0.36585365853658536,65.9100022315979,0.3756345177664975,34,3,4.225000143051147,0.7967636801520692
ranked_510333065,TaToH,2026,ranked,day 2026-09-30,2026-09-30T16:01:45+00:00,False,216,57dbc7f8d57aa3dd86b33ea33d285d979b940513d43c2e15cf8aa68b202b7c88,27.3832,False,10-20,clock phase,600,1200,600,355.02957377813306,829,559,140.10100474357606,94.47100319862365,134.99999999999991,216,35,558,0,0.0,0.36153844929741297,3.2699998892834654,0.0,156,0.27906976744186046,68.1070023059845,0.5406976744186046,54,3,7.2670002460479735,1.2189805601007773
ranked_510333065,TaToH,2026,ranked,day 2026-09-30,2026-09-30T16:01:45+00:00,False,216,57dbc7f8d57aa3dd86b33ea33d285d979b940513d43c2e15cf8aa68b202b7c88,27.3832,False,Feudal request +0-5 min,request anchor; not completed age or combat phase,397.202,697.202,300.0,177.51478688906653,325,235,109.85000371932983,79.43000268936157,127.19999999999996,180,17,234,2,0.008547008547008548,0.36153844929739876,4.507230616623801,0.07986333333333351,65,0.2765957446808511,57.460001945495605,0.5048543689320388,29,3,5.408000183105469,1.3745792513725015
ranked_510333065,TaToH,2026,ranked,day 2026-09-30,2026-09-30T16:01:45+00:00,False,216,57dbc7f8d57aa3dd86b33ea33d285d979b940513d43c2e15cf8aa68b202b7c88,27.3832,False,Feudal request +5-10 min,request anchor; not completed age or combat phase,697.202,997.202,300.0,177.51478688906653,437,292,147.70600500106812,98.69600334167481,177.59999999999997,216,17,291,0,0.0,0.36153844929739165,3.0935383567966213,0.0,95,0.3253424657534247,66.58600225448609,0.5202952029520295,40,2,6.760000228881836,1.193296646602458
ranked_510333065,TaToH,2026,ranked,day 2026-09-30,2026-09-30T16:01:45+00:00,False,216,57dbc7f8d57aa3dd86b33ea33d285d979b940513d43c2e15cf8aa68b202b7c88,27.3832,False,Castle request +0-5 min,request anchor; not completed age or combat phase,1234.883,1534.883,300.0,177.51478688906653,391,302,132.15800447463988,102.07600345611571,147.6,162,17,301,0,0.0,0.3615384492974556,3.246153736244651,0.0,76,0.25165562913907286,76.38800258636475,0.5306859205776173,45,6,6.760000228881836,1.3445664137338396
