game_id,player,year,date,context,cluster,player_slot,alias,civilization_id,map_id,map_dimension,winner,phase,n_commands,duration_game_min,nominal_duration_min,core_cpm_game,core_cpm_nominal,gap_median_game_s,gap_median_nominal_s,gap_p95_nominal_s,positive_gap_p10_nominal_s,zero_gap_fraction,command_class_entropy_bits,switches_per_100_commands,core_silence_over5s_fraction,peak_10s_nominal_cpm,coordinate_fraction,spatial_entropy_4x4_bits,spatial_cell_switch_per100,move_share,planning_command_share,queue_batch_mean,queue_batch_gt1_fraction,queue_commands
c7d3588daf74,DauT,2026,2026-09-24T23:09:07+00:00,1v1 ranked,daut_2026_session,1,Oni.DauT,62,216,120,True,first 10 game minutes,502,10.0,5.917159562968885,50.2,84.83800287246703,0.6110000000000007,0.3615384492973992,2.4076922261720153,0.12307691890973503,0.0,0.6510391221509063,15.968063872255488,0.07009166666666657,174.0,0.9940239043824701,2.4111610511314576,30.120481927710845,0.8764940239043825,0.025896414342629483,1.1363636363636365,0.045454545454545456,22
c7d3588daf74,DauT,2026,2026-09-24T23:09:07+00:00,1v1 ranked,daut_2026_session,1,Oni.DauT,62,216,120,True,0–5 game minutes,285,5.0,2.9585797814844423,57.0,96.33000326156615,0.6109999999999984,0.36153844929739787,1.8065384003722016,0.12307691890975185,0.0,0.4378718354202847,10.211267605633802,0.11036999999999993,174.0,1.0,1.860506983971956,29.929577464788732,0.9263157894736842,0.017543859649122806,1.25,0.08333333333333333,12
c7d3588daf74,DauT,2026,2026-09-24T23:09:07+00:00,1v1 ranked,daut_2026_session,1,Oni.DauT,62,216,120,True,5–10 game minutes,217,5.0,2.9585797814844423,43.4,73.34600248336791,0.7085000000000434,0.41923075503637114,2.9153845166747647,0.12307691890973503,0.0,0.8689728969809145,23.61111111111111,0.0298133333333332,156.0,0.9861751152073732,2.5685141514668333,30.046948356807512,0.8110599078341014,0.03686635944700461,1.0,0.0,10
c7d3588daf74,DauT,2026,2026-09-24T23:09:07+00:00,1v1 ranked,daut_2026_session,1,Oni.DauT,62,216,120,True,10–15 game minutes,306,5.0,2.9585797814844423,61.2,103.42800350189208,0.41599999999994,0.24615383781947006,1.7999999390551522,0.12307691890973503,0.003278688524590164,1.13564107556706,30.16393442622951,0.0460633333333332,180.0,0.9934640522875817,1.5081929945668127,19.801980198019802,0.7058823529411765,0.06862745098039216,1.0,0.0,21
c7d3588daf74,DauT,2026,2026-09-24T23:09:07+00:00,1v1 ranked,daut_2026_session,1,Oni.DauT,62,216,120,True,15–20 game minutes,248,5.0,2.9585797814844423,49.6,83.82400283813476,0.61099999999999,0.36153844929739287,2.282307615032736,0.12307691890973503,0.0,1.4545724166067215,31.983805668016196,0.12453999999999987,216.0,0.9274193548387096,2.20795626909949,20.96069868995633,0.6774193548387096,0.10483870967741936,1.0,0.0,8
c7d3588daf74,DauT,2026,2026-09-24T23:09:07+00:00,1v1 ranked,daut_2026_session,1,Oni.DauT,62,216,120,True,20–23.0 game minutes,147,3.608,2.134911170319173,40.74279379157428,68.85532383908189,0.6109999999998763,0.36153844929732565,3.123076817334955,0.1230769189098023,0.0,1.0838200783537968,29.45205479452055,0.1829776422764222,180.0,0.9931972789115646,1.5690247567588953,9.655172413793103,0.6598639455782312,0.027210884353741496,1.0,0.0,24
a467a9f1780f,DauT,2026,2026-09-24T23:29:10+00:00,1v1 ranked,daut_2026_session,1,Oni.DauT,60,216,120,True,first 10 game minutes,549,10.0,5.917159562968885,54.9,92.78100314140319,0.6109999999999971,0.3615384492973971,2.1211537743352595,0.12307691890973503,0.0,0.7173045396968908,19.343065693430656,0.0,174.0,0.9927140255009107,2.8356802128918313,31.61764705882353,0.8579234972677595,0.029143897996357013,1.1304347826086956,0.043478260869565216,23
a467a9f1780f,DauT,2026,2026-09-24T23:29:10+00:00,1v1 ranked,daut_2026_session,1,Oni.DauT,60,216,120,True,0–5 game minutes,287,5.0,2.9585797814844423,57.4,97.00600328445434,0.6110000000000042,0.3615384492974013,2.046153776874639,0.12307691890975185,0.0,0.5149669703277592,12.587412587412587,0.0,174.0,1.0,2.0383488267457377,30.06993006993007,0.9059233449477352,0.017421602787456445,1.2,0.06666666666666667,15
a467a9f1780f,DauT,2026,2026-09-24T23:29:10+00:00,1v1 ranked,daut_2026_session,1,Oni.DauT,60,216,120,True,5–10 game minutes,262,5.0,2.9585797814844423,52.4,88.55600299835204,0.61099999999999,0.36153844929739287,2.28461530726228,0.12307691890973503,0.0,0.8972377455561,26.81992337164751,0.0,168.0,0.9847328244274809,2.784741985839895,33.463035019455255,0.8053435114503816,0.04198473282442748,1.0,0.0,8
a467a9f1780f,DauT,2026,2026-09-24T23:29:10+00:00,1v1 ranked,daut_2026_session,1,Oni.DauT,60,216,120,True,10–15 game minutes,284,5.0,2.9585797814844423,56.8,95.99200325012205,0.41599999999994,0.24615383781947006,2.156923003893381,0.12307691890973503,0.0,1.1543658896024407,33.21554770318021,0.029119999999999965,228.0,0.9964788732394366,2.209292866163691,24.822695035460992,0.6795774647887324,0.06338028169014084,1.0,0.0,24
a467a9f1780f,DauT,2026,2026-09-24T23:29:10+00:00,1v1 ranked,daut_2026_session,1,Oni.DauT,60,216,120,True,15–20 game minutes,247,5.0,2.9585797814844423,49.4,83.48600282669067,0.80600000000004,0.4769230607753157,2.434615302183543,0.12307691890973503,0.0,1.0331654868552538,30.89430894308943,0.029119999999999965,204.0,0.9878542510121457,2.5054504072417414,26.74897119341564,0.7813765182186235,0.08502024291497975,1.0,0.0,17
a467a9f1780f,DauT,2026,2026-09-24T23:29:10+00:00,1v1 ranked,daut_2026_session,1,Oni.DauT,60,216,120,True,20–25 game minutes,250,5.0,2.9585797814844423,50.0,84.50000286102294,0.6110000000001037,0.36153844929746015,2.3605916360508465,0.1230769189098023,0.0,1.071262284056533,36.54618473895582,0.0338433333333334,144.0,0.968,2.343947000990214,19.91701244813278,0.728,0.048,1.0,0.0,16
d4d080a3a4f6,DauT,2026,2026-09-24T23:46:44+00:00,1v1 ranked,daut_2026_session,1,Oni.DauT,2,216,120,False,first 10 game minutes,440,10.0,5.917159562968885,44.0,74.36000251770018,0.8060000000000116,0.4769230607752989,2.761538368037579,0.12307691890975185,0.002277904328018223,0.7689280823269914,19.58997722095672,0.04909666666666661,168.0,0.9954545454545455,2.8390687889130235,33.18077803203661,0.8431818181818181,0.03636363636363636,1.1363636363636365,0.045454545454545456,22
d4d080a3a4f6,DauT,2026,2026-09-24T23:46:44+00:00,1v1 ranked,daut_2026_session,1,Oni.DauT,2,216,120,False,0–5 game minutes,269,5.0,2.9585797814844423,53.8,90.92200307846068,0.6110000000000042,0.3615384492974013,2.0780768527168485,0.12307691890975185,0.0,0.5889802033990191,14.552238805970148,0.030506666666666623,168.0,1.0,3.000802657377311,36.19402985074627,0.8847583643122676,0.01858736059479554,1.2307692307692308,0.07692307692307693,13
d4d080a3a4f6,DauT,2026,2026-09-24T23:46:44+00:00,1v1 ranked,daut_2026_session,1,Oni.DauT,2,216,120,False,5–10 game minutes,171,5.0,2.9585797814844423,34.2,57.79800195693969,1.01400000000001,0.5999999796850508,3.5003844968676665,0.21538460809205318,0.0058823529411764705,1.0011048453358822,27.058823529411764,0.0676866666666666,96.0,0.9883040935672515,2.3199946234473554,27.976190476190474,0.7777777777777778,0.06432748538011696,1.0,0.0,9
d4d080a3a4f6,DauT,2026,2026-09-24T23:46:44+00:00,1v1 ranked,daut_2026_session,1,Oni.DauT,2,216,120,False,10–15 game minutes,230,5.0,2.9585797814844423,46.0,77.7400026321411,0.80600000000004,0.4769230607753157,2.7153845234464264,0.12307691890973503,0.0,1.2241581559412136,35.80786026200873,0.0,120.0,0.9826086956521739,2.82351927132494,37.333333333333336,0.717391304347826,0.10869565217391304,1.0,0.0,13
d4d080a3a4f6,DauT,2026,2026-09-24T23:46:44+00:00,1v1 ranked,daut_2026_session,1,Oni.DauT,2,216,120,False,15–20 game minutes,216,5.0,2.9585797814844423,43.2,73.00800247192382,0.80600000000004,0.4769230607753157,2.4076922261720153,0.12307691890973503,0.0,1.1236546657151982,35.348837209302324,0.11916666666666667,150.0,0.9861111111111112,1.8009307168876474,23.58490566037736,0.7314814814814815,0.06481481481481481,1.0,0.0,21
d4d080a3a4f6,DauT,2026,2026-09-24T23:46:44+00:00,1v1 ranked,daut_2026_session,1,Oni.DauT,2,216,120,False,20–25 game minutes,245,5.0,2.9585797814844423,49.0,82.81000280380248,0.6110000000001037,0.36153844929746015,2.40769222617215,0.1230769189098023,0.004098360655737705,1.1393111123486812,22.540983606557376,0.033149999999999784,132.0,0.9387755102040817,2.5233403857195453,31.004366812227076,0.7877551020408163,0.07346938775510205,1.0,0.0,13
d4d080a3a4f6,DauT,2026,2026-09-24T23:46:44+00:00,1v1 ranked,daut_2026_session,1,Oni.DauT,2,216,120,False,25–30 game minutes,309,5.0,2.9585797814844423,61.8,104.44200353622435,0.41599999999994,0.24615383781947006,1.7999999390552195,0.12307691890966775,0.0,0.7911366349937662,14.61038961038961,0.09412000000000034,210.0,0.9902912621359223,1.7561035805585743,21.639344262295083,0.8090614886731392,0.009708737864077669,1.0,0.0,35
d4d080a3a4f6,DauT,2026,2026-09-24T23:46:44+00:00,1v1 ranked,daut_2026_session,1,Oni.DauT,2,216,120,False,30–33.0 game minutes,200,3.0100166666666683,1.7810748903862401,66.44481481276401,112.29174083557398,0.40300000000002,0.23846153038765786,1.8238460920938495,0.11538461147785557,0.0,0.6114721641741313,16.582914572864322,0.060680727127757066,246.0,0.99,0.6926734712319074,16.243654822335024,0.885,0.02,1.0,0.0,23
4d327356c515,DauT,2026,2026-09-25T00:09:58+00:00,1v1 ranked,daut_2026_session,1,Oni.DauT,11,216,120,True,first 10 game minutes,543,10.0,5.917159562968885,54.3,91.7670031070709,0.61099999999999,0.36153844929739287,2.161538388352545,0.12307691890973503,0.0,0.7650387950529774,19.55719557195572,0.03247833333333337,180.0,0.990791896869245,2.6760073665718056,30.353817504655492,0.852670349907919,0.03314917127071823,1.1304347826086956,0.043478260869565216,23
4d327356c515,DauT,2026,2026-09-25T00:09:58+00:00,1v1 ranked,daut_2026_session,1,Oni.DauT,11,216,120,True,0–5 game minutes,306,5.0,2.9585797814844423,61.2,103.42800350189208,0.61099999999999,0.36153844929739287,2.0384614694427765,0.11846153445064772,0.0,0.3728984399944264,10.491803278688524,0.0,180.0,1.0,1.7595601264178278,30.16393442622951,0.9411764705882353,0.016339869281045753,1.25,0.08333333333333333,12
4d327356c515,DauT,2026,2026-09-25T00:09:58+00:00,1v1 ranked,daut_2026_session,1,Oni.DauT,11,216,120,True,5–10 game minutes,237,5.0,2.9585797814844423,47.4,80.10600271224975,0.61099999999999,0.36153844929739287,2.4615383781950455,0.12307691890973503,0.0,1.1256443887444452,31.35593220338983,0.06495666666666675,138.0,0.9789029535864979,2.8889343992821157,30.735930735930737,0.7383966244725738,0.05485232067510549,1.0,0.0,11
4d327356c515,DauT,2026,2026-09-25T00:09:58+00:00,1v1 ranked,daut_2026_session,1,Oni.DauT,11,216,120,True,10–15 game minutes,297,5.0,2.9585797814844423,59.4,100.38600339889526,0.59800000000007,0.3538461418655807,2.161538388352545,0.12307691890973503,0.0,0.8989013000276551,25.33783783783784,0.0,174.0,0.9865319865319865,2.8447905455232796,27.73972602739726,0.8282828282828283,0.07407407407407407,1.0,0.0,20
4d327356c515,DauT,2026,2026-09-25T00:09:58+00:00,1v1 ranked,daut_2026_session,1,Oni.DauT,11,216,120,True,15–20 game minutes,364,5.0,2.9585797814844423,72.8,123.0320041656494,0.41599999999994,0.24615383781947006,1.4384614897577594,0.12307691890973503,0.0,0.9000032312868093,28.650137741046834,0.0,210.0,0.9807692307692307,2.3419031798380816,22.471910112359552,0.8241758241758241,0.057692307692307696,1.0,0.0,25
23d4576b7264,DauT,2026,2026-09-25T00:26:26+00:00,1v1 ranked,daut_2026_session,1,Oni.DauT,61,140,120,True,first 10 game minutes,491,10.0,5.917159562968885,49.1,82.97900280952453,0.6110000000000113,0.36153844929740553,2.1773076185878537,0.12307691890975185,0.0,0.7562115734314072,22.448979591836736,0.040624999999999904,168.0,0.9918533604887984,1.8803930191035934,31.275720164609055,0.8574338085539714,0.038696537678207736,1.1071428571428572,0.03571428571428571,28
23d4576b7264,DauT,2026,2026-09-25T00:26:26+00:00,1v1 ranked,daut_2026_session,1,Oni.DauT,61,140,120,True,0–5 game minutes,286,5.0,2.9585797814844423,57.2,96.66800327301024,0.61099999999999,0.36153844929739287,1.9230768579648874,0.12307691890975185,0.0,0.4562705587540584,12.280701754385966,0.0325,168.0,1.0,1.67098824278638,30.87719298245614,0.9230769230769231,0.02097902097902098,1.2307692307692308,0.07692307692307693,13
23d4576b7264,DauT,2026,2026-09-25T00:26:26+00:00,1v1 ranked,daut_2026_session,1,Oni.DauT,61,140,120,True,5–10 game minutes,205,5.0,2.9585797814844423,41.0,69.2900023460388,0.8190000000000168,0.48461536820716156,2.8661537491108646,0.12307691890976866,0.0,1.0793342698137252,36.27450980392157,0.048749999999999814,120.0,0.9804878048780488,2.0624987424331174,31.5,0.7658536585365854,0.06341463414634146,1.0,0.0,15
23d4576b7264,DauT,2026,2026-09-25T00:26:26+00:00,1v1 ranked,daut_2026_session,1,Oni.DauT,61,140,120,True,10–15 game minutes,176,5.0,2.9585797814844423,35.2,59.48800201416015,1.01400000000001,0.5999999796850508,2.919230670390706,0.12307691890973503,0.0,1.3012879747841914,35.42857142857143,0.09477000000000013,132.0,0.9545454545454546,3.100059925262972,35.92814371257485,0.6761363636363636,0.10227272727272728,1.0,0.0,16
23d4576b7264,DauT,2026,2026-09-25T00:26:26+00:00,1v1 ranked,daut_2026_session,1,Oni.DauT,61,140,120,True,15–20 game minutes,149,5.0,2.9585797814844423,29.8,50.362001705169675,1.0140000000001237,0.599999979685118,4.48076907905816,0.12307691890973503,0.0,1.6331046477533488,31.756756756756758,0.2240766666666669,120.0,0.8523489932885906,2.6813733345565613,26.984126984126984,0.6510067114093959,0.12751677852348994,1.0,0.0,26
23d4576b7264,DauT,2026,2026-09-25T00:26:26+00:00,1v1 ranked,daut_2026_session,1,Oni.DauT,61,140,120,True,20–25 game minutes,231,5.0,2.9585797814844423,46.2,78.0780026435852,0.80600000000004,0.4769230607753157,2.4076922261720153,0.12307691890966775,0.0,1.108244193980429,30.869565217391305,0.09143333333333355,138.0,0.974025974025974,3.189638307676306,26.339285714285715,0.7748917748917749,0.12121212121212122,1.0,0.0,32
23d4576b7264,DauT,2026,2026-09-25T00:26:26+00:00,1v1 ranked,daut_2026_session,1,Oni.DauT,61,140,120,True,25–30 game minutes,236,5.0,2.9585797814844423,47.2,79.76800270080565,0.81899999999996,0.4846153682071279,2.6902957668995056,0.12307691890966775,0.0,1.135789924142101,35.319148936170215,0.0,144.0,0.9915254237288136,2.218465355811727,17.167381974248926,0.7372881355932204,0.11864406779661017,1.0344827586206897,0.017241379310344827,58
23d4576b7264,DauT,2026,2026-09-25T00:26:26+00:00,1v1 ranked,daut_2026_session,1,Oni.DauT,61,140,120,True,30–35 game minutes,184,5.0,2.9585797814844423,36.8,62.19200210571288,1.0139999999998963,0.5999999796849835,3.215562021304267,0.1230769189098023,0.0,1.4984761374089226,42.076502732240435,0.13981666666666645,132.0,0.9510869565217391,3.511069728655666,39.6551724137931,0.6086956521739131,0.28804347826086957,1.2162162162162162,0.05405405405405406,37
23d4576b7264,DauT,2026,2026-09-25T00:26:26+00:00,1v1 ranked,daut_2026_session,1,Oni.DauT,61,140,120,True,35–40 game minutes,268,5.0,2.9585797814844423,53.6,90.5840030670166,0.8209999999999127,0.48579880011969373,1.8039052643667393,0.1242603508223681,0.003745318352059925,1.1820169754815288,27.34082397003745,0.0,156.0,0.9291044776119403,2.195419276159744,29.032258064516128,0.7686567164179104,0.11567164179104478,1.7241379310344827,0.20689655172413793,29
23d4576b7264,DauT,2026,2026-09-25T00:26:26+00:00,1v1 ranked,daut_2026_session,1,Oni.DauT,61,140,120,True,40–45 game minutes,164,5.0,2.9585797814844423,32.8,55.432001876831045,1.0090000000000146,0.597041399903569,3.0841419074105794,0.11893490721579512,0.006134969325153374,1.632606073187536,39.263803680981596,0.20642666666666626,144.0,0.8658536585365854,2.6082273529203546,33.333333333333336,0.6036585365853658,0.25609756097560976,3.7857142857142856,0.8571428571428571,14
9621aabf243e,DauT,2021,2021-03 (HC4),1v1 tournament,hc4_daut,2,Gonzalo Pizarro,5,59,120,True,first 10 game minutes,649,10.0,5.917159562968885,64.9,109.68100371360778,0.42000000000007276,0.2485207016447362,1.7065088179602348,0.11597632743419732,0.0015432098765432098,0.6677847086480402,17.746913580246915,0.0,180.0,0.9984591679506933,2.7320211509660512,29.21174652241113,0.8674884437596302,0.026194144838212634,1.0,0.0,33
9621aabf243e,DauT,2021,2021-03 (HC4),1v1 tournament,hc4_daut,2,Gonzalo Pizarro,5,59,120,True,0–5 game minutes,340,5.0,2.9585797814844423,68.0,114.9200038909912,0.6159999999999854,0.36449702907887466,1.573964443749722,0.11597632743418891,0.0029498525073746312,0.4253816965663691,10.32448377581121,0.0,174.0,1.0,3.0092379149041215,32.743362831858406,0.9294117647058824,0.01764705882352941,1.0,0.0,18
9621aabf243e,DauT,2021,2021-03 (HC4),1v1 tournament,hc4_daut,2,Gonzalo Pizarro,5,59,120,True,5–10 game minutes,309,5.0,2.9585797814844423,61.8,104.44200353622435,0.42000000000007276,0.2485207016447362,1.9086389886312487,0.11597632743420573,0.0,0.8741825114291795,25.974025974025974,0.0,180.0,0.9967637540453075,1.9101570919515858,25.0814332247557,0.7993527508090615,0.03559870550161812,1.0,0.0,15
9621aabf243e,DauT,2021,2021-03 (HC4),1v1 tournament,hc4_daut,2,Gonzalo Pizarro,5,59,120,True,10–15 game minutes,275,5.0,2.9585797814844423,55.0,92.95000314712523,0.42000000000007276,0.2485207016447362,2.1927809908450047,0.11597632743420573,0.0,1.0924765422716276,28.467153284671532,0.06582666666666682,204.0,0.9890909090909091,2.5432729931857843,25.461254612546124,0.7454545454545455,0.06545454545454546,1.0,0.0,13
9621aabf243e,DauT,2021,2021-03 (HC4),1v1 tournament,hc4_daut,2,Gonzalo Pizarro,5,59,120,True,15–20 game minutes,188,5.0,2.9585797814844423,37.6,63.54400215148925,0.8120000000000118,0.4804733565130804,3.1297040360455375,0.11597632743420573,0.0,1.355473663143413,36.898395721925134,0.09893333333333278,132.0,0.9627659574468085,2.8810032731034823,31.11111111111111,0.6808510638297872,0.10638297872340426,1.0,0.0,16
9621aabf243e,DauT,2021,2021-03 (HC4),1v1 tournament,hc4_daut,2,Gonzalo Pizarro,5,59,120,True,20–25 game minutes,220,5.0,2.9585797814844423,44.0,74.36000251770018,0.8120000000001255,0.48047335651314765,2.682958489041411,0.1159763274342461,0.0,1.3703519486709703,36.986301369863014,0.06038666666666585,162.0,0.9363636363636364,1.6613015134054228,18.536585365853657,0.7,0.13636363636363635,1.0,0.0,17
9621aabf243e,DauT,2021,2021-03 (HC4),1v1 tournament,hc4_daut,2,Gonzalo Pizarro,5,59,120,True,25–30 game minutes,261,5.0,2.9585797814844423,52.2,88.21800298690795,0.6159999999999854,0.36449702907887466,2.1927809908449527,0.11597632743413847,0.0,1.297898040424233,41.15384615384615,0.0,168.0,0.9923371647509579,2.503768139004559,24.41860465116279,0.632183908045977,0.09961685823754789,1.0,0.0,40
9621aabf243e,DauT,2021,2021-03 (HC4),1v1 tournament,hc4_daut,2,Gonzalo Pizarro,5,59,120,True,30–35 game minutes,203,5.0,2.9585797814844423,40.6,68.61400232315063,0.8399999999999181,0.4970414032893378,3.268875628966455,0.115976327434273,0.0,1.6102324454456662,43.06930693069307,0.03425333333333355,120.0,0.9458128078817734,2.5158627499568733,32.98429319371728,0.5911330049261084,0.17733990147783252,1.0,0.0,46
9621aabf243e,DauT,2021,2021-03 (HC4),1v1 tournament,hc4_daut,2,Gonzalo Pizarro,5,59,120,True,35–40 game minutes,198,5.0,2.9585797814844423,39.6,66.92400226593017,1.0360000000000582,0.6130177307236109,3.0286389507100537,0.11597632743413847,0.0,1.5452558854982676,46.7005076142132,0.13038666666666662,162.0,0.9393939393939394,1.824790322878202,23.783783783783782,0.5505050505050505,0.14646464646464646,1.0,0.0,68
9621aabf243e,DauT,2021,2021-03 (HC4),1v1 tournament,hc4_daut,2,Gonzalo Pizarro,5,59,120,True,40–45 game minutes,186,5.0,2.9585797814844423,37.2,62.86800212860107,1.0360000000000582,0.6130177307236109,2.906035404565119,0.11597632743440754,0.010810810810810811,2.0084082853936933,47.567567567567565,0.12898666666666336,120.0,0.8602150537634409,2.9381550004128316,40.25157232704402,0.45161290322580644,0.3978494623655914,1.0,0.0,52
2c3759e0dc22,DauT,2021,2021-03 (HC4),1v1 tournament,hc4_daut,2,Gonzalo Pizarro,35,59,120,False,first 10 game minutes,617,10.0,5.917159562968885,61.7,104.27300353050231,0.4200000000000159,0.24852070164470255,1.8224851453944069,0.11597632743418891,0.0,0.675100979510412,16.883116883116884,0.014420000000000072,210.0,0.993517017828201,2.7227422973293782,28.104575163398692,0.8752025931928687,0.03565640194489465,1.1666666666666667,0.041666666666666664,24
2c3759e0dc22,DauT,2021,2021-03 (HC4),1v1 tournament,hc4_daut,2,Gonzalo Pizarro,35,59,120,False,0–5 game minutes,342,5.0,2.9585797814844423,68.4,115.59600391387939,0.4200000000000159,0.24852070164470255,1.7065088179602348,0.11597632743418891,0.0,0.4641610510972458,12.316715542521994,0.0,210.0,1.0,2.109926541252081,28.73900293255132,0.9181286549707602,0.014619883040935672,1.2105263157894737,0.05263157894736842,19
2c3759e0dc22,DauT,2021,2021-03 (HC4),1v1 tournament,hc4_daut,2,Gonzalo Pizarro,35,59,120,False,5–10 game minutes,275,5.0,2.9585797814844423,55.0,92.95000314712523,0.4200000000000159,0.24852070164470255,2.111597561641066,0.11597632743420573,0.0,0.8906835835332344,22.62773722627737,0.028840000000000143,204.0,0.9854545454545455,2.7895823375343545,27.037037037037038,0.8218181818181818,0.06181818181818182,1.0,0.0,5
2c3759e0dc22,DauT,2021,2021-03 (HC4),1v1 tournament,hc4_daut,2,Gonzalo Pizarro,35,59,120,False,10–15 game minutes,226,5.0,2.9585797814844423,45.2,76.38800258636473,0.8400000000000318,0.4970414032894051,2.4355028761180377,0.12260354614470875,0.0,1.2598051945992261,37.77777777777778,0.0,126.0,0.9867256637168141,2.471027037967771,33.333333333333336,0.6814159292035398,0.09734513274336283,1.0,0.0,19
2c3759e0dc22,DauT,2021,2021-03 (HC4),1v1 tournament,hc4_daut,2,Gonzalo Pizarro,35,59,120,False,15–20 game minutes,311,5.0,2.9585797814844423,62.2,105.11800355911254,0.6159999999999854,0.36449702907887466,1.7065088179602348,0.11597632743426627,0.0,1.1789322195515752,32.903225806451616,0.0,204.0,0.9710610932475884,1.7654754514187228,19.269102990033222,0.7202572347266881,0.06109324758842444,1.0,0.0,8
2c3759e0dc22,DauT,2021,2021-03 (HC4),1v1 tournament,hc4_daut,2,Gonzalo Pizarro,35,59,120,False,20–25 game minutes,223,5.0,2.9585797814844423,44.6,75.37400255203247,0.6159999999999854,0.36449702907887466,2.6840235777627135,0.115976327434273,0.009009009009009009,1.238658867338653,28.82882882882883,0.11265333333333273,198.0,0.9506726457399103,2.0468466032554815,21.327014218009477,0.7443946188340808,0.11210762331838565,1.0,0.0,30
2c3759e0dc22,DauT,2021,2021-03 (HC4),1v1 tournament,hc4_daut,2,Gonzalo Pizarro,35,59,120,False,25–30 game minutes,207,5.0,2.9585797814844423,41.4,69.966002368927,1.0359999999999445,0.6130177307235436,2.6218934023514353,0.13254437421046317,0.0,1.3254899597164298,40.77669902912621,0.0,114.0,0.9758454106280193,1.3585816862117077,23.383084577114428,0.6859903381642513,0.13043478260869565,1.0,0.0,46
2c3759e0dc22,DauT,2021,2021-03 (HC4),1v1 tournament,hc4_daut,2,Gonzalo Pizarro,35,59,120,False,30–33.0 game minutes,141,3.5175500000000017,2.081390462072121,40.08471805660188,67.74317580932313,0.8399999999999181,0.4970414032893378,2.5680472503284473,0.13088756953284417,0.0,1.4710310583078359,38.57142857142857,0.13266809758686202,126.0,0.950354609929078,1.4430931600791221,23.30827067669173,0.6382978723404256,0.14893617021276595,1.0,0.0,31
11508bc32ada,DauT,2021,2021-03 (HC4),1v1 tournament,hc4_daut,2,Gonzalo Pizarro,28,59,120,False,first 10 game minutes,595,10.0,5.917159562968885,59.5,100.5550034046173,0.6159999999999854,0.36449702907887466,1.9550295196049154,0.11597632743420573,0.0,0.7254456485284884,14.814814814814815,0.0,204.0,0.9915966386554622,3.1398973917494097,30.899830220713074,0.8672268907563025,0.043697478991596636,1.04,0.04,25
11508bc32ada,DauT,2021,2021-03 (HC4),1v1 tournament,hc4_daut,2,Gonzalo Pizarro,28,59,120,False,0–5 game minutes,340,5.0,2.9585797814844423,68.0,114.9200038909912,0.4200000000000159,0.24852070164470255,1.7065088179602226,0.11597632743418891,0.0,0.45499965621309335,8.55457227138643,0.0,204.0,1.0,2.394591776956749,29.793510324483776,0.9205882352941176,0.014705882352941176,1.05,0.05,20
11508bc32ada,DauT,2021,2021-03 (HC4),1v1 tournament,hc4_daut,2,Gonzalo Pizarro,28,59,120,False,5–10 game minutes,255,5.0,2.9585797814844423,51.0,86.1900029182434,0.6159999999999854,0.36449702907887466,2.1927809908450286,0.11597632743420573,0.0,1.0109935256506146,23.228346456692915,0.0,132.0,0.9803921568627451,3.175259737980026,32.1285140562249,0.796078431372549,0.08235294117647059,1.0,0.0,5
11508bc32ada,DauT,2021,2021-03 (HC4),1v1 tournament,hc4_daut,2,Gonzalo Pizarro,28,59,120,False,10–15 game minutes,213,5.0,2.9585797814844423,42.6,71.99400243759155,0.6159999999999854,0.36449702907887466,2.8613016782692284,0.11597632743420573,0.0,1.1910810305283142,33.0188679245283,0.08306666666666652,252.0,0.971830985915493,3.2391024468598806,35.43689320388349,0.7464788732394366,0.10328638497652583,1.0,0.0,19
11508bc32ada,DauT,2021,2021-03 (HC4),1v1 tournament,hc4_daut,2,Gonzalo Pizarro,28,59,120,False,15–20 game minutes,247,5.0,2.9585797814844423,49.4,83.48600282669067,0.6159999999999854,0.36449702907887466,2.750295764867935,0.115976327434273,0.0040650406504065045,1.0596112165338645,37.39837398373984,0.1483066666666665,174.0,0.979757085020243,2.0424524474967973,21.16182572614108,0.7489878542510121,0.05668016194331984,1.0,0.0,12
11508bc32ada,DauT,2021,2021-03 (HC4),1v1 tournament,hc4_daut,2,Gonzalo Pizarro,28,59,120,False,20–25 game minutes,230,5.0,2.9585797814844423,46.0,77.7400026321411,0.8120000000001255,0.48047335651314765,2.3891123451443277,0.115976327434273,0.0,1.322410432983307,31.441048034934497,0.0,132.0,0.9565217391304348,2.4167197798785516,28.767123287671232,0.7130434782608696,0.14782608695652175,1.0,0.0,36
11508bc32ada,DauT,2021,2021-03 (HC4),1v1 tournament,hc4_daut,2,Gonzalo Pizarro,28,59,120,False,25–30 game minutes,162,5.0,2.9585797814844423,32.4,54.75600185394286,1.231999999999971,0.7289940581577493,3.1644969342757334,0.115976327434273,0.0,1.4118002369143259,31.677018633540374,0.04395999999999958,102.0,0.9753086419753086,2.045601693983756,42.67515923566879,0.6481481481481481,0.17901234567901234,1.0,0.0,67
11508bc32ada,DauT,2021,2021-03 (HC4),1v1 tournament,hc4_daut,2,Gonzalo Pizarro,28,59,120,False,30–35 game minutes,159,5.0,2.9585797814844423,31.8,53.74200181961059,1.231999999999971,0.7289940581577493,3.56627206860132,0.13254437421046317,0.0,1.4417376771072725,35.44303797468354,0.0932899999999995,132.0,0.9874213836477987,2.1375440421094933,39.1025641025641,0.6037735849056604,0.1761006289308176,1.0,0.0,97
11508bc32ada,DauT,2021,2021-03 (HC4),1v1 tournament,hc4_daut,2,Gonzalo Pizarro,28,59,120,False,35–40 game minutes,184,5.0,2.9585797814844423,36.8,62.19200210571288,1.0360000000000582,0.6130177307236109,3.283786871065272,0.13254437421059773,0.0,1.6331134839409913,46.44808743169399,0.029586666666667344,138.0,0.9565217391304348,2.6453954737739105,39.42857142857143,0.5434782608695652,0.20108695652173914,1.0,0.0,82
11508bc32ada,DauT,2021,2021-03 (HC4),1v1 tournament,hc4_daut,2,Gonzalo Pizarro,28,59,120,False,40–45 game minutes,179,5.0,2.9585797814844423,35.8,60.50200204849242,1.0360000000000582,0.6130177307236109,2.8720709086738134,0.13254437421059773,0.0,1.6410227732463114,43.258426966292134,0.07345333333333352,108.0,0.9273743016759777,3.120737875184468,46.06060606060606,0.5754189944134078,0.22346368715083798,1.0,0.0,83
11508bc32ada,DauT,2021,2021-03 (HC4),1v1 tournament,hc4_daut,2,Gonzalo Pizarro,28,59,120,False,45–49.0 game minutes,102,4.081366666666668,2.415009780164911,24.991628621131802,42.235853799745215,1.2599999999997635,0.7455621049339395,4.026035366644081,0.231952654868546,0.0,1.6705442542932116,48.51485148514851,0.15973407600395467,96.0,0.9607843137254902,3.068693315259335,56.70103092783505,0.45098039215686275,0.39215686274509803,1.0,0.0,76
323cda4cd90e,DauT,2021,2021-03 (HC4),1v1 tournament,hc4_daut,2,Gonzalo Pizarro,10,59,120,True,first 10 game minutes,567,10.0,5.917159562968885,56.7,95.82300324440001,0.4200000000000159,0.24852070164470255,2.186982174473294,0.11597632743418997,0.0017667844522968198,0.7494906958792513,18.551236749116608,0.031219999999999852,294.0,0.9841269841269841,2.2711809924563786,28.725314183123878,0.8624338624338624,0.02821869488536155,1.0,0.0,30
323cda4cd90e,DauT,2021,2021-03 (HC4),1v1 tournament,hc4_daut,2,Gonzalo Pizarro,10,59,120,True,0–5 game minutes,284,5.0,2.9585797814844423,56.8,95.99200325012205,0.6159999999999997,0.36449702907888304,1.8224851453944222,0.11597632743418891,0.0035335689045936395,0.5863818082442092,15.547703180212014,0.029493333333333375,180.0,1.0,2.3269219100812832,30.742049469964666,0.8873239436619719,0.02112676056338028,1.0,0.0,19
323cda4cd90e,DauT,2021,2021-03 (HC4),1v1 tournament,hc4_daut,2,Gonzalo Pizarro,10,59,120,True,5–10 game minutes,283,5.0,2.9585797814844423,56.6,95.65400323867797,0.4200000000000159,0.24852070164470255,2.3137277323120684,0.11597632743420573,0.0,0.8790572417647792,21.631205673758867,0.03294666666666633,294.0,0.9681978798586572,2.0749660463753403,26.73992673992674,0.8374558303886925,0.0353356890459364,1.0,0.0,11
323cda4cd90e,DauT,2021,2021-03 (HC4),1v1 tournament,hc4_daut,2,Gonzalo Pizarro,10,59,120,True,10–15 game minutes,234,5.0,2.9585797814844423,46.8,79.09200267791748,0.42000000000007276,0.2485207016447362,2.2499407522233192,0.11597632743420573,0.0,0.8271483372620596,18.454935622317596,0.17978999999999964,210.0,0.9829059829059829,2.9951781916127898,31.87772925764192,0.8418803418803419,0.05555555555555555,1.0,0.0,7
323cda4cd90e,DauT,2021,2021-03 (HC4),1v1 tournament,hc4_daut,2,Gonzalo Pizarro,10,59,120,True,15–20 game minutes,201,5.0,2.9585797814844423,40.2,67.93800230026244,0.7140000000000555,0.42248519279601116,2.714674464298887,0.11597632743420573,0.0,1.0671567003198417,26.0,0.1433600000000001,144.0,0.9900497512437811,3.3299546634523334,48.98989898989899,0.7661691542288557,0.12935323383084577,1.0,0.0,23
323cda4cd90e,DauT,2021,2021-03 (HC4),1v1 tournament,hc4_daut,2,Gonzalo Pizarro,10,59,120,True,20–25 game minutes,218,5.0,2.9585797814844423,43.6,73.684002494812,0.8399999999999181,0.4970414032893378,2.36923068901279,0.1259171554999871,0.0,1.342046136008402,28.110599078341014,0.05907999999999977,144.0,0.9678899082568807,2.8079976667912603,35.714285714285715,0.7018348623853211,0.1559633027522936,1.0,0.0,39
323cda4cd90e,DauT,2021,2021-03 (HC4),1v1 tournament,hc4_daut,2,Gonzalo Pizarro,10,59,120,True,25–30 game minutes,190,5.0,2.9585797814844423,38.0,64.22000217437743,1.0080000000000382,0.5964496839472861,2.7999999051968585,0.12923076485522517,0.0,1.8673577554158942,40.21164021164021,0.06309333333333293,126.0,0.9052631578947369,2.805562321375561,44.44444444444444,0.48947368421052634,0.28421052631578947,1.0,0.0,44
323cda4cd90e,DauT,2021,2021-03 (HC4),1v1 tournament,hc4_daut,2,Gonzalo Pizarro,10,59,120,True,30–35 game minutes,201,5.0,2.9585797814844423,40.2,67.93800230026244,1.0080000000000382,0.5964496839472861,2.4537277275719216,0.115976327434273,0.0,1.6250052006385802,48.0,0.0,120.0,0.9402985074626866,3.279450008062932,46.808510638297875,0.5472636815920398,0.14925373134328357,1.0963855421686748,0.024096385542168676,83
323cda4cd90e,DauT,2021,2021-03 (HC4),1v1 tournament,hc4_daut,2,Gonzalo Pizarro,10,59,120,True,35–40 game minutes,151,5.0,2.9585797814844423,30.2,51.03800172805786,1.0080000000002656,0.5964496839474206,4.27869807998282,0.11597632743440754,0.013333333333333334,1.5387531369707659,34.666666666666664,0.1729466666666667,90.0,0.9072847682119205,2.9560779699598516,46.3235294117647,0.6556291390728477,0.17880794701986755,1.5932203389830508,0.15254237288135594,59
323cda4cd90e,DauT,2021,2021-03 (HC4),1v1 tournament,hc4_daut,2,Gonzalo Pizarro,10,59,120,True,40–44.0 game minutes,223,4.8950499999999995,2.8964791918710833,45.55622516623937,76.99002313769265,0.8120000000003529,0.4804733565132822,2.6715975426804803,0.11597632743440754,0.018018018018018018,1.601941814718104,34.68468468468468,0.0,138.0,0.8968609865470852,1.5376778759038177,21.105527638190956,0.6098654708520179,0.16143497757847533,1.6071428571428572,0.17857142857142858,28
dde7930841b0,DauT,2021,2021-03 (HC4),1v1 tournament,hc4_daut,2,Gonzalo Pizarro,20,59,120,True,first 10 game minutes,486,10.0,5.917159562968885,48.6,82.1340027809143,0.6159999999999854,0.36449702907887466,2.799999905196889,0.11597632743418997,0.0,0.6448660996661839,15.051546391752577,0.07723333333333321,168.0,0.9938271604938271,3.212446352114347,28.83817427385892,0.8827160493827161,0.03292181069958848,1.0,0.0,32
dde7930841b0,DauT,2021,2021-03 (HC4),1v1 tournament,hc4_daut,2,Gonzalo Pizarro,20,59,120,True,0–5 game minutes,262,5.0,2.9585797814844423,52.4,88.55600299835204,0.4200000000000159,0.24852070164470255,2.6840235777626864,0.11597632743418891,0.0,0.4718983298967041,10.344827586206897,0.057679999999999926,168.0,1.0,3.013241766682122,31.800766283524904,0.9198473282442748,0.022900763358778626,1.0,0.0,21
dde7930841b0,DauT,2021,2021-03 (HC4),1v1 tournament,hc4_daut,2,Gonzalo Pizarro,20,59,120,True,5–10 game minutes,224,5.0,2.9585797814844423,44.8,75.71200256347656,0.6159999999999854,0.36449702907887466,3.023668536677119,0.11597632743420573,0.0,0.8123526508806803,20.179372197309416,0.09678666666666647,150.0,0.9866071428571429,2.4927949839053367,25.454545454545453,0.8392857142857143,0.044642857142857144,1.0,0.0,11
dde7930841b0,DauT,2021,2021-03 (HC4),1v1 tournament,hc4_daut,2,Gonzalo Pizarro,20,59,120,True,10–15 game minutes,229,5.0,2.9585797814844423,45.8,77.40200262069702,0.6159999999999854,0.36449702907887466,2.6840235777626966,0.11597632743420573,0.0,1.04108684057179,29.385964912280702,0.09118666666666664,162.0,0.9868995633187773,2.8570713658362203,30.22222222222222,0.759825327510917,0.05240174672489083,1.0,0.0,19
dde7930841b0,DauT,2021,2021-03 (HC4),1v1 tournament,hc4_daut,2,Gonzalo Pizarro,20,59,120,True,15–20 game minutes,182,5.0,2.9585797814844423,36.4,61.5160020828247,0.8400000000000318,0.4970414032894051,3.5289939633546754,0.13254437421046317,0.0,1.2848693460378522,33.70165745856354,0.0925866666666665,132.0,0.967032967032967,2.4096945699293855,38.285714285714285,0.7142857142857143,0.12087912087912088,1.0,0.0,16
dde7930841b0,DauT,2021,2021-03 (HC4),1v1 tournament,hc4_daut,2,Gonzalo Pizarro,20,59,120,True,20–25 game minutes,267,5.0,2.9585797814844423,53.4,90.2460030555725,0.8119999999998981,0.4804733565130131,2.042011765180575,0.11597632743413847,0.0,0.9314807957237747,31.57894736842105,0.0,150.0,0.9737827715355806,2.2828970297159876,23.166023166023166,0.7902621722846442,0.033707865168539325,1.0,0.0,22
dde7930841b0,DauT,2021,2021-03 (HC4),1v1 tournament,hc4_daut,2,Gonzalo Pizarro,20,59,120,True,25–30 game minutes,243,5.0,2.9585797814844423,48.6,82.1340027809143,0.8119999999998981,0.4804733565130131,2.297988087874629,0.11597632743413847,0.004132231404958678,1.2782364836688525,36.36363636363637,0.029493333333333947,162.0,0.9794238683127572,2.7521058511006005,33.333333333333336,0.6831275720164609,0.09876543209876543,1.0,0.0,38
dde7930841b0,DauT,2021,2021-03 (HC4),1v1 tournament,hc4_daut,2,Gonzalo Pizarro,20,59,120,True,30–35 game minutes,215,5.0,2.9585797814844423,43.0,72.67000246047972,0.8120000000000118,0.4804733565130804,2.684023577762633,0.11597632743413847,0.0,1.365056558921366,40.654205607476634,0.0342533333333328,132.0,0.986046511627907,2.913675040333458,33.175355450236964,0.6511627906976745,0.1813953488372093,1.0,0.0,40
dde7930841b0,DauT,2021,2021-03 (HC4),1v1 tournament,hc4_daut,2,Gonzalo Pizarro,20,59,120,True,35–39.0 game minutes,177,4.614183333333335,2.7302859036124985,38.359984251456545,64.82837557993747,1.231999999999971,0.7289940581577493,2.8289939870553935,0.13254437421059773,0.0,1.3882303569719618,34.09090909090909,0.0,114.0,0.9265536723163842,2.9254783159830344,39.263803680981596,0.6949152542372882,0.2033898305084746,1.0,0.0,43
e1e75a47ab4e,DauT,2021,2021-03 (HC4),1v1 tournament,hc4_daut_ro8,2,Gonzalo Pizarro,17,59,120,True,first 10 game minutes,569,10.0,5.917159562968885,56.9,96.16100325584411,0.609000000000016,0.3603550173848145,2.138283951270073,0.11834319125937937,0.0017605633802816902,0.631796677506442,15.140845070422536,0.016666666666666666,198.0,0.9964850615114236,3.1924079942598147,34.628975265017665,0.8787346221441125,0.022847100175746926,1.0,0.0,37
e1e75a47ab4e,DauT,2021,2021-03 (HC4),1v1 tournament,hc4_daut_ro8,2,Gonzalo Pizarro,17,59,120,True,0–5 game minutes,307,5.0,2.9585797814844423,61.4,103.76600351333617,0.625,0.36982247268555524,2.053698155317431,0.11834319125937937,0.0,0.45162938608878533,11.11111111111111,0.0,198.0,1.0,2.4454176980656417,36.928104575163395,0.9153094462540716,0.006514657980456026,1.0,0.0,23
e1e75a47ab4e,DauT,2021,2021-03 (HC4),1v1 tournament,hc4_daut_ro8,2,Gonzalo Pizarro,17,59,120,True,5–10 game minutes,262,5.0,2.9585797814844423,52.4,88.55600299835204,0.42500000000001137,0.2514792814261843,2.1905324702110796,0.11834319125937096,0.0038314176245210726,0.8074394478518099,19.92337164750958,0.03333333333333333,174.0,0.9923664122137404,2.959356176275581,32.04633204633205,0.8358778625954199,0.04198473282442748,1.0,0.0,14
e1e75a47ab4e,DauT,2021,2021-03 (HC4),1v1 tournament,hc4_daut_ro8,2,Gonzalo Pizarro,17,59,120,True,10–15 game minutes,291,5.0,2.9585797814844423,58.2,98.3580033302307,0.61099999999999,0.36153844929739287,1.986538394277709,0.12307691890973503,0.0,1.215781555112162,33.10344827586207,0.0,192.0,0.9759450171821306,2.181773949584285,26.148409893992934,0.718213058419244,0.08247422680412371,1.0,0.0,12
e1e75a47ab4e,DauT,2021,2021-03 (HC4),1v1 tournament,hc4_daut_ro8,2,Gonzalo Pizarro,17,59,120,True,15–20 game minutes,208,5.0,2.9585797814844423,41.6,70.30400238037109,0.81899999999996,0.4846153682071279,2.247692231589358,0.1230769189098023,0.0,1.4531461982599343,43.47826086956522,0.09586666666666664,126.0,0.9375,0.901850114396517,21.649484536082475,0.6586538461538461,0.09615384615384616,1.0,0.0,8
0b3bc1441529,DauT,2021,2021-03 (HC4),1v1 tournament,hc4_daut_ro8,2,Gonzalo Pizarro,20,59,120,False,first 10 game minutes,554,10.0,5.917159562968885,55.4,93.62600317001342,0.6159999999999854,0.36449702907887466,2.1869821744733153,0.11597632743420573,0.0,0.7004996995400676,15.732368896925859,0.014419999999999976,192.0,0.9927797833935018,3.0409157134069345,33.87978142076503,0.868231046931408,0.02888086642599278,1.0769230769230769,0.07692307692307693,26
0b3bc1441529,DauT,2021,2021-03 (HC4),1v1 tournament,hc4_daut_ro8,2,Gonzalo Pizarro,20,59,120,False,0–5 game minutes,323,5.0,2.9585797814844423,64.6,109.17400369644163,0.6159999999999854,0.36449702907887466,1.9384614728286118,0.11597632743419732,0.0,0.4300805637249445,10.248447204968944,0.0,192.0,1.0,3.1141996695136394,40.37267080745342,0.9256965944272446,0.01238390092879257,1.1111111111111112,0.1111111111111111,18
0b3bc1441529,DauT,2021,2021-03 (HC4),1v1 tournament,hc4_daut_ro8,2,Gonzalo Pizarro,20,59,120,False,5–10 game minutes,231,5.0,2.9585797814844423,46.2,78.0780026435852,0.6300000000000523,0.37278105246707066,2.50840228193377,0.11597632743420573,0.0,0.9982303788268361,23.47826086956522,0.028839999999999952,150.0,0.9826839826839827,2.2127593991589416,24.778761061946902,0.7878787878787878,0.05194805194805195,1.0,0.0,8
0b3bc1441529,DauT,2021,2021-03 (HC4),1v1 tournament,hc4_daut_ro8,2,Gonzalo Pizarro,20,59,120,False,10–15 game minutes,256,5.0,2.9585797814844423,51.2,86.52800292968749,0.6160000000000991,0.36449702907894194,2.1919525885062123,0.11597632743420573,0.00392156862745098,0.9087653662727533,21.96078431372549,0.028840000000000143,150.0,0.96484375,2.510565648949043,37.80487804878049,0.83203125,0.0390625,1.0,0.0,23
0b3bc1441529,DauT,2021,2021-03 (HC4),1v1 tournament,hc4_daut_ro8,2,Gonzalo Pizarro,20,59,120,False,15–20 game minutes,255,5.0,2.9585797814844423,51.0,86.1900029182434,0.7139999999999986,0.4224851927959775,2.435502876117984,0.11597632743420573,0.0,1.1258863341369436,30.708661417322833,0.0,132.0,0.9529411764705882,3.1141093803779363,34.710743801652896,0.7803921568627451,0.10196078431372549,1.0,0.0,10
0b3bc1441529,DauT,2021,2021-03 (HC4),1v1 tournament,hc4_daut_ro8,2,Gonzalo Pizarro,20,59,120,False,20–25 game minutes,161,5.0,2.9585797814844423,32.2,54.418001842498775,0.8399999999999181,0.4970414032893378,3.596094552798781,0.115976327434273,0.0,1.2568775363444509,30.625,0.24845333333333428,114.0,0.937888198757764,3.302175755504629,48.0,0.7577639751552795,0.13664596273291926,1.0,0.0,27
0b3bc1441529,DauT,2021,2021-03 (HC4),1v1 tournament,hc4_daut_ro8,2,Gonzalo Pizarro,20,59,120,False,25–30 game minutes,240,5.0,2.9585797814844423,48.0,81.12000274658202,0.8119999999998981,0.4804733565130131,2.7999999051968723,0.115976327434273,0.0,1.1069593567752554,27.615062761506277,0.0,126.0,0.9875,2.6861201719126924,30.084745762711865,0.7333333333333333,0.07083333333333333,1.0,0.0,37
0b3bc1441529,DauT,2021,2021-03 (HC4),1v1 tournament,hc4_daut_ro8,2,Gonzalo Pizarro,20,59,120,False,30–35 game minutes,204,5.0,2.9585797814844423,40.8,68.95200233459472,0.6440000000000055,0.38106507585519933,3.6366862674007265,0.115976327434273,0.0049261083743842365,1.3949507204549165,34.48275862068966,0.06113333333333306,144.0,0.9803921568627451,3.2165801745824227,44.72361809045226,0.6470588235294118,0.18627450980392157,1.0,0.0,47
0b3bc1441529,DauT,2021,2021-03 (HC4),1v1 tournament,hc4_daut_ro8,2,Gonzalo Pizarro,20,59,120,False,35–40 game minutes,200,5.0,2.9585797814844423,40.0,67.60000228881835,1.0360000000000582,0.6130177307236109,2.7999999051968585,0.12923076485514443,0.0,1.6673442740160302,44.221105527638194,0.0,132.0,0.945,2.5340335427765623,37.765957446808514,0.565,0.175,1.0,0.0,55
0b3bc1441529,DauT,2021,2021-03 (HC4),1v1 tournament,hc4_daut_ro8,2,Gonzalo Pizarro,20,59,120,False,40–45 game minutes,157,5.0,2.9585797814844423,31.4,53.066001796722404,1.0360000000000582,0.6130177307236109,3.3260353903447983,0.13254437421032864,0.0,1.782075048404023,39.743589743589745,0.15530666666666545,102.0,0.8662420382165605,2.9010060546403844,45.18518518518518,0.554140127388535,0.35668789808917195,1.0,0.0,72
0b3bc1441529,DauT,2021,2021-03 (HC4),1v1 tournament,hc4_daut_ro8,2,Gonzalo Pizarro,20,59,120,False,45–50 game minutes,151,5.0,2.9585797814844423,30.2,51.03800172805786,1.0360000000000582,0.6130177307236109,4.146153705772222,0.11597632743413847,0.0,1.5356665818585256,39.333333333333336,0.15166666666666664,102.0,0.9602649006622517,3.537335049302377,50.0,0.5894039735099338,0.23178807947019867,1.0,0.0,94
0b3bc1441529,DauT,2021,2021-03 (HC4),1v1 tournament,hc4_daut_ro8,2,Gonzalo Pizarro,20,59,120,False,50–55 game minutes,157,5.0,2.9585797814844423,31.4,53.066001796722404,1.1340000000000146,0.67100589444068,3.326035390344866,0.23195265486827693,0.00641025641025641,1.4780507272064196,39.743589743589745,0.09277333333333444,108.0,0.9745222929936306,3.5553015943390482,51.31578947368421,0.5987261146496815,0.18471337579617833,1.0,0.0,96
0b3bc1441529,DauT,2021,2021-03 (HC4),1v1 tournament,hc4_daut_ro8,2,Gonzalo Pizarro,20,59,120,False,55–60 game minutes,217,5.0,2.9585797814844423,43.4,73.34600248336791,0.8360000000000127,0.49467453946420625,2.7573963563435484,0.1278106465601731,0.004629629629629629,0.9171804009188237,30.09259259259259,0.03434333333333446,150.0,0.9815668202764977,3.4332604850799355,44.339622641509436,0.783410138248848,0.03225806451612903,1.0918367346938775,0.030612244897959183,98
0b3bc1441529,DauT,2021,2021-03 (HC4),1v1 tournament,hc4_daut_ro8,2,Gonzalo Pizarro,20,59,120,False,60–65 game minutes,224,5.0,2.9585797814844423,44.8,75.71200256347656,0.6110000000003311,0.3615384492975947,2.872307595056348,0.1230769189098023,0.013452914798206279,1.1417165138791088,26.00896860986547,0.10898333333333235,144.0,0.9732142857142857,2.5931575156724795,35.944700460829495,0.7544642857142857,0.12053571428571429,1.1176470588235294,0.029411764705882353,102
0b3bc1441529,DauT,2021,2021-03 (HC4),1v1 tournament,hc4_daut_ro8,2,Gonzalo Pizarro,20,59,120,False,65–70 game minutes,190,5.0,2.9585797814844423,38.0,64.22000217437743,0.6110000000003311,0.3615384492975947,3.5584614179783296,0.12307691890953322,0.010582010582010581,0.8569134365117866,22.75132275132275,0.07345666666666602,138.0,0.9789473684210527,2.9416533814640333,34.5945945945946,0.8368421052631579,0.06315789473684211,1.065934065934066,0.02197802197802198,91
5e152714b185,DauT,2021,2021-03 (HC4),1v1 tournament,hc4_daut_ro8,2,Gonzalo Pizarro,10,59,120,True,first 10 game minutes,497,10.0,5.917159562968885,49.7,83.9930028438568,0.6159999999999997,0.36449702907888304,2.0710058470391095,0.11597632743420573,0.0,0.8111828158261256,19.556451612903224,0.0748066666666666,180.0,0.9959758551307847,2.285692073850754,36.23481781376518,0.8249496981891348,0.030181086519114688,1.032258064516129,0.03225806451612903,31
5e152714b185,DauT,2021,2021-03 (HC4),1v1 tournament,hc4_daut_ro8,2,Gonzalo Pizarro,10,59,120,True,0–5 game minutes,275,5.0,2.9585797814844423,55.0,92.95000314712523,0.6159999999999997,0.36449702907888304,1.7065088179602292,0.11597632743419029,0.0,0.7726055420164497,16.05839416058394,0.0,180.0,1.0,2.4500266613653254,37.59124087591241,0.8254545454545454,0.025454545454545455,1.0555555555555556,0.05555555555555555,18
5e152714b185,DauT,2021,2021-03 (HC4),1v1 tournament,hc4_daut_ro8,2,Gonzalo Pizarro,10,59,120,True,5–10 game minutes,222,5.0,2.9585797814844423,44.4,75.03600254058837,0.6159999999999854,0.36449702907887466,2.568047250328481,0.11597632743420573,0.0,0.8474281513562387,23.529411764705884,0.1496133333333332,144.0,0.990990990990991,1.844223899709696,34.24657534246575,0.8243243243243243,0.036036036036036036,1.0,0.0,13
5e152714b185,DauT,2021,2021-03 (HC4),1v1 tournament,hc4_daut_ro8,2,Gonzalo Pizarro,10,59,120,True,10–15 game minutes,137,5.0,2.9585797814844423,27.4,46.30600156784057,1.0360000000000582,0.6130177307236109,3.9970412847854786,0.13254437421046317,0.0,1.1563348332621475,28.676470588235293,0.31456999999999957,114.0,0.9708029197080292,2.990304807515294,44.696969696969695,0.7518248175182481,0.13138686131386862,1.0,0.0,4
5e152714b185,DauT,2021,2021-03 (HC4),1v1 tournament,hc4_daut_ro8,2,Gonzalo Pizarro,10,59,120,True,15–20 game minutes,277,5.0,2.9585797814844423,55.4,93.62600317001342,0.6159999999999854,0.36449702907887466,2.3029585019075207,0.11597632743420573,0.0,0.8519129792661608,25.0,0.0,198.0,1.0,2.108630946439143,30.434782608695652,0.8086642599277978,0.04332129963898917,1.0,0.0,25
5e152714b185,DauT,2021,2021-03 (HC4),1v1 tournament,hc4_daut_ro8,2,Gonzalo Pizarro,10,59,120,True,20–25 game minutes,212,5.0,2.9585797814844423,42.4,71.65600242614745,0.6159999999999854,0.36449702907887466,2.857988068913995,0.115976327434273,0.004739336492890996,1.41268113491604,41.70616113744076,0.1469999999999997,174.0,0.9669811320754716,1.9172208288713197,31.372549019607842,0.6320754716981132,0.10377358490566038,1.0,0.0,37
5e152714b185,DauT,2021,2021-03 (HC4),1v1 tournament,hc4_daut_ro8,2,Gonzalo Pizarro,10,59,120,True,25–30 game minutes,219,5.0,2.9585797814844423,43.8,74.0220025062561,0.6159999999999854,0.36449702907887466,3.0659170559567333,0.115976327434273,0.0,1.4201061510538266,33.944954128440365,0.05833333333333258,144.0,0.9634703196347032,2.3275080164935273,39.04761904761905,0.6301369863013698,0.1141552511415525,1.0,0.0,43
5e152714b185,DauT,2021,2021-03 (HC4),1v1 tournament,hc4_daut_ro8,2,Gonzalo Pizarro,10,59,120,True,30–35 game minutes,191,5.0,2.9585797814844423,38.2,64.55800218582152,0.8399999999999181,0.4970414032893378,3.2373963400914856,0.115976327434273,0.0,1.461625435764841,36.8421052631579,0.1118133333333329,126.0,0.9424083769633508,3.160648420624641,35.754189944134076,0.675392670157068,0.1518324607329843,1.0,0.0,48
5e152714b185,DauT,2021,2021-03 (HC4),1v1 tournament,hc4_daut_ro8,2,Gonzalo Pizarro,10,59,120,True,35–40 game minutes,230,5.0,2.9585797814844423,46.0,77.7400026321411,0.8400000000001455,0.4970414032894724,2.6773963590521364,0.11597632743413847,0.0,1.5031677771257508,26.637554585152838,0.0,138.0,0.8956521739130435,3.4334650349712303,41.46341463414634,0.6826086956521739,0.25217391304347825,1.0,0.0,41
5e152714b185,DauT,2021,2021-03 (HC4),1v1 tournament,hc4_daut_ro8,2,Gonzalo Pizarro,10,59,120,True,40–45 game minutes,197,5.0,2.9585797814844423,39.4,66.58600225448608,0.8399999999999181,0.4970414032893378,3.0775146887001297,0.11597632743413847,0.0,1.6059259304753182,35.204081632653065,0.03038000000000011,108.0,0.9238578680203046,3.17365693586343,45.85635359116022,0.6040609137055838,0.27918781725888325,1.08,0.02,50
5e152714b185,DauT,2021,2021-03 (HC4),1v1 tournament,hc4_daut_ro8,2,Gonzalo Pizarro,10,59,120,True,45–47.0 game minutes,100,2.7246999999999995,1.6122484661221315,36.70128821521636,62.02517918378021,0.8400000000001455,0.4970414032894724,2.8497040455258027,0.11597632743413847,0.0,1.4174025028954353,34.343434343434346,0.1159516032346077,108.0,0.95,1.8194897915344952,31.914893617021278,0.66,0.21,1.0526315789473684,0.02631578947368421,38
31d31c225a08,DauT,2021,2021-03 (HC4),1v1 tournament,hc4_daut_ro8,2,Gonzalo Pizarro,5,59,120,False,first 10 game minutes,402,10.0,5.917159562968885,40.2,67.93800230026244,0.6160000000000032,0.36449702907888515,3.2804732617099726,0.1159763274341908,0.004987531172069825,0.844401095313598,20.448877805486283,0.17500000000000007,222.0,0.9950248756218906,2.8503042278985897,38.34586466165413,0.8134328358208955,0.03482587064676617,1.0333333333333334,0.03333333333333333,30
31d31c225a08,DauT,2021,2021-03 (HC4),1v1 tournament,hc4_daut_ro8,2,Gonzalo Pizarro,5,59,120,False,0–5 game minutes,285,5.0,2.9585797814844423,57.0,96.33000326156615,0.6159999999999997,0.36449702907888304,2.435502876117984,0.11597632743418891,0.007042253521126761,0.5253389901643793,10.56338028169014,0.0,222.0,0.9964912280701754,2.576646304789687,39.92932862190813,0.9087719298245615,0.021052631578947368,1.0625,0.0625,16
31d31c225a08,DauT,2021,2021-03 (HC4),1v1 tournament,hc4_daut_ro8,2,Gonzalo Pizarro,5,59,120,False,5–10 game minutes,117,5.0,2.9585797814844423,23.4,39.54600133895874,1.2320000000000562,0.7289940581577997,5.181656629291871,0.11597632743420573,0.0,1.2869579687392358,43.96551724137931,0.32116000000000017,126.0,0.9914529914529915,2.541382639420774,33.91304347826087,0.5811965811965812,0.06837606837606838,1.0,0.0,14
31d31c225a08,DauT,2021,2021-03 (HC4),1v1 tournament,hc4_daut_ro8,2,Gonzalo Pizarro,5,59,120,False,10–15 game minutes,198,5.0,2.9585797814844423,39.6,66.92400226593017,0.8120000000000118,0.4804733565130804,2.919289841986329,0.11597632743420573,0.005076142131979695,1.1046368184318933,26.903553299492387,0.029493333333333184,132.0,0.9696969696969697,3.1288661627233143,42.931937172774866,0.7676767676767676,0.10606060606060606,1.0,0.0,20
31d31c225a08,DauT,2021,2021-03 (HC4),1v1 tournament,hc4_daut_ro8,2,Gonzalo Pizarro,5,59,120,False,15–20 game minutes,228,5.0,2.9585797814844423,45.6,77.06400260925292,0.8120000000001255,0.48047335651314765,2.68402357776272,0.1159763274342461,0.0,1.0415630427856852,33.480176211453745,0.06598666666666607,144.0,0.9912280701754386,2.8934782190686703,35.55555555555556,0.7675438596491229,0.08333333333333333,1.0,0.0,21
31d31c225a08,DauT,2021,2021-03 (HC4),1v1 tournament,hc4_daut_ro8,2,Gonzalo Pizarro,5,59,120,False,20–25 game minutes,283,5.0,2.9585797814844423,56.6,95.65400323867797,0.6159999999999854,0.36449702907887466,2.0710058470391095,0.115976327434273,0.0,0.9842319049095736,24.822695035460992,0.0,162.0,0.9681978798586572,1.921316901450217,27.83882783882784,0.8162544169611308,0.07773851590106007,1.0,0.0,24
31d31c225a08,DauT,2021,2021-03 (HC4),1v1 tournament,hc4_daut_ro8,2,Gonzalo Pizarro,5,59,120,False,25–30 game minutes,201,5.0,2.9585797814844423,40.2,67.93800230026244,0.8119999999998981,0.4804733565130131,3.1769229693580874,0.13254437421046317,0.0,1.3018195200832396,40.0,0.12077333333333322,162.0,0.9850746268656716,1.6370888773045122,24.873096446700508,0.6666666666666666,0.12437810945273632,1.0,0.0,48
63e46229572d,TheViper,2021,2021-03 (HC4),1v1 tournament,hc4_viper,2,Ivaylo,16,59,120,True,first 10 game minutes,775,10.0,5.917159562968885,77.5,130.97500443458554,0.3999999999999915,0.23668638251875032,1.5615384086674944,0.11538461147792284,0.012919896640826873,0.8522723243192616,16.795865633074936,0.034189999999999915,306.0,0.9961290322580645,3.0199346369921685,28.404669260700388,0.807741935483871,0.03096774193548387,1.0714285714285714,0.03571428571428571,28
63e46229572d,TheViper,2021,2021-03 (HC4),1v1 tournament,hc4_viper,2,Ivaylo,16,59,120,True,0–5 game minutes,455,5.0,2.9585797814844423,91.0,153.79000520706174,0.3960000000000008,0.23431951869356826,1.230266230534674,0.11715975934677994,0.00881057268722467,0.5841357664570412,11.894273127753303,0.0,306.0,0.9956043956043956,2.8291983853806246,27.212389380530972,0.8879120879120879,0.015384615384615385,1.1666666666666667,0.08333333333333333,12
63e46229572d,TheViper,2021,2021-03 (HC4),1v1 tournament,hc4_viper,2,Ivaylo,16,59,120,True,5–10 game minutes,320,5.0,2.9585797814844423,64.0,108.16000366210936,0.40299999999996317,0.23846153038762422,1.8007691697982795,0.1153846114778892,0.018808777429467086,1.1169236004437115,23.510971786833856,0.06837999999999983,252.0,0.996875,2.723755145808937,29.87421383647799,0.69375,0.053125,1.0,0.0,16
63e46229572d,TheViper,2021,2021-03 (HC4),1v1 tournament,hc4_viper,2,Ivaylo,16,59,120,True,10–15 game minutes,243,5.0,2.9585797814844423,48.6,82.1340027809143,0.41500000000002046,0.2455621218632208,2.7499999068898044,0.11538461147785557,0.02066115702479339,1.579333874721013,31.818181818181817,0.28301000000000004,216.0,0.9423868312757202,2.2094310095636627,16.666666666666668,0.5267489711934157,0.09465020576131687,1.0,0.0,5
63e46229572d,TheViper,2021,2021-03 (HC4),1v1 tournament,hc4_viper,2,Ivaylo,16,59,120,True,15–20 game minutes,230,5.0,2.9585797814844423,46.0,77.7400026321411,0.41599999999994,0.24615383781947006,2.7661537524967237,0.11538461147792284,0.013100436681222707,1.7033584781907383,35.37117903930131,0.08519999999999982,144.0,0.8913043478260869,1.419316692945298,16.176470588235293,0.5782608695652174,0.13043478260869565,1.0,0.0,20
63e46229572d,TheViper,2021,2021-03 (HC4),1v1 tournament,hc4_viper,2,Ivaylo,16,59,120,True,20–25 game minutes,298,5.0,2.9585797814844423,59.6,100.72400341033935,0.40300000000002,0.23846153038765786,2.2846153072622397,0.11538461147785557,0.020202020202020204,1.2189741370136908,29.292929292929294,0.0,216.0,0.9731543624161074,2.4414041040024266,25.951557093425606,0.714765100671141,0.09060402684563758,1.0,0.0,52
63e46229572d,TheViper,2021,2021-03 (HC4),1v1 tournament,hc4_viper,2,Ivaylo,16,59,120,True,25–30 game minutes,323,5.0,2.9585797814844423,64.6,109.17400369644163,0.40300000000002,0.23846153038765786,2.04615377687469,0.1153846114779901,0.015527950310559006,1.3702894506790326,28.571428571428573,0.033149999999999784,240.0,0.9287925696594427,1.968821511781186,28.42809364548495,0.7213622291021672,0.10835913312693499,1.0,0.0,53
63e46229572d,TheViper,2021,2021-03 (HC4),1v1 tournament,hc4_viper,2,Ivaylo,16,59,120,True,30–35 game minutes,312,5.0,2.9585797814844423,62.4,105.45600357055663,0.40300000000002,0.23846153038765786,1.9920117668734592,0.1153846114779901,0.02572347266881029,1.5614401716240074,28.617363344051448,0.0,228.0,0.9198717948717948,2.536054606943861,29.02097902097902,0.657051282051282,0.15384615384615385,1.0,0.0,49
63e46229572d,TheViper,2021,2021-03 (HC4),1v1 tournament,hc4_viper,2,Ivaylo,16,59,120,True,35–40 game minutes,237,5.0,2.9585797814844423,47.4,80.10600271224975,0.6109999999998763,0.36153844929732565,2.913461439816761,0.1153846114779901,0.012711864406779662,2.010811735846903,38.559322033898304,0.06699333333333318,138.0,0.8354430379746836,3.566152723335266,40.609137055837564,0.4936708860759494,0.24050632911392406,1.0512820512820513,0.01282051282051282,78
40cfbfe02398,TheViper,2021,2021-03 (HC4),1v1 tournament,hc4_viper,2,Ivaylo,5,59,120,True,first 10 game minutes,723,10.0,5.917159562968885,72.3,122.18700413703917,0.3990000000000009,0.236094666562459,1.6960946171293954,0.11183431574012455,0.015235457063711912,0.9474642651326226,18.42105263157895,0.04878166666666686,222.0,0.9861687413554634,3.2714748752605893,33.00561797752809,0.7842323651452282,0.029045643153526972,1.0,0.0,37
40cfbfe02398,TheViper,2021,2021-03 (HC4),1v1 tournament,hc4_viper,2,Ivaylo,5,59,120,True,0–5 game minutes,421,5.0,2.9585797814844423,84.2,142.29800481796264,0.3990000000000009,0.236094666562459,1.4289940344569807,0.11183431574011614,0.014285714285714285,0.6680877022308045,14.047619047619047,0.0,222.0,0.997624703087886,2.902611277673685,34.60620525059666,0.8598574821852731,0.0166270783847981,1.0,0.0,17
40cfbfe02398,TheViper,2021,2021-03 (HC4),1v1 tournament,hc4_viper,2,Ivaylo,5,59,120,True,5–10 game minutes,302,5.0,2.9585797814844423,60.4,102.07600345611571,0.41800000000000637,0.24733726973210313,2.03786975348646,0.11183431574012455,0.016611295681063124,1.2390439913668472,24.58471760797342,0.07041666666666704,216.0,0.9701986754966887,3.155114731562801,30.47945205479452,0.6788079470198676,0.046357615894039736,1.0,0.0,20
40cfbfe02398,TheViper,2021,2021-03 (HC4),1v1 tournament,hc4_viper,2,Ivaylo,5,59,120,True,10–15 game minutes,287,5.0,2.9585797814844423,57.4,97.00600328445434,0.41800000000000637,0.24733726973210313,2.1211537743352284,0.11715975934677153,0.027972027972027972,1.2330240553565535,27.272727272727273,0.0,162.0,0.9825783972125436,3.383727613495732,38.07829181494662,0.6933797909407665,0.08013937282229965,1.0,0.0,22
c0b3c47feff8,TheViper,2021,2021-03 (HC4),1v1 tournament,hc4_viper,2,Ivaylo,3,59,120,True,first 10 game minutes,821,10.0,5.917159562968885,82.1,138.74900469779968,0.3990000000000009,0.236094666562459,1.4617159268401965,0.11183431574012455,0.015853658536585366,0.8268988481979715,13.536585365853659,0.05566500000000004,234.0,0.9902557856272838,3.2916388745784486,27.216748768472907,0.8282582216808769,0.031668696711327646,1.0,0.0,33
c0b3c47feff8,TheViper,2021,2021-03 (HC4),1v1 tournament,hc4_viper,2,Ivaylo,3,59,120,True,0–5 game minutes,349,5.0,2.9585797814844423,69.8,117.96200399398802,0.3999999999999915,0.23668638251875032,1.813491062858713,0.11597632743418901,0.017241379310344827,0.7931890375034076,11.781609195402298,0.07667666666666668,216.0,0.997134670487106,3.1309079223628804,30.835734870317,0.836676217765043,0.04297994269340974,1.0,0.0,17
c0b3c47feff8,TheViper,2021,2021-03 (HC4),1v1 tournament,hc4_viper,2,Ivaylo,3,59,120,True,5–10 game minutes,472,5.0,2.9585797814844423,94.4,159.5360054016113,0.22499999999990905,0.13313609016674607,1.316272144782432,0.11183431574012455,0.014861995753715499,0.8355617656514177,14.8619957537155,0.03465333333333338,234.0,0.9851694915254238,3.0721941787435614,24.353448275862068,0.8220338983050848,0.023305084745762712,1.0,0.0,16
c0b3c47feff8,TheViper,2021,2021-03 (HC4),1v1 tournament,hc4_viper,2,Ivaylo,3,59,120,True,10–15 game minutes,335,5.0,2.9585797814844423,67.0,113.23000383377074,0.41800000000000637,0.24733726973210313,2.1241715257123857,0.1171597593468388,0.011976047904191617,1.3891016104479157,22.15568862275449,0.07377333333333355,216.0,0.9522388059701492,2.2432267773969015,18.867924528301888,0.6597014925373135,0.08059701492537313,1.0,0.0,16
c0b3c47feff8,TheViper,2021,2021-03 (HC4),1v1 tournament,hc4_viper,2,Ivaylo,3,59,120,True,15–20 game minutes,267,5.0,2.9585797814844423,53.4,90.2460030555725,0.4250000000001819,0.25147928142628523,2.5091715126769367,0.11751478892056817,0.007518796992481203,1.1373317476732403,30.075187969924812,0.05751333333333301,216.0,0.9962546816479401,2.7031630537285896,21.50943396226415,0.6479400749063671,0.04119850187265917,1.0,0.0,18
c0b3c47feff8,TheViper,2021,2021-03 (HC4),1v1 tournament,hc4_viper,2,Ivaylo,3,59,120,True,20–25 game minutes,252,5.0,2.9585797814844423,50.4,85.17600288391112,0.41800000000012005,0.24733726973217038,2.4946744717477536,0.1171597593468388,0.00796812749003984,1.5074712355422162,29.8804780876494,0.030146666666666988,150.0,0.9484126984126984,2.6387129933813633,29.831932773109244,0.5992063492063492,0.11904761904761904,1.0,0.0,16
c0b3c47feff8,TheViper,2021,2021-03 (HC4),1v1 tournament,hc4_viper,2,Ivaylo,3,59,120,True,25–30 game minutes,250,5.0,2.9585797814844423,50.0,84.50000286102294,0.4399999999998272,0.26035502077052863,2.939408184500445,0.11834319125940458,0.012048192771084338,1.4230980635990635,30.120481927710845,0.05821999999999964,168.0,0.976,2.226241882510535,29.62962962962963,0.608,0.104,1.0,0.0,32
c0b3c47feff8,TheViper,2021,2021-03 (HC4),1v1 tournament,hc4_viper,2,Ivaylo,3,59,120,True,30–35 game minutes,285,5.0,2.9585797814844423,57.0,96.33000326156615,0.4314999999999145,0.25532543514205674,1.9830768559333385,0.11810650487681071,0.017605633802816902,1.306610140454235,29.929577464788732,0.04068666666666634,174.0,0.9824561403508771,3.0221289614128692,30.107526881720432,0.6807017543859649,0.11578947368421053,1.0,0.0,47
c0b3c47feff8,TheViper,2021,2021-03 (HC4),1v1 tournament,hc4_viper,2,Ivaylo,3,59,120,True,35–40 game minutes,220,5.0,2.9585797814844423,44.0,74.36000251770018,0.6140000000000327,0.36331359716630884,2.842130081285304,0.11834319125927005,0.0091324200913242,1.878679982363831,41.0958904109589,0.06964999999999842,126.0,0.8909090909090909,3.509985439950846,41.02564102564103,0.5227272727272727,0.2636363636363636,1.0,0.0,45
c0b3c47feff8,TheViper,2021,2021-03 (HC4),1v1 tournament,hc4_viper,2,Ivaylo,3,59,120,True,40–45 game minutes,164,5.0,2.9585797814844423,32.8,55.432001876831045,0.8099999999999454,0.47928992460044734,3.7988164394260133,0.11715975934697334,0.012269938650306749,1.9346210224269305,39.263803680981596,0.20783999999999953,126.0,0.8475609756097561,3.146070152063647,35.507246376811594,0.45121951219512196,0.32926829268292684,1.0,0.0,56
c0b3c47feff8,TheViper,2021,2021-03 (HC4),1v1 tournament,hc4_viper,2,Ivaylo,3,59,120,True,45–48.0 game minutes,127,3.5440500000000004,2.0970709349139875,35.83470887826074,60.560660054739145,0.61200000000008,0.36213016525374303,4.821301611907061,0.11715975934697334,0.015873015873015872,1.8355864037148597,38.095238095238095,0.3349181491984231,132.0,0.937007874015748,3.421599340823619,33.05084745762712,0.4566929133858268,0.2755905511811024,1.0,0.0,74
679124a7c6b9,TheViper,2021,2021-03 (HC4),1v1 tournament,hc4_viper_ro8,2,Ivaylo,35,59,120,True,first 10 game minutes,595,10.0,5.917159562968885,59.5,100.5550034046173,0.4250000000000398,0.25147928142620113,1.891183367920465,0.11834319125937096,0.008417508417508417,1.0902855358141388,25.084175084175083,0.0,198.0,0.9831932773109243,2.623112732746833,31.67808219178082,0.719327731092437,0.03529411764705882,1.103448275862069,0.034482758620689655,29
679124a7c6b9,TheViper,2021,2021-03 (HC4),1v1 tournament,hc4_viper_ro8,2,Ivaylo,35,59,120,True,0–5 game minutes,334,5.0,2.9585797814844423,66.8,112.89200382232664,0.4249999999999998,0.2514792814261775,1.6035502415645617,0.11834319125937096,0.012012012012012012,0.8220169532723953,18.61861861861862,0.0,198.0,0.9970059880239521,2.4410251705292048,31.02409638554217,0.8083832335329342,0.020958083832335328,1.1875,0.0625,16
679124a7c6b9,TheViper,2021,2021-03 (HC4),1v1 tournament,hc4_viper_ro8,2,Ivaylo,35,59,120,True,5–10 game minutes,261,5.0,2.9585797814844423,52.2,88.21800298690795,0.608999999999952,0.36035501738477665,2.084289870257941,0.11834319125937096,0.0038461538461538464,1.3346701602821276,33.46153846153846,0.0,186.0,0.9655172413793104,2.4714204255088084,32.669322709163346,0.6053639846743295,0.05363984674329502,1.0,0.0,13
679124a7c6b9,TheViper,2021,2021-03 (HC4),1v1 tournament,hc4_viper_ro8,2,Ivaylo,35,59,120,True,10–15 game minutes,269,5.0,2.9585797814844423,53.8,90.92200307846068,0.4250000000000682,0.25147928142621795,2.362248440728449,0.11834319125933732,0.007462686567164179,1.2004211965667675,32.83582089552239,0.11394000000000006,252.0,0.9814126394052045,2.777206982974101,26.99619771863118,0.724907063197026,0.09293680297397769,1.0,0.0,23
679124a7c6b9,TheViper,2021,2021-03 (HC4),1v1 tournament,hc4_viper_ro8,2,Ivaylo,35,59,120,True,15–20 game minutes,261,5.0,2.9585797814844423,52.2,88.21800298690795,0.42399999999997817,0.2508875654698678,2.1182839519472205,0.1171597593468388,0.019230769230769232,1.231635130276465,35.0,0.19524666666666612,228.0,0.9655172413793104,2.9832064797994753,34.66135458167331,0.7088122605363985,0.07662835249042145,1.0,0.0,4
679124a7c6b9,TheViper,2021,2021-03 (HC4),1v1 tournament,hc4_viper_ro8,2,Ivaylo,35,59,120,True,20–25 game minutes,237,5.0,2.9585797814844423,47.4,80.10600271224975,0.6304999999999836,0.37307691044517843,2.759763220168747,0.1171597593468388,0.0,1.3816311845343079,34.32203389830509,0.0,156.0,0.9578059071729957,3.276172999117244,35.84070796460177,0.6582278481012658,0.08438818565400844,1.0,0.0,33
679124a7c6b9,TheViper,2021,2021-03 (HC4),1v1 tournament,hc4_viper_ro8,2,Ivaylo,35,59,120,True,25–30 game minutes,248,5.0,2.9585797814844423,49.6,83.82400283813476,0.6159999999999854,0.36449702907887466,2.443786899506172,0.11834319125940458,0.004048582995951417,1.4393069097937965,27.530364372469634,0.06924000000000054,174.0,0.9596774193548387,3.6420408912766007,42.61603375527426,0.657258064516129,0.16129032258064516,1.0,0.0,47
679124a7c6b9,TheViper,2021,2021-03 (HC4),1v1 tournament,hc4_viper_ro8,2,Ivaylo,35,59,120,True,30–35 game minutes,196,5.0,2.9585797814844423,39.2,66.24800224304198,0.6150000000000091,0.3639053131225917,3.1601774077947447,0.1171597593468388,0.015384615384615385,1.805020242818656,36.92307692307692,0.16862999999999825,126.0,0.8979591836734694,3.030997748858149,40.0,0.5,0.16326530612244897,1.0,0.0,67
679124a7c6b9,TheViper,2021,2021-03 (HC4),1v1 tournament,hc4_viper_ro8,2,Ivaylo,35,59,120,True,35–40 game minutes,234,5.0,2.9585797814844423,46.8,79.09200267791748,0.5979999999999563,0.35384614186551344,2.8107691356016082,0.1153846114779901,0.02145922746781116,1.8503734130154825,33.90557939914163,0.06569333333333209,168.0,0.8888888888888888,2.87727855501237,37.19806763285024,0.48717948717948717,0.26495726495726496,1.0,0.0,61
679124a7c6b9,TheViper,2021,2021-03 (HC4),1v1 tournament,hc4_viper_ro8,2,Ivaylo,35,59,120,True,40–45 game minutes,263,5.0,2.9585797814844423,52.6,88.89400300979614,0.6109999999998763,0.36153844929732565,2.3942306881663153,0.1153846114779901,0.007633587786259542,1.62530880244703,34.35114503816794,0.0298133333333332,192.0,0.935361216730038,3.2012150825347288,31.836734693877553,0.55893536121673,0.19391634980988592,1.150943396226415,0.03773584905660377,53
679124a7c6b9,TheViper,2021,2021-03 (HC4),1v1 tournament,hc4_viper_ro8,2,Ivaylo,35,59,120,True,45–49.0 game minutes,289,4.767699999999999,2.821124164836674,60.61623004803156,102.44143224966186,0.41049999999972897,0.2428994000597123,2.0055324764747566,0.1153846114779901,0.006944444444444444,1.4034098850287455,28.125,0.051125280533590646,198.0,0.9411764705882353,3.1629768053643845,33.210332103321036,0.6782006920415224,0.11764705882352941,1.5192307692307692,0.1346153846153846,52
d777b0479240,TheViper,2021,2021-03 (HC4),1v1 tournament,hc4_viper_ro8,2,Ivaylo,19,59,120,True,first 10 game minutes,571,10.0,5.917159562968885,57.1,96.4990032672882,0.41849999999999454,0.24763312771024457,2.1573667908606287,0.11715975934680516,0.01929824561403509,0.9327019558980743,20.350877192982455,0.036366666666666755,216.0,0.9947460595446584,2.254325517493692,28.924162257495592,0.7635726795096323,0.028021015761821366,1.0,0.0,40
d777b0479240,TheViper,2021,2021-03 (HC4),1v1 tournament,hc4_viper_ro8,2,Ivaylo,19,59,120,True,0–5 game minutes,355,5.0,2.9585797814844423,71.0,119.99000406265257,0.4159999999999968,0.2461538378195037,1.809704080738403,0.11834319125937096,0.022598870056497175,0.7648072135231174,15.254237288135593,0.0,216.0,1.0,2.104562423696904,27.401129943502823,0.8140845070422535,0.014084507042253521,1.0,0.0,19
d777b0479240,TheViper,2021,2021-03 (HC4),1v1 tournament,hc4_viper_ro8,2,Ivaylo,19,59,120,True,5–10 game minutes,216,5.0,2.9585797814844423,43.2,73.00800247192382,0.4200000000000159,0.24852070164470255,3.3717158621709076,0.11538461147792284,0.013953488372093023,1.149009632207412,28.372093023255815,0.07273333333333351,144.0,0.9861111111111112,2.2321651065149726,31.132075471698112,0.6805555555555556,0.05092592592592592,1.0,0.0,21
d777b0479240,TheViper,2021,2021-03 (HC4),1v1 tournament,hc4_viper_ro8,2,Ivaylo,19,59,120,True,10–15 game minutes,289,5.0,2.9585797814844423,57.8,97.68200330734251,0.59800000000007,0.3538461418655807,2.1692306957843575,0.11893490721566058,0.013888888888888888,1.3627682004857666,30.208333333333332,0.0325,210.0,0.9653979238754326,2.388250629178594,31.654676258992804,0.6262975778546713,0.0726643598615917,1.0,0.0,15
d777b0479240,TheViper,2021,2021-03 (HC4),1v1 tournament,hc4_viper_ro8,2,Ivaylo,19,59,120,True,15–20 game minutes,203,5.0,2.9585797814844423,40.6,68.61400232315063,0.6110000000001037,0.36153844929746015,3.1174259299523515,0.11538461147785557,0.009900990099009901,1.3712883524038653,31.18811881188119,0.10291666666666703,162.0,0.9556650246305419,2.79856406606492,31.088082901554404,0.645320197044335,0.09852216748768473,1.0,0.0,18
d777b0479240,TheViper,2021,2021-03 (HC4),1v1 tournament,hc4_viper_ro8,2,Ivaylo,19,59,120,True,20–25 game minutes,252,5.0,2.9585797814844423,50.4,85.17600288391112,0.41599999999994,0.24615383781947006,2.642307602843767,0.1153846114779901,0.0,1.2485813058594746,27.49003984063745,0.07041666666666666,174.0,0.9642857142857143,2.8883015676783037,32.231404958677686,0.6904761904761905,0.06349206349206349,1.0,0.0,27
d777b0479240,TheViper,2021,2021-03 (HC4),1v1 tournament,hc4_viper_ro8,2,Ivaylo,19,59,120,True,25–30 game minutes,224,5.0,2.9585797814844423,44.8,75.71200256347656,0.41599999999994,0.24615383781947006,2.6453845258164916,0.11538461147785557,0.008968609865470852,1.387399827969196,35.426008968609864,0.07921333333333375,162.0,0.9776785714285714,3.459931225191757,33.48623853211009,0.6339285714285714,0.12053571428571429,1.0,0.0,44
d777b0479240,TheViper,2021,2021-03 (HC4),1v1 tournament,hc4_viper_ro8,2,Ivaylo,19,59,120,True,30–35 game minutes,195,5.0,2.9585797814844423,39.0,65.91000223159789,0.61099999999999,0.36153844929739287,3.1684614311829153,0.12307691890966775,0.010309278350515464,1.6646997551815492,35.56701030927835,0.20180333333333386,162.0,0.9435897435897436,2.7892562122250206,32.240437158469945,0.5076923076923077,0.18461538461538463,1.0,0.0,40
d777b0479240,TheViper,2021,2021-03 (HC4),1v1 tournament,hc4_viper_ro8,2,Ivaylo,19,59,120,True,35–40 game minutes,206,5.0,2.9585797814844423,41.2,69.6280023574829,0.6109999999998763,0.36153844929732565,3.24307681327176,0.1153846114779901,0.014634146341463415,1.8900183998469378,32.68292682926829,0.17060333333333194,168.0,0.8252427184466019,3.100868192607252,36.094674556213015,0.46116504854368934,0.3155339805825243,1.0,0.0,42
d777b0479240,TheViper,2021,2021-03 (HC4),1v1 tournament,hc4_viper_ro8,2,Ivaylo,19,59,120,True,40–45 game minutes,207,5.0,2.9585797814844423,41.4,69.966002368927,0.6109999999998763,0.36153844929732565,3.1865383536477756,0.1153846114779901,0.03398058252427184,1.6325827232441301,29.611650485436893,0.17532666666666347,132.0,0.9468599033816425,3.3539930864218896,35.38461538461539,0.5169082125603864,0.14009661835748793,1.0,0.0,100
d777b0479240,TheViper,2021,2021-03 (HC4),1v1 tournament,hc4_viper_ro8,2,Ivaylo,19,59,120,True,45–49.0 game minutes,268,4.778116666666665,2.827287872714767,56.08904484681903,94.79048900056503,0.40299999999979264,0.23846153038752332,2.3999999187402032,0.11538461147772103,0.026217228464419477,1.4756125970246905,27.715355805243444,0.10202764687621158,252.0,0.9440298507462687,2.9984411215529994,30.158730158730158,0.6529850746268657,0.15298507462686567,1.0,0.0,63
211c10a368c4,DauT,2011,2011-11 (uploaded 2011-11-29),1v1 challenge,historical_110,1,[TyRanT]_DauT_,15,9,120,True,first 10 game minutes,460,10.0,6.666666666666667,46.0,69.0,0.6299999999999955,0.419999999999997,2.759999999999991,0.330000000000003,0.18082788671023964,0.8096964446131685,22.4400871459695,0.11234999999999999,156.0,1.0,2.5484413391200396,28.104575163398692,0.8152173913043478,0.030434782608695653,,,0
211c10a368c4,DauT,2011,2011-11 (uploaded 2011-11-29),1v1 challenge,historical_110,1,[TyRanT]_DauT_,15,9,120,True,0–5 game minutes,261,5.0,3.3333333333333335,52.2,78.3,0.7874999999999801,0.5249999999999867,2.3700000000000045,0.33000000000000257,0.19230769230769232,0.7212478316068005,17.692307692307693,0.02865,150.0,1.0,2.580684990258003,32.69230769230769,0.8390804597701149,0.019157088122605363,,,0
211c10a368c4,DauT,2011,2011-11 (uploaded 2011-11-29),1v1 challenge,historical_110,1,[TyRanT]_DauT_,15,9,120,True,5–10 game minutes,199,5.0,3.3333333333333335,39.8,59.699999999999996,0.8099999999999739,0.5399999999999826,2.958000000000047,0.330000000000003,0.16666666666666666,0.9128768428652414,28.78787878787879,0.19604999999999997,156.0,1.0,2.1526106783526813,21.717171717171716,0.7839195979899497,0.04522613065326633,,,0
211c10a368c4,DauT,2011,2011-11 (uploaded 2011-11-29),1v1 challenge,historical_110,1,[TyRanT]_DauT_,15,9,120,True,10–15 game minutes,164,5.0,3.3333333333333335,32.8,49.199999999999996,1.0799999999999272,0.7199999999999515,3.599999999999985,0.35999999999997573,0.1411042944785276,1.1850468502759197,36.19631901840491,0.10259999999999991,138.0,0.9695121951219512,2.070100411489671,26.582278481012658,0.7195121951219512,0.08536585365853659,,,0
211c10a368c4,DauT,2011,2011-11 (uploaded 2011-11-29),1v1 challenge,historical_110,1,[TyRanT]_DauT_,15,9,120,True,15–20 game minutes,207,5.0,3.3333333333333335,41.4,62.099999999999994,1.0349999999999682,0.6899999999999787,3.150000000000015,0.35999999999997573,0.12135922330097088,1.0853899236212912,29.611650485436893,0.09375,114.0,0.9903381642512077,2.5986846186862884,31.372549019607842,0.7584541062801933,0.14009661835748793,,,0
211c10a368c4,DauT,2011,2011-11 (uploaded 2011-11-29),1v1 challenge,historical_110,1,[TyRanT]_DauT_,15,9,120,True,20–25 game minutes,284,5.0,3.3333333333333335,56.8,85.2,0.5399999999999636,0.35999999999997573,2.25,0.35999999999997573,0.24028268551236748,0.975551483005935,28.268551236749115,0.11639999999999949,186.0,0.9683098591549296,1.196029101872887,12.043795620437956,0.8098591549295775,0.056338028169014086,,,0
211c10a368c4,DauT,2011,2011-11 (uploaded 2011-11-29),1v1 challenge,historical_110,1,[TyRanT]_DauT_,15,9,120,True,25–30 game minutes,216,5.0,3.3333333333333335,43.2,64.8,1.0799999999999272,0.7199999999999515,2.730000000000018,0.35999999999997573,0.15813953488372093,1.1738054222245282,35.81395348837209,0.11294999999999922,156.0,0.9907407407407407,3.0246917660440142,35.2112676056338,0.7083333333333334,0.0787037037037037,,,0
211c10a368c4,DauT,2011,2011-11 (uploaded 2011-11-29),1v1 challenge,historical_110,1,[TyRanT]_DauT_,15,9,120,True,30–35 game minutes,200,5.0,3.3333333333333335,40.0,60.0,1.0799999999999272,0.7199999999999515,3.0930000000000875,0.35999999999997573,0.1507537688442211,1.5505574466683838,35.175879396984925,0.05205000000000078,114.0,0.935,2.3738879894175096,30.64516129032258,0.645,0.22,,,0
211c10a368c4,DauT,2011,2011-11 (uploaded 2011-11-29),1v1 challenge,historical_110,1,[TyRanT]_DauT_,15,9,120,True,35–40 game minutes,138,5.0,3.3333333333333335,27.6,41.4,1.6199999999998909,1.0799999999999272,3.6720000000000517,0.35999999999997573,0.06569343065693431,2.0376174346673817,51.09489051094891,0.08144999999999981,66.0,0.8478260869565217,3.21668679094709,54.310344827586206,0.4492753623188406,0.37681159420289856,,,0
079005bcaa66,DauT,2011,2011-11 (uploaded 2011-11-29),1v1 challenge,historical_110,1,[TyRanT]_DauT_,13,12,120,True,first 10 game minutes,174,10.0,6.666666666666667,17.4,26.099999999999998,1.6199999999999974,1.0799999999999983,8.78399999999999,0.3599999999999947,0.06936416184971098,1.367208622460357,39.884393063583815,0.468675,120.0,0.9885057471264368,1.500118743284727,21.05263157894737,0.4942528735632184,0.08045977011494253,,,0
079005bcaa66,DauT,2011,2011-11 (uploaded 2011-11-29),1v1 challenge,historical_110,1,[TyRanT]_DauT_,13,12,120,True,0–5 game minutes,117,5.0,3.3333333333333335,23.4,35.1,1.4849999999999994,0.9899999999999997,5.265000000000001,0.3599999999999947,0.07758620689655173,1.232970191815555,33.62068965517241,0.2711999999999999,120.0,0.9914529914529915,1.7309664905642232,24.347826086956523,0.5897435897435898,0.05128205128205128,,,0
079005bcaa66,DauT,2011,2011-11 (uploaded 2011-11-29),1v1 challenge,historical_110,1,[TyRanT]_DauT_,13,12,120,True,5–10 game minutes,57,5.0,3.3333333333333335,11.4,17.099999999999998,3.375,2.25,10.410000000000005,0.3599999999999833,0.05357142857142857,1.462041720205812,51.785714285714285,0.6661500000000004,54.0,0.9824561403508771,0.7606910829218291,14.545454545454545,0.2982456140350877,0.14035087719298245,,,0
079005bcaa66,DauT,2011,2011-11 (uploaded 2011-11-29),1v1 challenge,historical_110,1,[TyRanT]_DauT_,13,12,120,True,10–15 game minutes,42,5.0,3.3333333333333335,8.4,12.6,2.0249999999999773,1.3499999999999848,17.280000000000047,0.7199999999999515,0.04878048780487805,1.6644977792004614,51.21951219512195,0.7870000000000001,42.0,0.8571428571428571,0.8030717273241024,25.714285714285715,0.14285714285714285,0.2857142857142857,,,0
079005bcaa66,DauT,2011,2011-11 (uploaded 2011-11-29),1v1 challenge,historical_110,1,[TyRanT]_DauT_,13,12,120,True,15–20 game minutes,76,5.0,3.3333333333333335,15.2,22.8,2.4750000000000227,1.6500000000000152,8.289000000000005,0.36900000000002064,0.013333333333333334,1.7404836220435564,56.0,0.4720499999999992,54.0,0.9473684210526315,1.249112142767723,25.35211267605634,0.13157894736842105,0.47368421052631576,,,0
079005bcaa66,DauT,2011,2011-11 (uploaded 2011-11-29),1v1 challenge,historical_110,1,[TyRanT]_DauT_,13,12,120,True,20–25 game minutes,70,5.0,3.3333333333333335,14.0,21.0,2.9700000000000273,1.9800000000000182,6.947999999999891,0.35999999999997573,0.014492753623188406,1.8081556028493762,46.3768115942029,0.4578000000000005,54.0,0.8714285714285714,1.8713231812236995,40.0,0.1,0.6428571428571429,,,0
079005bcaa66,DauT,2011,2011-11 (uploaded 2011-11-29),1v1 challenge,historical_110,1,[TyRanT]_DauT_,13,12,120,True,25–30 game minutes,96,5.0,3.3333333333333335,19.2,28.799999999999997,2.1599999999998545,1.439999999999903,7.019999999999965,0.35999999999997573,0.031578947368421054,2.0201004893514796,57.89473684210526,0.37644999999999906,72.0,0.8333333333333334,2.3915353198594365,54.43037974683544,0.15625,0.6354166666666666,,,0
079005bcaa66,DauT,2011,2011-11 (uploaded 2011-11-29),1v1 challenge,historical_110,1,[TyRanT]_DauT_,13,12,120,True,30–35 game minutes,144,5.0,3.3333333333333335,28.8,43.199999999999996,1.0800000000001546,0.7200000000001031,5.039999999999964,0.35999999999997573,0.09090909090909091,2.377525836388449,48.95104895104895,0.25740000000000085,84.0,0.6875,2.732955045661804,50.0,0.2916666666666667,0.5069444444444444,,,0
079005bcaa66,DauT,2011,2011-11 (uploaded 2011-11-29),1v1 challenge,historical_110,1,[TyRanT]_DauT_,13,12,120,True,35–40 game minutes,148,5.0,3.3333333333333335,29.6,44.4,1.0799999999999272,0.7199999999999515,4.931999999999967,0.35999999999997573,0.1360544217687075,2.1090468548342796,36.054421768707485,0.32385000000000064,144.0,0.7432432432432432,1.5565497042134488,25.68807339449541,0.4594594594594595,0.16891891891891891,,,0
079005bcaa66,DauT,2011,2011-11 (uploaded 2011-11-29),1v1 challenge,historical_110,1,[TyRanT]_DauT_,13,12,120,True,40–42.0 game minutes,93,2.8609999999999975,1.9073333333333315,32.50611674239779,48.75917511359669,1.0799999999999272,0.7199999999999515,3.73499999999984,0.35999999999997573,0.16304347826086957,1.3345725675236173,30.434782608695652,0.2073575672841654,126.0,0.9139784946236559,0.7073770915316075,16.666666666666668,0.7096774193548387,0.0967741935483871,,,0
bb815fe6233a,DauT,2011,2011-11 (uploaded 2011-11-29),1v1 challenge,historical_110,1,[TyRanT]_DauT_,16,44,120,True,first 10 game minutes,290,10.0,6.666666666666667,29.0,43.5,0.9900000000000091,0.660000000000006,5.399999999999989,0.35999999999997573,0.18685121107266436,1.1112656939990218,25.259515570934255,0.4498749999999995,180.0,0.9689655172413794,3.2506545320736286,32.857142857142854,0.7344827586206897,0.05517241379310345,,,0
bb815fe6233a,DauT,2011,2011-11 (uploaded 2011-11-29),1v1 challenge,historical_110,1,[TyRanT]_DauT_,16,44,120,True,0–5 game minutes,203,5.0,3.3333333333333335,40.6,60.9,0.7199999999999989,0.47999999999999926,2.9655,0.330000000000003,0.21782178217821782,0.9939760793160229,23.762376237623762,0.21869999999999995,180.0,0.9852216748768473,2.887176622556668,34.17085427135678,0.7635467980295566,0.034482758620689655,,,0
bb815fe6233a,DauT,2011,2011-11 (uploaded 2011-11-29),1v1 challenge,historical_110,1,[TyRanT]_DauT_,16,44,120,True,5–10 game minutes,87,5.0,3.3333333333333335,17.4,26.099999999999998,1.079999999999984,0.7199999999999894,10.124999999999991,0.3599999999999947,0.11627906976744186,1.3111489887034773,29.069767441860463,0.6810499999999994,114.0,0.9310344827586207,2.9703283695031013,28.75,0.6666666666666666,0.10344827586206896,,,0
bb815fe6233a,DauT,2011,2011-11 (uploaded 2011-11-29),1v1 challenge,historical_110,1,[TyRanT]_DauT_,16,44,120,True,10–15 game minutes,189,5.0,3.3333333333333335,37.8,56.699999999999996,1.0799999999999272,0.7199999999999515,3.1560000000000072,0.35999999999997573,0.14361702127659576,1.2934263714092176,39.8936170212766,0.18294999999999959,144.0,0.9470899470899471,1.7527210502179331,17.415730337078653,0.7195767195767195,0.08994708994708994,,,0
bb815fe6233a,DauT,2011,2011-11 (uploaded 2011-11-29),1v1 challenge,historical_110,1,[TyRanT]_DauT_,16,44,120,True,15–20 game minutes,195,5.0,3.3333333333333335,39.0,58.5,1.0799999999999272,0.7199999999999515,3.239999999999933,0.35999999999997573,0.13402061855670103,1.1065380856411813,24.742268041237114,0.08670000000000036,114.0,0.9897435897435898,3.144352230704437,46.354166666666664,0.7487179487179487,0.15897435897435896,,,0
bb815fe6233a,DauT,2011,2011-11 (uploaded 2011-11-29),1v1 challenge,historical_110,1,[TyRanT]_DauT_,16,44,120,True,20–25 game minutes,183,5.0,3.3333333333333335,36.6,54.9,1.0799999999999272,0.7199999999999515,3.1784999999999926,0.35999999999997573,0.13186813186813187,1.6002522735278313,30.76923076923077,0.1543500000000002,126.0,0.9234972677595629,1.628079643340795,22.61904761904762,0.6284153005464481,0.14754098360655737,,,0
bb815fe6233a,DauT,2011,2011-11 (uploaded 2011-11-29),1v1 challenge,historical_110,1,[TyRanT]_DauT_,16,44,120,True,25–30 game minutes,162,5.0,3.3333333333333335,32.4,48.599999999999994,1.0800000000001546,0.7200000000001031,3.959999999999885,0.35999999999997573,0.10559006211180125,1.4607121060336183,36.024844720496894,0.0,120.0,0.9197530864197531,2.3361445463344124,37.16216216216216,0.654320987654321,0.19135802469135801,,,0
bb815fe6233a,DauT,2011,2011-11 (uploaded 2011-11-29),1v1 challenge,historical_110,1,[TyRanT]_DauT_,16,44,120,True,30–34.0 game minutes,142,4.209,2.8059999999999996,33.73722974578285,50.605844618674276,1.0799999999999272,0.7199999999999515,3.6000000000000605,0.35999999999997573,0.06382978723404255,1.7416448302364862,41.13475177304964,0.1530648610121168,114.0,0.9436619718309859,1.8151377532885227,31.57894736842105,0.47183098591549294,0.23943661971830985,,,0
252b3a6bcf45,DauT,2011,2011-11 (uploaded 2011-11-29),1v1 challenge,historical_110,1,[TyRanT]_DauT_,11,10,144,False,first 10 game minutes,420,10.0,6.666666666666667,42.0,63.0,0.585000000000008,0.3900000000000053,3.573000000000008,0.330000000000003,0.1766109785202864,0.8693025088762434,19.809069212410503,0.20504999999999993,168.0,0.9952380952380953,2.7245059522678683,30.93525179856115,0.7952380952380952,0.02857142857142857,,,0
252b3a6bcf45,DauT,2011,2011-11 (uploaded 2011-11-29),1v1 challenge,historical_110,1,[TyRanT]_DauT_,11,10,144,False,0–5 game minutes,277,5.0,3.3333333333333335,55.4,83.1,0.5400000000000205,0.36000000000001364,2.5500000000000114,0.3299999999999983,0.213768115942029,0.7032864607502363,14.855072463768115,0.07230000000000009,168.0,1.0,2.3978167268993387,30.797101449275363,0.8447653429602888,0.018050541516245487,,,0
252b3a6bcf45,DauT,2011,2011-11 (uploaded 2011-11-29),1v1 challenge,historical_110,1,[TyRanT]_DauT_,11,10,144,False,5–10 game minutes,143,5.0,3.3333333333333335,28.6,42.9,1.079999999999984,0.7199999999999894,5.307000000000019,0.3479999999999867,0.1056338028169014,1.1171261654229172,28.87323943661972,0.3377999999999997,102.0,0.986013986013986,2.639963558419935,31.428571428571427,0.6993006993006993,0.04895104895104895,,,0
252b3a6bcf45,DauT,2011,2011-11 (uploaded 2011-11-29),1v1 challenge,historical_110,1,[TyRanT]_DauT_,11,10,144,False,10–15 game minutes,150,5.0,3.3333333333333335,30.0,45.0,1.169999999999959,0.7799999999999727,5.567999999999993,0.35999999999997573,0.11409395973154363,1.465913992935461,38.25503355704698,0.2647499999999998,120.0,0.98,3.365423358950674,41.78082191780822,0.5533333333333333,0.13333333333333333,,,0
252b3a6bcf45,DauT,2011,2011-11 (uploaded 2011-11-29),1v1 challenge,historical_110,1,[TyRanT]_DauT_,11,10,144,False,15–20 game minutes,132,5.0,3.3333333333333335,26.4,39.6,1.0799999999999272,0.7199999999999515,5.14500000000002,0.35999999999997573,0.15267175572519084,1.2914803461329014,32.82442748091603,0.3878499999999997,174.0,0.9848484848484849,1.383422489350031,29.45736434108527,0.4621212121212121,0.05303030303030303,,,0
252b3a6bcf45,DauT,2011,2011-11 (uploaded 2011-11-29),1v1 challenge,historical_110,1,[TyRanT]_DauT_,11,10,144,False,20–25 game minutes,159,5.0,3.3333333333333335,31.8,47.699999999999996,1.0800000000001546,0.7200000000001031,3.9869999999999064,0.35999999999997573,0.12025316455696203,1.1658731477136624,33.54430379746835,0.20624999999999927,102.0,0.9937106918238994,1.976493955911812,32.48407643312102,0.6666666666666666,0.050314465408805034,,,0
252b3a6bcf45,DauT,2011,2011-11 (uploaded 2011-11-29),1v1 challenge,historical_110,1,[TyRanT]_DauT_,11,10,144,False,25–30 game minutes,150,5.0,3.3333333333333335,30.0,45.0,1.0799999999999272,0.7199999999999515,5.040000000000055,0.35999999999997573,0.09395973154362416,1.483989057607685,39.59731543624161,0.2796000000000011,108.0,0.94,1.2103776358220268,20.0,0.5733333333333334,0.10666666666666667,,,0
252b3a6bcf45,DauT,2011,2011-11 (uploaded 2011-11-29),1v1 challenge,historical_110,1,[TyRanT]_DauT_,11,10,144,False,30–32.0 game minutes,86,2.8732499999999996,1.9155,29.931262507613333,44.896893761419996,1.6199999999998909,1.0799999999999272,3.58199999999991,0.35999999999997573,0.08235294117647059,1.186057598567619,24.705882352941178,0.100234925606891,90.0,0.9883720930232558,0.7871265862012691,21.428571428571427,0.5813953488372093,0.03488372093023256,,,0
2a4d86704ada,TheViper,2012,2012-01-06 (filename; uploaded 2012-01-07),team game,historical_119,5,TheViper,12,9,220,,first 10 game minutes,423,10.0,6.666666666666667,42.3,63.449999999999996,1.3499999999999943,0.8999999999999962,3.2684999999999813,0.8999999999999773,0.43601895734597157,0.8425509699901718,20.85308056872038,0.1433249999999999,222.0,0.9858156028368794,1.751069703324593,20.673076923076923,0.8250591016548463,0.04018912529550828,,,0
2a4d86704ada,TheViper,2012,2012-01-06 (filename; uploaded 2012-01-07),team game,historical_119,5,TheViper,12,9,220,,0–5 game minutes,213,5.0,3.3333333333333335,42.6,63.9,1.3499999999999943,0.8999999999999962,2.969999999999999,0.8460000000000113,0.42452830188679247,0.7828792249634954,20.28301886792453,0.11310000000000002,138.0,0.9859154929577465,1.7536524851085367,24.880382775119617,0.8403755868544601,0.03286384976525822,,,0
2a4d86704ada,TheViper,2012,2012-01-06 (filename; uploaded 2012-01-07),team game,historical_119,5,TheViper,12,9,220,,5–10 game minutes,210,5.0,3.3333333333333335,42.0,63.0,1.349999999999966,0.8999999999999773,4.044000000000005,0.8999999999999773,0.44976076555023925,0.8989619511507343,21.05263157894737,0.1735499999999998,222.0,0.9857142857142858,1.5011616433701334,16.50485436893204,0.8095238095238095,0.047619047619047616,,,0
2a4d86704ada,TheViper,2012,2012-01-06 (filename; uploaded 2012-01-07),team game,historical_119,5,TheViper,12,9,220,,10–15 game minutes,190,5.0,3.3333333333333335,38.0,57.0,1.4399999999999409,0.9599999999999606,3.059999999999991,0.839999999999994,0.4126984126984127,1.176684148597857,32.27513227513227,0.11964999999999992,126.0,0.9789473684210527,2.327390127534608,28.10810810810811,0.7157894736842105,0.08947368421052632,,,0
2a4d86704ada,TheViper,2012,2012-01-06 (filename; uploaded 2012-01-07),team game,historical_119,5,TheViper,12,9,220,,15–20 game minutes,211,5.0,3.3333333333333335,42.2,63.3,0.0,0.0,3.9675000000000105,0.8999999999999394,0.5047619047619047,1.1223292289709754,27.61904761904762,0.21284999999999893,222.0,0.981042654028436,1.9164040610615083,18.932038834951456,0.7535545023696683,0.10900473933649289,,,0
2a4d86704ada,TheViper,2012,2012-01-06 (filename; uploaded 2012-01-07),team game,historical_119,5,TheViper,12,9,220,,20–25 game minutes,181,5.0,3.3333333333333335,36.2,54.3,1.3949999999999818,0.9299999999999878,3.9645000000000348,0.9479999999999261,0.46111111111111114,1.0696833710825948,31.11111111111111,0.2716500000000004,156.0,0.9392265193370166,0.38961932489170387,10.059171597633137,0.7734806629834254,0.08839779005524862,,,0
2a4d86704ada,TheViper,2012,2012-01-06 (filename; uploaded 2012-01-07),team game,historical_119,5,TheViper,12,9,220,,25–30 game minutes,171,5.0,3.3333333333333335,34.2,51.3,1.3949999999999818,0.9299999999999878,5.098499999999955,0.9299999999999878,0.4470588235294118,1.2073258848701407,31.176470588235293,0.3138000000000003,150.0,0.9883040935672515,0.7242886540077837,13.095238095238095,0.7134502923976608,0.16374269005847952,,,0
2a4d86704ada,TheViper,2012,2012-01-06 (filename; uploaded 2012-01-07),team game,historical_119,5,TheViper,12,9,220,,30–35 game minutes,124,5.0,3.3333333333333335,24.8,37.199999999999996,1.4850000000001273,0.9900000000000849,5.0970000000000555,0.9299999999999878,0.34146341463414637,1.6603927694733764,46.34146341463415,0.3815500000000013,84.0,0.967741935483871,1.1620258174279723,14.285714285714286,0.47580645161290325,0.3064516129032258,,,0
2a4d86704ada,TheViper,2012,2012-01-06 (filename; uploaded 2012-01-07),team game,historical_119,5,TheViper,12,9,220,,35–40 game minutes,100,5.0,3.3333333333333335,20.0,30.0,1.4400000000000546,0.9600000000000364,7.974000000000099,0.9299999999999878,0.32323232323232326,2.1180678444485648,54.54545454545455,0.5010000000000021,78.0,0.67,1.8387802668324718,46.96969696969697,0.31,0.47,,,0
2a4d86704ada,TheViper,2012,2012-01-06 (filename; uploaded 2012-01-07),team game,historical_119,5,TheViper,12,9,220,,40–45 game minutes,154,5.0,3.3333333333333335,30.8,46.199999999999996,1.349999999999909,0.8999999999999394,5.273999999999918,0.9000000000002122,0.477124183006536,1.3001983069463652,28.758169934640524,0.4139999999999994,144.0,0.9155844155844156,1.0232636868805296,15.714285714285714,0.7467532467532467,0.12337662337662338,,,0
2a4d86704ada,TheViper,2012,2012-01-06 (filename; uploaded 2012-01-07),team game,historical_119,5,TheViper,12,9,220,,45–50 game minutes,181,5.0,3.3333333333333335,36.2,54.3,0.0,0.0,4.32600000000002,0.9900000000000849,0.5055555555555555,1.3652170957420293,27.77777777777778,0.3160500000000002,192.0,0.9116022099447514,2.019669994550549,20.121951219512194,0.7403314917127072,0.11602209944751381,,,0
2a4d86704ada,TheViper,2012,2012-01-06 (filename; uploaded 2012-01-07),team game,historical_119,5,TheViper,12,9,220,,50–55 game minutes,126,5.0,3.3333333333333335,25.2,37.8,1.4400000000000546,0.9600000000000364,5.999999999999878,0.9600000000000364,0.432,1.1818719996122307,32.0,0.5013000000000011,120.0,0.9603174603174603,2.962511356450901,28.333333333333332,0.746031746031746,0.0873015873015873,,,0
be2ccdca713e,TheViper,2012,2012-01-06 (filename; uploaded 2012-01-07),team game,historical_119,4,TheViper,3,19,240,,first 10 game minutes,319,10.0,6.666666666666667,31.9,47.85,1.0349999999999966,0.6899999999999977,4.153499999999986,0.5400000000000015,0.25157232704402516,1.0635374486365168,30.18867924528302,0.18287499999999995,102.0,0.9843260188087775,1.1785969651376864,24.28115015974441,0.7460815047021944,0.050156739811912224,,,0
be2ccdca713e,TheViper,2012,2012-01-06 (filename; uploaded 2012-01-07),team game,historical_119,4,TheViper,3,19,240,,0–5 game minutes,203,5.0,3.3333333333333335,40.6,60.9,0.9450000000000003,0.6300000000000002,3.3209999999999997,0.5399999999999826,0.2871287128712871,0.8080697110335922,23.26732673267327,0.0,102.0,0.9950738916256158,1.2987387114676203,23.880597014925375,0.8275862068965517,0.029556650246305417,,,0
be2ccdca713e,TheViper,2012,2012-01-06 (filename; uploaded 2012-01-07),team game,historical_119,4,TheViper,3,19,240,,5–10 game minutes,116,5.0,3.3333333333333335,23.2,34.8,1.079999999999984,0.7199999999999894,5.949000000000019,0.5700000000000122,0.19130434782608696,1.3521457689000045,42.608695652173914,0.3657499999999999,78.0,0.9655172413793104,0.9004821758212007,25.225225225225227,0.603448275862069,0.08620689655172414,,,0
be2ccdca713e,TheViper,2012,2012-01-06 (filename; uploaded 2012-01-07),team game,historical_119,4,TheViper,3,19,240,,10–15 game minutes,89,5.0,3.3333333333333335,17.8,26.7,1.5299999999999727,1.0199999999999818,6.822000000000025,0.5100000000000667,0.22727272727272727,1.57816720669171,42.04545454545455,0.4853500000000001,78.0,0.9213483146067416,0.9284857177599231,12.345679012345679,0.5617977528089888,0.16853932584269662,,,0
be2ccdca713e,TheViper,2012,2012-01-06 (filename; uploaded 2012-01-07),team game,historical_119,4,TheViper,3,19,240,,15–20 game minutes,244,5.0,3.3333333333333335,48.8,73.2,0.900000000000091,0.6000000000000606,3.1350000000000784,0.599999999999909,0.4156378600823045,0.999636066257444,25.102880658436213,0.17625000000000038,192.0,0.9590163934426229,1.5792433775926908,9.44206008583691,0.7909836065573771,0.06967213114754098,,,0
be2ccdca713e,TheViper,2012,2012-01-06 (filename; uploaded 2012-01-07),team game,historical_119,4,TheViper,3,19,240,,20–25 game minutes,173,5.0,3.3333333333333335,34.6,51.9,0.900000000000091,0.6000000000000606,4.560000000000097,0.5699999999998757,0.3488372093023256,1.37075134308255,35.46511627906977,0.32940000000000125,132.0,0.9653179190751445,1.511992295762941,21.686746987951807,0.6705202312138728,0.12716763005780346,,,0
be2ccdca713e,TheViper,2012,2012-01-06 (filename; uploaded 2012-01-07),team game,historical_119,4,TheViper,3,19,240,,25–30 game minutes,204,5.0,3.3333333333333335,40.8,61.199999999999996,0.9900000000000091,0.660000000000006,3.5850000000000484,0.6299999999999576,0.3793103448275862,1.6669872511929025,33.49753694581281,0.061799999999999876,222.0,0.9313725490196079,2.415929198443794,26.984126984126984,0.5735294117647058,0.22058823529411764,,,0
be2ccdca713e,TheViper,2012,2012-01-06 (filename; uploaded 2012-01-07),team game,historical_119,4,TheViper,3,19,240,,30–35 game minutes,98,5.0,3.3333333333333335,19.6,29.4,1.0350000000003092,0.6900000000002061,7.368000000000053,0.6000000000000606,0.21649484536082475,1.8488082912771895,44.329896907216494,0.44504999999999806,66.0,0.8469387755102041,2.314531991385688,37.80487804878049,0.4387755102040816,0.24489795918367346,,,0
be2ccdca713e,TheViper,2012,2012-01-06 (filename; uploaded 2012-01-07),team game,historical_119,4,TheViper,3,19,240,,35–40 game minutes,132,5.0,3.3333333333333335,26.4,39.6,1.0349999999998545,0.689999999999903,6.329999999999927,0.6539999999999054,0.32061068702290074,1.3743836523324224,25.954198473282442,0.43034999999999707,96.0,0.9393939393939394,2.8017999147025807,32.520325203252035,0.7045454545454546,0.1893939393939394,,,0
be2ccdca713e,TheViper,2012,2012-01-06 (filename; uploaded 2012-01-07),team game,historical_119,4,TheViper,3,19,240,,40–45 game minutes,101,5.0,3.3333333333333335,20.2,30.299999999999997,1.0799999999999272,0.7199999999999515,8.139000000000062,0.6300000000001091,0.29,1.2782925121112672,23.0,0.5266999999999977,102.0,0.9306930693069307,2.484140467530298,32.25806451612903,0.7524752475247525,0.1188118811881188,,,0
5e1293a4be54,DauT,2012,2012-05 (uploaded 2012-05-27),team game,historical_147,2,[TyRanT]_DauT_,16,9,168,,first 10 game minutes,391,10.0,6.666666666666667,39.1,58.65,0.8100000000000023,0.5400000000000015,3.739499999999992,0.419999999999997,0.2,0.8616167438346651,22.564102564102566,0.13335000000000008,156.0,0.9948849104859335,2.2051273248921452,34.5360824742268,0.8158567774936062,0.04603580562659847,,,0
5e1293a4be54,DauT,2012,2012-05 (uploaded 2012-05-27),team game,historical_147,2,[TyRanT]_DauT_,16,9,168,,0–5 game minutes,237,5.0,3.3333333333333335,47.4,71.1,0.8100000000000023,0.5400000000000015,3.067500000000005,0.36000000000000226,0.25,0.6859253202421934,14.40677966101695,0.05459999999999999,156.0,0.9915611814345991,1.9478263889298815,31.196581196581196,0.869198312236287,0.029535864978902954,,,0
5e1293a4be54,DauT,2012,2012-05 (uploaded 2012-05-27),team game,historical_147,2,[TyRanT]_DauT_,16,9,168,,5–10 game minutes,154,5.0,3.3333333333333335,30.8,46.199999999999996,1.079999999999984,0.7199999999999894,4.176000000000031,0.45000000000000756,0.12418300653594772,1.0593794729924206,35.294117647058826,0.18660000000000024,102.0,1.0,2.1758173209779375,39.869281045751634,0.7337662337662337,0.07142857142857142,,,0
5e1293a4be54,DauT,2012,2012-05 (uploaded 2012-05-27),team game,historical_147,2,[TyRanT]_DauT_,16,9,168,,10–15 game minutes,161,5.0,3.3333333333333335,32.2,48.3,0.8100000000000591,0.5400000000000394,4.694999999999984,0.36000000000005156,0.14375,1.3742345443084378,35.625,0.22995000000000004,120.0,0.968944099378882,1.2781459676860085,23.225806451612904,0.5527950310559007,0.08074534161490683,,,0
5e1293a4be54,DauT,2012,2012-05 (uploaded 2012-05-27),team game,historical_147,2,[TyRanT]_DauT_,16,9,168,,15–20 game minutes,145,5.0,3.3333333333333335,29.0,43.5,1.349999999999966,0.8999999999999773,4.283999999999998,0.4199999999999818,0.2013888888888889,1.303720698439477,33.333333333333336,0.17340000000000033,144.0,0.9586206896551724,0.9763796895683101,10.869565217391305,0.6551724137931034,0.0896551724137931,,,0
5e1293a4be54,DauT,2012,2012-05 (uploaded 2012-05-27),team game,historical_147,2,[TyRanT]_DauT_,16,9,168,,20–25 game minutes,88,5.0,3.3333333333333335,17.6,26.4,1.8899999999998727,1.2599999999999152,7.230000000000004,0.4889999999999873,0.14942528735632185,1.5120761180582623,32.18390804597701,0.4684500000000002,72.0,0.9659090909090909,1.9666105083628425,40.476190476190474,0.6136363636363636,0.19318181818181818,,,0
5e1293a4be54,DauT,2012,2012-05 (uploaded 2012-05-27),team game,historical_147,2,[TyRanT]_DauT_,16,9,168,,25–30 game minutes,167,5.0,3.3333333333333335,33.4,50.099999999999994,0.8100000000001728,0.5400000000001152,3.5699999999998986,0.42000000000007276,0.21084337349397592,1.245483038196853,33.734939759036145,0.25784999999999925,108.0,0.9700598802395209,2.1324254593588066,24.22360248447205,0.7125748502994012,0.09580838323353294,,,0
5e1293a4be54,DauT,2012,2012-05 (uploaded 2012-05-27),team game,historical_147,2,[TyRanT]_DauT_,16,9,168,,30–35 game minutes,179,5.0,3.3333333333333335,35.8,53.699999999999996,0.8325000000002092,0.5550000000001395,3.7980000000000556,0.35999999999997573,0.17415730337078653,1.1283819972682327,25.84269662921348,0.12824999999999892,144.0,0.9888268156424581,2.2124390305331105,31.818181818181817,0.7430167597765364,0.1564245810055866,,,0
5e1293a4be54,DauT,2012,2012-05 (uploaded 2012-05-27),team game,historical_147,2,[TyRanT]_DauT_,16,9,168,,35–40 game minutes,162,5.0,3.3333333333333335,32.4,48.599999999999994,0.9900000000002365,0.6600000000001577,3.7800000000000487,0.35999999999997573,0.14285714285714285,1.4071054148720177,32.91925465838509,0.13035000000000005,126.0,0.9444444444444444,1.7803489813579494,23.68421052631579,0.6790123456790124,0.16049382716049382,,,0
5e1293a4be54,DauT,2012,2012-05 (uploaded 2012-05-27),team game,historical_147,2,[TyRanT]_DauT_,16,9,168,,40–45 game minutes,140,5.0,3.3333333333333335,28.0,42.0,1.5299999999997453,1.0199999999998302,4.991999999999853,0.4800000000001394,0.20863309352517986,1.8173261146827704,43.884892086330936,0.21450000000000272,78.0,0.8785714285714286,1.9121079119269884,32.78688524590164,0.5071428571428571,0.2642857142857143,,,0
5e1293a4be54,DauT,2012,2012-05 (uploaded 2012-05-27),team game,historical_147,2,[TyRanT]_DauT_,16,9,168,,45–47.0 game minutes,59,2.86875,1.9125,20.56644880174292,30.849673202614376,1.800000000000182,1.2000000000001212,4.899000000000142,0.5399999999999636,0.1206896551724138,1.461897481860095,31.03448275862069,0.2847058823529418,66.0,0.9830508474576272,1.6686805888688965,28.07017543859649,0.5084745762711864,0.11864406779661017,,,0
5e1293a4be54,TheViper,2012,2012-05 (uploaded 2012-05-27),team game,historical_147,4,TheViper,16,9,168,,first 10 game minutes,436,10.0,6.666666666666667,43.6,65.39999999999999,0.8099999999999952,0.5399999999999968,3.3990000000000014,0.419999999999997,0.25057471264367814,0.990117943716676,21.60919540229885,0.07402499999999995,156.0,0.9885321100917431,2.1632708806558623,26.046511627906977,0.7637614678899083,0.0389908256880734,,,0
5e1293a4be54,TheViper,2012,2012-05 (uploaded 2012-05-27),team game,historical_147,4,TheViper,16,9,168,,0–5 game minutes,244,5.0,3.3333333333333335,48.8,73.2,0.8099999999999952,0.5399999999999968,2.7989999999999924,0.39000000000000057,0.24691358024691357,1.0359640803093835,18.51851851851852,0.026400000000000055,156.0,0.9877049180327869,1.9339521249073401,25.833333333333332,0.7336065573770492,0.03278688524590164,,,0
5e1293a4be54,TheViper,2012,2012-05 (uploaded 2012-05-27),team game,historical_147,4,TheViper,16,9,168,,5–10 game minutes,192,5.0,3.3333333333333335,38.4,57.599999999999994,0.8099999999999454,0.5399999999999636,3.779999999999992,0.42299999999999427,0.25654450261780104,0.9098684351997102,25.654450261780106,0.12164999999999983,138.0,0.9895833333333334,2.283818217644903,26.455026455026456,0.8020833333333334,0.046875,,,0
5e1293a4be54,TheViper,2012,2012-05 (uploaded 2012-05-27),team game,historical_147,4,TheViper,16,9,168,,10–15 game minutes,258,5.0,3.3333333333333335,51.6,77.39999999999999,0.7649999999999864,0.5099999999999909,2.7059999999999786,0.38099999999997936,0.30739299610894943,0.9412286699214213,19.844357976653697,0.026100000000000137,174.0,0.9844961240310077,1.3792561655834146,14.624505928853756,0.7984496124031008,0.05426356589147287,,,0
5e1293a4be54,TheViper,2012,2012-05 (uploaded 2012-05-27),team game,historical_147,4,TheViper,16,9,168,,15–20 game minutes,250,5.0,3.3333333333333335,50.0,75.0,0.7199999999997999,0.4799999999998666,3.204000000000056,0.33000000000007884,0.30120481927710846,0.910460892709779,23.694779116465863,0.02609999999999976,150.0,0.976,1.9291412402489745,20.16460905349794,0.828,0.1,,,0
5e1293a4be54,TheViper,2012,2012-05 (uploaded 2012-05-27),team game,historical_147,4,TheViper,16,9,168,,20–25 game minutes,177,5.0,3.3333333333333335,35.4,53.099999999999994,0.8099999999999454,0.5399999999999636,3.855000000000018,0.4139999999999418,0.26704545454545453,1.2432609214592518,25.0,0.30119999999999963,156.0,0.8813559322033898,2.304934598738149,21.93548387096774,0.7457627118644068,0.13559322033898305,,,0
5e1293a4be54,TheViper,2012,2012-05 (uploaded 2012-05-27),team game,historical_147,4,TheViper,16,9,168,,25–30 game minutes,233,5.0,3.3333333333333335,46.6,69.89999999999999,0.8099999999999454,0.5399999999999636,3.077999999999987,0.41999999999992116,0.2543103448275862,1.3024293418761055,43.53448275862069,0.0764999999999994,204.0,0.9699570815450643,2.1317212225920765,20.88888888888889,0.6866952789699571,0.13733905579399142,,,0
5e1293a4be54,TheViper,2012,2012-05 (uploaded 2012-05-27),team game,historical_147,4,TheViper,16,9,168,,30–35 game minutes,211,5.0,3.3333333333333335,42.2,63.3,0.7650000000001,0.5100000000000667,4.162500000000043,0.35999999999997573,0.2714285714285714,1.4121328019686978,30.952380952380953,0.1864499999999998,222.0,0.9383886255924171,1.7650338286084017,19.79695431472081,0.7014218009478673,0.17535545023696683,,,0
5e1293a4be54,TheViper,2012,2012-05 (uploaded 2012-05-27),team game,historical_147,4,TheViper,16,9,168,,35–40 game minutes,192,5.0,3.3333333333333335,38.4,57.599999999999994,0.8099999999999454,0.5399999999999636,4.110000000000127,0.4200000000000424,0.2670157068062827,1.4136519967170036,39.79057591623037,0.1962499999999985,192.0,0.9375,1.125650560667247,10.614525139664805,0.6875,0.13020833333333334,,,0
5e1293a4be54,TheViper,2012,2012-05 (uploaded 2012-05-27),team game,historical_147,4,TheViper,16,9,168,,40–45 game minutes,167,5.0,3.3333333333333335,33.4,50.099999999999994,0.8099999999999454,0.5399999999999636,4.304999999999761,0.4859999999998763,0.25903614457831325,1.2635382131253219,25.301204819277107,0.2726999999999998,108.0,0.9401197604790419,1.4650741807972105,16.666666666666668,0.7125748502994012,0.08982035928143713,,,0
5e1293a4be54,TheViper,2012,2012-05 (uploaded 2012-05-27),team game,historical_147,4,TheViper,16,9,168,,45–47.0 game minutes,134,2.86875,1.9125,46.710239651416124,70.06535947712418,0.8099999999999454,0.5399999999999636,3.0719999999999263,0.4799999999998666,0.2781954887218045,1.3162515763809362,33.83458646616541,0.06431372549019702,132.0,0.9850746268656716,1.1931061046913938,17.557251908396946,0.6194029850746269,0.08955223880597014,,,0
bd5257dfee73,DauT,2012,2012-05 (uploaded 2012-05-27),team game,historical_147,2,[TyRanT]_DauT_,12,9,168,,first 10 game minutes,578,10.0,6.666666666666667,57.8,86.7,0.7649999999999864,0.5099999999999909,2.3100000000000063,0.330000000000003,0.29982668977469673,0.642531344077256,15.424610051993067,0.10064999999999995,210.0,0.9878892733564014,2.3897157610640334,22.982456140350877,0.8823529411764706,0.02768166089965398,,,0
bd5257dfee73,DauT,2012,2012-05 (uploaded 2012-05-27),team game,historical_147,2,[TyRanT]_DauT_,12,9,168,,0–5 game minutes,362,5.0,3.3333333333333335,72.4,108.6,0.7649999999999864,0.5099999999999909,1.8000000000000018,0.330000000000003,0.34349030470914127,0.47226422493271253,10.803324099722992,0.052649999999999954,210.0,0.9972375690607734,1.9936786384158287,21.11111111111111,0.919889502762431,0.016574585635359115,,,0
bd5257dfee73,DauT,2012,2012-05 (uploaded 2012-05-27),team game,historical_147,2,[TyRanT]_DauT_,12,9,168,,5–10 game minutes,216,5.0,3.3333333333333335,43.2,64.8,0.7649999999999864,0.5099999999999909,2.7000000000000077,0.38999999999998636,0.22790697674418606,0.8745291399981118,23.25581395348837,0.14864999999999987,168.0,0.9722222222222222,2.5441135461600672,26.31578947368421,0.8194444444444444,0.046296296296296294,,,0
bd5257dfee73,DauT,2012,2012-05 (uploaded 2012-05-27),team game,historical_147,2,[TyRanT]_DauT_,12,9,168,,10–15 game minutes,192,5.0,3.3333333333333335,38.4,57.599999999999994,0.8100000000000591,0.5400000000000394,3.434999999999983,0.36000000000005156,0.2356020942408377,1.139204414545921,31.93717277486911,0.17745000000000044,108.0,0.984375,2.1023832930146633,28.72340425531915,0.7239583333333334,0.08333333333333333,,,0
bd5257dfee73,DauT,2012,2012-05 (uploaded 2012-05-27),team game,historical_147,2,[TyRanT]_DauT_,12,9,168,,15–20 game minutes,196,5.0,3.3333333333333335,39.2,58.8,0.8099999999999454,0.5399999999999636,4.382999999999974,0.38999999999994844,0.2512820512820513,1.0649708726314182,28.71794871794872,0.16799999999999876,138.0,0.9846938775510204,2.7405185830731895,30.729166666666668,0.7704081632653061,0.10204081632653061,,,0
bd5257dfee73,DauT,2012,2012-05 (uploaded 2012-05-27),team game,historical_147,2,[TyRanT]_DauT_,12,9,168,,20–25 game minutes,180,5.0,3.3333333333333335,36.0,54.0,0.7650000000001,0.5100000000000667,4.320000000000012,0.41999999999992116,0.2737430167597765,1.0770149164708558,29.608938547486034,0.30010000000000064,162.0,0.95,2.3622892926773544,24.705882352941178,0.7777777777777778,0.09444444444444444,,,0
bd5257dfee73,DauT,2012,2012-05 (uploaded 2012-05-27),team game,historical_147,2,[TyRanT]_DauT_,12,9,168,,25–30 game minutes,163,5.0,3.3333333333333335,32.6,48.9,0.8100000000001728,0.5400000000001152,4.576499999999991,0.5099999999999151,0.20987654320987653,1.4581547424524937,46.2962962962963,0.16859999999999975,120.0,0.9877300613496932,2.3173015177742773,46.25,0.5828220858895705,0.18404907975460122,,,0
bd5257dfee73,DauT,2012,2012-05 (uploaded 2012-05-27),team game,historical_147,2,[TyRanT]_DauT_,12,9,168,,30–35 game minutes,133,5.0,3.3333333333333335,26.6,39.9,1.5299999999999727,1.0199999999999818,4.514999999999968,0.5100000000000667,0.13636363636363635,1.57797720011724,41.666666666666664,0.14925000000000105,72.0,0.9323308270676691,2.748503185952344,46.34146341463415,0.5263157894736842,0.3684210526315789,,,0
bd5257dfee73,DauT,2012,2012-05 (uploaded 2012-05-27),team game,historical_147,2,[TyRanT]_DauT_,12,9,168,,35–40 game minutes,102,5.0,3.3333333333333335,20.4,30.599999999999998,1.6199999999998909,1.0799999999999272,6.0,0.5399999999999636,0.1782178217821782,2.3149328776986473,54.45544554455446,0.48210000000000036,66.0,0.5686274509803921,2.3572137586558455,43.85964912280702,0.20588235294117646,0.6862745098039216,,,0
bd5257dfee73,DauT,2012,2012-05 (uploaded 2012-05-27),team game,historical_147,2,[TyRanT]_DauT_,12,9,168,,40–45 game minutes,126,5.0,3.3333333333333335,25.2,37.8,1.5750000000002728,1.050000000000182,4.320000000000012,0.5099999999999151,0.144,1.8212525697274957,37.6,0.124050000000002,78.0,0.873015873015873,2.827856070301904,53.211009174311926,0.5238095238095238,0.3412698412698413,,,0
bd5257dfee73,DauT,2012,2012-05 (uploaded 2012-05-27),team game,historical_147,2,[TyRanT]_DauT_,12,9,168,,45–50 game minutes,127,5.0,3.3333333333333335,25.4,38.1,1.5974999999998545,1.064999999999903,4.740000000000009,0.5099999999999151,0.1746031746031746,1.3660865777561964,40.476190476190474,0.20820000000000163,78.0,0.937007874015748,2.497044706410352,44.91525423728814,0.7007874015748031,0.14960629921259844,,,0
bd5257dfee73,DauT,2012,2012-05 (uploaded 2012-05-27),team game,historical_147,2,[TyRanT]_DauT_,12,9,168,,50–55 game minutes,149,5.0,3.3333333333333335,29.8,44.699999999999996,1.3274999999998727,0.8849999999999151,4.417499999999992,0.5099999999999151,0.18243243243243243,1.3141674258791292,33.108108108108105,0.11115000000000083,96.0,0.9664429530201343,2.630508158287104,39.16083916083916,0.6912751677852349,0.11409395973154363,,,0
bd5257dfee73,TheViper,2012,2012-05 (uploaded 2012-05-27),team game,historical_147,4,TheViper,16,9,168,,first 10 game minutes,604,10.0,6.666666666666667,60.4,90.6,0.7649999999999864,0.5099999999999909,2.4869999999999988,0.330000000000003,0.33665008291873966,0.8168096215227956,19.071310116086234,0.013649999999999902,324.0,0.9933774834437086,2.3602166525683703,27.21202003338898,0.8294701986754967,0.0347682119205298,,,0
bd5257dfee73,TheViper,2012,2012-05 (uploaded 2012-05-27),team game,historical_147,4,TheViper,16,9,168,,0–5 game minutes,354,5.0,3.3333333333333335,70.8,106.19999999999999,0.6750000000000114,0.45000000000000756,2.1600000000000033,0.330000000000003,0.3881019830028329,0.7039517431400129,17.56373937677054,0.0,324.0,0.9971751412429378,2.0201266357321237,24.147727272727273,0.847457627118644,0.01694915254237288,,,0
bd5257dfee73,TheViper,2012,2012-05 (uploaded 2012-05-27),team game,historical_147,4,TheViper,16,9,168,,5–10 game minutes,250,5.0,3.3333333333333335,50.0,75.0,0.8100000000000023,0.5400000000000015,2.7179999999999755,0.39000000000002427,0.26506024096385544,0.9480558358555756,21.285140562248998,0.027299999999999804,204.0,0.988,2.4099161818164063,31.70731707317073,0.804,0.06,,,0
bd5257dfee73,TheViper,2012,2012-05 (uploaded 2012-05-27),team game,historical_147,4,TheViper,16,9,168,,10–15 game minutes,226,5.0,3.3333333333333335,45.2,67.8,0.8099999999999454,0.5399999999999636,3.7439999999999873,0.35999999999997573,0.3022222222222222,1.4287771504274065,35.55555555555556,0.18360000000000012,204.0,0.9690265486725663,2.0245147743718785,20.642201834862384,0.6106194690265486,0.10619469026548672,,,0
bd5257dfee73,TheViper,2012,2012-05 (uploaded 2012-05-27),team game,historical_147,4,TheViper,16,9,168,,15–20 game minutes,251,5.0,3.3333333333333335,50.2,75.3,0.7649999999999295,0.509999999999953,2.5829999999999314,0.4199999999999287,0.272,1.3363482084090443,40.4,0.07410000000000007,216.0,0.9681274900398407,2.580749820970883,28.09917355371901,0.6733067729083665,0.09163346613545817,,,0
bd5257dfee73,TheViper,2012,2012-05 (uploaded 2012-05-27),team game,historical_147,4,TheViper,16,9,168,,20–25 game minutes,175,5.0,3.3333333333333335,35.0,52.5,0.8099999999999454,0.5399999999999636,4.661999999999905,0.4499999999999697,0.3045977011494253,1.1972876319222365,18.96551724137931,0.17385000000000064,132.0,0.8971428571428571,2.0487982038897914,19.23076923076923,0.7428571428571429,0.12,,,0
bd5257dfee73,TheViper,2012,2012-05 (uploaded 2012-05-27),team game,historical_147,4,TheViper,16,9,168,,25–30 game minutes,257,5.0,3.3333333333333335,51.4,77.1,0.7650000000001,0.5100000000000667,3.240000000000085,0.4499999999999697,0.34375,1.3487358787880193,32.8125,0.2135499999999994,198.0,0.9455252918287937,2.17128430205079,20.66115702479339,0.7042801556420234,0.10894941634241245,,,0
bd5257dfee73,TheViper,2012,2012-05 (uploaded 2012-05-27),team game,historical_147,4,TheViper,16,9,168,,30–35 game minutes,329,5.0,3.3333333333333335,65.8,98.69999999999999,0.7200000000000273,0.4800000000000182,2.160000000000006,0.3899999999998878,0.35365853658536583,1.4752185359393175,24.390243902439025,0.028800000000000332,246.0,0.9361702127659575,2.243183808588847,23.452768729641694,0.6656534954407295,0.14285714285714285,,,0
bd5257dfee73,TheViper,2012,2012-05 (uploaded 2012-05-27),team game,historical_147,4,TheViper,16,9,168,,35–40 game minutes,187,5.0,3.3333333333333335,37.4,56.099999999999994,0.7649999999998727,0.5099999999999151,4.185000000000021,0.39000000000002427,0.2956989247311828,1.9965898310369636,35.483870967741936,0.21929999999999986,150.0,0.8288770053475936,2.846126301836143,33.76623376623377,0.49732620320855614,0.28342245989304815,,,0
bd5257dfee73,TheViper,2012,2012-05 (uploaded 2012-05-27),team game,historical_147,4,TheViper,16,9,168,,40–45 game minutes,180,5.0,3.3333333333333335,36.0,54.0,0.8099999999999454,0.5399999999999636,4.041000000000074,0.44999999999993934,0.24581005586592178,1.7636363149284573,41.340782122905026,0.2647500000000021,126.0,0.8722222222222222,2.7721316636516784,41.666666666666664,0.5666666666666667,0.15,,,0
bd5257dfee73,TheViper,2012,2012-05 (uploaded 2012-05-27),team game,historical_147,4,TheViper,16,9,168,,45–50 game minutes,254,5.0,3.3333333333333335,50.8,76.2,0.7649999999998727,0.5099999999999151,2.9879999999999747,0.35999999999997573,0.308300395256917,1.6393690325228092,32.41106719367589,0.058349999999998854,156.0,0.8976377952755905,2.6886353772260123,35.242290748898675,0.6062992125984252,0.1732283464566929,,,0
bd5257dfee73,TheViper,2012,2012-05 (uploaded 2012-05-27),team game,historical_147,4,TheViper,16,9,168,,50–55 game minutes,208,5.0,3.3333333333333335,41.6,62.4,0.7649999999998727,0.5099999999999151,3.8639999999999706,0.42000000000007276,0.3285024154589372,1.236320775827598,28.502415458937197,0.17610000000000428,144.0,0.9519230769230769,2.0316025815092407,32.994923857868024,0.7355769230769231,0.08173076923076923,,,0
5338a28e825b,DauT,2012,2012-05 (uploaded 2012-05-27),team game,historical_147,2,[TyRanT]_DauT_,13,9,168,,first 10 game minutes,399,10.0,6.666666666666667,39.9,59.849999999999994,0.8100000000000023,0.5400000000000015,3.8505000000000122,0.48000000000001347,0.2814070351758794,0.9675423287338252,25.12562814070352,0.09839999999999989,162.0,0.9974937343358395,1.8973368900947993,35.26448362720403,0.7694235588972431,0.047619047619047616,,,0
5338a28e825b,DauT,2012,2012-05 (uploaded 2012-05-27),team game,historical_147,2,[TyRanT]_DauT_,13,9,168,,0–5 game minutes,242,5.0,3.3333333333333335,48.4,72.6,0.8100000000000023,0.5400000000000015,3.7800000000000105,0.5100000000000003,0.3651452282157676,0.7153532530785165,16.182572614107883,0.08655000000000002,162.0,1.0,1.5064441694299782,29.87551867219917,0.8429752066115702,0.02066115702479339,,,0
5338a28e825b,DauT,2012,2012-05 (uploaded 2012-05-27),team game,historical_147,2,[TyRanT]_DauT_,13,9,168,,5–10 game minutes,157,5.0,3.3333333333333335,31.4,47.1,1.349999999999966,0.8999999999999773,3.877500000000017,0.4499999999999697,0.15384615384615385,1.2554920244056038,39.1025641025641,0.11024999999999978,120.0,0.9936305732484076,1.925925375197432,43.225806451612904,0.6560509554140127,0.08917197452229299,,,0
5338a28e825b,DauT,2012,2012-05 (uploaded 2012-05-27),team game,historical_147,2,[TyRanT]_DauT_,13,9,168,,10–15 game minutes,79,5.0,3.3333333333333335,15.8,23.7,1.8900000000000432,1.2600000000000289,8.359500000000017,0.48000000000000304,0.11538461538461539,1.9096344766795854,48.717948717948715,0.4980000000000004,54.0,0.8734177215189873,1.8416644156056599,30.88235294117647,0.379746835443038,0.26582278481012656,,,0
5338a28e825b,DauT,2012,2012-05 (uploaded 2012-05-27),team game,historical_147,2,[TyRanT]_DauT_,13,9,168,,15–20 game minutes,137,5.0,3.3333333333333335,27.4,41.1,0.8099999999999454,0.5399999999999636,5.535000000000063,0.35999999999997573,0.17647058823529413,1.3871073104720393,34.55882352941177,0.3585000000000006,126.0,0.9562043795620438,1.6275652174482216,23.076923076923077,0.6788321167883211,0.145985401459854,,,0
5338a28e825b,DauT,2012,2012-05 (uploaded 2012-05-27),team game,historical_147,2,[TyRanT]_DauT_,13,9,168,,20–25 game minutes,93,5.0,3.3333333333333335,18.6,27.9,1.9349999999999454,1.2899999999999636,6.858000000000039,0.5099999999999909,0.17391304347826086,1.7754935649951336,48.91304347826087,0.41265000000000024,66.0,0.956989247311828,1.6469092902340872,39.77272727272727,0.3870967741935484,0.3763440860215054,,,0
5338a28e825b,DauT,2012,2012-05 (uploaded 2012-05-27),team game,historical_147,2,[TyRanT]_DauT_,13,9,168,,25–30 game minutes,113,5.0,3.3333333333333335,22.6,33.9,1.7549999999999955,1.169999999999997,5.207999999999944,0.5399999999999636,0.14285714285714285,1.729760915393436,50.0,0.29309999999999947,96.0,0.9469026548672567,0.9119388957757235,16.037735849056602,0.40707964601769914,0.19469026548672566,,,0
5338a28e825b,DauT,2012,2012-05 (uploaded 2012-05-27),team game,historical_147,2,[TyRanT]_DauT_,13,9,168,,30–35 game minutes,116,5.0,3.3333333333333335,23.2,34.8,1.6200000000001182,1.080000000000079,5.6099999999999755,0.33000000000007884,0.09565217391304348,1.824452898663591,50.43478260869565,0.29700000000000193,78.0,0.9310344827586207,1.1021348566529712,24.299065420560748,0.33620689655172414,0.41379310344827586,,,0
5338a28e825b,DauT,2012,2012-05 (uploaded 2012-05-27),team game,historical_147,2,[TyRanT]_DauT_,13,9,168,,35–40 game minutes,94,5.0,3.3333333333333335,18.8,28.2,1.9800000000000182,1.320000000000012,5.616000000000099,0.42000000000007276,0.053763440860215055,1.9661397721215086,59.13978494623656,0.25004999999999955,72.0,0.8936170212765957,1.1864645241240057,30.120481927710845,0.3404255319148936,0.40425531914893614,,,0
5338a28e825b,DauT,2012,2012-05 (uploaded 2012-05-27),team game,historical_147,2,[TyRanT]_DauT_,13,9,168,,40–42.0 game minutes,42,2.1769999999999983,1.451333333333332,19.292604501607734,28.9389067524116,1.7550000000001091,1.1700000000000728,6.570000000000012,0.5099999999999151,0.04878048780487805,1.8513165107452196,58.53658536585366,0.4630225080385893,66.0,0.8095238095238095,1.6608034791941733,39.39393939393939,0.42857142857142855,0.4523809523809524,,,0
5338a28e825b,TheViper,2012,2012-05 (uploaded 2012-05-27),team game,historical_147,4,TheViper,13,9,168,,first 10 game minutes,531,10.0,6.666666666666667,53.1,79.64999999999999,0.7650000000000006,0.5100000000000003,2.160000000000006,0.45000000000000756,0.3622641509433962,0.8689499790300937,19.62264150943396,0.14207500000000012,168.0,0.9868173258003766,2.3594920874976735,31.739961759082217,0.8116760828625236,0.032015065913371,,,0
5338a28e825b,TheViper,2012,2012-05 (uploaded 2012-05-27),team game,historical_147,4,TheViper,13,9,168,,0–5 game minutes,313,5.0,3.3333333333333335,62.6,93.89999999999999,0.7650000000000148,0.5100000000000099,2.083499999999989,0.5099999999999909,0.4166666666666667,0.718260187481361,17.307692307692307,0.038999999999999965,168.0,1.0,2.009468339157293,33.65384615384615,0.8402555910543131,0.019169329073482427,,,0
5338a28e825b,TheViper,2012,2012-05 (uploaded 2012-05-27),team game,historical_147,4,TheViper,13,9,168,,5–10 game minutes,218,5.0,3.3333333333333335,43.6,65.39999999999999,0.7649999999999864,0.5099999999999909,3.629999999999986,0.419999999999997,0.2857142857142857,1.0461018061656129,22.580645161290324,0.24515000000000026,162.0,0.9678899082568807,2.4275666443338784,28.571428571428573,0.7706422018348624,0.05045871559633028,,,0
5338a28e825b,TheViper,2012,2012-05 (uploaded 2012-05-27),team game,historical_147,4,TheViper,13,9,168,,10–15 game minutes,167,5.0,3.3333333333333335,33.4,50.099999999999994,0.8100000000000591,0.5400000000000394,3.9599999999999795,0.3689999999999676,0.1927710843373494,1.496940725750773,34.93975903614458,0.08714999999999956,108.0,0.9461077844311377,2.0883511984762504,30.573248407643312,0.5808383233532934,0.1377245508982036,,,0
5338a28e825b,TheViper,2012,2012-05 (uploaded 2012-05-27),team game,historical_147,4,TheViper,13,9,168,,15–20 game minutes,265,5.0,3.3333333333333335,53.0,79.5,0.7199999999999136,0.4799999999999424,2.631000000000032,0.33000000000007884,0.3181818181818182,1.1474681046247839,31.439393939393938,0.15099999999999947,180.0,0.969811320754717,2.0741207687840473,15.234375,0.7509433962264151,0.07924528301886792,,,0
5338a28e825b,TheViper,2012,2012-05 (uploaded 2012-05-27),team game,historical_147,4,TheViper,13,9,168,,20–25 game minutes,238,5.0,3.3333333333333335,47.6,71.39999999999999,0.7200000000000273,0.4800000000000182,3.3119999999999243,0.4499999999999697,0.4092827004219409,1.2300803248363488,32.06751054852321,0.3116999999999999,276.0,0.9285714285714286,2.191188158524895,15.454545454545455,0.7394957983193278,0.10504201680672269,,,0
5338a28e825b,TheViper,2012,2012-05 (uploaded 2012-05-27),team game,historical_147,4,TheViper,13,9,168,,25–30 game minutes,201,5.0,3.3333333333333335,40.2,60.3,0.7650000000001,0.5100000000000667,3.7830000000000443,0.4619999999998982,0.355,1.2324677345557897,23.0,0.2569500000000001,162.0,0.9552238805970149,2.1042762761878055,25.654450261780106,0.7164179104477612,0.22388059701492538,,,0
5338a28e825b,TheViper,2012,2012-05 (uploaded 2012-05-27),team game,historical_147,4,TheViper,13,9,168,,30–35 game minutes,183,5.0,3.3333333333333335,36.6,54.9,0.8099999999999454,0.5399999999999636,3.718500000000093,0.35999999999997573,0.17582417582417584,1.5691831190972567,32.967032967032964,0.19964999999999994,126.0,0.907103825136612,2.9202684954164644,30.303030303030305,0.6010928961748634,0.3114754098360656,,,0
5338a28e825b,TheViper,2012,2012-05 (uploaded 2012-05-27),team game,historical_147,4,TheViper,13,9,168,,35–40 game minutes,123,5.0,3.3333333333333335,24.6,36.9,1.4399999999998272,0.9599999999998848,5.098500000000057,0.42000000000007276,0.23770491803278687,2.061745280489953,39.34426229508197,0.34080000000000077,84.0,0.7967479674796748,1.6355971594615202,24.742268041237114,0.4146341463414634,0.37398373983739835,,,0
5338a28e825b,TheViper,2012,2012-05 (uploaded 2012-05-27),team game,historical_147,4,TheViper,13,9,168,,40–42.0 game minutes,49,2.1769999999999983,1.451333333333332,22.50803858520902,33.76205787781353,1.1475000000000364,0.7650000000000242,6.082500000000056,0.35999999999997573,0.125,1.6906107457330248,58.333333333333336,0.4573954983922825,78.0,0.8979591836734694,2.403121120567866,34.883720930232556,0.3469387755102041,0.14285714285714285,,,0
c15e438221ef,TheViper,2012,2012-05 (uploaded 2012-05-27),team game,historical_147,3,TheViper,12,9,168,,first 10 game minutes,503,10.0,6.666666666666667,50.3,75.45,0.7199999999999989,0.47999999999999926,2.6684999999999963,0.330000000000003,0.26095617529880477,0.9501872951380653,22.111553784860558,0.08520000000000001,162.0,0.9840954274353877,2.233692739716261,28.74493927125506,0.7733598409542743,0.03578528827037773,,,0
c15e438221ef,TheViper,2012,2012-05 (uploaded 2012-05-27),team game,historical_147,3,TheViper,12,9,168,,0–5 game minutes,276,5.0,3.3333333333333335,55.2,82.8,0.7199999999999989,0.47999999999999926,2.288999999999992,0.330000000000003,0.24727272727272728,0.8002246554527866,20.0,0.0,150.0,1.0,1.6563744083363476,28.0,0.8043478260869565,0.018115942028985508,,,0
c15e438221ef,TheViper,2012,2012-05 (uploaded 2012-05-27),team game,historical_147,3,TheViper,12,9,168,,5–10 game minutes,227,5.0,3.3333333333333335,45.4,68.1,0.6299999999999955,0.419999999999997,3.2099999999999795,0.3599999999999833,0.27876106194690264,1.087544375632534,24.778761061946902,0.17040000000000002,162.0,0.9647577092511013,2.504038847876185,29.357798165137616,0.73568281938326,0.05726872246696035,,,0
c15e438221ef,TheViper,2012,2012-05 (uploaded 2012-05-27),team game,historical_147,3,TheViper,12,9,168,,10–15 game minutes,240,5.0,3.3333333333333335,48.0,72.0,0.7200000000000273,0.4800000000000182,3.213000000000026,0.35999999999997573,0.3179916317991632,1.0045472332436474,28.87029288702929,0.13620000000000007,168.0,1.0,2.8995955371482838,24.267782426778243,0.7625,0.075,,,0
c15e438221ef,TheViper,2012,2012-05 (uploaded 2012-05-27),team game,historical_147,3,TheViper,12,9,168,,15–20 game minutes,241,5.0,3.3333333333333335,48.2,72.3,0.7649999999999864,0.5099999999999909,2.4449999999999803,0.35999999999997573,0.2708333333333333,1.3196292160500143,30.0,0.10530000000000012,132.0,0.966804979253112,3.0671827393120115,32.327586206896555,0.6763485477178424,0.1037344398340249,,,0
c15e438221ef,TheViper,2012,2012-05 (uploaded 2012-05-27),team game,historical_147,3,TheViper,12,9,168,,20–25 game minutes,316,5.0,3.3333333333333335,63.2,94.8,0.5399999999999636,0.35999999999997573,1.9679999999999993,0.33000000000007884,0.3904761904761905,1.406175800359516,19.682539682539684,0.23794999999999925,318.0,0.9430379746835443,1.933706184949835,10.774410774410775,0.5759493670886076,0.0759493670886076,,,0
c15e438221ef,TheViper,2012,2012-05 (uploaded 2012-05-27),team game,historical_147,3,TheViper,12,9,168,,25–30 game minutes,101,5.0,3.3333333333333335,20.2,30.299999999999997,0.8099999999999454,0.5399999999999636,8.77050000000006,0.33000000000007884,0.16,1.202234200395164,41.0,0.6087000000000012,174.0,1.0,0.32508219764519103,8.0,0.6633663366336634,0.0891089108910891,,,0
c15e438221ef,TheViper,2012,2012-05 (uploaded 2012-05-27),team game,historical_147,3,TheViper,12,9,168,,30–35 game minutes,180,5.0,3.3333333333333335,36.0,54.0,0.7650000000001,0.5100000000000667,4.647000000000128,0.33000000000007884,0.25139664804469275,1.2851775627244062,28.491620111731844,0.3630000000000011,186.0,0.9888888888888889,0.9967190737010337,9.03954802259887,0.6611111111111111,0.1111111111111111,,,0
c15e438221ef,TheViper,2012,2012-05 (uploaded 2012-05-27),team game,historical_147,3,TheViper,12,9,168,,35–40 game minutes,167,5.0,3.3333333333333335,33.4,50.099999999999994,0.8099999999999454,0.5399999999999636,4.559999999999945,0.3300000000002304,0.2289156626506024,1.749822482260703,34.33734939759036,0.3148999999999978,150.0,0.9281437125748503,2.162609487167284,24.675324675324674,0.5568862275449101,0.25149700598802394,,,0
c15e438221ef,TheViper,2012,2012-05 (uploaded 2012-05-27),team game,historical_147,3,TheViper,12,9,168,,40–45 game minutes,136,5.0,3.3333333333333335,27.2,40.8,0.8099999999999454,0.5399999999999636,5.748000000000016,0.35999999999997573,0.18518518518518517,1.7873508210313391,34.074074074074076,0.3477000000000029,90.0,0.8382352941176471,1.5757599990556,28.31858407079646,0.5441176470588235,0.3088235294117647,,,0
c15e438221ef,TheViper,2012,2012-05 (uploaded 2012-05-27),team game,historical_147,3,TheViper,12,9,168,,45–50 game minutes,175,5.0,3.3333333333333335,35.0,52.5,0.7875000000001364,0.525000000000091,3.693000000000104,0.32999999999992724,0.21839080459770116,1.805969073902205,29.885057471264368,0.19004999999999808,102.0,0.8628571428571429,1.986422616885261,30.666666666666668,0.5657142857142857,0.2914285714285714,,,0
c15e438221ef,TheViper,2012,2012-05 (uploaded 2012-05-27),team game,historical_147,3,TheViper,12,9,168,,50–55 game minutes,205,5.0,3.3333333333333335,41.0,61.5,0.7650000000001,0.5100000000000667,3.4110000000000578,0.3300000000002304,0.23529411764705882,1.590063381410079,33.333333333333336,0.15945000000000012,150.0,0.9219512195121952,2.4777069496326005,30.319148936170212,0.6195121951219512,0.1951219512195122,,,0
c15e438221ef,TheViper,2012,2012-05 (uploaded 2012-05-27),team game,historical_147,3,TheViper,12,9,168,,55–60 game minutes,191,5.0,3.3333333333333335,38.2,57.3,0.9899999999997817,0.6599999999998545,3.4815,0.35999999999997573,0.17894736842105263,1.781672939043402,35.26315789473684,0.13035000000000005,126.0,0.9162303664921466,2.3422889539184752,30.45977011494253,0.5235602094240838,0.17801047120418848,,,0
c15e438221ef,TheViper,2012,2012-05 (uploaded 2012-05-27),team game,historical_147,3,TheViper,12,9,168,,60–65 game minutes,197,5.0,3.3333333333333335,39.4,59.099999999999994,0.7650000000003274,0.5100000000002183,3.359999999999976,0.35999999999997573,0.23469387755102042,1.4946407964933062,33.673469387755105,0.13920000000000074,102.0,0.9289340101522843,2.868074070628396,30.76923076923077,0.6700507614213198,0.16243654822335024,,,0
c15e438221ef,TheViper,2012,2012-05 (uploaded 2012-05-27),team game,historical_147,3,TheViper,12,9,168,,65–70 game minutes,163,5.0,3.3333333333333335,32.6,48.9,0.8099999999999454,0.5399999999999636,5.215499999999943,0.35999999999997573,0.18518518518518517,1.3846663499013387,36.41975308641975,0.36305000000000137,126.0,0.950920245398773,2.7862486948139416,33.76623376623377,0.6196319018404908,0.10429447852760736,,,0
c15e438221ef,TheViper,2012,2012-05 (uploaded 2012-05-27),team game,historical_147,3,TheViper,12,9,168,,70–74.0 game minutes,148,4.9625,3.308333333333333,29.82367758186398,44.73551637279597,0.5850000000000364,0.39000000000002427,5.0699999999998875,0.35999999999997573,0.1836734693877551,1.6401234745301614,27.891156462585034,0.3377833753148578,108.0,0.8986486486486487,2.1450789049310584,25.0,0.581081081081081,0.10810810810810811,,,0
c15e438221ef,DauT,2012,2012-05 (uploaded 2012-05-27),team game,historical_147,4,[TyRanT]_DauT_,12,9,168,,first 10 game minutes,523,10.0,6.666666666666667,52.3,78.45,0.7199999999999989,0.47999999999999926,2.426999999999988,0.330000000000003,0.2260536398467433,0.7093115923569834,17.24137931034483,0.08002499999999997,186.0,0.9961759082217974,2.41448616649467,24.807692307692307,0.8546845124282982,0.0248565965583174,,,0
c15e438221ef,DauT,2012,2012-05 (uploaded 2012-05-27),team game,historical_147,4,[TyRanT]_DauT_,12,9,168,,0–5 game minutes,278,5.0,3.3333333333333335,55.6,83.39999999999999,0.7649999999999864,0.5099999999999909,2.159999999999991,0.330000000000003,0.23465703971119134,0.6859129665340661,17.32851985559567,0.05160000000000006,156.0,0.9964028776978417,2.0960708175022424,26.81159420289855,0.8597122302158273,0.02158273381294964,,,0
c15e438221ef,DauT,2012,2012-05 (uploaded 2012-05-27),team game,historical_147,4,[TyRanT]_DauT_,12,9,168,,5–10 game minutes,245,5.0,3.3333333333333335,49.0,73.5,0.6299999999999955,0.419999999999997,2.8305000000000256,0.36000000000001364,0.21721311475409835,0.7349728196314292,17.21311475409836,0.1084499999999999,186.0,0.9959183673469387,2.1054738912927986,22.633744855967077,0.8489795918367347,0.02857142857142857,,,0
c15e438221ef,DauT,2012,2012-05 (uploaded 2012-05-27),team game,historical_147,4,[TyRanT]_DauT_,12,9,168,,10–15 game minutes,153,5.0,3.3333333333333335,30.6,45.9,1.080000000000041,0.7200000000000273,3.8070000000000235,0.419999999999997,0.13815789473684212,1.5291265641768663,34.86842105263158,0.1496999999999999,102.0,0.954248366013072,1.2668101236759934,12.413793103448276,0.5751633986928104,0.1111111111111111,,,0
c15e438221ef,DauT,2012,2012-05 (uploaded 2012-05-27),team game,historical_147,4,[TyRanT]_DauT_,12,9,168,,15–20 game minutes,135,5.0,3.3333333333333335,27.0,40.5,1.170000000000016,0.7800000000000106,4.795499999999987,0.39000000000002427,0.12686567164179105,1.5318120784319842,44.776119402985074,0.24779999999999971,114.0,0.9777777777777777,1.3247549231680784,19.84732824427481,0.5407407407407407,0.14074074074074075,,,0
c15e438221ef,DauT,2012,2012-05 (uploaded 2012-05-27),team game,historical_147,4,[TyRanT]_DauT_,12,9,168,,20–25 game minutes,170,5.0,3.3333333333333335,34.0,51.0,0.8550000000000182,0.5700000000000122,3.659999999999975,0.35999999999997573,0.14201183431952663,1.3386755876459788,34.319526627218934,0.07860000000000052,114.0,0.9647058823529412,0.8111368674564771,5.521472392638037,0.5882352941176471,0.07647058823529412,,,0
c15e438221ef,DauT,2012,2012-05 (uploaded 2012-05-27),team game,historical_147,4,[TyRanT]_DauT_,12,9,168,,25–30 game minutes,136,5.0,3.3333333333333335,27.2,40.8,0.9900000000000091,0.660000000000006,5.289000000000077,0.33000000000007884,0.17037037037037037,1.2725546387383322,38.51851851851852,0.29625,138.0,0.9632352941176471,2.44474856154539,31.53846153846154,0.7058823529411765,0.125,,,0
c15e438221ef,DauT,2012,2012-05 (uploaded 2012-05-27),team game,historical_147,4,[TyRanT]_DauT_,12,9,168,,30–35 game minutes,200,5.0,3.3333333333333335,40.0,60.0,0.8099999999999454,0.5399999999999636,3.239999999999933,0.35999999999997573,0.1507537688442211,1.3437131994980032,34.17085427135678,0.04830000000000003,114.0,0.975,2.001479968407277,36.08247422680412,0.65,0.1,,,0
c15e438221ef,DauT,2012,2012-05 (uploaded 2012-05-27),team game,historical_147,4,[TyRanT]_DauT_,12,9,168,,35–40 game minutes,139,5.0,3.3333333333333335,27.8,41.699999999999996,1.4850000000001273,0.9900000000000849,4.388999999999991,0.32999999999992724,0.16666666666666666,1.4167495840644855,37.68115942028985,0.19814999999999902,120.0,1.0,1.7694387190348926,34.78260869565217,0.5683453237410072,0.2014388489208633,,,0
c15e438221ef,DauT,2012,2012-05 (uploaded 2012-05-27),team game,historical_147,4,[TyRanT]_DauT_,12,9,168,,40–45 game minutes,139,5.0,3.3333333333333335,27.8,41.699999999999996,1.5074999999999363,1.0049999999999575,4.295999999999929,0.3959999999999733,0.10869565217391304,1.844199902371892,44.20289855072464,0.13559999999999794,108.0,0.9064748201438849,2.173880451437926,29.6,0.4316546762589928,0.381294964028777,,,0
c15e438221ef,DauT,2012,2012-05 (uploaded 2012-05-27),team game,historical_147,4,[TyRanT]_DauT_,12,9,168,,45–50 game minutes,118,5.0,3.3333333333333335,23.6,35.4,1.5299999999997453,1.0199999999998302,6.719999999999888,0.32999999999992724,0.09401709401709402,2.050342566239158,44.44444444444444,0.37275000000000097,96.0,0.7542372881355932,1.816704744249675,30.681818181818183,0.423728813559322,0.5,,,0
c15e438221ef,DauT,2012,2012-05 (uploaded 2012-05-27),team game,historical_147,4,[TyRanT]_DauT_,12,9,168,,50–55 game minutes,139,5.0,3.3333333333333335,27.8,41.699999999999996,1.125,0.75,4.027500000000011,0.35999999999997573,0.11594202898550725,1.4307426850452538,35.507246376811594,0.20765000000000022,102.0,0.9280575539568345,1.8858662532073724,28.125,0.6546762589928058,0.15827338129496402,,,0
c15e438221ef,DauT,2012,2012-05 (uploaded 2012-05-27),team game,historical_147,4,[TyRanT]_DauT_,12,9,168,,55–60 game minutes,123,5.0,3.3333333333333335,24.6,36.9,1.125,0.75,6.656999999999848,0.35999999999997573,0.12295081967213115,1.2102916594174242,36.885245901639344,0.43289999999999806,114.0,0.991869918699187,1.5397177778403308,24.793388429752067,0.6910569105691057,0.0975609756097561,,,0
c15e438221ef,DauT,2012,2012-05 (uploaded 2012-05-27),team game,historical_147,4,[TyRanT]_DauT_,12,9,168,,60–65 game minutes,121,5.0,3.3333333333333335,24.2,36.3,1.3950000000002092,0.9300000000001395,5.404499999999931,0.3689999999999903,0.13333333333333333,1.485485071642109,43.333333333333336,0.24955000000000077,78.0,0.9586776859504132,2.2857669395271354,34.78260869565217,0.5702479338842975,0.11570247933884298,,,0
c15e438221ef,DauT,2012,2012-05 (uploaded 2012-05-27),team game,historical_147,4,[TyRanT]_DauT_,12,9,168,,65–70 game minutes,137,5.0,3.3333333333333335,27.4,41.1,1.2374999999999545,0.8249999999999696,5.737499999999879,0.35999999999997573,0.10294117647058823,1.3086172420811812,32.35294117647059,0.3466500000000026,90.0,0.9854014598540146,2.147042329665425,30.597014925373134,0.656934306569343,0.11678832116788321,,,0
c15e438221ef,DauT,2012,2012-05 (uploaded 2012-05-27),team game,historical_147,4,[TyRanT]_DauT_,12,9,168,,70–74.0 game minutes,126,4.9625,3.308333333333333,25.3904282115869,38.085642317380355,1.6199999999998909,1.0799999999999272,4.8839999999996495,0.35999999999997573,0.088,1.2500293951706403,51.2,0.26911838790931414,114.0,1.0,2.4819078196356577,37.6,0.6428571428571429,0.10317460317460317,,,0
65e3f6795645,DauT,2012,2012-05 (uploaded 2012-05-27),team game,historical_147,2,[TyRanT]_DauT_,17,9,168,,first 10 game minutes,435,10.0,6.666666666666667,43.5,65.25,0.7200000000000273,0.4800000000000182,3.300000000000018,0.330000000000003,0.15668202764976957,0.7037321741780385,17.51152073732719,0.08040000000000024,156.0,0.9954022988505747,2.0692510579503725,24.76851851851852,0.8505747126436781,0.01839080459770115,,,0
65e3f6795645,DauT,2012,2012-05 (uploaded 2012-05-27),team game,historical_147,2,[TyRanT]_DauT_,17,9,168,,0–5 game minutes,273,5.0,3.3333333333333335,54.6,81.89999999999999,0.674999999999983,0.44999999999998863,2.5080000000000027,0.330000000000003,0.19117647058823528,0.5950997752997059,14.705882352941176,0.02969999999999999,156.0,0.9963369963369964,1.9916150779080548,24.354243542435423,0.8791208791208791,0.01098901098901099,,,0
65e3f6795645,DauT,2012,2012-05 (uploaded 2012-05-27),team game,historical_147,2,[TyRanT]_DauT_,17,9,168,,5–10 game minutes,162,5.0,3.3333333333333335,32.4,48.599999999999994,0.9900000000000091,0.660000000000006,4.289999999999964,0.330000000000003,0.09937888198757763,0.8627526062666449,22.36024844720497,0.13110000000000052,90.0,0.9938271604938271,1.5147571091391288,25.625,0.8024691358024691,0.030864197530864196,,,0
65e3f6795645,DauT,2012,2012-05 (uploaded 2012-05-27),team game,historical_147,2,[TyRanT]_DauT_,17,9,168,,10–15 game minutes,158,5.0,3.3333333333333335,31.6,47.4,1.080000000000041,0.7200000000000273,4.056000000000029,0.35999999999997573,0.14012738853503184,1.4705406027603265,33.75796178343949,0.20039999999999966,108.0,0.9683544303797469,1.8736424276877313,26.973684210526315,0.6139240506329114,0.14556962025316456,,,0
65e3f6795645,DauT,2012,2012-05 (uploaded 2012-05-27),team game,historical_147,2,[TyRanT]_DauT_,17,9,168,,15–20 game minutes,150,5.0,3.3333333333333335,30.0,45.0,1.0799999999999272,0.7199999999999515,4.1459999999999715,0.3300000000000182,0.174496644295302,1.4081207522722803,38.25503355704698,0.14130000000000031,138.0,0.9533333333333334,1.8885493819499886,26.056338028169016,0.6666666666666666,0.14,,,0
65e3f6795645,DauT,2012,2012-05 (uploaded 2012-05-27),team game,historical_147,2,[TyRanT]_DauT_,17,9,168,,20–25 game minutes,98,5.0,3.3333333333333335,19.6,29.4,1.6199999999998909,1.0799999999999272,6.803999999999988,0.35999999999997573,0.13402061855670103,1.6004044660804582,44.329896907216494,0.4386500000000008,84.0,0.8877551020408163,1.6431611751322743,20.930232558139537,0.6326530612244898,0.16326530612244897,,,0
65e3f6795645,DauT,2012,2012-05 (uploaded 2012-05-27),team game,historical_147,2,[TyRanT]_DauT_,17,9,168,,25–30 game minutes,161,5.0,3.3333333333333335,32.2,48.3,1.0800000000001546,0.7200000000001031,3.9599999999998925,0.35999999999997573,0.1375,1.4458725227278402,38.125,0.13380000000000034,120.0,0.9565217391304348,2.054820939736448,33.98692810457516,0.6211180124223602,0.10559006211180125,,,0
65e3f6795645,DauT,2012,2012-05 (uploaded 2012-05-27),team game,historical_147,2,[TyRanT]_DauT_,17,9,168,,30–35 game minutes,148,5.0,3.3333333333333335,29.6,44.4,1.0799999999999272,0.7199999999999515,4.679999999999988,0.33000000000007884,0.10884353741496598,1.2554666008523958,34.69387755102041,0.14280000000000048,120.0,0.9864864864864865,2.1812825174521007,26.20689655172414,0.6959459459459459,0.16891891891891891,,,0
65e3f6795645,DauT,2012,2012-05 (uploaded 2012-05-27),team game,historical_147,2,[TyRanT]_DauT_,17,9,168,,35–39.0 game minutes,92,4.132750000000002,2.755166666666668,22.26120621861955,33.39180932792933,1.2599999999997635,0.8399999999998423,5.579999999999927,0.35999999999997573,0.10989010989010989,1.8759324615563584,39.56043956043956,0.3567842235799416,84.0,0.8695652173913043,1.869902573657793,32.91139240506329,0.4782608695652174,0.2717391304347826,,,0
65e3f6795645,TheViper,2012,2012-05 (uploaded 2012-05-27),team game,historical_147,4,TheViper,16,9,168,,first 10 game minutes,480,10.0,6.666666666666667,48.0,72.0,0.7199999999999704,0.4799999999999803,2.345999999999994,0.330000000000003,0.1941544885177453,0.8142329629723624,23.173277661795407,0.02864999999999995,174.0,0.9958333333333333,2.2890379070833586,28.09224318658281,0.825,0.03125,,,0
65e3f6795645,TheViper,2012,2012-05 (uploaded 2012-05-27),team game,historical_147,4,TheViper,16,9,168,,0–5 game minutes,269,5.0,3.3333333333333335,53.8,80.7,0.5850000000000009,0.39000000000000057,1.9799999999999993,0.330000000000003,0.22761194029850745,0.5816676751436068,15.671641791044776,0.0572999999999999,174.0,0.9962825278810409,1.9205007960026124,24.719101123595507,0.895910780669145,0.026022304832713755,,,0
65e3f6795645,TheViper,2012,2012-05 (uploaded 2012-05-27),team game,historical_147,4,TheViper,16,9,168,,5–10 game minutes,211,5.0,3.3333333333333335,42.2,63.3,0.9900000000000091,0.660000000000006,2.7795000000000134,0.330000000000003,0.1523809523809524,1.025056729719717,32.38095238095238,0.0,114.0,0.995260663507109,2.2143502303908487,32.057416267942585,0.7345971563981043,0.037914691943127965,,,0
65e3f6795645,TheViper,2012,2012-05 (uploaded 2012-05-27),team game,historical_147,4,TheViper,16,9,168,,10–15 game minutes,205,5.0,3.3333333333333335,41.0,61.5,0.5400000000000773,0.36000000000005156,3.3809999999999563,0.330000000000003,0.25980392156862747,0.921133626234861,19.11764705882353,0.1531499999999998,264.0,0.9707317073170731,1.5378499052214625,22.727272727272727,0.8195121951219512,0.06829268292682927,,,0
65e3f6795645,TheViper,2012,2012-05 (uploaded 2012-05-27),team game,historical_147,4,TheViper,16,9,168,,15–20 game minutes,259,5.0,3.3333333333333335,51.8,77.7,0.5399999999999636,0.35999999999997573,2.7044999999999764,0.32999999999992724,0.2248062015503876,1.1790263615845864,29.069767441860463,0.026100000000000137,204.0,0.9613899613899614,2.2941507422737137,25.806451612903224,0.7374517374517374,0.10038610038610038,,,0
65e3f6795645,TheViper,2012,2012-05 (uploaded 2012-05-27),team game,historical_147,4,TheViper,16,9,168,,20–25 game minutes,291,5.0,3.3333333333333335,58.2,87.3,0.5850000000000364,0.39000000000002427,2.3594999999999433,0.35999999999997573,0.23103448275862068,1.092592236318563,37.58620689655172,0.037050000000000034,192.0,0.9828178694158075,2.1761882857991353,22.105263157894736,0.7491408934707904,0.07560137457044673,,,0
65e3f6795645,TheViper,2012,2012-05 (uploaded 2012-05-27),team game,historical_147,4,TheViper,16,9,168,,25–30 game minutes,257,5.0,3.3333333333333335,51.4,77.1,0.540000000000191,0.36000000000012733,2.7375000000000305,0.32999999999992724,0.19921875,1.2793360734997847,37.890625,0.12689999999999904,180.0,0.9766536964980544,1.9226940301306183,18.8,0.6926070038910506,0.12840466926070038,,,0
65e3f6795645,TheViper,2012,2012-05 (uploaded 2012-05-27),team game,historical_147,4,TheViper,16,9,168,,30–35 game minutes,213,5.0,3.3333333333333335,42.6,63.9,0.540000000000191,0.36000000000012733,4.038000000000023,0.33000000000007884,0.25471698113207547,1.4782432380004857,38.20754716981132,0.26279999999999903,282.0,0.9014084507042254,1.837569328399676,18.32460732984293,0.647887323943662,0.19248826291079812,,,0
65e3f6795645,TheViper,2012,2012-05 (uploaded 2012-05-27),team game,historical_147,4,TheViper,16,9,168,,35–39.0 game minutes,116,4.132750000000002,2.755166666666668,28.06847740608552,42.10271610912828,0.9900000000002365,0.6600000000001577,4.869000000000018,0.35999999999997573,0.13043478260869565,2.0926133549198167,39.130434782608695,0.3257516181719178,102.0,0.8017241379310345,2.828358470985701,34.78260869565217,0.3017241379310345,0.3275862068965517,,,0
52a03f0c9e03,DauT,2012,2012-05 (uploaded 2012-05-27),team game,historical_147,2,[TyRanT]_DauT_,17,9,168,,first 10 game minutes,371,10.0,6.666666666666667,37.1,55.65,0.9899999999999984,0.6599999999999989,4.592999999999992,0.330000000000003,0.13783783783783785,0.7235995071154454,14.324324324324325,0.23332500000000028,162.0,0.9865229110512129,2.1080277241951078,30.410958904109588,0.8598382749326146,0.03234501347708895,,,0
52a03f0c9e03,DauT,2012,2012-05 (uploaded 2012-05-27),team game,historical_147,2,[TyRanT]_DauT_,17,9,168,,0–5 game minutes,236,5.0,3.3333333333333335,47.2,70.8,0.9899999999999949,0.6599999999999966,2.6580000000000052,0.330000000000003,0.15319148936170213,0.6451166992733468,11.914893617021276,0.0798000000000001,162.0,0.9957627118644068,1.583518975621836,29.05982905982906,0.864406779661017,0.012711864406779662,,,0
52a03f0c9e03,DauT,2012,2012-05 (uploaded 2012-05-27),team game,historical_147,2,[TyRanT]_DauT_,17,9,168,,5–10 game minutes,135,5.0,3.3333333333333335,27.0,40.5,0.9900000000000091,0.660000000000006,5.725499999999975,0.330000000000003,0.11194029850746269,0.8134839957908025,17.91044776119403,0.38685000000000047,108.0,0.9703703703703703,1.960236895271451,32.30769230769231,0.8518518518518519,0.06666666666666667,,,0
52a03f0c9e03,DauT,2012,2012-05 (uploaded 2012-05-27),team game,historical_147,2,[TyRanT]_DauT_,17,9,168,,10–15 game minutes,131,5.0,3.3333333333333335,26.2,39.3,1.4850000000000136,0.9900000000000091,4.94999999999997,0.330000000000003,0.11538461538461539,1.448712846771461,50.76923076923077,0.17475000000000024,84.0,0.9465648854961832,2.0277218989784176,27.642276422764226,0.6259541984732825,0.19083969465648856,,,0
52a03f0c9e03,DauT,2012,2012-05 (uploaded 2012-05-27),team game,historical_147,2,[TyRanT]_DauT_,17,9,168,,15–20 game minutes,156,5.0,3.3333333333333335,31.2,46.8,0.7649999999998727,0.5099999999999151,5.6099999999999755,0.330000000000003,0.21935483870967742,1.1594465025263117,27.741935483870968,0.31004999999999955,150.0,0.9423076923076923,1.9661105208271628,15.068493150684931,0.7564102564102564,0.11538461538461539,,,0
52a03f0c9e03,DauT,2012,2012-05 (uploaded 2012-05-27),team game,historical_147,2,[TyRanT]_DauT_,17,9,168,,20–25 game minutes,161,5.0,3.3333333333333335,32.2,48.3,0.9900000000000091,0.660000000000006,4.801499999999969,0.33000000000007884,0.175,1.2622103859078972,33.75,0.2551499999999995,138.0,0.9254658385093167,1.582398777126743,20.945945945945947,0.7329192546583851,0.10559006211180125,,,0
52a03f0c9e03,DauT,2012,2012-05 (uploaded 2012-05-27),team game,historical_147,2,[TyRanT]_DauT_,17,9,168,,25–30 game minutes,157,5.0,3.3333333333333335,31.4,47.1,0.9900000000000091,0.660000000000006,4.289999999999964,0.32999999999992724,0.12179487179487179,1.6912467828991282,44.87179487179487,0.2033999999999992,120.0,0.9363057324840764,2.1337887358079852,34.93150684931507,0.5477707006369427,0.1910828025477707,,,0
52a03f0c9e03,DauT,2012,2012-05 (uploaded 2012-05-27),team game,historical_147,2,[TyRanT]_DauT_,17,9,168,,30–35 game minutes,141,5.0,3.3333333333333335,28.2,42.3,1.259999999999991,0.839999999999994,4.634999999999895,0.33000000000007884,0.15714285714285714,1.5225583254207877,36.42857142857143,0.23474999999999985,90.0,0.8936170212765957,2.3807743681908624,38.4,0.6666666666666666,0.22695035460992907,,,0
52a03f0c9e03,DauT,2012,2012-05 (uploaded 2012-05-27),team game,historical_147,2,[TyRanT]_DauT_,17,9,168,,35–40 game minutes,133,5.0,3.3333333333333335,26.6,39.9,1.259999999999991,0.839999999999994,5.576999999999921,0.3300000000002304,0.13636363636363635,2.1377742957264467,46.21212121212121,0.29414999999999814,90.0,0.7293233082706767,3.226910089375877,48.958333333333336,0.46616541353383456,0.39849624060150374,,,0
52a03f0c9e03,TheViper,2012,2012-05 (uploaded 2012-05-27),team game,historical_147,4,TheViper,16,9,168,,first 10 game minutes,476,10.0,6.666666666666667,47.6,71.39999999999999,0.585000000000008,0.3900000000000053,3.2580000000000013,0.330000000000003,0.21263157894736842,0.8989917469995141,24.210526315789473,0.10057500000000004,174.0,0.9957983193277311,1.9928602716709958,22.198731501057082,0.7941176470588235,0.03991596638655462,,,0
52a03f0c9e03,TheViper,2012,2012-05 (uploaded 2012-05-27),team game,historical_147,4,TheViper,16,9,168,,0–5 game minutes,280,5.0,3.3333333333333335,56.0,84.0,0.539999999999992,0.3599999999999947,2.1179999999999963,0.330000000000003,0.22939068100358423,0.7852799328971988,20.07168458781362,0.03375,174.0,0.9928571428571429,1.3567771493078546,19.494584837545126,0.8285714285714286,0.025,,,0
52a03f0c9e03,TheViper,2012,2012-05 (uploaded 2012-05-27),team game,historical_147,4,TheViper,16,9,168,,5–10 game minutes,196,5.0,3.3333333333333335,39.2,58.8,0.6749999999999545,0.4499999999999697,4.290000000000002,0.330000000000003,0.18974358974358974,1.022081369033613,30.256410256410255,0.1674000000000001,156.0,1.0,2.2696905658733786,26.153846153846153,0.7448979591836735,0.061224489795918366,,,0
52a03f0c9e03,TheViper,2012,2012-05 (uploaded 2012-05-27),team game,historical_147,4,TheViper,16,9,168,,10–15 game minutes,225,5.0,3.3333333333333335,45.0,67.5,0.7649999999999864,0.5099999999999909,3.1995000000000107,0.330000000000003,0.17410714285714285,1.2828643393363837,32.589285714285715,0.03464999999999994,168.0,0.9822222222222222,1.849691615829346,25.0,0.6666666666666666,0.10222222222222223,,,0
52a03f0c9e03,TheViper,2012,2012-05 (uploaded 2012-05-27),team game,historical_147,4,TheViper,16,9,168,,15–20 game minutes,175,5.0,3.3333333333333335,35.0,52.5,0.8774999999999977,0.5849999999999985,3.959999999999987,0.330000000000003,0.22413793103448276,1.6423016939193182,37.93103448275862,0.25394999999999984,150.0,0.9314285714285714,1.7136546625073241,32.098765432098766,0.5428571428571428,0.11428571428571428,,,0
52a03f0c9e03,TheViper,2012,2012-05 (uploaded 2012-05-27),team game,historical_147,4,TheViper,16,9,168,,20–25 game minutes,167,5.0,3.3333333333333335,33.4,50.099999999999994,0.6299999999998818,0.41999999999992116,5.264999999999911,0.32999999999992724,0.21686746987951808,1.109354816425378,28.313253012048193,0.35549999999999954,132.0,0.9760479041916168,2.0366880265161877,20.987654320987655,0.7664670658682635,0.08982035928143713,,,0
52a03f0c9e03,TheViper,2012,2012-05 (uploaded 2012-05-27),team game,historical_147,4,TheViper,16,9,168,,25–30 game minutes,316,5.0,3.3333333333333335,63.2,94.8,0.49500000000011823,0.33000000000007884,2.4480000000000177,0.32999999999992724,0.25396825396825395,0.9789554454342279,23.174603174603174,0.07185000000000022,258.0,0.9873417721518988,2.3975921510805094,12.218649517684888,0.7974683544303798,0.06645569620253164,,,0
52a03f0c9e03,TheViper,2012,2012-05 (uploaded 2012-05-27),team game,historical_147,4,TheViper,16,9,168,,30–35 game minutes,217,5.0,3.3333333333333335,43.4,65.1,0.7199999999999136,0.4799999999999424,3.2999999999998786,0.33000000000007884,0.24074074074074073,1.5529820633458071,32.407407407407405,0.11369999999999965,210.0,0.967741935483871,2.665686709958481,29.66507177033493,0.5391705069124424,0.17050691244239632,,,0
52a03f0c9e03,TheViper,2012,2012-05 (uploaded 2012-05-27),team game,historical_147,4,TheViper,16,9,168,,35–40 game minutes,125,5.0,3.3333333333333335,25.0,37.5,0.9899999999997817,0.6599999999998545,6.443999999999986,0.34500000000010306,0.22580645161290322,1.6439053363492055,39.516129032258064,0.3596999999999996,144.0,0.904,1.4045269765324249,28.571428571428573,0.568,0.232,,,0
1c40a1c5da42,TheViper,2012,2012-08-24 (filename; uploaded 2012-08-26),team game,historical_159,2,TheViper,8,9,220,,first 10 game minutes,532,10.0,6.666666666666667,53.2,79.8,0.990000000000002,0.6600000000000014,2.7900000000000205,0.6300000000000333,0.4067796610169492,0.7979720228239855,19.58568738229755,0.08129999999999983,288.0,1.0,1.7261519381301196,23.163841807909606,0.8214285714285714,0.03195488721804511,,,0
1c40a1c5da42,TheViper,2012,2012-08-24 (filename; uploaded 2012-08-26),team game,historical_159,2,TheViper,8,9,220,,0–5 game minutes,287,5.0,3.3333333333333335,57.4,86.1,0.9899999999999949,0.6599999999999966,1.980000000000004,0.6599999999999872,0.40559440559440557,0.5853198579224479,16.083916083916083,0.03735000000000004,162.0,1.0,1.6086028598234214,26.923076923076923,0.8850174216027874,0.017421602787456445,,,0
1c40a1c5da42,TheViper,2012,2012-08-24 (filename; uploaded 2012-08-26),team game,historical_159,2,TheViper,8,9,220,,5–10 game minutes,245,5.0,3.3333333333333335,49.0,73.5,0.9900000000000091,0.660000000000006,3.17099999999999,0.6299999999999576,0.4098360655737705,0.995472918988816,23.770491803278688,0.12524999999999958,288.0,1.0,1.2126411160385562,18.852459016393443,0.746938775510204,0.04897959183673469,,,0
1c40a1c5da42,TheViper,2012,2012-08-24 (filename; uploaded 2012-08-26),team game,historical_159,2,TheViper,8,9,220,,10–15 game minutes,330,5.0,3.3333333333333335,66.0,99.0,0.7650000000001,0.5100000000000667,2.4300000000000637,0.5400000000000394,0.47112462006079026,0.8757677360798226,18.84498480243161,0.027600000000000287,198.0,0.9757575757575757,0.5744395171582862,7.788161993769471,0.8333333333333334,0.048484848484848485,,,0
1c40a1c5da42,TheViper,2012,2012-08-24 (filename; uploaded 2012-08-26),team game,historical_159,2,TheViper,8,9,220,,15–20 game minutes,225,5.0,3.3333333333333335,45.0,67.5,0.8550000000000182,0.5700000000000122,3.650999999999991,0.5399999999999636,0.39732142857142855,0.8851729890769544,16.071428571428573,0.20815000000000056,168.0,0.92,1.2581964741737726,15.048543689320388,0.8355555555555556,0.10666666666666667,,,0
1c40a1c5da42,TheViper,2012,2012-08-24 (filename; uploaded 2012-08-26),team game,historical_159,2,TheViper,8,9,220,,20–25 game minutes,148,5.0,3.3333333333333335,29.6,44.4,0.9900000000000091,0.660000000000006,5.91300000000001,0.5759999999999915,0.3673469387755102,1.3412670525775003,23.12925170068027,0.31965,108.0,1.0,1.5820791065940818,29.25170068027211,0.6081081081081081,0.14864864864864866,,,0
1c40a1c5da42,TheViper,2012,2012-08-24 (filename; uploaded 2012-08-26),team game,historical_159,2,TheViper,8,9,220,,25–30 game minutes,124,5.0,3.3333333333333335,24.8,37.199999999999996,1.0350000000000819,0.6900000000000546,6.0210000000000905,0.642000000000068,0.3089430894308943,1.3634997458854552,31.70731707317073,0.3701999999999998,138.0,1.0,0.8983179546825821,16.260162601626018,0.5806451612903226,0.28225806451612906,,,0
1c40a1c5da42,TheViper,2012,2012-08-24 (filename; uploaded 2012-08-26),team game,historical_159,2,TheViper,8,9,220,,30–35 game minutes,188,5.0,3.3333333333333335,37.6,56.4,0.9900000000000091,0.660000000000006,3.6419999999999764,0.6299999999999576,0.3689839572192513,1.5167346974406266,29.41176470588235,0.2974499999999997,234.0,0.9148936170212766,1.3469940949537422,20.46783625730994,0.601063829787234,0.324468085106383,,,0
1c40a1c5da42,TheViper,2012,2012-08-24 (filename; uploaded 2012-08-26),team game,historical_159,2,TheViper,8,9,220,,35–40 game minutes,164,5.0,3.3333333333333335,32.8,49.199999999999996,0.9900000000002365,0.6600000000001577,4.797000000000147,0.6300000000001091,0.34355828220858897,1.7927951469565078,36.19631901840491,0.20745000000000197,96.0,0.8841463414634146,1.833484710361047,23.61111111111111,0.5426829268292683,0.3048780487804878,,,0
1c40a1c5da42,TheViper,2012,2012-08-24 (filename; uploaded 2012-08-26),team game,historical_159,2,TheViper,8,9,220,,40–45 game minutes,159,5.0,3.3333333333333335,31.8,47.699999999999996,1.0799999999999272,0.7199999999999515,4.723499999999926,0.6509999999999309,0.379746835443038,2.015955719108713,34.177215189873415,0.2868000000000029,108.0,0.8050314465408805,2.071108623385634,31.496062992125985,0.41509433962264153,0.34591194968553457,,,0
1c40a1c5da42,TheViper,2012,2012-08-24 (filename; uploaded 2012-08-26),team game,historical_159,2,TheViper,8,9,220,,45–50 game minutes,228,5.0,3.3333333333333335,45.6,68.39999999999999,0.0,0.0,3.7259999999999596,0.689999999999903,0.5110132158590308,1.4680962119443934,18.502202643171806,0.23279999999999745,168.0,0.8114035087719298,2.6405862627977577,26.630434782608695,0.6929824561403509,0.07894736842105263,,,0
1c40a1c5da42,TheViper,2012,2012-08-24 (filename; uploaded 2012-08-26),team game,historical_159,2,TheViper,8,9,220,,50–55 game minutes,250,5.0,3.3333333333333335,50.0,75.0,0.0,0.0,3.365999999999985,0.6600000000001577,0.5100401606425703,1.9575180608975882,17.269076305220885,0.30185000000000095,222.0,0.728,2.560226220357009,20.994475138121548,0.532,0.188,,,0
1c40a1c5da42,TheViper,2012,2012-08-24 (filename; uploaded 2012-08-26),team game,historical_159,2,TheViper,8,9,220,,55–60 game minutes,156,5.0,3.3333333333333335,31.2,46.8,0.9900000000002365,0.6600000000001577,5.276999999999951,0.6600000000001577,0.432258064516129,1.210914012412457,29.032258064516128,0.3771000000000004,108.0,1.0,2.9554846666461674,25.161290322580644,0.6410256410256411,0.07692307692307693,,,0
1c40a1c5da42,DauT,2012,2012-08-24 (filename; uploaded 2012-08-26),team game,historical_159,6,[TyRanT]_DauT_,6,9,220,,first 10 game minutes,348,10.0,6.666666666666667,34.8,52.199999999999996,0.9900000000000091,0.660000000000006,4.223999999999992,0.6299999999999802,0.2881844380403458,0.8776838792394357,23.34293948126801,0.21105000000000004,150.0,0.9971264367816092,1.5723393987291228,22.54335260115607,0.8017241379310345,0.040229885057471264,,,0
1c40a1c5da42,DauT,2012,2012-08-24 (filename; uploaded 2012-08-26),team game,historical_159,6,[TyRanT]_DauT_,6,9,220,,0–5 game minutes,234,5.0,3.3333333333333335,46.8,70.2,0.9900000000000091,0.660000000000006,2.7899999999999943,0.5999999999999991,0.31759656652360513,0.6766011209753866,16.30901287553648,0.09089999999999984,150.0,0.9957264957264957,1.2564798580488024,19.82758620689655,0.8632478632478633,0.021367521367521368,,,0
1c40a1c5da42,DauT,2012,2012-08-24 (filename; uploaded 2012-08-26),team game,historical_159,6,[TyRanT]_DauT_,6,9,220,,5–10 game minutes,114,5.0,3.3333333333333335,22.8,34.199999999999996,1.5300000000000296,1.0200000000000198,5.616,0.660000000000006,0.23008849557522124,1.1690494311463107,37.16814159292036,0.33120000000000027,90.0,1.0,1.9880052254544833,27.43362831858407,0.6754385964912281,0.07894736842105263,,,0
1c40a1c5da42,DauT,2012,2012-08-24 (filename; uploaded 2012-08-26),team game,historical_159,6,[TyRanT]_DauT_,6,9,220,,10–15 game minutes,153,5.0,3.3333333333333335,30.6,45.9,0.9900000000000091,0.660000000000006,4.601999999999998,0.5699999999999363,0.2631578947368421,1.2119661441609495,34.86842105263158,0.2287500000000004,120.0,0.9869281045751634,1.3294512775723168,17.333333333333332,0.5686274509803921,0.0392156862745098,,,0
1c40a1c5da42,DauT,2012,2012-08-24 (filename; uploaded 2012-08-26),team game,historical_159,6,[TyRanT]_DauT_,6,9,220,,15–20 game minutes,139,5.0,3.3333333333333335,27.8,41.699999999999996,1.0799999999999272,0.7199999999999515,6.018000000000007,0.6000000000000152,0.2391304347826087,1.4897861392427962,35.507246376811594,0.2908499999999993,132.0,0.9568345323741008,0.9999592201754102,26.515151515151516,0.460431654676259,0.1079136690647482,,,0
1c40a1c5da42,DauT,2012,2012-08-24 (filename; uploaded 2012-08-26),team game,historical_159,6,[TyRanT]_DauT_,6,9,220,,20–25 game minutes,90,5.0,3.3333333333333335,18.0,27.0,1.7100000000000364,1.1400000000000243,6.869999999999949,0.6900000000000546,0.2247191011235955,1.6288246080419881,47.19101123595506,0.4224499999999989,90.0,0.9666666666666667,1.3999647049947663,23.25581395348837,0.5333333333333333,0.2111111111111111,,,0
1c40a1c5da42,DauT,2012,2012-08-24 (filename; uploaded 2012-08-26),team game,historical_159,6,[TyRanT]_DauT_,6,9,220,,25–30 game minutes,61,5.0,3.3333333333333335,12.2,18.3,2.857499999999959,1.9049999999999727,12.385500000000029,0.6900000000000092,0.2,1.87216347088072,51.666666666666664,0.5859,60.0,0.9344262295081968,0.9494520153879484,21.428571428571427,0.26229508196721313,0.4098360655737705,,,0
1c40a1c5da42,DauT,2012,2012-08-24 (filename; uploaded 2012-08-26),team game,historical_159,6,[TyRanT]_DauT_,6,9,220,,30–35 game minutes,50,5.0,3.3333333333333335,10.0,15.0,2.8350000000000364,1.8900000000000243,15.660000000000002,0.660000000000006,0.14285714285714285,1.8150723811034164,40.816326530612244,0.7480500000000007,54.0,0.82,0.9649567669505685,27.5,0.2,0.66,,,0
1c40a1c5da42,DauT,2012,2012-08-24 (filename; uploaded 2012-08-26),team game,historical_159,6,[TyRanT]_DauT_,6,9,220,,35–40 game minutes,102,5.0,3.3333333333333335,20.4,30.599999999999998,0.9450000000001637,0.6300000000001091,7.620000000000194,0.6299999999998059,0.37623762376237624,1.2964176939817493,23.762376237623762,0.6645500000000039,276.0,0.8627450980392157,0.6956231005441003,12.64367816091954,0.0196078431372549,0.29411764705882354,,,0
1c40a1c5da42,DauT,2012,2012-08-24 (filename; uploaded 2012-08-26),team game,historical_159,6,[TyRanT]_DauT_,6,9,220,,40–45 game minutes,50,5.0,3.3333333333333335,10.0,15.0,1.9799999999995634,1.319999999999709,16.589999999999844,0.6900000000001455,0.20408163265306123,2.0643602500376192,51.02040816326531,0.7525499999999995,60.0,0.8,1.0366587480953524,10.256410256410257,0.12,0.46,,,0
1c40a1c5da42,DauT,2012,2012-08-24 (filename; uploaded 2012-08-26),team game,historical_159,6,[TyRanT]_DauT_,6,9,220,,45–50 game minutes,34,5.0,3.3333333333333335,6.8,10.2,2.1600000000003092,1.4400000000002062,25.40999999999991,0.7919999999998556,0.15151515151515152,1.7736895912386208,57.57575757575758,0.8249499999999987,42.0,0.9117647058823529,1.1810386681053249,26.666666666666668,0.14705882352941177,0.5882352941176471,,,0
1c40a1c5da42,DauT,2012,2012-08-24 (filename; uploaded 2012-08-26),team game,historical_159,6,[TyRanT]_DauT_,6,9,220,,50–55 game minutes,26,5.0,3.3333333333333335,5.2,7.8,1.0799999999999272,0.7199999999999515,37.83600000000001,0.6599999999998545,0.28,0.7793498372920851,16.0,0.8952500000000009,36.0,1.0,0.6193821946787638,8.0,0.0,0.7692307692307693,,,0
1c40a1c5da42,DauT,2012,2012-08-24 (filename; uploaded 2012-08-26),team game,historical_159,6,[TyRanT]_DauT_,6,9,220,,55–60 game minutes,57,5.0,3.3333333333333335,11.4,17.099999999999998,2.1149999999997817,1.4099999999998545,13.334999999999885,0.7199999999999515,0.25,1.529757391170822,30.357142857142858,0.7365000000000009,54.0,0.8771929824561403,1.295461844238322,28.571428571428573,0.14035087719298245,0.7543859649122807,,,0
bdaf8d46c8e5,TheViper,2026,2026-09-30T13:54:17+00:00,1v1 ranked,viper_2026_session,1,Oni.TheViper,42,216,120,True,first 10 game minutes,622,10.0,5.917159562968885,62.2,105.11800355911254,0.4159999999999968,0.2461538378195037,1.7999999390551522,0.11538461147790602,0.00322061191626409,0.7737497726450292,17.06924315619968,0.05518500000000008,204.0,0.9919614147909968,3.2417504213603925,30.357142857142858,0.8344051446945338,0.02572347266881029,1.0,0.0,21
bdaf8d46c8e5,TheViper,2026,2026-09-30T13:54:17+00:00,1v1 ranked,viper_2026_session,1,Oni.TheViper,42,216,120,True,0–5 game minutes,313,5.0,2.9585797814844423,62.6,105.79400358200073,0.4159999999999968,0.2461538378195037,1.9157691659046157,0.12307691890973503,0.003205128205128205,0.6750824685800461,15.064102564102564,0.03453666666666663,174.0,1.0,2.541132872215498,31.73076923076923,0.853035143769968,0.01597444089456869,1.0,0.0,13
bdaf8d46c8e5,TheViper,2026,2026-09-30T13:54:17+00:00,1v1 ranked,viper_2026_session,1,Oni.TheViper,42,216,120,True,5–10 game minutes,309,5.0,2.9585797814844423,61.8,104.44200353622435,0.4095000000000084,0.24230768410358078,1.6819230199760833,0.1153846114778892,0.003246753246753247,0.8556772473886293,18.83116883116883,0.07328000000000012,204.0,0.9838187702265372,3.1880173234620304,28.712871287128714,0.8155339805825242,0.03559870550161812,1.0,0.0,8
bdaf8d46c8e5,TheViper,2026,2026-09-30T13:54:17+00:00,1v1 ranked,viper_2026_session,1,Oni.TheViper,42,216,120,True,10–15 game minutes,423,5.0,2.9585797814844423,84.6,142.97400484085082,0.4029999999999063,0.2384615303875906,1.5615384086674944,0.11538461147785557,0.009478672985781991,0.7626519938941517,21.327014218009477,0.0,300.0,1.0,2.663660802335877,22.98578199052133,0.8392434988179669,0.037825059101654845,1.0,0.0,24
bdaf8d46c8e5,TheViper,2026,2026-09-30T13:54:17+00:00,1v1 ranked,viper_2026_session,1,Oni.TheViper,42,216,120,True,15–20 game minutes,410,5.0,2.9585797814844423,82.0,138.5800046920776,0.40300000000002,0.23846153038765786,1.4384614897577594,0.11538461147785557,0.004889975550122249,0.7108379716662545,20.537897310513447,0.06434999999999982,228.0,0.9804878048780488,1.7726771488168367,12.468827930174564,0.8682926829268293,0.036585365853658534,1.0,0.0,12
bdaf8d46c8e5,TheViper,2026,2026-09-30T13:54:17+00:00,1v1 ranked,viper_2026_session,1,Oni.TheViper,42,216,120,True,20–25 game minutes,376,5.0,2.9585797814844423,75.2,127.0880043029785,0.40300000000002,0.23846153038765786,1.5176922563058715,0.11538461147785557,0.0026666666666666666,0.8414493753539573,21.6,0.0,228.0,0.9867021276595744,2.4578266922409306,22.16216216216216,0.8297872340425532,0.0398936170212766,1.0,0.0,27
bdaf8d46c8e5,TheViper,2026,2026-09-30T13:54:17+00:00,1v1 ranked,viper_2026_session,1,Oni.TheViper,42,216,120,True,25–30 game minutes,323,5.0,2.9585797814844423,64.6,109.17400369644163,0.40300000000002,0.23846153038765786,2.039999930929198,0.11538461147785557,0.003105590062111801,1.2215359877309242,21.73913043478261,0.11240666666666582,288.0,0.9628482972136223,2.9216746101872864,28.06451612903226,0.7492260061919505,0.11455108359133127,1.0,0.0,56
bdaf8d46c8e5,TheViper,2026,2026-09-30T13:54:17+00:00,1v1 ranked,viper_2026_session,1,Oni.TheViper,42,216,120,True,30–35 game minutes,272,5.0,2.9585797814844423,54.4,91.93600311279296,0.40300000000002,0.23846153038765786,2.646153756559673,0.11538461147797666,0.0036900369003690036,1.2633406007784198,23.247232472324722,0.0,216.0,0.9669117647058824,0.6729583758738669,6.488549618320611,0.6985294117647058,0.08088235294117647,1.0,0.0,55
bdaf8d46c8e5,TheViper,2026,2026-09-30T13:54:17+00:00,1v1 ranked,viper_2026_session,1,Oni.TheViper,42,216,120,True,35–40 game minutes,314,5.0,2.9585797814844423,62.8,106.13200359344481,0.4030000000002474,0.23846153038779241,2.1615383883524104,0.1153846114779901,0.051118210862619806,1.2149139259895916,29.073482428115017,0.0,246.0,0.9681528662420382,3.3371652694590015,32.34323432343234,0.7197452229299363,0.07006369426751592,1.0163934426229508,0.01639344262295082,61
bdaf8d46c8e5,TheViper,2026,2026-09-30T13:54:17+00:00,1v1 ranked,viper_2026_session,1,Oni.TheViper,42,216,120,True,40–45 game minutes,245,5.0,2.9585797814844423,49.0,82.81000280380248,0.4030000000002474,0.23846153038779241,2.884615286947331,0.1153846114779901,0.00819672131147541,1.5799656396560977,33.19672131147541,0.13272999999999988,156.0,0.9551020408163265,2.6912939210205784,34.76394849785408,0.5918367346938775,0.2163265306122449,1.0470588235294118,0.011764705882352941,85
bdaf8d46c8e5,TheViper,2026,2026-09-30T13:54:17+00:00,1v1 ranked,viper_2026_session,1,Oni.TheViper,42,216,120,True,45–50 game minutes,226,5.0,2.9585797814844423,45.2,76.38800258636473,0.40299999999979264,0.23846153038752332,3.6984614132380096,0.1153846114779901,0.022222222222222223,1.4726132361627644,26.22222222222222,0.060276666666665424,246.0,0.9646017699115044,2.9176788813486234,29.493087557603687,0.6194690265486725,0.25663716814159293,1.0985915492957747,0.028169014084507043,71
bdaf8d46c8e5,TheViper,2026,2026-09-30T13:54:17+00:00,1v1 ranked,viper_2026_session,1,Oni.TheViper,42,216,120,True,50–55 game minutes,223,5.0,2.9585797814844423,44.6,75.37400255203247,0.4030000000002474,0.23846153038779241,3.369230655154459,0.1153846114779901,0.013513513513513514,1.3421894431443786,25.225225225225227,0.090003333333334,150.0,0.9955156950672646,3.1092398191856687,37.10407239819005,0.6278026905829597,0.14798206278026907,1.686046511627907,0.2558139534883721,86
bdaf8d46c8e5,TheViper,2026,2026-09-30T13:54:17+00:00,1v1 ranked,viper_2026_session,1,Oni.TheViper,42,216,120,True,55–60 game minutes,373,5.0,2.9585797814844423,74.6,126.07400426864622,0.40299999999979264,0.23846153038752332,1.680384558489598,0.1153846114779901,0.01881720430107527,1.0567512087477433,23.655913978494624,0.0,198.0,0.9865951742627346,3.194843495584351,31.607629427792915,0.774798927613941,0.08579088471849866,2.3488372093023258,0.3488372093023256,43
bdaf8d46c8e5,TheViper,2026,2026-09-30T13:54:17+00:00,1v1 ranked,viper_2026_session,1,Oni.TheViper,42,216,120,True,60–65 game minutes,280,5.0,2.9585797814844423,56.0,94.64000320434569,0.40299999999979264,0.23846153038752332,2.41923068731981,0.1153846114779901,0.010752688172043012,1.0806125165352913,26.881720430107528,0.06361333333333277,156.0,0.9785714285714285,3.5278545218324395,33.6996336996337,0.7392857142857143,0.05,2.9047619047619047,0.5476190476190477,42
bdaf8d46c8e5,TheViper,2026,2026-09-30T13:54:17+00:00,1v1 ranked,viper_2026_session,1,Oni.TheViper,42,216,120,True,65–70 game minutes,324,5.0,2.9585797814844423,64.8,109.51200370788573,0.4030000000002474,0.23846153038779241,1.9230768579648874,0.11538461147772103,0.009287925696594427,0.9224522120373911,17.956656346749227,0.08190000000000056,282.0,0.9969135802469136,3.3722366354305886,29.81366459627329,0.7746913580246914,0.033950617283950615,2.6470588235294117,0.4117647058823529,34
bdaf8d46c8e5,TheViper,2026,2026-09-30T13:54:17+00:00,1v1 ranked,viper_2026_session,1,Oni.TheViper,42,216,120,True,70–73.0 game minutes,231,3.5791333333333264,2.1178303030473993,64.54076405833827,109.07389495164381,0.20800000000053842,0.12307691891007137,2.4076922261722844,0.11538461147772103,0.004347826086956522,0.9548553107168876,19.130434782608695,0.0,324.0,0.9913419913419913,2.4727898574080673,19.29824561403509,0.7402597402597403,0.021645021645021644,3.676470588235294,0.7058823529411765,34
91de7aa859e1,TheViper,2026,2026-09-30T14:50:16+00:00,1v1 ranked,viper_2026_session,1,Oni.TheViper,50,216,120,True,first 10 game minutes,608,10.0,5.917159562968885,60.8,102.75200347900389,0.4159999999999968,0.2461538378195037,2.1269230049091536,0.11538461147792284,0.0032948929159802307,0.903697232215419,21.087314662273474,0.015578333333333298,180.0,0.9917763157894737,2.3526457594345143,23.754152823920265,0.7976973684210527,0.03453947368421053,1.0,0.0,27
91de7aa859e1,TheViper,2026,2026-09-30T14:50:16+00:00,1v1 ranked,viper_2026_session,1,Oni.TheViper,50,216,120,True,0–5 game minutes,335,5.0,2.9585797814844423,67.0,113.23000383377074,0.42250000000000565,0.2499999915354387,1.9230768579648874,0.1153846114778934,0.0029940119760479044,0.6565000485722731,17.664670658682635,0.0,180.0,0.9970149253731343,2.0045686263550517,27.32732732732733,0.8686567164179104,0.01791044776119403,1.0,0.0,14
91de7aa859e1,TheViper,2026,2026-09-30T14:50:16+00:00,1v1 ranked,viper_2026_session,1,Oni.TheViper,50,216,120,True,5–10 game minutes,273,5.0,2.9585797814844423,54.6,92.27400312423705,0.40300000000002,0.23846153038765786,2.523076837649938,0.11538461147792284,0.003676470588235294,1.1377162468699815,25.36764705882353,0.031156666666666596,162.0,0.9853479853479854,2.291050793118668,19.402985074626866,0.7106227106227107,0.054945054945054944,1.0,0.0,13
91de7aa859e1,TheViper,2026,2026-09-30T14:50:16+00:00,1v1 ranked,viper_2026_session,1,Oni.TheViper,50,216,120,True,10–15 game minutes,330,5.0,2.9585797814844423,66.0,111.54000377655028,0.40300000000002,0.23846153038765786,2.161538388352545,0.11538461147792284,0.00911854103343465,1.3224505776842523,34.346504559270514,0.0,192.0,0.9818181818181818,2.2812162594224406,26.934984520123837,0.6060606060606061,0.06363636363636363,1.0,0.0,17
91de7aa859e1,TheViper,2026,2026-09-30T14:50:16+00:00,1v1 ranked,viper_2026_session,1,Oni.TheViper,50,216,120,True,15–20 game minutes,320,5.0,2.9585797814844423,64.0,108.16000366210936,0.41600000000016735,0.2461538378196046,1.677692250888477,0.11538461147785557,0.0,1.130789568729672,21.630094043887148,0.06772999999999986,216.0,0.971875,1.654190795463199,19.35483870967742,0.740625,0.046875,1.0,0.0,32
91de7aa859e1,TheViper,2026,2026-09-30T14:50:16+00:00,1v1 ranked,viper_2026_session,1,Oni.TheViper,50,216,120,True,20–25 game minutes,299,5.0,2.9585797814844423,59.8,101.06200342178343,0.40300000000002,0.23846153038765786,2.063461468596345,0.11538461147785557,0.003355704697986577,1.041809321908015,22.818791946308725,0.0325,204.0,0.9832775919732442,2.415232356221186,25.59726962457338,0.7759197324414716,0.056856187290969896,1.0,0.0,40
91de7aa859e1,TheViper,2026,2026-09-30T14:50:16+00:00,1v1 ranked,viper_2026_session,1,Oni.TheViper,50,216,120,True,25–28.0 game minutes,161,3.1003666666666656,1.8345364270376623,51.92934169076778,87.7605904288183,0.4029999999999063,0.2384615303875906,2.2907691532078287,0.11538461147785557,0.0,0.9299269330373051,18.125,0.20629817978518664,168.0,0.9627329192546584,1.8615276991144456,18.83116883116883,0.8074534161490683,0.049689440993788817,1.0,0.0,16
65486e44c665,TheViper,2026,2026-09-30T15:10:04+00:00,1v1 ranked,viper_2026_session,2,Oni.TheViper,40,25,120,True,first 10 game minutes,586,10.0,5.917159562968885,58.6,99.03400335311889,0.40300000000002,0.23846153038765786,2.3999999187402032,0.11538461147790602,0.003418803418803419,0.8727601370106097,18.29059829059829,0.03148166666666667,204.0,0.9965870307167235,2.617110264941032,25.728987993138936,0.8037542662116041,0.03924914675767918,1.0,0.0,24
65486e44c665,TheViper,2026,2026-09-30T15:10:04+00:00,1v1 ranked,viper_2026_session,2,Oni.TheViper,40,25,120,True,0–5 game minutes,319,5.0,2.9585797814844423,63.8,107.82200365066527,0.40300000000002,0.23846153038765786,1.807692246486998,0.11538461147790602,0.006289308176100629,0.6033605077412363,13.522012578616351,0.06296333333333334,204.0,1.0,2.079395810976797,24.21383647798742,0.877742946708464,0.01567398119122257,1.0,0.0,13
65486e44c665,TheViper,2026,2026-09-30T15:10:04+00:00,1v1 ranked,viper_2026_session,2,Oni.TheViper,40,25,120,True,5–10 game minutes,267,5.0,2.9585797814844423,53.4,90.2460030555725,0.40949999999998,0.24230768410356396,2.64423067970172,0.11538461147790602,0.0,1.1204270033271526,24.06015037593985,0.0,174.0,0.9925093632958801,2.6855048159811834,27.651515151515152,0.7153558052434457,0.06741573033707865,1.0,0.0,11
65486e44c665,TheViper,2026,2026-09-30T15:10:04+00:00,1v1 ranked,viper_2026_session,2,Oni.TheViper,40,25,120,True,10–15 game minutes,238,5.0,2.9585797814844423,47.6,80.44400272369384,0.41599999999994,0.24615383781947006,2.687692216691752,0.12307691890973503,0.016877637130801686,1.1127379504944848,28.69198312236287,0.1320366666666666,198.0,0.9663865546218487,2.731137868512215,30.131004366812228,0.726890756302521,0.029411764705882353,1.0,0.0,14
65486e44c665,TheViper,2026,2026-09-30T15:10:04+00:00,1v1 ranked,viper_2026_session,2,Oni.TheViper,40,25,120,True,15–20 game minutes,257,5.0,2.9585797814844423,51.4,86.86600294113158,0.40300000000002,0.23846153038765786,3.484615266632331,0.11538461147785557,0.00390625,0.8258453270038927,16.40625,0.06972333333333305,222.0,0.9922178988326849,2.5343118300541,24.80314960629921,0.8326848249027238,0.038910505836575876,1.0,0.0,10
65486e44c665,TheViper,2026,2026-09-30T15:10:04+00:00,1v1 ranked,viper_2026_session,2,Oni.TheViper,40,25,120,True,20–25 game minutes,265,5.0,2.9585797814844423,53.0,89.57000303268431,0.40300000000002,0.23846153038765786,2.867307595225652,0.11538461147785557,0.0,1.140429293465653,23.106060606060606,0.1407899999999995,186.0,0.969811320754717,2.3129956898895188,24.609375,0.7396226415094339,0.052830188679245285,1.0,0.0,26
65486e44c665,TheViper,2026,2026-09-30T15:10:04+00:00,1v1 ranked,viper_2026_session,2,Oni.TheViper,40,25,120,True,25–30 game minutes,287,5.0,2.9585797814844423,57.4,97.00600328445434,0.41600000000016735,0.2461538378196046,2.161538388352545,0.11538461147785557,0.0,1.3762246684673731,29.02097902097902,0.07245333333333442,216.0,0.9686411149825784,2.298050791825252,19.855595667870038,0.5679442508710801,0.05226480836236934,1.0,0.0,32
65486e44c665,TheViper,2026,2026-09-30T15:10:04+00:00,1v1 ranked,viper_2026_session,2,Oni.TheViper,40,25,120,True,30–32.0 game minutes,209,2.487866666666666,1.4721104038058181,84.00771745538349,141.97304730655827,0.40300000000002,0.23846153038765786,1.561538408667427,0.11538461147785557,0.0,1.1360303194638024,14.903846153846153,0.0,366.0,0.9712918660287081,0.8372356930017446,10.891089108910892,0.32057416267942584,0.03349282296650718,1.0,0.0,12
67f43712e111,TheViper,2026,2026-09-30T15:31:40+00:00,1v1 ranked,viper_2026_session,2,Oni.TheViper,28,216,120,True,first 10 game minutes,646,10.0,5.917159562968885,64.6,109.17400369644163,0.40300000000002,0.23846153038765786,2.0461537768746223,0.11538461147792284,0.0015503875968992248,0.8011504281006204,21.24031007751938,0.01625,210.0,0.9876160990712074,2.47251531226993,27.47252747252747,0.8421052631578947,0.029411764705882353,1.0,0.0,23
67f43712e111,TheViper,2026,2026-09-30T15:31:40+00:00,1v1 ranked,viper_2026_session,2,Oni.TheViper,28,216,120,True,0–5 game minutes,351,5.0,2.9585797814844423,70.2,118.63800401687621,0.40300000000002,0.23846153038765786,1.9230768579648874,0.11538461147790434,0.002857142857142857,0.589890361546763,15.428571428571429,0.0,210.0,0.9943019943019943,1.9619127630805802,25.57471264367816,0.8945868945868946,0.019943019943019943,1.0,0.0,13
67f43712e111,TheViper,2026,2026-09-30T15:31:40+00:00,1v1 ranked,viper_2026_session,2,Oni.TheViper,28,216,120,True,5–10 game minutes,295,5.0,2.9585797814844423,59.0,99.71000337600707,0.40949999999998,0.24230768410356396,2.0461537768746343,0.11538461147792284,0.0,1.0086295339857287,28.231292517006803,0.0325,198.0,0.9796610169491525,2.6477096954218484,29.51388888888889,0.7796610169491526,0.04067796610169491,1.0,0.0,10
67f43712e111,TheViper,2026,2026-09-30T15:31:40+00:00,1v1 ranked,viper_2026_session,2,Oni.TheViper,28,216,120,True,10–15 game minutes,355,5.0,2.9585797814844423,71.0,119.99000406265257,0.40300000000002,0.23846153038765786,1.8480768605042337,0.11538461147792284,0.002824858757062147,0.8942431268292037,25.98870056497175,0.0,288.0,0.9915492957746479,2.4621559822060735,25.925925925925927,0.7971830985915493,0.036619718309859155,1.0,0.0,23
67f43712e111,TheViper,2026,2026-09-30T15:31:40+00:00,1v1 ranked,viper_2026_session,2,Oni.TheViper,28,216,120,True,15–20 game minutes,240,5.0,2.9585797814844423,48.0,81.12000274658202,0.6109999999998763,0.36153844929732565,2.2846153072623476,0.11538461147792284,0.012552301255230125,1.0755544945598308,24.267782426778243,0.15027999999999983,156.0,0.9875,3.0150710066616355,31.35593220338983,0.7416666666666667,0.0625,1.0,0.0,7
67f43712e111,TheViper,2026,2026-09-30T15:31:40+00:00,1v1 ranked,viper_2026_session,2,Oni.TheViper,28,216,120,True,20–22.0 game minutes,151,2.7311499999999986,1.616065034040246,55.288065466927875,93.43683380271659,0.6110000000001037,0.36153844929746015,1.7523076329776186,0.12307691890978885,0.0,1.0968181459974564,37.333333333333336,0.0,168.0,0.9933774834437086,1.3837008160594493,18.79194630872483,0.609271523178808,0.013245033112582781,1.0,0.0,14
3598af4f05ca,TheViper,2026,2026-09-30T15:48:39+00:00,1v1 ranked,viper_2026_session,1,Oni.TheViper,49,29,120,False,first 10 game minutes,530,10.0,5.917159562968885,53.0,89.57000303268431,0.5979999999999848,0.35384614186553026,2.284615307262285,0.1153846114778934,0.001890359168241966,0.9133196978523472,23.440453686200378,0.11814833333333333,246.0,0.9962264150943396,1.6953031034089325,20.872865275142313,0.7660377358490567,0.024528301886792454,1.0,0.0,20
3598af4f05ca,TheViper,2026,2026-09-30T15:48:39+00:00,1v1 ranked,viper_2026_session,1,Oni.TheViper,49,29,120,False,0–5 game minutes,330,5.0,2.9585797814844423,66.0,111.54000377655028,0.4159999999999968,0.2461538378195037,2.0707691606565812,0.1153846114778892,0.0,0.7232719194686064,17.62917933130699,0.0,216.0,1.0,1.303717850681481,16.109422492401215,0.8333333333333334,0.015151515151515152,1.0,0.0,13
3598af4f05ca,TheViper,2026,2026-09-30T15:48:39+00:00,1v1 ranked,viper_2026_session,1,Oni.TheViper,49,29,120,False,5–10 game minutes,200,5.0,2.9585797814844423,40.0,67.60000228881835,0.61099999999999,0.36153844929739287,2.742307599457912,0.1207692266801914,0.005025125628140704,1.1405403607893796,32.663316582914575,0.23629666666666665,246.0,0.99,1.6899626806856702,28.934010152284262,0.655,0.04,1.0,0.0,7
3598af4f05ca,TheViper,2026,2026-09-30T15:48:39+00:00,1v1 ranked,viper_2026_session,1,Oni.TheViper,49,29,120,False,10–14.0 game minutes,317,4.623050000000001,2.7355324517583304,68.56945090362422,115.88237595070038,0.20799999999997,0.12307691890973503,1.9230768579648874,0.11538461147792284,0.1518987341772152,1.6928036986948185,21.20253164556962,0.1735939116672612,510.0,0.8170347003154574,1.6355352302820463,18.6046511627907,0.4889589905362776,0.04100946372239748,1.0,0.0,14
